{"type":"FeatureCollection","meta":{"id":"betting","generated":"2026-04-05","count":932,"source":"OpenStreetMap via Overpass API","vintage":"OSM snapshot at generation date"},"features":[{"type":"Feature","geometry":{"type":"Point","coordinates":[-0.04622,51.52205]},"properties":{"name":"Ladbrokes","address":"","postcode":""}},{"type":"Feature","geometry":{"type":"Point","coordinates":[-0.17382,51.38448]},"properties":{"name":"Betfred","address":"Green Wrythe Lane 400","postcode":"SM5 1JF"}},{"type":"Feature","geometry":{"type":"Point","coordinates":[-0.17374,51.38436]},"properties":{"name":"William Hill","address":"Green Wrythe Lane 396","postcode":"SM5 1JF"}},{"type":"Feature","geometry":{"type":"Point","coordinates":[-0.09035,51.49133]},"properties":{"name":"William Hill","address":"Rodney Road 100","postcode":""}},{"type":"Feature","geometry":{"type":"Point","coordinates":[-0.10301,51.3763]},"properties":{"name":"Mecca Bingo","address":"Tamworth Road 80","postcode":"CR0 1XX"}},{"type":"Feature","geometry":{"type":"Point","coordinates":[-0.14412,51.53911]},"properties":{"name":"Mecca Bingo","address":"Arlington Road 180","postcode":"NW1 7HL"}},{"type":"Feature","geometry":{"type":"Point","coordinates":[0.02958,51.52585]},"properties":{"name":"Betfred","address":"Barking Road 526","postcode":"E13 9JU"}},{"type":"Feature","geometry":{"type":"Point","coordinates":[-0.11327,51.54366]},"properties":{"name":"William Hill","address":"","postcode":""}},{"type":"Feature","geometry":{"type":"Point","coordinates":[-0.10221,51.54624]},"properties":{"name":"Ladbrokes","address":"","postcode":""}},{"type":"Feature","geometry":{"type":"Point","coordinates":[-0.35448,51.57235]},"properties":{"name":"Coral","address":"Shaftesbury Circle 8","postcode":""}},{"type":"Feature","geometry":{"type":"Point","coordinates":[-0.34732,51.56922]},"properties":{"name":"Coral","address":"","postcode":""}},{"type":"Feature","geometry":{"type":"Point","coordinates":[-0.21511,51.5564]},"properties":{"name":"Paddy Power","address":"Cricklewood Broadway","postcode":""}},{"type":"Feature","geometry":{"type":"Point","coordinates":[-0.21501,51.55631]},"properties":{"name":"William Hill","address":"Cricklewood Broadway","postcode":""}},{"type":"Feature","geometry":{"type":"Point","coordinates":[-0.2126,51.55462]},"properties":{"name":"Coral","address":"","postcode":""}},{"type":"Feature","geometry":{"type":"Point","coordinates":[-0.0635,51.47892]},"properties":{"name":"Betfred","address":"Commercial Way 260","postcode":"SE15 1PU"}},{"type":"Feature","geometry":{"type":"Point","coordinates":[0.01627,51.40185]},"properties":{"name":"Betfred","address":"High Street 61","postcode":"BR1 1JY"}},{"type":"Feature","geometry":{"type":"Point","coordinates":[-0.10939,51.59733]},"properties":{"name":"Ladbrokes","address":"","postcode":""}},{"type":"Feature","geometry":{"type":"Point","coordinates":[-0.15095,51.51303]},"properties":{"name":"William Hill","address":"","postcode":""}},{"type":"Feature","geometry":{"type":"Point","coordinates":[-0.08203,51.51182]},"properties":{"name":"Coral","address":"Fenchurch Street 130","postcode":"EC3M 5DJ"}},{"type":"Feature","geometry":{"type":"Point","coordinates":[-0.07805,51.51478]},"properties":{"name":"William Hill","address":"","postcode":""}},{"type":"Feature","geometry":{"type":"Point","coordinates":[-0.17149,51.51827]},"properties":{"name":"William Hill","address":"","postcode":""}},{"type":"Feature","geometry":{"type":"Point","coordinates":[-0.10186,51.59934]},"properties":{"name":"William Hill","address":"","postcode":""}},{"type":"Feature","geometry":{"type":"Point","coordinates":[-0.06958,51.59208]},"properties":{"name":"William Hill","address":"","postcode":""}},{"type":"Feature","geometry":{"type":"Point","coordinates":[-0.06946,51.59295]},"properties":{"name":"Betfred","address":"","postcode":""}},{"type":"Feature","geometry":{"type":"Point","coordinates":[-0.30476,51.58719]},"properties":{"name":"Ladbrokes","address":"","postcode":""}},{"type":"Feature","geometry":{"type":"Point","coordinates":[0.17387,51.39676]},"properties":{"name":"Betfred","address":"London Road","postcode":"BR8 7TQ"}},{"type":"Feature","geometry":{"type":"Point","coordinates":[0.17357,51.39692]},"properties":{"name":"Ladbrokes","address":"London Road","postcode":"BR8 7TQ"}},{"type":"Feature","geometry":{"type":"Point","coordinates":[-0.0465,51.55663]},"properties":{"name":"William Hill","address":"","postcode":""}},{"type":"Feature","geometry":{"type":"Point","coordinates":[-0.09809,51.5391]},"properties":{"name":"William Hill","address":"","postcode":""}},{"type":"Feature","geometry":{"type":"Point","coordinates":[-0.07387,51.56164]},"properties":{"name":"William Hill","address":"","postcode":""}},{"type":"Feature","geometry":{"type":"Point","coordinates":[-0.23744,51.50632]},"properties":{"name":"Ladbrokes","address":"Uxbridge Road 173","postcode":"W12 9RA"}},{"type":"Feature","geometry":{"type":"Point","coordinates":[-0.0776,51.51133]},"properties":{"name":"Ladbrokes","address":"Crutched Friars","postcode":""}},{"type":"Feature","geometry":{"type":"Point","coordinates":[-0.13227,51.52801]},"properties":{"name":"William Hill","address":"","postcode":""}},{"type":"Feature","geometry":{"type":"Point","coordinates":[-0.12279,51.53033]},"properties":{"name":"Ladbrokes","address":"5","postcode":""}},{"type":"Feature","geometry":{"type":"Point","coordinates":[-0.09788,51.53374]},"properties":{"name":"Ladbrokes","address":"","postcode":""}},{"type":"Feature","geometry":{"type":"Point","coordinates":[-0.11963,51.51685]},"properties":{"name":"Ladbrokes","address":"","postcode":""}},{"type":"Feature","geometry":{"type":"Point","coordinates":[-0.19953,51.48191]},"properties":{"name":"Betfred","address":"North End Road 435","postcode":""}},{"type":"Feature","geometry":{"type":"Point","coordinates":[-0.21689,51.35749]},"properties":{"name":"William Hill","address":"","postcode":""}},{"type":"Feature","geometry":{"type":"Point","coordinates":[-0.10736,51.56562]},"properties":{"name":"William Hill","address":"","postcode":""}},{"type":"Feature","geometry":{"type":"Point","coordinates":[-0.1673,51.49351]},"properties":{"name":"William Hill","address":"Draycott Avenue 98","postcode":""}},{"type":"Feature","geometry":{"type":"Point","coordinates":[-0.16216,51.52209]},"properties":{"name":"Ladbrokes","address":"","postcode":""}},{"type":"Feature","geometry":{"type":"Point","coordinates":[-0.0979,51.50048]},"properties":{"name":"Tote Sport","address":"Great Suffolk Street 170","postcode":"SE1 1PE"}},{"type":"Feature","geometry":{"type":"Point","coordinates":[-0.13217,51.5645]},"properties":{"name":"Paddy Power","address":"","postcode":""}},{"type":"Feature","geometry":{"type":"Point","coordinates":[-0.15156,51.51755]},"properties":{"name":"Ladbrokes","address":"Thayer Street 11","postcode":""}},{"type":"Feature","geometry":{"type":"Point","coordinates":[-0.13463,51.48892]},"properties":{"name":"William Hill","address":"","postcode":""}},{"type":"Feature","geometry":{"type":"Point","coordinates":[0.00051,51.54047]},"properties":{"name":"Paddy Power","address":"Broadway 24","postcode":""}},{"type":"Feature","geometry":{"type":"Point","coordinates":[0.0007,51.54061]},"properties":{"name":"Coral","address":"Broadway 32","postcode":""}},{"type":"Feature","geometry":{"type":"Point","coordinates":[-0.18986,51.44941]},"properties":{"name":"London Decorators Merchants","address":"Garratt Lane 152-156","postcode":"SW18 4DA"}},{"type":"Feature","geometry":{"type":"Point","coordinates":[-0.11223,51.56921]},"properties":{"name":"Coral","address":"","postcode":""}},{"type":"Feature","geometry":{"type":"Point","coordinates":[0.08976,51.49874]},"properties":{"name":"Betting Shop","address":"","postcode":""}},{"type":"Feature","geometry":{"type":"Point","coordinates":[-0.3339,51.58022]},"properties":{"name":"Ladbrokes","address":"","postcode":""}},{"type":"Feature","geometry":{"type":"Point","coordinates":[-0.33388,51.58052]},"properties":{"name":"Paddy Power","address":"","postcode":""}},{"type":"Feature","geometry":{"type":"Point","coordinates":[-0.33357,51.58101]},"properties":{"name":"William Hill","address":"","postcode":""}},{"type":"Feature","geometry":{"type":"Point","coordinates":[-0.35354,51.56439]},"properties":{"name":"William Hill","address":"Northolt Road","postcode":""}},{"type":"Feature","geometry":{"type":"Point","coordinates":[-0.33347,51.58152]},"properties":{"name":"Coral","address":"","postcode":""}},{"type":"Feature","geometry":{"type":"Point","coordinates":[-0.11908,51.55785]},"properties":{"name":"MERKUR Slots","address":"","postcode":""}},{"type":"Feature","geometry":{"type":"Point","coordinates":[-0.11867,51.5581]},"properties":{"name":"Betfred","address":"","postcode":""}},{"type":"Feature","geometry":{"type":"Point","coordinates":[-0.09249,51.59822]},"properties":{"name":"Ladbrokes","address":"","postcode":""}},{"type":"Feature","geometry":{"type":"Point","coordinates":[-0.09245,51.59789]},"properties":{"name":"Paddy Power","address":"","postcode":""}},{"type":"Feature","geometry":{"type":"Point","coordinates":[-0.21974,51.50384]},"properties":{"name":"NatWest","address":"","postcode":""}},{"type":"Feature","geometry":{"type":"Point","coordinates":[0.02593,51.59319]},"properties":{"name":"Betfred","address":"George Lane","postcode":""}},{"type":"Feature","geometry":{"type":"Point","coordinates":[-0.09204,51.52822]},"properties":{"name":"William Hill","address":"","postcode":""}},{"type":"Feature","geometry":{"type":"Point","coordinates":[0.02396,51.59489]},"properties":{"name":"William Hill","address":"Electric Parade","postcode":""}},{"type":"Feature","geometry":{"type":"Point","coordinates":[-0.01663,51.58991]},"properties":{"name":"William Hill","address":"Forest Road 520-522","postcode":""}},{"type":"Feature","geometry":{"type":"Point","coordinates":[0.0283,51.59233]},"properties":{"name":"Ladbrokes","address":"","postcode":""}},{"type":"Feature","geometry":{"type":"Point","coordinates":[0.02777,51.59175]},"properties":{"name":"JenningsBet","address":"George Lane 86","postcode":""}},{"type":"Feature","geometry":{"type":"Point","coordinates":[-0.01565,51.59764]},"properties":{"name":"William Hill","address":"Chingford Road 325","postcode":""}},{"type":"Feature","geometry":{"type":"Point","coordinates":[-0.09671,51.3746]},"properties":{"name":"William Hill","address":"Wellesley Road","postcode":"CR0 1LH"}},{"type":"Feature","geometry":{"type":"Point","coordinates":[-0.09703,51.3632]},"properties":{"name":"Coral","address":"Selsdon Road","postcode":""}},{"type":"Feature","geometry":{"type":"Point","coordinates":[-0.33516,51.55802]},"properties":{"name":"William Hill","address":"","postcode":""}},{"type":"Feature","geometry":{"type":"Point","coordinates":[-0.14156,51.59136]},"properties":{"name":"Ladbrokes","address":"","postcode":""}},{"type":"Feature","geometry":{"type":"Point","coordinates":[-0.09937,51.58152]},"properties":{"name":"Ladbrokes","address":"Grand Parade 10-12","postcode":"N4 1JX"}},{"type":"Feature","geometry":{"type":"Point","coordinates":[-0.06519,51.61186]},"properties":{"name":"Coral","address":"Fore Street 95","postcode":""}},{"type":"Feature","geometry":{"type":"Point","coordinates":[-0.39705,51.46935]},"properties":{"name":"William Hill","address":"","postcode":""}},{"type":"Feature","geometry":{"type":"Point","coordinates":[-0.29483,51.5726]},"properties":{"name":"Paddy Power","address":"Preston Road 273","postcode":""}},{"type":"Feature","geometry":{"type":"Point","coordinates":[-0.16786,51.42844]},"properties":{"name":"Ladbrokes","address":"","postcode":""}},{"type":"Feature","geometry":{"type":"Point","coordinates":[-0.29418,51.57364]},"properties":{"name":"Coral","address":"Preston Road 302","postcode":""}},{"type":"Feature","geometry":{"type":"Point","coordinates":[-0.08571,51.61676]},"properties":{"name":"Ladbrokes","address":"Kendal Parage 8","postcode":""}},{"type":"Feature","geometry":{"type":"Point","coordinates":[-0.13017,51.64838]},"properties":{"name":"Paddy Power","address":"Bramley Road 157","postcode":"N14 4XA"}},{"type":"Feature","geometry":{"type":"Point","coordinates":[-0.12873,51.64918]},"properties":{"name":"William Hill","address":"Bramley Road 201-203","postcode":"N14 4XA"}},{"type":"Feature","geometry":{"type":"Point","coordinates":[-0.04755,51.64104]},"properties":{"name":"Ladbrokes","address":"High Street, Ponders End 34","postcode":""}},{"type":"Feature","geometry":{"type":"Point","coordinates":[-0.05219,51.63561]},"properties":{"name":"William Hill","address":"Hertford Road, Edmonton 353","postcode":""}},{"type":"Feature","geometry":{"type":"Point","coordinates":[-0.05353,51.63395]},"properties":{"name":"Paddy Power","address":"Hertford Road, Edmonton 295","postcode":""}},{"type":"Feature","geometry":{"type":"Point","coordinates":[-0.05915,51.62443]},"properties":{"name":"Betfred","address":"Edmonton Green 17","postcode":""}},{"type":"Feature","geometry":{"type":"Point","coordinates":[-0.05473,51.63178]},"properties":{"name":"William Hill","address":"Hertford Road 266-8","postcode":""}},{"type":"Feature","geometry":{"type":"Point","coordinates":[0.04939,51.45982]},"properties":{"name":"Betfred","address":"Odeon Parade 2","postcode":""}},{"type":"Feature","geometry":{"type":"Point","coordinates":[0.04953,51.45917]},"properties":{"name":"William Hill","address":"Tudor Parade 1-2","postcode":""}},{"type":"Feature","geometry":{"type":"Point","coordinates":[0.05219,51.45048]},"properties":{"name":"Ladbrokes","address":"Court Yard","postcode":""}},{"type":"Feature","geometry":{"type":"Point","coordinates":[0.05433,51.45027]},"properties":{"name":"Betfred","address":"Passey Place 11","postcode":""}},{"type":"Feature","geometry":{"type":"Point","coordinates":[0.05399,51.4499]},"properties":{"name":"William Hill","address":"Passey Place 16","postcode":""}},{"type":"Feature","geometry":{"type":"Point","coordinates":[-0.29431,51.56997]},"properties":{"name":"Coral","address":"","postcode":""}},{"type":"Feature","geometry":{"type":"Point","coordinates":[-0.14749,51.51437]},"properties":{"name":"Ladbrokes","address":"","postcode":""}},{"type":"Feature","geometry":{"type":"Point","coordinates":[-0.35274,51.56474]},"properties":{"name":"Ladbrokes","address":"Northolt Road 223","postcode":""}},{"type":"Feature","geometry":{"type":"Point","coordinates":[-0.35527,51.56308]},"properties":{"name":"Ladbrokes","address":"Northolt Road","postcode":""}},{"type":"Feature","geometry":{"type":"Point","coordinates":[-0.35541,51.56339]},"properties":{"name":"Paddy Power","address":"Northolt Road","postcode":""}},{"type":"Feature","geometry":{"type":"Point","coordinates":[-0.06226,51.49822]},"properties":{"name":"William Hill","address":"","postcode":""}},{"type":"Feature","geometry":{"type":"Point","coordinates":[-0.14407,51.52863]},"properties":{"name":"Ladbrokes","address":"","postcode":""}},{"type":"Feature","geometry":{"type":"Point","coordinates":[0.0816,51.58936]},"properties":{"name":"Ladbrokes","address":"High Street","postcode":""}},{"type":"Feature","geometry":{"type":"Point","coordinates":[-0.08703,51.51084]},"properties":{"name":"Paddy Power","address":"Cannon Street 124-126","postcode":"EC4N 6AS"}},{"type":"Feature","geometry":{"type":"Point","coordinates":[-0.12306,51.55287]},"properties":{"name":"William Hill","address":"","postcode":""}},{"type":"Feature","geometry":{"type":"Point","coordinates":[-0.12265,51.53038]},"properties":{"name":"Game Nation","address":"Euston Road 1","postcode":""}},{"type":"Feature","geometry":{"type":"Point","coordinates":[-0.11118,51.56847]},"properties":{"name":"William Hill","address":"","postcode":""}},{"type":"Feature","geometry":{"type":"Point","coordinates":[-0.03734,51.45439]},"properties":{"name":"Coral","address":"Brockley Road 401","postcode":""}},{"type":"Feature","geometry":{"type":"Point","coordinates":[-0.12058,51.55886]},"properties":{"name":"Ladbrokes","address":"","postcode":""}},{"type":"Feature","geometry":{"type":"Point","coordinates":[-0.30568,51.5129]},"properties":{"name":"Ladbrokes","address":"New Broadway 21","postcode":""}},{"type":"Feature","geometry":{"type":"Point","coordinates":[-0.06508,51.47376]},"properties":{"name":"William Hill","address":"","postcode":""}},{"type":"Feature","geometry":{"type":"Point","coordinates":[-0.11334,51.4624]},"properties":{"name":"William Hill","address":"","postcode":""}},{"type":"Feature","geometry":{"type":"Point","coordinates":[-0.16741,51.46192]},"properties":{"name":"Betfred","address":"St. John's Road","postcode":""}},{"type":"Feature","geometry":{"type":"Point","coordinates":[0.05353,51.63319]},"properties":{"name":"Bets'R'Us","address":"Loughton Way 162","postcode":"IG9 6AR"}},{"type":"Feature","geometry":{"type":"Point","coordinates":[-0.14209,51.49596]},"properties":{"name":"JenningsBet","address":"Vauxhall Bridge Road","postcode":"SW1V 1AA"}},{"type":"Feature","geometry":{"type":"Point","coordinates":[-0.04677,51.64696]},"properties":{"name":"William Hill","address":"","postcode":""}},{"type":"Feature","geometry":{"type":"Point","coordinates":[-0.12354,51.60723]},"properties":{"name":"Betfred","address":"","postcode":""}},{"type":"Feature","geometry":{"type":"Point","coordinates":[-0.09962,51.49573]},"properties":{"name":"Betfred","address":"","postcode":""}},{"type":"Feature","geometry":{"type":"Point","coordinates":[-0.14899,51.47628]},"properties":{"name":"Ladbrokes","address":"","postcode":""}},{"type":"Feature","geometry":{"type":"Point","coordinates":[-0.33925,51.5504]},"properties":{"name":"Coral","address":"Greenford Road 1288","postcode":""}},{"type":"Feature","geometry":{"type":"Point","coordinates":[-0.07547,51.51604]},"properties":{"name":"Ladbrokes","address":"","postcode":""}},{"type":"Feature","geometry":{"type":"Point","coordinates":[0.00075,51.39191]},"properties":{"name":"Coral","address":"","postcode":""}},{"type":"Feature","geometry":{"type":"Point","coordinates":[-0.36103,51.55844]},"properties":{"name":"Coral","address":"","postcode":""}},{"type":"Feature","geometry":{"type":"Point","coordinates":[-0.12227,51.53045]},"properties":{"name":"William Hill","address":"Gray's Inn Road 345","postcode":"WC1X 8PX"}},{"type":"Feature","geometry":{"type":"Point","coordinates":[-0.15028,51.46619]},"properties":{"name":"Ladbrokes","address":"Wandsworth Road 835-837","postcode":"SW8 3JL"}},{"type":"Feature","geometry":{"type":"Point","coordinates":[-0.16523,51.49898]},"properties":{"name":"Coral","address":"Brompton Road 126","postcode":""}},{"type":"Feature","geometry":{"type":"Point","coordinates":[-0.16702,51.49809]},"properties":{"name":"William Hill","address":"Brompton Road 170","postcode":""}},{"type":"Feature","geometry":{"type":"Point","coordinates":[0.08163,51.45024]},"properties":{"name":"Coral","address":"Bexley Road 164","postcode":"SE9 2PH"}},{"type":"Feature","geometry":{"type":"Point","coordinates":[-0.10391,51.5352]},"properties":{"name":"William Hill","address":"","postcode":""}},{"type":"Feature","geometry":{"type":"Point","coordinates":[-0.01918,51.52144]},"properties":{"name":"William Hill","address":"Devons Road 220","postcode":"E3 3PN"}},{"type":"Feature","geometry":{"type":"Point","coordinates":[-0.01761,51.52739]},"properties":{"name":"Ladbrokes","address":"Stroudley Walk 16","postcode":"E3 3EW"}},{"type":"Feature","geometry":{"type":"Point","coordinates":[0.09453,51.60411]},"properties":{"name":"Ladbrokes","address":"New North Road 202","postcode":""}},{"type":"Feature","geometry":{"type":"Point","coordinates":[0.1203,51.61283]},"properties":{"name":"JenningsBet","address":"","postcode":""}},{"type":"Feature","geometry":{"type":"Point","coordinates":[-0.16696,51.46397]},"properties":{"name":"Ladbrokes","address":"","postcode":""}},{"type":"Feature","geometry":{"type":"Point","coordinates":[-0.19197,51.47332]},"properties":{"name":"Giles Hickley Sportsbetting","address":"","postcode":""}},{"type":"Feature","geometry":{"type":"Point","coordinates":[-0.41058,51.4457]},"properties":{"name":"Coral","address":"High Street","postcode":""}},{"type":"Feature","geometry":{"type":"Point","coordinates":[-0.41075,51.44546]},"properties":{"name":"William Hill","address":"High Street","postcode":""}},{"type":"Feature","geometry":{"type":"Point","coordinates":[-0.07217,51.51537]},"properties":{"name":"Paddy Power","address":"","postcode":""}},{"type":"Feature","geometry":{"type":"Point","coordinates":[-0.40598,51.40676]},"properties":{"name":"Coral","address":"2","postcode":""}},{"type":"Feature","geometry":{"type":"Point","coordinates":[-0.23776,51.50656]},"properties":{"name":"William Hill","address":"Uxbridge Road 416","postcode":"W12 0NR"}},{"type":"Feature","geometry":{"type":"Point","coordinates":[-0.0055,51.59487]},"properties":{"name":"Ladbrokes","address":"Fulbourne Road 8","postcode":""}},{"type":"Feature","geometry":{"type":"Point","coordinates":[-0.22408,51.49357]},"properties":{"name":"Ladbrokes","address":"Hammersmith Broadway 16","postcode":""}},{"type":"Feature","geometry":{"type":"Point","coordinates":[-0.0193,51.50512]},"properties":{"name":"Coral","address":"","postcode":""}},{"type":"Feature","geometry":{"type":"Point","coordinates":[-0.34586,51.54223]},"properties":{"name":"William Hill","address":"","postcode":""}},{"type":"Feature","geometry":{"type":"Point","coordinates":[-0.06742,51.60218]},"properties":{"name":"William Hill","address":"","postcode":""}},{"type":"Feature","geometry":{"type":"Point","coordinates":[-0.15418,51.44157]},"properties":{"name":"Betfred","address":"","postcode":""}},{"type":"Feature","geometry":{"type":"Point","coordinates":[-0.21002,51.46939]},"properties":{"name":"Betfred","address":"Fulham High Street 67A","postcode":""}},{"type":"Feature","geometry":{"type":"Point","coordinates":[-0.11956,51.48646]},"properties":{"name":"William Hill","address":"Kennington Lane 328","postcode":"SE11 5HY"}},{"type":"Feature","geometry":{"type":"Point","coordinates":[-0.22516,51.49281]},"properties":{"name":"Ladbrokes","address":"","postcode":""}},{"type":"Feature","geometry":{"type":"Point","coordinates":[-0.15701,51.46522]},"properties":{"name":"William Hill","address":"Lavender Hill 131","postcode":""}},{"type":"Feature","geometry":{"type":"Point","coordinates":[-0.15137,51.46615]},"properties":{"name":"William Hill","address":"Lavender Hill 15","postcode":""}},{"type":"Feature","geometry":{"type":"Point","coordinates":[-0.30208,51.46371]},"properties":{"name":"Betfred","address":"Kew Road 19","postcode":"TW9 2NQ"}},{"type":"Feature","geometry":{"type":"Point","coordinates":[-0.30167,51.4641]},"properties":{"name":"William Hill","address":"Kew Road","postcode":"TW9 2NQ"}},{"type":"Feature","geometry":{"type":"Point","coordinates":[-0.05661,51.51321]},"properties":{"name":"William Hill","address":"Watney Market 37","postcode":"E1 2PP"}},{"type":"Feature","geometry":{"type":"Point","coordinates":[-0.1103,51.50273]},"properties":{"name":"William Hill","address":"Waterloo Road","postcode":""}},{"type":"Feature","geometry":{"type":"Point","coordinates":[0.03621,51.53335]},"properties":{"name":"Jennings","address":"Green Street","postcode":""}},{"type":"Feature","geometry":{"type":"Point","coordinates":[-0.1238,51.47147]},"properties":{"name":"JenningsBet","address":"","postcode":""}},{"type":"Feature","geometry":{"type":"Point","coordinates":[-0.24019,51.57833]},"properties":{"name":"William Hill","address":"West Hendon Broadway 252","postcode":""}},{"type":"Feature","geometry":{"type":"Point","coordinates":[-0.1318,51.46427]},"properties":{"name":"William Hill","address":"","postcode":""}},{"type":"Feature","geometry":{"type":"Point","coordinates":[-0.15082,51.44564]},"properties":{"name":"Ladbrokes","address":"","postcode":""}},{"type":"Feature","geometry":{"type":"Point","coordinates":[-0.15275,51.44381]},"properties":{"name":"Coral","address":"","postcode":""}},{"type":"Feature","geometry":{"type":"Point","coordinates":[-0.30339,51.39333]},"properties":{"name":"Coral","address":"Central Parade 2","postcode":"KT6 4PJ"}},{"type":"Feature","geometry":{"type":"Point","coordinates":[-0.01281,51.57511]},"properties":{"name":"William Hill","address":"Lea Bridge Road 616","postcode":""}},{"type":"Feature","geometry":{"type":"Point","coordinates":[-0.21994,51.48517]},"properties":{"name":"Ladbrokes","address":"","postcode":""}},{"type":"Feature","geometry":{"type":"Point","coordinates":[-0.13334,51.47378]},"properties":{"name":"Ladbrokes","address":"","postcode":""}},{"type":"Feature","geometry":{"type":"Point","coordinates":[-0.08044,51.51353]},"properties":{"name":"Coral","address":"Leadenhall Street 104-106","postcode":"EC3A 4AA"}},{"type":"Feature","geometry":{"type":"Point","coordinates":[-0.0991,51.58023]},"properties":{"name":"JenningsBet","address":"Grand Parade 32-33","postcode":"N4 1LG"}},{"type":"Feature","geometry":{"type":"Point","coordinates":[-0.01088,51.57447]},"properties":{"name":"Ladbrokes","address":"High Road Leyton 806","postcode":""}},{"type":"Feature","geometry":{"type":"Point","coordinates":[-0.01048,51.5743]},"properties":{"name":"William Hill","address":"High Road Leyton 788","postcode":""}},{"type":"Feature","geometry":{"type":"Point","coordinates":[0.00626,51.54723]},"properties":{"name":"Betfred","address":"Leytonstone Road 14A","postcode":"E15 1SE"}},{"type":"Feature","geometry":{"type":"Point","coordinates":[0.00531,51.54958]},"properties":{"name":"William Hill","address":"Leytonstone Road 80","postcode":"E15 1SQ"}},{"type":"Feature","geometry":{"type":"Point","coordinates":[-0.13636,51.46224]},"properties":{"name":"Betfred","address":"","postcode":""}},{"type":"Feature","geometry":{"type":"Point","coordinates":[0.10592,51.60828]},"properties":{"name":"JenningsBet","address":"Manford Way 177","postcode":"IG7 4DN"}},{"type":"Feature","geometry":{"type":"Point","coordinates":[-0.17984,51.54214]},"properties":{"name":"Bedfred","address":"Fairfax Road 87","postcode":""}},{"type":"Feature","geometry":{"type":"Point","coordinates":[-0.38303,51.59474]},"properties":{"name":"Coral","address":"","postcode":""}},{"type":"Feature","geometry":{"type":"Point","coordinates":[-0.37097,51.57538]},"properties":{"name":"Betfred","address":"","postcode":""}},{"type":"Feature","geometry":{"type":"Point","coordinates":[-0.20625,51.42094]},"properties":{"name":"Betfred","address":"","postcode":""}},{"type":"Feature","geometry":{"type":"Point","coordinates":[-0.371,51.57302]},"properties":{"name":"William Hill","address":"","postcode":""}},{"type":"Feature","geometry":{"type":"Point","coordinates":[-0.09037,51.50434]},"properties":{"name":"Paddy Power","address":"","postcode":""}},{"type":"Feature","geometry":{"type":"Point","coordinates":[-0.0908,51.50405]},"properties":{"name":"Coral","address":"","postcode":""}},{"type":"Feature","geometry":{"type":"Point","coordinates":[-0.05738,51.48823]},"properties":{"name":"William Hill","address":"","postcode":""}},{"type":"Feature","geometry":{"type":"Point","coordinates":[-0.09501,51.5]},"properties":{"name":"William Hill","address":"","postcode":""}},{"type":"Feature","geometry":{"type":"Point","coordinates":[-0.11428,51.46519]},"properties":{"name":"Ladbrokes","address":"","postcode":""}},{"type":"Feature","geometry":{"type":"Point","coordinates":[-0.09553,51.48816]},"properties":{"name":"Ladbrokes","address":"","postcode":""}},{"type":"Feature","geometry":{"type":"Point","coordinates":[-0.0957,51.48779]},"properties":{"name":"Betfred","address":"","postcode":""}},{"type":"Feature","geometry":{"type":"Point","coordinates":[-0.11164,51.48]},"properties":{"name":"William Hill","address":"","postcode":""}},{"type":"Feature","geometry":{"type":"Point","coordinates":[-0.0963,51.48892]},"properties":{"name":"Paddy Power","address":"","postcode":""}},{"type":"Feature","geometry":{"type":"Point","coordinates":[-0.09381,51.4856]},"properties":{"name":"Betfred","address":"","postcode":""}},{"type":"Feature","geometry":{"type":"Point","coordinates":[-0.101,51.4926]},"properties":{"name":"William Hill","address":"","postcode":""}},{"type":"Feature","geometry":{"type":"Point","coordinates":[-0.13389,51.49704]},"properties":{"name":"William Hill","address":"","postcode":""}},{"type":"Feature","geometry":{"type":"Point","coordinates":[-0.10636,51.44032]},"properties":{"name":"Ladbroke","address":"Norwood Road 172-174","postcode":"SE27 9AZ"}},{"type":"Feature","geometry":{"type":"Point","coordinates":[-0.10365,51.43442]},"properties":{"name":"Ladbrokes","address":"Norwood Road 537","postcode":"SE27 9DL"}},{"type":"Feature","geometry":{"type":"Point","coordinates":[-0.10395,51.43551]},"properties":{"name":"William Hill","address":"Norwood Road 497-499","postcode":"SE27 9DJ"}},{"type":"Feature","geometry":{"type":"Point","coordinates":[0.16107,51.55177]},"properties":{"name":"Place","address":"Dagenham Road 836","postcode":"RM10 7UB"}},{"type":"Feature","geometry":{"type":"Point","coordinates":[-0.37969,51.5595]},"properties":{"name":"Coral","address":"Eastcote Lane 399","postcode":""}},{"type":"Feature","geometry":{"type":"Point","coordinates":[-0.14026,51.48773]},"properties":{"name":"Coral","address":"","postcode":""}},{"type":"Feature","geometry":{"type":"Point","coordinates":[-0.10827,51.50261]},"properties":{"name":"Betfred","address":"The Cut 75","postcode":"SE1 8LL"}},{"type":"Feature","geometry":{"type":"Point","coordinates":[-0.04557,51.52217]},"properties":{"name":"William Hill","address":"Mile End Road 209","postcode":"E1 4AA"}},{"type":"Feature","geometry":{"type":"Point","coordinates":[-0.30006,51.48655]},"properties":{"name":"Coral","address":"Ealing Road 25","postcode":"TW8 0LQ"}},{"type":"Feature","geometry":{"type":"Point","coordinates":[0.0039,51.45852]},"properties":{"name":"JenningsBet","address":"Lee High Road 284","postcode":"SE13 5PJ"}},{"type":"Feature","geometry":{"type":"Point","coordinates":[-0.06211,51.51488]},"properties":{"name":"William Hill","address":"","postcode":""}},{"type":"Feature","geometry":{"type":"Point","coordinates":[-0.18656,51.4385]},"properties":{"name":"Ladbrokes","address":"Garratt Lane 619","postcode":"SW18 4SU"}},{"type":"Feature","geometry":{"type":"Point","coordinates":[-0.14207,51.51297]},"properties":{"name":"Ladbrokes","address":"Maddox Street 27","postcode":""}},{"type":"Feature","geometry":{"type":"Point","coordinates":[-0.10529,51.56417]},"properties":{"name":"Paddy Power","address":"Seven Sisters Road 260","postcode":"N4 2HY"}},{"type":"Feature","geometry":{"type":"Point","coordinates":[-0.05582,51.55648]},"properties":{"name":"Ladbrokes","address":"","postcode":""}},{"type":"Feature","geometry":{"type":"Point","coordinates":[-0.0882,51.52657]},"properties":{"name":"Ladbrokes","address":"City Road 124-128","postcode":"EC1V 2NJ"}},{"type":"Feature","geometry":{"type":"Point","coordinates":[-0.17792,51.41797]},"properties":{"name":"Ladbrokes","address":"","postcode":""}},{"type":"Feature","geometry":{"type":"Point","coordinates":[-0.14945,51.35889]},"properties":{"name":"Ladbrokes","address":"","postcode":""}},{"type":"Feature","geometry":{"type":"Point","coordinates":[-0.14967,51.35978]},"properties":{"name":"Paddy Power","address":"","postcode":""}},{"type":"Feature","geometry":{"type":"Point","coordinates":[-0.24826,51.6144]},"properties":{"name":"JenningsBet","address":"","postcode":""}},{"type":"Feature","geometry":{"type":"Point","coordinates":[-0.26709,51.60065]},"properties":{"name":"Ladbrokes","address":"","postcode":""}},{"type":"Feature","geometry":{"type":"Point","coordinates":[-0.24708,51.61459]},"properties":{"name":"Ladbrokes","address":"","postcode":""}},{"type":"Feature","geometry":{"type":"Point","coordinates":[-0.24859,51.61377]},"properties":{"name":"Betfred","address":"","postcode":""}},{"type":"Feature","geometry":{"type":"Point","coordinates":[-0.26464,51.60198]},"properties":{"name":"William Hill","address":"","postcode":""}},{"type":"Feature","geometry":{"type":"Point","coordinates":[-0.0685,51.38253]},"properties":{"name":"Ladbrokes","address":"Lower Addiscombe Road 337","postcode":"CR0 6RG"}},{"type":"Feature","geometry":{"type":"Point","coordinates":[-0.07276,51.38024]},"properties":{"name":"Paddy Power","address":"Lower Addiscombe Road 196","postcode":"CR0 7AA"}},{"type":"Feature","geometry":{"type":"Point","coordinates":[-0.09753,51.35597]},"properties":{"name":"William Hill","address":"Brighton Road 195-197","postcode":"CR2 6EG"}},{"type":"Feature","geometry":{"type":"Point","coordinates":[-0.09829,51.35215]},"properties":{"name":"Coral","address":"","postcode":""}},{"type":"Feature","geometry":{"type":"Point","coordinates":[-0.13955,51.35958]},"properties":{"name":"Ladbrokes","address":"Stafford Road 138","postcode":"SM6 9BS"}},{"type":"Feature","geometry":{"type":"Point","coordinates":[-0.03863,51.35092]},"properties":{"name":"Coral","address":"Featherbed Lane","postcode":"CR0 9AS"}},{"type":"Feature","geometry":{"type":"Point","coordinates":[-0.06304,51.49213]},"properties":{"name":"William Hill","address":"","postcode":""}},{"type":"Feature","geometry":{"type":"Point","coordinates":[-0.06314,51.49213]},"properties":{"name":"Ladbrokes","address":"","postcode":""}},{"type":"Feature","geometry":{"type":"Point","coordinates":[0.0056,51.55296]},"properties":{"name":"William Hill","address":"High Road Leytonstone 178","postcode":""}},{"type":"Feature","geometry":{"type":"Point","coordinates":[0.00535,51.55269]},"properties":{"name":"Betfred","address":"High Road Leytonstone 245","postcode":"E11 4GP"}},{"type":"Feature","geometry":{"type":"Point","coordinates":[-0.05003,51.4261]},"properties":{"name":"William Hill","address":"Sydenham Road 93","postcode":"SE26 5UA"}},{"type":"Feature","geometry":{"type":"Point","coordinates":[-0.05019,51.42612]},"properties":{"name":"Paddy Power","address":"Sydenham Road 89","postcode":"SE26 5UA"}},{"type":"Feature","geometry":{"type":"Point","coordinates":[-0.05037,51.42615]},"properties":{"name":"Ladbrokes","address":"Sydenham Road 85","postcode":"SE26 5UA"}},{"type":"Feature","geometry":{"type":"Point","coordinates":[-0.08784,51.37954]},"properties":{"name":"William Hill","address":"Cherry Orchard Road 132","postcode":"CR0 6BB"}},{"type":"Feature","geometry":{"type":"Point","coordinates":[-0.09786,51.399]},"properties":{"name":"Paddy Power","address":"High Street 104","postcode":"CR7 8LF"}},{"type":"Feature","geometry":{"type":"Point","coordinates":[-0.10115,51.4033]},"properties":{"name":"William Hill","address":"Parchmore Road 111","postcode":"CR7 8LZ"}},{"type":"Feature","geometry":{"type":"Point","coordinates":[-0.10525,51.40779]},"properties":{"name":"William Hill","address":"Northwood Road 1","postcode":"CR7 8HU"}},{"type":"Feature","geometry":{"type":"Point","coordinates":[-0.15157,51.50755]},"properties":{"name":"BetVictor","address":"","postcode":""}},{"type":"Feature","geometry":{"type":"Point","coordinates":[-0.17354,51.35749]},"properties":{"name":"Coral","address":"Banstead Road 48","postcode":"SM5 3NW"}},{"type":"Feature","geometry":{"type":"Point","coordinates":[-0.14688,51.50652]},"properties":{"name":"William Hill","address":"Shepherd Market 50","postcode":""}},{"type":"Feature","geometry":{"type":"Point","coordinates":[-0.05101,51.37425]},"properties":{"name":"William Hill","address":"Wickham Road 140","postcode":"CR0 8BE"}},{"type":"Feature","geometry":{"type":"Point","coordinates":[-0.02814,51.3771]},"properties":{"name":"Coral","address":"Wickham Road 806","postcode":"CR0 8EB"}},{"type":"Feature","geometry":{"type":"Point","coordinates":[-0.00992,51.50891]},"properties":{"name":"Coral","address":"Poplar High Street 255","postcode":"E14 0BE"}},{"type":"Feature","geometry":{"type":"Point","coordinates":[-0.14083,51.41036]},"properties":{"name":"William Hill","address":"Rowan Road 176-178","postcode":"SW16 5HX"}},{"type":"Feature","geometry":{"type":"Point","coordinates":[-0.16338,51.40566]},"properties":{"name":"Ladbrokes","address":"Upper Green East 19","postcode":"CR4 2PE"}},{"type":"Feature","geometry":{"type":"Point","coordinates":[-0.16475,51.40555]},"properties":{"name":"William Hill","address":"London Road 2","postcode":"CR4 3NA"}},{"type":"Feature","geometry":{"type":"Point","coordinates":[-0.16455,51.40615]},"properties":{"name":"Betfred","address":"Upper Green West 1-3","postcode":"CR4 3AA"}},{"type":"Feature","geometry":{"type":"Point","coordinates":[-0.1761,51.40338]},"properties":{"name":"Coral","address":"Church Road 55","postcode":"CR4 3BF"}},{"type":"Feature","geometry":{"type":"Point","coordinates":[-0.16788,51.37255]},"properties":{"name":"William Hill","address":"Green Wrythe Lane 28","postcode":"SM5 2DW"}},{"type":"Feature","geometry":{"type":"Point","coordinates":[-0.07757,51.51444]},"properties":{"name":"Dabbers","address":"Houndsditch 18-22","postcode":"EC3A 7DB"}},{"type":"Feature","geometry":{"type":"Point","coordinates":[0.02501,51.54783]},"properties":{"name":"Paddy Power","address":"Woodgrange Road 33","postcode":""}},{"type":"Feature","geometry":{"type":"Point","coordinates":[-0.09884,51.57873]},"properties":{"name":"Ladbrokes","address":"Grand Parade 57","postcode":"N4 1AF"}},{"type":"Feature","geometry":{"type":"Point","coordinates":[-0.09575,51.63195]},"properties":{"name":"William Hill","address":"","postcode":""}},{"type":"Feature","geometry":{"type":"Point","coordinates":[-0.09654,51.63118]},"properties":{"name":"Paddy Power","address":"","postcode":""}},{"type":"Feature","geometry":{"type":"Point","coordinates":[-0.15538,51.51788]},"properties":{"name":"Betfred","address":"Baker Street 28","postcode":""}},{"type":"Feature","geometry":{"type":"Point","coordinates":[-0.18745,51.51265]},"properties":{"name":"William Hill","address":"Queensway 74","postcode":""}},{"type":"Feature","geometry":{"type":"Point","coordinates":[0.21723,51.44432]},"properties":{"name":"Paddy Power","address":"","postcode":""}},{"type":"Feature","geometry":{"type":"Point","coordinates":[-0.03249,51.56781]},"properties":{"name":"William Hill","address":"Lea Bridge Road 199-201","postcode":""}},{"type":"Feature","geometry":{"type":"Point","coordinates":[-0.02525,51.57048]},"properties":{"name":"Betfred","address":"Lea Bridge Road 323","postcode":""}},{"type":"Feature","geometry":{"type":"Point","coordinates":[-0.23138,51.40954]},"properties":{"name":"Ladbrokes","address":"Coombe Lane 58-62","postcode":""}},{"type":"Feature","geometry":{"type":"Point","coordinates":[-0.24165,51.3996]},"properties":{"name":"William Hill","address":"","postcode":""}},{"type":"Feature","geometry":{"type":"Point","coordinates":[-0.19518,51.36787]},"properties":{"name":"Betfred","address":"High Street 273-275","postcode":"SM1 1LD"}},{"type":"Feature","geometry":{"type":"Point","coordinates":[-0.24492,51.3995]},"properties":{"name":"Coral","address":"","postcode":""}},{"type":"Feature","geometry":{"type":"Point","coordinates":[-0.17304,51.52228]},"properties":{"name":"William Hill","address":"Edgware Road 402","postcode":""}},{"type":"Feature","geometry":{"type":"Point","coordinates":[-0.23797,51.46449]},"properties":{"name":"Ladbrokes","address":"Upper Richmond Road","postcode":"SW15 5QJ"}},{"type":"Feature","geometry":{"type":"Point","coordinates":[-0.0576,51.5147]},"properties":{"name":"Paddy Power","address":"","postcode":""}},{"type":"Feature","geometry":{"type":"Point","coordinates":[-0.05633,51.51191]},"properties":{"name":"Ladbrokes","address":"","postcode":""}},{"type":"Feature","geometry":{"type":"Point","coordinates":[-0.1709,51.5335]},"properties":{"name":"Coral","address":"St John's Wood High Street 57","postcode":""}},{"type":"Feature","geometry":{"type":"Point","coordinates":[-0.02116,51.50528]},"properties":{"name":"Paddy Power","address":"","postcode":""}},{"type":"Feature","geometry":{"type":"Point","coordinates":[-0.22283,51.39207]},"properties":{"name":"William Hill","address":"Grand Drive 356","postcode":""}},{"type":"Feature","geometry":{"type":"Point","coordinates":[-0.12156,51.53094]},"properties":{"name":"Paddy Power","address":"","postcode":""}},{"type":"Feature","geometry":{"type":"Point","coordinates":[0.05332,51.64543]},"properties":{"name":"William Hill","address":"","postcode":""}},{"type":"Feature","geometry":{"type":"Point","coordinates":[-0.41122,51.39166]},"properties":{"name":"Coral","address":"Terrace Road 72","postcode":"KT12 2SF"}},{"type":"Feature","geometry":{"type":"Point","coordinates":[-0.12323,51.58022]},"properties":{"name":"Betfred","address":"","postcode":""}},{"type":"Feature","geometry":{"type":"Point","coordinates":[-0.12239,51.58086]},"properties":{"name":"Ladbrokes","address":"","postcode":""}},{"type":"Feature","geometry":{"type":"Point","coordinates":[-0.19013,51.53522]},"properties":{"name":"Ladbrokes","address":"Kilburn High Road 3-5","postcode":""}},{"type":"Feature","geometry":{"type":"Point","coordinates":[-0.30667,51.50022]},"properties":{"name":"Betfred","address":"South Ealing Road 104","postcode":""}},{"type":"Feature","geometry":{"type":"Point","coordinates":[-0.06165,51.47645]},"properties":{"name":"William Hill","address":"Acorn Parade 5","postcode":"SE15 2TZ"}},{"type":"Feature","geometry":{"type":"Point","coordinates":[-0.19415,51.52285]},"properties":{"name":"Betfred","address":"Harrow Road 346","postcode":""}},{"type":"Feature","geometry":{"type":"Point","coordinates":[0.00224,51.54179]},"properties":{"name":"Ladbrokes","address":"Broadway 68","postcode":""}},{"type":"Feature","geometry":{"type":"Point","coordinates":[-0.21558,51.52969]},"properties":{"name":"William Hill","address":"Kilburn Lane 28","postcode":""}},{"type":"Feature","geometry":{"type":"Point","coordinates":[-0.20192,51.52424]},"properties":{"name":"William Hill","address":"Harrow Road 357","postcode":""}},{"type":"Feature","geometry":{"type":"Point","coordinates":[-0.20133,51.52399]},"properties":{"name":"Paddy Power","address":"Harrow Road 345-347","postcode":""}},{"type":"Feature","geometry":{"type":"Point","coordinates":[-0.16962,51.51879]},"properties":{"name":"Coral","address":"","postcode":""}},{"type":"Feature","geometry":{"type":"Point","coordinates":[-0.35554,51.42704]},"properties":{"name":"Coral","address":"","postcode":""}},{"type":"Feature","geometry":{"type":"Point","coordinates":[-0.07336,51.47725]},"properties":{"name":"Ladbrokes","address":"Commercial Way 97-99","postcode":"SE15 6DB"}},{"type":"Feature","geometry":{"type":"Point","coordinates":[-0.27943,51.54858]},"properties":{"name":"William Hill","address":"","postcode":""}},{"type":"Feature","geometry":{"type":"Point","coordinates":[-0.21242,51.38607]},"properties":{"name":"Ladbrokes","address":"Tudor Drive 19/21","postcode":"SM4 4PD"}},{"type":"Feature","geometry":{"type":"Point","coordinates":[0.07165,51.43831]},"properties":{"name":"Ladbrokes","address":"Footscray Road 395","postcode":"SE9 2DR"}},{"type":"Feature","geometry":{"type":"Point","coordinates":[0.05623,51.52672]},"properties":{"name":"Betfred","address":"High Street South","postcode":""}},{"type":"Feature","geometry":{"type":"Point","coordinates":[0.05652,51.52749]},"properties":{"name":"JenningsBet","address":"High Street South","postcode":""}},{"type":"Feature","geometry":{"type":"Point","coordinates":[-0.177,51.61752]},"properties":{"name":"Paddy Power","address":"","postcode":""}},{"type":"Feature","geometry":{"type":"Point","coordinates":[-0.17695,51.61508]},"properties":{"name":"William Hill","address":"","postcode":""}},{"type":"Feature","geometry":{"type":"Point","coordinates":[0.00222,51.54085]},"properties":{"name":"Betfred","address":"","postcode":""}},{"type":"Feature","geometry":{"type":"Point","coordinates":[-0.01054,51.46279]},"properties":{"name":"Paddy Power","address":"","postcode":""}},{"type":"Feature","geometry":{"type":"Point","coordinates":[-0.17865,51.51376]},"properties":{"name":"William Hill","address":"Gloucester Terrace 77","postcode":""}},{"type":"Feature","geometry":{"type":"Point","coordinates":[-0.00742,51.48878]},"properties":{"name":"Coral","address":"Manchester Road 145","postcode":"E14 3DN"}},{"type":"Feature","geometry":{"type":"Point","coordinates":[-0.0937,51.52398]},"properties":{"name":"William Hill","address":"Whitecross Street","postcode":""}},{"type":"Feature","geometry":{"type":"Point","coordinates":[-0.18908,51.5158]},"properties":{"name":"Coral","address":"Westbourne Grove 10a","postcode":""}},{"type":"Feature","geometry":{"type":"Point","coordinates":[-0.19447,51.51499]},"properties":{"name":"William Hill","address":"Westbourne Grove 123","postcode":""}},{"type":"Feature","geometry":{"type":"Point","coordinates":[-0.1957,51.50931]},"properties":{"name":"Coral","address":"Notting Hill Gate 62","postcode":""}},{"type":"Feature","geometry":{"type":"Point","coordinates":[0.21905,51.60656]},"properties":{"name":"Ladbrokes","address":"Farnham Road","postcode":"RM3 8ED"}},{"type":"Feature","geometry":{"type":"Point","coordinates":[-0.34679,51.38435]},"properties":{"name":"Ladbrokes","address":"","postcode":""}},{"type":"Feature","geometry":{"type":"Point","coordinates":[-0.32696,51.50982]},"properties":{"name":"Paddy Power","address":"Broadway 132","postcode":""}},{"type":"Feature","geometry":{"type":"Point","coordinates":[0.10293,51.44544]},"properties":{"name":"Ladbrokes","address":"","postcode":""}},{"type":"Feature","geometry":{"type":"Point","coordinates":[-0.20547,51.51588]},"properties":{"name":"Coral","address":"Blenheim Crescent 6","postcode":""}},{"type":"Feature","geometry":{"type":"Point","coordinates":[-0.18734,51.42036]},"properties":{"name":"William Hill","address":"","postcode":""}},{"type":"Feature","geometry":{"type":"Point","coordinates":[-0.0988,51.5593]},"properties":{"name":"William Hill","address":"","postcode":""}},{"type":"Feature","geometry":{"type":"Point","coordinates":[-0.01264,51.51137]},"properties":{"name":"Betfred","address":"East India Dock Road 191-193","postcode":"E14 0EA"}},{"type":"Feature","geometry":{"type":"Point","coordinates":[-0.22192,51.52245]},"properties":{"name":"William Hill","address":"Barlby Road 67","postcode":""}},{"type":"Feature","geometry":{"type":"Point","coordinates":[-0.22619,51.51985]},"properties":{"name":"William Hill","address":"North Pole Road 16","postcode":""}},{"type":"Feature","geometry":{"type":"Point","coordinates":[-0.20952,51.51642]},"properties":{"name":"Paddy Power","address":"Ladbroke Grove 131","postcode":""}},{"type":"Feature","geometry":{"type":"Point","coordinates":[-0.2179,51.51303]},"properties":{"name":"Betfred","address":"Bramley Road 39","postcode":""}},{"type":"Feature","geometry":{"type":"Point","coordinates":[-0.19089,51.5023]},"properties":{"name":"Ladbrokes","address":"Kensington Church Street 6","postcode":"W8 4EP"}},{"type":"Feature","geometry":{"type":"Point","coordinates":[0.05199,51.53668]},"properties":{"name":"Paddy Power","address":"High Street North","postcode":""}},{"type":"Feature","geometry":{"type":"Point","coordinates":[0.05229,51.53602]},"properties":{"name":"Betfred","address":"High Street North","postcode":""}},{"type":"Feature","geometry":{"type":"Point","coordinates":[-0.30557,51.49827]},"properties":{"name":"Paddy Power","address":"","postcode":""}},{"type":"Feature","geometry":{"type":"Point","coordinates":[-0.19662,51.49963]},"properties":{"name":"Paddy Power","address":"Kensington High Street 209","postcode":""}},{"type":"Feature","geometry":{"type":"Point","coordinates":[-0.19437,51.49294]},"properties":{"name":"William Hill","address":"Earl's Court Road 190","postcode":""}},{"type":"Feature","geometry":{"type":"Point","coordinates":[-0.11028,51.60905]},"properties":{"name":"JenningsBet","address":"","postcode":""}},{"type":"Feature","geometry":{"type":"Point","coordinates":[-0.11002,51.60853]},"properties":{"name":"Betting Shop","address":"","postcode":""}},{"type":"Feature","geometry":{"type":"Point","coordinates":[-0.19399,51.49292]},"properties":{"name":"Coral","address":"","postcode":""}},{"type":"Feature","geometry":{"type":"Point","coordinates":[-0.11833,51.60654]},"properties":{"name":"Ladbrokes","address":"Myddleton Road 108","postcode":"N22 8NQ"}},{"type":"Feature","geometry":{"type":"Point","coordinates":[-0.09611,51.57139]},"properties":{"name":"Ladbrokes","address":"Green Lanes 322","postcode":"N4 1BX"}},{"type":"Feature","geometry":{"type":"Point","coordinates":[-0.25574,51.39913]},"properties":{"name":"Paddy Power","address":"","postcode":""}},{"type":"Feature","geometry":{"type":"Point","coordinates":[-0.1754,51.49362]},"properties":{"name":"William Hill","address":"Old Brompton Road 32","postcode":""}},{"type":"Feature","geometry":{"type":"Point","coordinates":[-0.3708,51.57622]},"properties":{"name":"Coral","address":"","postcode":""}},{"type":"Feature","geometry":{"type":"Point","coordinates":[-0.07483,51.55507]},"properties":{"name":"Ladbrokes","address":"Stoke Newington Road 115B","postcode":"N16 8BU"}},{"type":"Feature","geometry":{"type":"Point","coordinates":[-0.17721,51.48341]},"properties":{"name":"William Hill","address":"King's Road 412","postcode":""}},{"type":"Feature","geometry":{"type":"Point","coordinates":[-0.18125,51.48189]},"properties":{"name":"William Hill","address":"King's Road 506","postcode":""}},{"type":"Feature","geometry":{"type":"Point","coordinates":[-0.18084,51.48193]},"properties":{"name":"Paddy Power","address":"King's Road 500","postcode":""}},{"type":"Feature","geometry":{"type":"Point","coordinates":[-0.36586,51.46785]},"properties":{"name":"Paddy Power","address":"","postcode":""}},{"type":"Feature","geometry":{"type":"Point","coordinates":[-0.3663,51.46774]},"properties":{"name":"Betfred","address":"","postcode":""}},{"type":"Feature","geometry":{"type":"Point","coordinates":[-0.41389,51.64936]},"properties":{"name":"Coral","address":"Euston Avenue 72","postcode":"WD18 7SY"}},{"type":"Feature","geometry":{"type":"Point","coordinates":[-0.31929,51.51084]},"properties":{"name":"Coral","address":"","postcode":""}},{"type":"Feature","geometry":{"type":"Point","coordinates":[0.00137,51.36968]},"properties":{"name":"William Hill","address":"","postcode":""}},{"type":"Feature","geometry":{"type":"Point","coordinates":[0.03156,51.51467]},"properties":{"name":"Ladbrokes","address":"Prince Regent Lane","postcode":""}},{"type":"Feature","geometry":{"type":"Point","coordinates":[-0.24897,51.51432]},"properties":{"name":"William Hill","address":"Old Oak Common Lane 82","postcode":""}},{"type":"Feature","geometry":{"type":"Point","coordinates":[-0.23455,51.51113]},"properties":{"name":"William Hill","address":"Bloemfontein Road 67-69","postcode":""}},{"type":"Feature","geometry":{"type":"Point","coordinates":[-0.17501,51.43049]},"properties":{"name":"William Hill","address":"Garratt Lane 834","postcode":""}},{"type":"Feature","geometry":{"type":"Point","coordinates":[-0.16649,51.42666]},"properties":{"name":"Buzz Bingo","address":"","postcode":""}},{"type":"Feature","geometry":{"type":"Point","coordinates":[-0.16718,51.42907]},"properties":{"name":"Paddy Power","address":"","postcode":""}},{"type":"Feature","geometry":{"type":"Point","coordinates":[-0.01943,51.4464]},"properties":{"name":"JenningsBet","address":"Rushey Green","postcode":"SE6 4HQ"}},{"type":"Feature","geometry":{"type":"Point","coordinates":[-0.22019,51.50459]},"properties":{"name":"Betfred","address":"Uxbridge Road 78","postcode":""}},{"type":"Feature","geometry":{"type":"Point","coordinates":[-0.22295,51.50497]},"properties":{"name":"William Hill","address":"Uxbridge Road 136","postcode":""}},{"type":"Feature","geometry":{"type":"Point","coordinates":[-0.22711,51.50549]},"properties":{"name":"Betfred","address":"Uxbridge Road 17","postcode":""}},{"type":"Feature","geometry":{"type":"Point","coordinates":[-0.16644,51.42979]},"properties":{"name":"Betfred","address":"","postcode":""}},{"type":"Feature","geometry":{"type":"Point","coordinates":[-0.2284,51.50577]},"properties":{"name":"Ladbrokes","address":"Uxbridge Road 39","postcode":""}},{"type":"Feature","geometry":{"type":"Point","coordinates":[-0.16728,51.42738]},"properties":{"name":"Game Nation","address":"","postcode":""}},{"type":"Feature","geometry":{"type":"Point","coordinates":[-0.16753,51.42753]},"properties":{"name":"Betfred","address":"","postcode":""}},{"type":"Feature","geometry":{"type":"Point","coordinates":[-0.1673,51.42779]},"properties":{"name":"Coral","address":"","postcode":""}},{"type":"Feature","geometry":{"type":"Point","coordinates":[-0.16722,51.42734]},"properties":{"name":"Ladbrokes","address":"","postcode":""}},{"type":"Feature","geometry":{"type":"Point","coordinates":[-0.16019,51.42275]},"properties":{"name":"William Hill","address":"","postcode":""}},{"type":"Feature","geometry":{"type":"Point","coordinates":[-0.09911,51.56136]},"properties":{"name":"Ladbrokes","address":"Blackstock Road 153","postcode":""}},{"type":"Feature","geometry":{"type":"Point","coordinates":[-0.1599,51.43544]},"properties":{"name":"Betfred","address":"","postcode":""}},{"type":"Feature","geometry":{"type":"Point","coordinates":[-0.1275,51.63276]},"properties":{"name":"Paddy Power","address":"Chase Side 2","postcode":"N14 5PA"}},{"type":"Feature","geometry":{"type":"Point","coordinates":[-0.19717,51.57201]},"properties":{"name":"Ladbrokes","address":"Golders Green Road 31","postcode":"NW11 8EE"}},{"type":"Feature","geometry":{"type":"Point","coordinates":[-0.01087,51.46344]},"properties":{"name":"Ladbrokes","address":"","postcode":""}},{"type":"Feature","geometry":{"type":"Point","coordinates":[0.01926,51.53114]},"properties":{"name":"Ladbrokes","address":"","postcode":""}},{"type":"Feature","geometry":{"type":"Point","coordinates":[-0.1921,51.36073]},"properties":{"name":"Ladbrokes","address":"","postcode":""}},{"type":"Feature","geometry":{"type":"Point","coordinates":[-0.19241,51.36155]},"properties":{"name":"Betfred","address":"","postcode":""}},{"type":"Feature","geometry":{"type":"Point","coordinates":[-0.19383,51.36543]},"properties":{"name":"Coral","address":"","postcode":""}},{"type":"Feature","geometry":{"type":"Point","coordinates":[-0.19152,51.36021]},"properties":{"name":"William Hill","address":"","postcode":""}},{"type":"Feature","geometry":{"type":"Point","coordinates":[-0.195,51.36877]},"properties":{"name":"Ladbrokes","address":"","postcode":""}},{"type":"Feature","geometry":{"type":"Point","coordinates":[-0.22224,51.50087]},"properties":{"name":"William Hill","address":"Shepherds Bush Road 60","postcode":""}},{"type":"Feature","geometry":{"type":"Point","coordinates":[-0.09337,51.63502]},"properties":{"name":"Ladbrokes","address":"","postcode":""}},{"type":"Feature","geometry":{"type":"Point","coordinates":[-0.30094,51.41114]},"properties":{"name":"Ladbrokes","address":"Clarence Street","postcode":""}},{"type":"Feature","geometry":{"type":"Point","coordinates":[-0.36553,51.3697]},"properties":{"name":"Coral","address":"High Street 58","postcode":"KT10 9RQ"}},{"type":"Feature","geometry":{"type":"Point","coordinates":[-0.22004,51.58644]},"properties":{"name":"Ladbrokes","address":"Brent Street 112-114","postcode":"NW4 2DT"}},{"type":"Feature","geometry":{"type":"Point","coordinates":[0.05563,51.49246]},"properties":{"name":"Paddy Power","address":"Kingsman Parade 14","postcode":""}},{"type":"Feature","geometry":{"type":"Point","coordinates":[-0.2246,51.49205]},"properties":{"name":"Betfred","address":"Broadway Shopping Centre 19","postcode":""}},{"type":"Feature","geometry":{"type":"Point","coordinates":[-0.23113,51.49267]},"properties":{"name":"Paddy Power","address":"King Street 118","postcode":""}},{"type":"Feature","geometry":{"type":"Point","coordinates":[-0.08238,51.57795]},"properties":{"name":"Ladbrokes","address":"","postcode":""}},{"type":"Feature","geometry":{"type":"Point","coordinates":[-0.30068,51.5142]},"properties":{"name":"Paddy Power","address":"","postcode":""}},{"type":"Feature","geometry":{"type":"Point","coordinates":[-0.15877,51.61259]},"properties":{"name":"Paddy Power","address":"Woodhouse Road 6","postcode":"N12 0NB"}},{"type":"Feature","geometry":{"type":"Point","coordinates":[-0.33744,51.5087]},"properties":{"name":"William Hill","address":"","postcode":""}},{"type":"Feature","geometry":{"type":"Point","coordinates":[-0.12861,51.54849]},"properties":{"name":"William Hill","address":"York Way 171","postcode":"N7 9LN"}},{"type":"Feature","geometry":{"type":"Point","coordinates":[-0.14702,51.59948]},"properties":{"name":"Ladbrokes","address":"Colney Hatch Lane 150-152","postcode":"N10 1ER"}},{"type":"Feature","geometry":{"type":"Point","coordinates":[-0.05243,51.49969]},"properties":{"name":"William Hill","address":"","postcode":""}},{"type":"Feature","geometry":{"type":"Point","coordinates":[0.11014,51.49367]},"properties":{"name":"Betfred","address":"","postcode":""}},{"type":"Feature","geometry":{"type":"Point","coordinates":[-0.19564,51.57149]},"properties":{"name":"Betfred","address":"","postcode":""}},{"type":"Feature","geometry":{"type":"Point","coordinates":[-0.01048,51.46263]},"properties":{"name":"Game Nation","address":"","postcode":""}},{"type":"Feature","geometry":{"type":"Point","coordinates":[-0.10384,51.59057]},"properties":{"name":"Betfred","address":"Green Lanes 679","postcode":"N8 0QY"}},{"type":"Feature","geometry":{"type":"Point","coordinates":[-0.10417,51.59093]},"properties":{"name":"Ladbrokes","address":"High Road","postcode":""}},{"type":"Feature","geometry":{"type":"Point","coordinates":[-0.10468,51.59142]},"properties":{"name":"Paddy Power","address":"High Road","postcode":""}},{"type":"Feature","geometry":{"type":"Point","coordinates":[0.00867,51.56809]},"properties":{"name":"William Hill","address":"Church Lane 28","postcode":"E11 1HG"}},{"type":"Feature","geometry":{"type":"Point","coordinates":[-0.27082,51.50729]},"properties":{"name":"Betfred","address":"High Street","postcode":""}},{"type":"Feature","geometry":{"type":"Point","coordinates":[-0.27147,51.5072]},"properties":{"name":"Paddy Power","address":"High Street","postcode":""}},{"type":"Feature","geometry":{"type":"Point","coordinates":[-0.26437,51.5089]},"properties":{"name":"Betfred","address":"Churchfield Road","postcode":"W3 6EG"}},{"type":"Feature","geometry":{"type":"Point","coordinates":[-0.17741,51.54555]},"properties":{"name":"Ladbrokes","address":"New College Parade 17-18","postcode":""}},{"type":"Feature","geometry":{"type":"Point","coordinates":[-0.17883,51.54586]},"properties":{"name":"Betfred","address":"","postcode":""}},{"type":"Feature","geometry":{"type":"Point","coordinates":[0.07571,51.38896]},"properties":{"name":"JenningsBet","address":"Fairway","postcode":""}},{"type":"Feature","geometry":{"type":"Point","coordinates":[0.01584,51.40609]},"properties":{"name":"Ladbrokes","address":"","postcode":""}},{"type":"Feature","geometry":{"type":"Point","coordinates":[-0.06449,51.61337]},"properties":{"name":"Paddy Power","address":"","postcode":""}},{"type":"Feature","geometry":{"type":"Point","coordinates":[-0.38984,51.53715]},"properties":{"name":"Ladbrokes","address":"","postcode":""}},{"type":"Feature","geometry":{"type":"Point","coordinates":[-0.01846,51.37638]},"properties":{"name":"William Hill","address":"","postcode":""}},{"type":"Feature","geometry":{"type":"Point","coordinates":[-0.05213,51.41468]},"properties":{"name":"William Hill","address":"High Street 153","postcode":"SE20 7DS"}},{"type":"Feature","geometry":{"type":"Point","coordinates":[-0.35807,51.46967]},"properties":{"name":"Ladbrokes","address":"","postcode":""}},{"type":"Feature","geometry":{"type":"Point","coordinates":[0.08397,51.60229]},"properties":{"name":"JenningsBet","address":"Fencepiece Road","postcode":""}},{"type":"Feature","geometry":{"type":"Point","coordinates":[-0.40298,51.45847]},"properties":{"name":"Bet Zone","address":"","postcode":""}},{"type":"Feature","geometry":{"type":"Point","coordinates":[-0.36097,51.46923]},"properties":{"name":"Paddy Power","address":"","postcode":""}},{"type":"Feature","geometry":{"type":"Point","coordinates":[-0.36306,51.46875]},"properties":{"name":"Coral","address":"","postcode":""}},{"type":"Feature","geometry":{"type":"Point","coordinates":[-0.36473,51.46853]},"properties":{"name":"Betfred","address":"","postcode":""}},{"type":"Feature","geometry":{"type":"Point","coordinates":[-0.36114,51.46897]},"properties":{"name":"Betfred","address":"","postcode":""}},{"type":"Feature","geometry":{"type":"Point","coordinates":[-0.01982,51.4445]},"properties":{"name":"Betfred","address":"","postcode":""}},{"type":"Feature","geometry":{"type":"Point","coordinates":[0.06719,51.49035]},"properties":{"name":"Coral","address":"","postcode":""}},{"type":"Feature","geometry":{"type":"Point","coordinates":[0.06729,51.49039]},"properties":{"name":"Betfred","address":"","postcode":""}},{"type":"Feature","geometry":{"type":"Point","coordinates":[0.06867,51.49105]},"properties":{"name":"Coral","address":"","postcode":""}},{"type":"Feature","geometry":{"type":"Point","coordinates":[0.06827,51.49096]},"properties":{"name":"JenningsBet","address":"Powis Street 8","postcode":"SE18 6LF"}},{"type":"Feature","geometry":{"type":"Point","coordinates":[-0.10692,51.6193]},"properties":{"name":"Paddy Power","address":"Green Lanes","postcode":""}},{"type":"Feature","geometry":{"type":"Point","coordinates":[0.17932,51.45089]},"properties":{"name":"Coral","address":"Crayford Road","postcode":""}},{"type":"Feature","geometry":{"type":"Point","coordinates":[0.17881,51.45122]},"properties":{"name":"JenningsBet","address":"Crayford Road","postcode":""}},{"type":"Feature","geometry":{"type":"Point","coordinates":[0.17947,51.45117]},"properties":{"name":"Betfred","address":"Crayford Road","postcode":""}},{"type":"Feature","geometry":{"type":"Point","coordinates":[0.01176,51.51758]},"properties":{"name":"William Hill","address":"Barking Road 127-129","postcode":"E16 4HQ"}},{"type":"Feature","geometry":{"type":"Point","coordinates":[0.01166,51.51718]},"properties":{"name":"Ladbrokes","address":"","postcode":""}},{"type":"Feature","geometry":{"type":"Point","coordinates":[0.01322,51.51824]},"properties":{"name":"Ladbrokes","address":"Barking Road 171","postcode":"E16 4HQ"}},{"type":"Feature","geometry":{"type":"Point","coordinates":[0.01259,51.51758]},"properties":{"name":"Paddy Power","address":"Barking Road 136","postcode":"E16 1EN"}},{"type":"Feature","geometry":{"type":"Point","coordinates":[0.02144,51.52201]},"properties":{"name":"Paddy Power","address":"Barking Road","postcode":""}},{"type":"Feature","geometry":{"type":"Point","coordinates":[0.02164,51.52211]},"properties":{"name":"Betfred","address":"Barking Road","postcode":""}},{"type":"Feature","geometry":{"type":"Point","coordinates":[0.02197,51.52193]},"properties":{"name":"Betting Shop","address":"Barking Road","postcode":""}},{"type":"Feature","geometry":{"type":"Point","coordinates":[0.02892,51.52592]},"properties":{"name":"William Hill","address":"","postcode":""}},{"type":"Feature","geometry":{"type":"Point","coordinates":[0.15038,51.45602]},"properties":{"name":"Buzz Bingo","address":"","postcode":""}},{"type":"Feature","geometry":{"type":"Point","coordinates":[-0.33822,51.47498]},"properties":{"name":"Paddy Power","address":"London Road 485","postcode":""}},{"type":"Feature","geometry":{"type":"Point","coordinates":[0.10426,51.52892]},"properties":{"name":"Ladbrokes","address":"Farr Avenue 11","postcode":""}},{"type":"Feature","geometry":{"type":"Point","coordinates":[0.08572,51.48937]},"properties":{"name":"Paddy Power","address":"","postcode":""}},{"type":"Feature","geometry":{"type":"Point","coordinates":[-0.33757,51.47502]},"properties":{"name":"Coral","address":"London Road 469","postcode":""}},{"type":"Feature","geometry":{"type":"Point","coordinates":[-0.17657,51.61744]},"properties":{"name":"William Hill","address":"High Road","postcode":""}},{"type":"Feature","geometry":{"type":"Point","coordinates":[-0.17566,51.61321]},"properties":{"name":"Ladbrokes","address":"","postcode":""}},{"type":"Feature","geometry":{"type":"Point","coordinates":[0.02278,51.52261]},"properties":{"name":"Ladbrokes","address":"","postcode":""}},{"type":"Feature","geometry":{"type":"Point","coordinates":[0.02487,51.51147]},"properties":{"name":"Coral","address":"Freemasons Road 45","postcode":"E16 3PJ"}},{"type":"Feature","geometry":{"type":"Point","coordinates":[0.00625,51.48564]},"properties":{"name":"Betfred","address":"Trafalgar Road","postcode":""}},{"type":"Feature","geometry":{"type":"Point","coordinates":[0.01922,51.47668]},"properties":{"name":"JenningsBet","address":"Stratheden Parade 4","postcode":"SE3 7SX"}},{"type":"Feature","geometry":{"type":"Point","coordinates":[0.0062,51.48534]},"properties":{"name":"JenningsBet","address":"Trafalgar Road","postcode":""}},{"type":"Feature","geometry":{"type":"Point","coordinates":[-0.30658,51.56245]},"properties":{"name":"William Hill","address":"","postcode":""}},{"type":"Feature","geometry":{"type":"Point","coordinates":[0.05765,51.52294]},"properties":{"name":"Ladbrokes","address":"","postcode":""}},{"type":"Feature","geometry":{"type":"Point","coordinates":[-0.00966,51.48077]},"properties":{"name":"JenningsBet","address":"Greenwich Church Street 3","postcode":"SE10 9BJ"}},{"type":"Feature","geometry":{"type":"Point","coordinates":[0.06116,51.5337]},"properties":{"name":"Ladbrokes","address":"Barking Road","postcode":"E6 2SA"}},{"type":"Feature","geometry":{"type":"Point","coordinates":[0.03664,51.53001]},"properties":{"name":"Ladbrokes","address":"Barking Road 760","postcode":"E13 9PJ"}},{"type":"Feature","geometry":{"type":"Point","coordinates":[0.03535,51.53601]},"properties":{"name":"Paddy Power","address":"Green Street","postcode":""}},{"type":"Feature","geometry":{"type":"Point","coordinates":[0.08598,51.53411]},"properties":{"name":"Coral","address":"","postcode":""}},{"type":"Feature","geometry":{"type":"Point","coordinates":[0.09388,51.53576]},"properties":{"name":"Coral","address":"Ripple Road","postcode":"IG11 9PN"}},{"type":"Feature","geometry":{"type":"Point","coordinates":[0.03046,51.52646]},"properties":{"name":"Paddy Power","address":"","postcode":""}},{"type":"Feature","geometry":{"type":"Point","coordinates":[0.03963,51.52531]},"properties":{"name":"Ladbrokes","address":"","postcode":""}},{"type":"Feature","geometry":{"type":"Point","coordinates":[-0.22074,51.5869]},"properties":{"name":"Paddy Power","address":"","postcode":""}},{"type":"Feature","geometry":{"type":"Point","coordinates":[0.07534,51.38986]},"properties":{"name":"William Hill","address":"Station Square 7","postcode":"BR5 1LY"}},{"type":"Feature","geometry":{"type":"Point","coordinates":[0.11062,51.53468]},"properties":{"name":"William Hill","address":"Lodge Avenue 462","postcode":"RM9 4QS"}},{"type":"Feature","geometry":{"type":"Point","coordinates":[0.11269,51.54193]},"properties":{"name":"Coral","address":"Lodge Avenue 278","postcode":"RM8 2HF"}},{"type":"Feature","geometry":{"type":"Point","coordinates":[0.10065,51.53999]},"properties":{"name":"Paddy Power","address":"","postcode":""}},{"type":"Feature","geometry":{"type":"Point","coordinates":[-0.28469,51.59486]},"properties":{"name":"Ladbrokes","address":"","postcode":""}},{"type":"Feature","geometry":{"type":"Point","coordinates":[0.0699,51.55959]},"properties":{"name":"Paddy Power","address":"Cranbrook Road","postcode":""}},{"type":"Feature","geometry":{"type":"Point","coordinates":[0.08372,51.59346]},"properties":{"name":"Buzz Bingo","address":"","postcode":""}},{"type":"Feature","geometry":{"type":"Point","coordinates":[0.21826,51.60694]},"properties":{"name":"William Hill","address":"","postcode":""}},{"type":"Feature","geometry":{"type":"Point","coordinates":[-0.34003,51.60453]},"properties":{"name":"William Hill","address":"","postcode":""}},{"type":"Feature","geometry":{"type":"Point","coordinates":[-0.30767,51.48345]},"properties":{"name":"Paddy Power","address":"","postcode":""}},{"type":"Feature","geometry":{"type":"Point","coordinates":[0.09419,51.54576]},"properties":{"name":"Coral","address":"","postcode":""}},{"type":"Feature","geometry":{"type":"Point","coordinates":[-0.38598,51.46333]},"properties":{"name":"Betfred","address":"","postcode":""}},{"type":"Feature","geometry":{"type":"Point","coordinates":[0.00553,51.48544]},"properties":{"name":"Coral","address":"","postcode":""}},{"type":"Feature","geometry":{"type":"Point","coordinates":[0.03831,51.54141]},"properties":{"name":"Paddy Power","address":"","postcode":""}},{"type":"Feature","geometry":{"type":"Point","coordinates":[0.04641,51.53466]},"properties":{"name":"Ladbrokes","address":"Katherine Road 103","postcode":""}},{"type":"Feature","geometry":{"type":"Point","coordinates":[-0.01845,51.43307]},"properties":{"name":"William Hill","address":"","postcode":""}},{"type":"Feature","geometry":{"type":"Point","coordinates":[-0.01749,51.4341]},"properties":{"name":"Ladbrokes","address":"","postcode":""}},{"type":"Feature","geometry":{"type":"Point","coordinates":[0.10704,51.50684]},"properties":{"name":"Ladbrokes","address":"","postcode":""}},{"type":"Feature","geometry":{"type":"Point","coordinates":[-0.05508,51.54505]},"properties":{"name":"Dabbers Social Bingo","address":"","postcode":""}},{"type":"Feature","geometry":{"type":"Point","coordinates":[0.07102,51.55839]},"properties":{"name":"Paddy Power","address":"","postcode":""}},{"type":"Feature","geometry":{"type":"Point","coordinates":[0.07038,51.55815]},"properties":{"name":"Coral","address":"","postcode":""}},{"type":"Feature","geometry":{"type":"Point","coordinates":[0.06889,51.56142]},"properties":{"name":"Coral","address":"","postcode":""}},{"type":"Feature","geometry":{"type":"Point","coordinates":[0.07608,51.5594]},"properties":{"name":"Coral","address":"","postcode":""}},{"type":"Feature","geometry":{"type":"Point","coordinates":[0.08302,51.56463]},"properties":{"name":"Ladbrokes","address":"","postcode":""}},{"type":"Feature","geometry":{"type":"Point","coordinates":[0.07508,51.5503]},"properties":{"name":"Paddy Power","address":"Ilford Lane 269","postcode":"IG1 2SD"}},{"type":"Feature","geometry":{"type":"Point","coordinates":[0.04985,51.5901]},"properties":{"name":"Ladbrokes","address":"Claybury Broadway 7","postcode":"IG5 0LQ"}},{"type":"Feature","geometry":{"type":"Point","coordinates":[0.08349,51.59148]},"properties":{"name":"JenningsBet","address":"High Street 110","postcode":"IG6 2DU"}},{"type":"Feature","geometry":{"type":"Point","coordinates":[0.08245,51.59113]},"properties":{"name":"Cash Concepts","address":"High Street 91","postcode":"IG6 2AH"}},{"type":"Feature","geometry":{"type":"Point","coordinates":[0.08409,51.59299]},"properties":{"name":"Betfred","address":"High Street 171","postcode":"IG6 2AJ"}},{"type":"Feature","geometry":{"type":"Point","coordinates":[0.03226,51.48674]},"properties":{"name":"JenningsBet","address":"Charlton Church Lane 31","postcode":"SE7 7AG"}},{"type":"Feature","geometry":{"type":"Point","coordinates":[-0.11154,51.50146]},"properties":{"name":"Betfred","address":"Lower Marsh 92","postcode":"SE1 7AB"}},{"type":"Feature","geometry":{"type":"Point","coordinates":[-0.30647,51.36694]},"properties":{"name":"Ladbrokes","address":"","postcode":""}},{"type":"Feature","geometry":{"type":"Point","coordinates":[-0.00198,51.42132]},"properties":{"name":"Coral","address":"Bromley Hill 2-4","postcode":"BR1 4JX"}},{"type":"Feature","geometry":{"type":"Point","coordinates":[-0.37445,51.51091]},"properties":{"name":"Betfred","address":"","postcode":""}},{"type":"Feature","geometry":{"type":"Point","coordinates":[-0.37571,51.51046]},"properties":{"name":"Paddy Power","address":"","postcode":""}},{"type":"Feature","geometry":{"type":"Point","coordinates":[-0.37598,51.51001]},"properties":{"name":"Coral","address":"","postcode":""}},{"type":"Feature","geometry":{"type":"Point","coordinates":[-0.06026,51.54969]},"properties":{"name":"Ladbrokes","address":"","postcode":""}},{"type":"Feature","geometry":{"type":"Point","coordinates":[0.06832,51.49055]},"properties":{"name":"Paddy Power","address":"","postcode":""}},{"type":"Feature","geometry":{"type":"Point","coordinates":[0.06821,51.49046]},"properties":{"name":"Ladbrokes","address":"","postcode":""}},{"type":"Feature","geometry":{"type":"Point","coordinates":[0.0667,51.49017]},"properties":{"name":"JenningsBet","address":"","postcode":""}},{"type":"Feature","geometry":{"type":"Point","coordinates":[0.05382,51.45086]},"properties":{"name":"Betfred","address":"","postcode":""}},{"type":"Feature","geometry":{"type":"Point","coordinates":[-0.01113,51.45995]},"properties":{"name":"Coral","address":"","postcode":""}},{"type":"Feature","geometry":{"type":"Point","coordinates":[-0.13059,51.49502]},"properties":{"name":"Coral","address":"","postcode":""}},{"type":"Feature","geometry":{"type":"Point","coordinates":[0.0534,51.53471]},"properties":{"name":"JenningsBet","address":"High Street North","postcode":""}},{"type":"Feature","geometry":{"type":"Point","coordinates":[-0.01085,51.46039]},"properties":{"name":"Paddy Power","address":"","postcode":""}},{"type":"Feature","geometry":{"type":"Point","coordinates":[0.05357,51.60607]},"properties":{"name":"Coral","address":"Chigwell Road 658","postcode":""}},{"type":"Feature","geometry":{"type":"Point","coordinates":[-0.01836,51.44769]},"properties":{"name":"Coral","address":"","postcode":""}},{"type":"Feature","geometry":{"type":"Point","coordinates":[-0.01038,51.46099]},"properties":{"name":"JenningsBet","address":"Lewisham High Street 146-148","postcode":""}},{"type":"Feature","geometry":{"type":"Point","coordinates":[0.03449,51.53749]},"properties":{"name":"Paddy Power","address":"","postcode":""}},{"type":"Feature","geometry":{"type":"Point","coordinates":[-0.03272,51.57984]},"properties":{"name":"Betfred","address":"St James's Street","postcode":""}},{"type":"Feature","geometry":{"type":"Point","coordinates":[-0.1908,51.60357]},"properties":{"name":"Coral","address":"","postcode":""}},{"type":"Feature","geometry":{"type":"Point","coordinates":[-0.19036,51.60347]},"properties":{"name":"Paddy Power","address":"","postcode":""}},{"type":"Feature","geometry":{"type":"Point","coordinates":[-0.00362,51.42463]},"properties":{"name":"Coral","address":"","postcode":""}},{"type":"Feature","geometry":{"type":"Point","coordinates":[-0.00381,51.42386]},"properties":{"name":"Paddy Power","address":"","postcode":""}},{"type":"Feature","geometry":{"type":"Point","coordinates":[-0.00715,51.45214]},"properties":{"name":"William Hill","address":"Hither Green Lane 168","postcode":""}},{"type":"Feature","geometry":{"type":"Point","coordinates":[0.01678,51.40044]},"properties":{"name":"Paddy Power","address":"","postcode":""}},{"type":"Feature","geometry":{"type":"Point","coordinates":[0.01409,51.40592]},"properties":{"name":"William Hill","address":"","postcode":""}},{"type":"Feature","geometry":{"type":"Point","coordinates":[0.01519,51.40592]},"properties":{"name":"JenningsBet","address":"","postcode":""}},{"type":"Feature","geometry":{"type":"Point","coordinates":[-0.37212,51.53023]},"properties":{"name":"Betfred","address":"","postcode":""}},{"type":"Feature","geometry":{"type":"Point","coordinates":[-0.10586,51.59268]},"properties":{"name":"Betfred","address":"High Road","postcode":""}},{"type":"Feature","geometry":{"type":"Point","coordinates":[-0.40952,51.60197]},"properties":{"name":"William Hill","address":"","postcode":""}},{"type":"Feature","geometry":{"type":"Point","coordinates":[-0.32846,51.60407]},"properties":{"name":"Ladbrokes","address":"","postcode":""}},{"type":"Feature","geometry":{"type":"Point","coordinates":[-0.40932,51.60096]},"properties":{"name":"Coral","address":"","postcode":""}},{"type":"Feature","geometry":{"type":"Point","coordinates":[-0.00887,51.46224]},"properties":{"name":"Ladbrokes","address":"","postcode":""}},{"type":"Feature","geometry":{"type":"Point","coordinates":[-0.41923,51.50728]},"properties":{"name":"Ladbrokes","address":"Botwell Lane","postcode":""}},{"type":"Feature","geometry":{"type":"Point","coordinates":[-0.41855,51.50731]},"properties":{"name":"William Hill","address":"","postcode":""}},{"type":"Feature","geometry":{"type":"Point","coordinates":[0.09702,51.56438]},"properties":{"name":"MegaBet","address":"Cameron Road 12","postcode":"IG3 8LA"}},{"type":"Feature","geometry":{"type":"Point","coordinates":[-0.19356,51.40285]},"properties":{"name":"JenningsBet","address":"London Road","postcode":""}},{"type":"Feature","geometry":{"type":"Point","coordinates":[-0.10854,51.61822]},"properties":{"name":"Betfred","address":"Green Lanes","postcode":""}},{"type":"Feature","geometry":{"type":"Point","coordinates":[-0.07592,51.54701]},"properties":{"name":"Ladbrokes","address":"","postcode":""}},{"type":"Feature","geometry":{"type":"Point","coordinates":[-0.41871,51.50657]},"properties":{"name":"JenningsBet","address":"Station Road 19","postcode":"UB3 4BD"}},{"type":"Feature","geometry":{"type":"Point","coordinates":[-0.41885,51.506]},"properties":{"name":"Paddy Power","address":"Station Road 39","postcode":"UB3 4BE"}},{"type":"Feature","geometry":{"type":"Point","coordinates":[-0.41886,51.50551]},"properties":{"name":"William Hill","address":"Station Road 57","postcode":"UB3 4BE"}},{"type":"Feature","geometry":{"type":"Point","coordinates":[-0.25577,51.40118]},"properties":{"name":"William Hill","address":"","postcode":""}},{"type":"Feature","geometry":{"type":"Point","coordinates":[0.07341,51.388]},"properties":{"name":"Coral","address":"Queensway 67","postcode":"BR5 1DQ"}},{"type":"Feature","geometry":{"type":"Point","coordinates":[0.05341,51.534]},"properties":{"name":"Paddy Power","address":"High Street North 11-13","postcode":""}},{"type":"Feature","geometry":{"type":"Point","coordinates":[0.05391,51.53379]},"properties":{"name":"Paddy Power","address":"High Street North","postcode":""}},{"type":"Feature","geometry":{"type":"Point","coordinates":[-0.08118,51.52189]},"properties":{"name":"Hijingo","address":"Worship Street 90","postcode":"EC2A 2BA"}},{"type":"Feature","geometry":{"type":"Point","coordinates":[-0.06844,51.60565]},"properties":{"name":"William Hill","address":"High Road","postcode":""}},{"type":"Feature","geometry":{"type":"Point","coordinates":[-0.06838,51.60517]},"properties":{"name":"Betfred","address":"High Road","postcode":""}},{"type":"Feature","geometry":{"type":"Point","coordinates":[-0.1279,51.43486]},"properties":{"name":"PaddyPower","address":"Streatham High Road","postcode":""}},{"type":"Feature","geometry":{"type":"Point","coordinates":[-0.30583,51.49903]},"properties":{"name":"Coral","address":"South Ealing Road 139","postcode":""}},{"type":"Feature","geometry":{"type":"Point","coordinates":[0.03531,51.39233]},"properties":{"name":"Coral","address":"","postcode":""}},{"type":"Feature","geometry":{"type":"Point","coordinates":[-0.39588,51.48455]},"properties":{"name":"Ladbrokes","address":"Brabazon Road","postcode":""}},{"type":"Feature","geometry":{"type":"Point","coordinates":[-0.30213,51.51522]},"properties":{"name":"Ladbrokes","address":"","postcode":""}},{"type":"Feature","geometry":{"type":"Point","coordinates":[-0.07983,51.48975]},"properties":{"name":"Betfred","address":"","postcode":""}},{"type":"Feature","geometry":{"type":"Point","coordinates":[-0.31837,51.60173]},"properties":{"name":"William Hill","address":"","postcode":""}},{"type":"Feature","geometry":{"type":"Point","coordinates":[-0.13176,51.63333]},"properties":{"name":"Betfred","address":"Chase Side 79","postcode":"N14 5PP"}},{"type":"Feature","geometry":{"type":"Point","coordinates":[-0.06478,51.61182]},"properties":{"name":"William Hill","address":"Fore Street","postcode":""}},{"type":"Feature","geometry":{"type":"Point","coordinates":[-0.0997,51.58133]},"properties":{"name":"Paddy Power","address":"Green Lanes 507","postcode":"N4 1AL"}},{"type":"Feature","geometry":{"type":"Point","coordinates":[-0.09858,51.58755]},"properties":{"name":"William Hill","address":"West Green Road","postcode":"N15 3DA"}},{"type":"Feature","geometry":{"type":"Point","coordinates":[-0.09082,51.58606]},"properties":{"name":"William Hill","address":"West Green Road 297-303","postcode":"N15 3PA"}},{"type":"Feature","geometry":{"type":"Point","coordinates":[-0.07682,51.58482]},"properties":{"name":"Betfred","address":"West Green Road 90","postcode":"N15 5NS"}},{"type":"Feature","geometry":{"type":"Point","coordinates":[-0.07274,51.58402]},"properties":{"name":"Paddy Power","address":"West Green Road 6","postcode":"N15 5NN"}},{"type":"Feature","geometry":{"type":"Point","coordinates":[-0.20805,51.60592]},"properties":{"name":"Coral","address":"Bittacy Hill 11","postcode":"NW7 1HS"}},{"type":"Feature","geometry":{"type":"Point","coordinates":[-0.07393,51.53037]},"properties":{"name":"William Hill","address":"","postcode":""}},{"type":"Feature","geometry":{"type":"Point","coordinates":[0.04384,51.62524]},"properties":{"name":"Ladbrokes","address":"","postcode":""}},{"type":"Feature","geometry":{"type":"Point","coordinates":[-0.11931,51.58766]},"properties":{"name":"Ladbrokes","address":"Campsbourne Parade 6","postcode":"N8 7PR"}},{"type":"Feature","geometry":{"type":"Point","coordinates":[-0.35303,51.52784]},"properties":{"name":"William Hill","address":"","postcode":""}},{"type":"Feature","geometry":{"type":"Point","coordinates":[-0.3546,51.52797]},"properties":{"name":"Ladbrokes","address":"","postcode":""}},{"type":"Feature","geometry":{"type":"Point","coordinates":[-0.13551,51.46249]},"properties":{"name":"Ladbrokes","address":"Clapham High Street 129","postcode":""}},{"type":"Feature","geometry":{"type":"Point","coordinates":[-0.21848,51.53365]},"properties":{"name":"Ladbrokes","address":"Chamberlayne Road 67","postcode":""}},{"type":"Feature","geometry":{"type":"Point","coordinates":[-0.18185,51.49365]},"properties":{"name":"Ladbrokes","address":"","postcode":""}},{"type":"Feature","geometry":{"type":"Point","coordinates":[-0.24835,51.5365]},"properties":{"name":"William Hill","address":"High Street Harlesden","postcode":""}},{"type":"Feature","geometry":{"type":"Point","coordinates":[-0.24723,51.53592]},"properties":{"name":"Silvertime","address":"High Street Harlesden 53","postcode":""}},{"type":"Feature","geometry":{"type":"Point","coordinates":[-0.2756,51.61413]},"properties":{"name":"Paddy Power","address":"","postcode":""}},{"type":"Feature","geometry":{"type":"Point","coordinates":[-0.27883,51.61077]},"properties":{"name":"Coral","address":"","postcode":""}},{"type":"Feature","geometry":{"type":"Point","coordinates":[-0.24463,51.53579]},"properties":{"name":"Paddy Power","address":"High Street Harlesden 120","postcode":""}},{"type":"Feature","geometry":{"type":"Point","coordinates":[-0.24663,51.53571]},"properties":{"name":"Ladbrokes","address":"High Street Harlesden 74","postcode":""}},{"type":"Feature","geometry":{"type":"Point","coordinates":[-0.22268,51.54834]},"properties":{"name":"Ladbrokes","address":"","postcode":""}},{"type":"Feature","geometry":{"type":"Point","coordinates":[-0.12781,51.63277]},"properties":{"name":"William Hill","address":"Chase Side 8","postcode":"N14 5PA"}},{"type":"Feature","geometry":{"type":"Point","coordinates":[0.03407,51.47465]},"properties":{"name":"JenningsBet","address":"Shooters Hill Road 174","postcode":"SE3 8RP"}},{"type":"Feature","geometry":{"type":"Point","coordinates":[-0.12708,51.63297]},"properties":{"name":"Ladbrokes","address":"Dennis Parade 1-2","postcode":"N14 6AA"}},{"type":"Feature","geometry":{"type":"Point","coordinates":[-0.12303,51.62402]},"properties":{"name":"Coral","address":"Cannon Hill 40","postcode":"N14 6LG"}},{"type":"Feature","geometry":{"type":"Point","coordinates":[-0.06855,51.64191]},"properties":{"name":"William Hill","address":"","postcode":""}},{"type":"Feature","geometry":{"type":"Point","coordinates":[-0.02573,51.47689]},"properties":{"name":"Coral","address":"Deptford High Street 70","postcode":""}},{"type":"Feature","geometry":{"type":"Point","coordinates":[-0.02572,51.47639]},"properties":{"name":"Paddy Power","address":"Deptford High Street 52","postcode":""}},{"type":"Feature","geometry":{"type":"Point","coordinates":[-0.06672,51.46736]},"properties":{"name":"Betfred","address":"Rye Lane 182","postcode":""}},{"type":"Feature","geometry":{"type":"Point","coordinates":[-0.09331,51.47212]},"properties":{"name":"Paddy Power","address":"Coldharbour Lane 2","postcode":"SE5 9PR"}},{"type":"Feature","geometry":{"type":"Point","coordinates":[-0.09333,51.47301]},"properties":{"name":"William Hill","address":"Denmark Hill 48","postcode":"SE5 8RZ"}},{"type":"Feature","geometry":{"type":"Point","coordinates":[-0.21465,51.55704]},"properties":{"name":"Betting Shop","address":"","postcode":""}},{"type":"Feature","geometry":{"type":"Point","coordinates":[-0.12355,51.57949]},"properties":{"name":"Ladbrokes","address":"","postcode":""}},{"type":"Feature","geometry":{"type":"Point","coordinates":[-0.07723,51.59817]},"properties":{"name":"Ladbrokes","address":"","postcode":""}},{"type":"Feature","geometry":{"type":"Point","coordinates":[-0.41926,51.38679]},"properties":{"name":"Coral","address":"Church Street 15","postcode":"KT12 2QP"}},{"type":"Feature","geometry":{"type":"Point","coordinates":[-0.41872,51.38549]},"properties":{"name":"Betfred","address":"High Street 21-23","postcode":"KT12 1DG"}},{"type":"Feature","geometry":{"type":"Point","coordinates":[-0.27315,51.54587]},"properties":{"name":"Paddy Power","address":"","postcode":""}},{"type":"Feature","geometry":{"type":"Point","coordinates":[0.18268,51.57629]},"properties":{"name":"Paddy Power","address":"","postcode":""}},{"type":"Feature","geometry":{"type":"Point","coordinates":[0.18233,51.57611]},"properties":{"name":"Coral","address":"","postcode":""}},{"type":"Feature","geometry":{"type":"Point","coordinates":[0.1823,51.57616]},"properties":{"name":"Ladbrokes","address":"","postcode":""}},{"type":"Feature","geometry":{"type":"Point","coordinates":[0.18284,51.57608]},"properties":{"name":"Betfred","address":"","postcode":""}},{"type":"Feature","geometry":{"type":"Point","coordinates":[0.1924,51.54051]},"properties":{"name":"William Hill","address":"Mungo Park Road 115","postcode":"RM13 7PP"}},{"type":"Feature","geometry":{"type":"Point","coordinates":[-0.03033,51.48329]},"properties":{"name":"Coral","address":"","postcode":""}},{"type":"Feature","geometry":{"type":"Point","coordinates":[-0.03202,51.48377]},"properties":{"name":"JenningsBet","address":"242-240","postcode":""}},{"type":"Feature","geometry":{"type":"Point","coordinates":[-0.1363,51.51141]},"properties":{"name":"William Hill","address":"","postcode":""}},{"type":"Feature","geometry":{"type":"Point","coordinates":[-0.10895,51.59682]},"properties":{"name":"Paddy Power","address":"","postcode":""}},{"type":"Feature","geometry":{"type":"Point","coordinates":[-0.0692,51.47213]},"properties":{"name":"Ladbrokes","address":"","postcode":""}},{"type":"Feature","geometry":{"type":"Point","coordinates":[-0.31906,51.60093]},"properties":{"name":"Ladbrokes","address":"","postcode":""}},{"type":"Feature","geometry":{"type":"Point","coordinates":[-0.27548,51.61438]},"properties":{"name":"Betfred","address":"","postcode":""}},{"type":"Feature","geometry":{"type":"Point","coordinates":[0.0211,51.43111]},"properties":{"name":"Coral","address":"Baring Road 364","postcode":"SE12 0DU"}},{"type":"Feature","geometry":{"type":"Point","coordinates":[0.01371,51.42696]},"properties":{"name":"William Hill","address":"Downham Way 408","postcode":"BR1 5HR"}},{"type":"Feature","geometry":{"type":"Point","coordinates":[0.01262,51.4509]},"properties":{"name":"Ladbrokes","address":"Burnt Ash Road 127","postcode":"SE12 8RA"}},{"type":"Feature","geometry":{"type":"Point","coordinates":[0.10372,51.45036]},"properties":{"name":"Betfred","address":"Blackfen Road 16-17","postcode":"DA15 8SN"}},{"type":"Feature","geometry":{"type":"Point","coordinates":[0.04606,51.57699]},"properties":{"name":"Ladbrokes","address":"","postcode":""}},{"type":"Feature","geometry":{"type":"Point","coordinates":[-0.09393,51.4858]},"properties":{"name":"MERKUR Slots","address":"","postcode":""}},{"type":"Feature","geometry":{"type":"Point","coordinates":[-0.10248,51.59916]},"properties":{"name":"Ladbrokes","address":"","postcode":""}},{"type":"Feature","geometry":{"type":"Point","coordinates":[-0.1013,51.5995]},"properties":{"name":"Paddy Power","address":"","postcode":""}},{"type":"Feature","geometry":{"type":"Point","coordinates":[-0.02274,51.52779]},"properties":{"name":"William Hill","address":"","postcode":""}},{"type":"Feature","geometry":{"type":"Point","coordinates":[-0.31356,51.61663]},"properties":{"name":"William Hill","address":"","postcode":""}},{"type":"Feature","geometry":{"type":"Point","coordinates":[-0.1177,51.52024]},"properties":{"name":"Ladbrokes","address":"","postcode":""}},{"type":"Feature","geometry":{"type":"Point","coordinates":[0.06789,51.57644]},"properties":{"name":"William Hill","address":"","postcode":""}},{"type":"Feature","geometry":{"type":"Point","coordinates":[-0.3876,51.44004]},"properties":{"name":"Ladbrokes","address":"","postcode":""}},{"type":"Feature","geometry":{"type":"Point","coordinates":[-0.3878,51.44055]},"properties":{"name":"Betfred","address":"","postcode":""}},{"type":"Feature","geometry":{"type":"Point","coordinates":[-0.38207,51.50194]},"properties":{"name":"Betfred","address":"","postcode":""}},{"type":"Feature","geometry":{"type":"Point","coordinates":[-0.39149,51.49924]},"properties":{"name":"Betfred","address":"","postcode":""}},{"type":"Feature","geometry":{"type":"Point","coordinates":[-0.3514,51.52889]},"properties":{"name":"Betfred","address":"","postcode":""}},{"type":"Feature","geometry":{"type":"Point","coordinates":[-0.37545,51.51921]},"properties":{"name":"Betfred","address":"","postcode":""}},{"type":"Feature","geometry":{"type":"Point","coordinates":[-0.33941,51.52215]},"properties":{"name":"Betfred","address":"","postcode":""}},{"type":"Feature","geometry":{"type":"Point","coordinates":[-0.38224,51.512]},"properties":{"name":"Betfred","address":"","postcode":""}},{"type":"Feature","geometry":{"type":"Point","coordinates":[-0.38186,51.50212]},"properties":{"name":"Paddy Power","address":"","postcode":""}},{"type":"Feature","geometry":{"type":"Point","coordinates":[-0.38178,51.51195]},"properties":{"name":"Paddy Power","address":"","postcode":""}},{"type":"Feature","geometry":{"type":"Point","coordinates":[-0.37523,51.497]},"properties":{"name":"Paddy Power","address":"","postcode":""}},{"type":"Feature","geometry":{"type":"Point","coordinates":[-0.37459,51.5443]},"properties":{"name":"Ladbrokes","address":"","postcode":""}},{"type":"Feature","geometry":{"type":"Point","coordinates":[-0.3736,51.54473]},"properties":{"name":"Paddy Power","address":"","postcode":""}},{"type":"Feature","geometry":{"type":"Point","coordinates":[-0.35307,51.52748]},"properties":{"name":"Paddy Power","address":"","postcode":""}},{"type":"Feature","geometry":{"type":"Point","coordinates":[-0.26786,51.51638]},"properties":{"name":"William Hill","address":"","postcode":""}},{"type":"Feature","geometry":{"type":"Point","coordinates":[-0.29294,51.52921]},"properties":{"name":"William Hill","address":"","postcode":""}},{"type":"Feature","geometry":{"type":"Point","coordinates":[-0.33794,51.50905]},"properties":{"name":"Ladbrokes","address":"","postcode":""}},{"type":"Feature","geometry":{"type":"Point","coordinates":[-0.13012,51.43022]},"properties":{"name":"William Hill","address":"Streatham High Road 250","postcode":""}},{"type":"Feature","geometry":{"type":"Point","coordinates":[-0.28793,51.38285]},"properties":{"name":"William Hill","address":"","postcode":""}},{"type":"Feature","geometry":{"type":"Point","coordinates":[-0.28524,51.38215]},"properties":{"name":"Ladbrokes","address":"","postcode":""}},{"type":"Feature","geometry":{"type":"Point","coordinates":[-0.28439,51.38185]},"properties":{"name":"William Hill","address":"","postcode":""}},{"type":"Feature","geometry":{"type":"Point","coordinates":[-0.36197,51.58656]},"properties":{"name":"Coral","address":"Broadwalk, Pinner Road 18","postcode":"HA2 6ED"}},{"type":"Feature","geometry":{"type":"Point","coordinates":[0.12116,51.49022]},"properties":{"name":"Paddy Power","address":"Wilton Road 13-15","postcode":"SE2 9RH"}},{"type":"Feature","geometry":{"type":"Point","coordinates":[-0.13061,51.51186]},"properties":{"name":"Paddy Power","address":"Gerrard Street 40","postcode":"W1D 5QE"}},{"type":"Feature","geometry":{"type":"Point","coordinates":[0.12153,51.49032]},"properties":{"name":"JenningsBet","address":"Wilton Road 10-12","postcode":"SE2 9RH"}},{"type":"Feature","geometry":{"type":"Point","coordinates":[-0.04716,51.47585]},"properties":{"name":"Coral","address":"","postcode":""}},{"type":"Feature","geometry":{"type":"Point","coordinates":[-0.25411,51.62096]},"properties":{"name":"Ladbrokes","address":"","postcode":""}},{"type":"Feature","geometry":{"type":"Point","coordinates":[-0.04839,51.52128]},"properties":{"name":"Betfred","address":"Mile End Road 188","postcode":""}},{"type":"Feature","geometry":{"type":"Point","coordinates":[-0.04681,51.47489]},"properties":{"name":"William Hill","address":"","postcode":""}},{"type":"Feature","geometry":{"type":"Point","coordinates":[-0.16381,51.58969]},"properties":{"name":"Betfred","address":"","postcode":""}},{"type":"Feature","geometry":{"type":"Point","coordinates":[-0.07817,51.48917]},"properties":{"name":"William Hill","address":"","postcode":""}},{"type":"Feature","geometry":{"type":"Point","coordinates":[-0.02996,51.40643]},"properties":{"name":"Paddy Power","address":"High Street 179","postcode":"BR3 1AH"}},{"type":"Feature","geometry":{"type":"Point","coordinates":[-0.03022,51.40648]},"properties":{"name":"Ladbrokes","address":"High Street 185","postcode":"BR3 1AH"}},{"type":"Feature","geometry":{"type":"Point","coordinates":[-0.19724,51.57231]},"properties":{"name":"Coral","address":"","postcode":""}},{"type":"Feature","geometry":{"type":"Point","coordinates":[-0.10352,51.54491]},"properties":{"name":"William Hill","address":"Upper Street 239","postcode":"N1 1RU"}},{"type":"Feature","geometry":{"type":"Point","coordinates":[-0.07475,51.45865]},"properties":{"name":"Betfred","address":"Lordship Lane 61","postcode":""}},{"type":"Feature","geometry":{"type":"Point","coordinates":[-0.20536,51.53611]},"properties":{"name":"Betfred","address":"Salusbury Road 95","postcode":""}},{"type":"Feature","geometry":{"type":"Point","coordinates":[-0.1661,51.55469]},"properties":{"name":"William Hill","address":"South End Road 25","postcode":"NW3 2PT"}},{"type":"Feature","geometry":{"type":"Point","coordinates":[-0.12453,51.5087]},"properties":{"name":"Ladbrokes","address":"Villiers Street 7","postcode":""}},{"type":"Feature","geometry":{"type":"Point","coordinates":[-0.13523,51.56371]},"properties":{"name":"Ladbrokes","address":"Junction Road 65","postcode":"N19 5QU"}},{"type":"Feature","geometry":{"type":"Point","coordinates":[-0.135,51.56404]},"properties":{"name":"William Hill","address":"Junction Road 51","postcode":""}},{"type":"Feature","geometry":{"type":"Point","coordinates":[-0.17488,51.6501]},"properties":{"name":"Betfred","address":"East Barnet Road 1","postcode":"EN4 8RR"}},{"type":"Feature","geometry":{"type":"Point","coordinates":[-0.19543,51.53945]},"properties":{"name":"Betfred","address":"Kilburn High Road 127","postcode":"NW6 6JL"}},{"type":"Feature","geometry":{"type":"Point","coordinates":[-0.06835,51.47376]},"properties":{"name":"Coral","address":"Peckham High Street 108","postcode":"SE15 5EG"}},{"type":"Feature","geometry":{"type":"Point","coordinates":[-0.0688,51.47367]},"properties":{"name":"Betfred","address":"Peckham High Street 96","postcode":"SE15 5ED"}},{"type":"Feature","geometry":{"type":"Point","coordinates":[-0.19608,51.48033]},"properties":{"name":"Betfred","address":"Fulham Broadway 47","postcode":""}},{"type":"Feature","geometry":{"type":"Point","coordinates":[-0.07669,51.50318]},"properties":{"name":"Betfred","address":"Tower Bridge Road 216","postcode":""}},{"type":"Feature","geometry":{"type":"Point","coordinates":[-0.19955,51.5429]},"properties":{"name":"Paddy Power","address":"Kilburn High Road","postcode":"NW6 7JN"}},{"type":"Feature","geometry":{"type":"Point","coordinates":[-0.30492,51.51295]},"properties":{"name":"Betfred","address":"New Broadway 1","postcode":"W5 5AW"}},{"type":"Feature","geometry":{"type":"Point","coordinates":[-0.19213,51.53722]},"properties":{"name":"William Hill","address":"Kilburn High Road","postcode":"NW6 5UA"}},{"type":"Feature","geometry":{"type":"Point","coordinates":[-0.05834,51.51973]},"properties":{"name":"Coral","address":"Whitechapel Road 317","postcode":"E1 1BY"}},{"type":"Feature","geometry":{"type":"Point","coordinates":[-0.19323,51.53738]},"properties":{"name":"Ladbrokes","address":"Kilburn High Road 69-71","postcode":"NW6 6HY"}},{"type":"Feature","geometry":{"type":"Point","coordinates":[-0.07484,51.44994]},"properties":{"name":"William Hill","address":"Lordship Lane 367","postcode":""}},{"type":"Feature","geometry":{"type":"Point","coordinates":[-0.3954,51.56808]},"properties":{"name":"Coral","address":"","postcode":"HA4 9EB"}},{"type":"Feature","geometry":{"type":"Point","coordinates":[0.15132,51.536]},"properties":{"name":"Betfred","address":"Broad Street 125","postcode":"RM10 9HP"}},{"type":"Feature","geometry":{"type":"Point","coordinates":[-0.10797,51.53372]},"properties":{"name":"Betfred","address":"Chapel Market 33","postcode":"N1 9EN"}},{"type":"Feature","geometry":{"type":"Point","coordinates":[-0.11121,51.53352]},"properties":{"name":"Liman","address":"Penton Street 60","postcode":"N1 9PZ"}},{"type":"Feature","geometry":{"type":"Point","coordinates":[0.15845,51.53975]},"properties":{"name":"William Claridge Ltd","address":"Royal Parade, Church Street 11","postcode":"RM10 9XB"}},{"type":"Feature","geometry":{"type":"Point","coordinates":[0.14715,51.53221]},"properties":{"name":"Coral","address":"Goresbrook Road 22","postcode":""}},{"type":"Feature","geometry":{"type":"Point","coordinates":[0.14773,51.54062]},"properties":{"name":"Paddy Power","address":"Heathway 243-245","postcode":""}},{"type":"Feature","geometry":{"type":"Point","coordinates":[0.14776,51.54084]},"properties":{"name":"Coral","address":"Heathway 251-253","postcode":""}},{"type":"Feature","geometry":{"type":"Point","coordinates":[0.14833,51.54071]},"properties":{"name":"William Hill","address":"Heathway 220","postcode":"RM10 8QS"}},{"type":"Feature","geometry":{"type":"Point","coordinates":[0.16547,51.54617]},"properties":{"name":"Ladbrokes","address":"Rainham Road South 584","postcode":""}},{"type":"Feature","geometry":{"type":"Point","coordinates":[0.16124,51.5513]},"properties":{"name":"Coral","address":"Rainham Road South 252","postcode":""}},{"type":"Feature","geometry":{"type":"Point","coordinates":[0.14725,51.56032]},"properties":{"name":"William Hill","address":"Becontree Avenue 684","postcode":""}},{"type":"Feature","geometry":{"type":"Point","coordinates":[-0.14459,51.49648]},"properties":{"name":"William Hill","address":"Victoria Street 203","postcode":""}},{"type":"Feature","geometry":{"type":"Point","coordinates":[-0.10327,51.52414]},"properties":{"name":"William Hill","address":"","postcode":""}},{"type":"Feature","geometry":{"type":"Point","coordinates":[-0.09951,51.52651]},"properties":{"name":"Ladbrokes","address":"","postcode":""}},{"type":"Feature","geometry":{"type":"Point","coordinates":[-0.20266,51.48527]},"properties":{"name":"Paddy Power","address":"North End Road 238,240","postcode":""}},{"type":"Feature","geometry":{"type":"Point","coordinates":[-0.19994,51.4818]},"properties":{"name":"Ladbrokes","address":"North End Road 344","postcode":""}},{"type":"Feature","geometry":{"type":"Point","coordinates":[-0.20623,51.4901]},"properties":{"name":"William Hill","address":"North End Road 183,185","postcode":"W14 9NL"}},{"type":"Feature","geometry":{"type":"Point","coordinates":[-0.11099,51.55141]},"properties":{"name":"Paddy Power","address":"","postcode":""}},{"type":"Feature","geometry":{"type":"Point","coordinates":[-0.08935,51.51106]},"properties":{"name":"Coral","address":"","postcode":""}},{"type":"Feature","geometry":{"type":"Point","coordinates":[-0.17433,51.51532]},"properties":{"name":"Ladbrokes","address":"London Street 13","postcode":""}},{"type":"Feature","geometry":{"type":"Point","coordinates":[-0.16847,51.51912]},"properties":{"name":"Paddy Power","address":"Edgware Road 242","postcode":"W2 1DS"}},{"type":"Feature","geometry":{"type":"Point","coordinates":[-0.08114,51.50969]},"properties":{"name":"Ladbrokes","address":"Great Tower Street 19-21","postcode":"EC3R 5AR"}},{"type":"Feature","geometry":{"type":"Point","coordinates":[-0.07846,51.513]},"properties":{"name":"Coral","address":"","postcode":""}},{"type":"Feature","geometry":{"type":"Point","coordinates":[-0.02049,51.58456]},"properties":{"name":"Betting Shop","address":"High Street 216","postcode":""}},{"type":"Feature","geometry":{"type":"Point","coordinates":[-0.02087,51.5845]},"properties":{"name":"JenningsBet","address":"High Street","postcode":""}},{"type":"Feature","geometry":{"type":"Point","coordinates":[-0.09396,51.51318]},"properties":{"name":"Coral","address":"Watling Street 74-75","postcode":"EC4M 9BJ"}},{"type":"Feature","geometry":{"type":"Point","coordinates":[-0.08803,51.51731]},"properties":{"name":"Coral","address":"London Wall 167","postcode":"EC2M 5QD"}},{"type":"Feature","geometry":{"type":"Point","coordinates":[-0.07898,51.51824]},"properties":{"name":"Ladbrokes","address":"","postcode":""}},{"type":"Feature","geometry":{"type":"Point","coordinates":[-0.02506,51.58368]},"properties":{"name":"Ladbrokes","address":"High Street 150","postcode":""}},{"type":"Feature","geometry":{"type":"Point","coordinates":[-0.16899,51.4632]},"properties":{"name":"Paddy Power","address":"","postcode":""}},{"type":"Feature","geometry":{"type":"Point","coordinates":[-0.08192,51.41798]},"properties":{"name":"Paddy Power","address":"Westow Street 49","postcode":""}},{"type":"Feature","geometry":{"type":"Point","coordinates":[-0.1237,51.56942]},"properties":{"name":"William Hill","address":"","postcode":""}},{"type":"Feature","geometry":{"type":"Point","coordinates":[-0.04174,51.51275]},"properties":{"name":"Ladbrokes","address":"","postcode":""}},{"type":"Feature","geometry":{"type":"Point","coordinates":[-0.04184,51.51277]},"properties":{"name":"Paddy Power","address":"Commercial Road 544","postcode":"E1 0HY"}},{"type":"Feature","geometry":{"type":"Point","coordinates":[-0.04885,51.51339]},"properties":{"name":"Ladbrokes","address":"Commercial Road 412-414","postcode":"E1 0LB"}},{"type":"Feature","geometry":{"type":"Point","coordinates":[-0.0172,51.59071]},"properties":{"name":"Campbells","address":"Chingford Road 14","postcode":""}},{"type":"Feature","geometry":{"type":"Point","coordinates":[-0.10237,51.378]},"properties":{"name":"Paddy Power","address":"North End 142","postcode":""}},{"type":"Feature","geometry":{"type":"Point","coordinates":[-0.10225,51.3783]},"properties":{"name":"William Hill","address":"Station Road 3","postcode":"CR0 2RD"}},{"type":"Feature","geometry":{"type":"Point","coordinates":[-0.02644,51.58351]},"properties":{"name":"Paddy Power","address":"High Street 145A","postcode":""}},{"type":"Feature","geometry":{"type":"Point","coordinates":[-0.10057,51.37353]},"properties":{"name":"Betfred","address":"High Street 6","postcode":""}},{"type":"Feature","geometry":{"type":"Point","coordinates":[-0.1012,51.37376]},"properties":{"name":"Stan James","address":"Crown Hill 8","postcode":""}},{"type":"Feature","geometry":{"type":"Point","coordinates":[-0.10247,51.37362]},"properties":{"name":"William Hill","address":"Church Street 32","postcode":"CR0 1RB"}},{"type":"Feature","geometry":{"type":"Point","coordinates":[-0.08957,51.54405]},"properties":{"name":"William Hill","address":"Essex Road 344","postcode":"N1 3PD"}},{"type":"Feature","geometry":{"type":"Point","coordinates":[-0.10242,51.37329]},"properties":{"name":"Paddy Power","address":"Church Street 37","postcode":"CR0 1RH"}},{"type":"Feature","geometry":{"type":"Point","coordinates":[-0.09792,51.37423]},"properties":{"name":"Ladbrokes","address":"George Street 29","postcode":"CR0 1LB"}},{"type":"Feature","geometry":{"type":"Point","coordinates":[-0.09757,51.37425]},"properties":{"name":"Paddy Power","address":"George Street 37-39","postcode":"CR0 1LB"}},{"type":"Feature","geometry":{"type":"Point","coordinates":[-0.17801,51.55615]},"properties":{"name":"William Hill","address":"Hampstead High Street","postcode":"NW3 1QH"}},{"type":"Feature","geometry":{"type":"Point","coordinates":[-0.02999,51.58219]},"properties":{"name":"Paddy Power","address":"High Street 66","postcode":""}},{"type":"Feature","geometry":{"type":"Point","coordinates":[-0.03305,51.5804]},"properties":{"name":"Coral","address":"St James's Street 34","postcode":"E17 7PF"}},{"type":"Feature","geometry":{"type":"Point","coordinates":[-0.09505,51.37457]},"properties":{"name":"Ladbrokes","address":"George Street 75","postcode":""}},{"type":"Feature","geometry":{"type":"Point","coordinates":[-0.15429,51.51323]},"properties":{"name":"William Hill","address":"North Row 32","postcode":""}},{"type":"Feature","geometry":{"type":"Point","coordinates":[-0.07547,51.51607]},"properties":{"name":"Betting Shop","address":"","postcode":""}},{"type":"Feature","geometry":{"type":"Point","coordinates":[-0.1919,51.45657]},"properties":{"name":"William Hill","address":"","postcode":""}},{"type":"Feature","geometry":{"type":"Point","coordinates":[-0.03634,51.46382]},"properties":{"name":"JenningsBet","address":"","postcode":""}},{"type":"Feature","geometry":{"type":"Point","coordinates":[-0.19416,51.45727]},"properties":{"name":"Betfred","address":"Wandsworth High Street 82","postcode":"SW18 4LB"}},{"type":"Feature","geometry":{"type":"Point","coordinates":[-0.19455,51.45702]},"properties":{"name":"Ladbrokes","address":"Wandsworth High Street 109","postcode":"SW18 4HY"}},{"type":"Feature","geometry":{"type":"Point","coordinates":[-0.17767,51.46029]},"properties":{"name":"William Hill","address":"136-138","postcode":""}},{"type":"Feature","geometry":{"type":"Point","coordinates":[-0.26192,51.49227]},"properties":{"name":"Betfred","address":"","postcode":""}},{"type":"Feature","geometry":{"type":"Point","coordinates":[-0.0045,51.58896]},"properties":{"name":"Coral","address":"","postcode":""}},{"type":"Feature","geometry":{"type":"Point","coordinates":[-0.2567,51.49236]},"properties":{"name":"Ladbrokes","address":"","postcode":""}},{"type":"Feature","geometry":{"type":"Point","coordinates":[-0.11399,51.46449]},"properties":{"name":"William Hill","address":"","postcode":""}},{"type":"Feature","geometry":{"type":"Point","coordinates":[-0.14209,51.50859]},"properties":{"name":"William Hill","address":"Dover Street 16","postcode":"W1S 4LR"}},{"type":"Feature","geometry":{"type":"Point","coordinates":[-0.09757,51.3636]},"properties":{"name":"William Hill","address":"Selsdon Road 1","postcode":""}},{"type":"Feature","geometry":{"type":"Point","coordinates":[-0.15084,51.51505]},"properties":{"name":"William Hill","address":"Barrett Street 8","postcode":"W1U 1AY"}},{"type":"Feature","geometry":{"type":"Point","coordinates":[-0.10291,51.37872]},"properties":{"name":"Ladbrokes","address":"London Road 14","postcode":"CR0 2TA"}},{"type":"Feature","geometry":{"type":"Point","coordinates":[-0.14327,51.59211]},"properties":{"name":"William Hill","address":"","postcode":""}},{"type":"Feature","geometry":{"type":"Point","coordinates":[-0.10775,51.38308]},"properties":{"name":"Paddy Power","address":"London Road 229-231","postcode":"CR0 2RL"}},{"type":"Feature","geometry":{"type":"Point","coordinates":[-0.05515,51.54736]},"properties":{"name":"Paddy Power","address":"339","postcode":""}},{"type":"Feature","geometry":{"type":"Point","coordinates":[0.0543,51.53337]},"properties":{"name":"Betfred","address":"High Street North","postcode":""}},{"type":"Feature","geometry":{"type":"Point","coordinates":[-0.06401,51.55857]},"properties":{"name":"Ladbrokes","address":"","postcode":""}},{"type":"Feature","geometry":{"type":"Point","coordinates":[-0.11774,51.55888]},"properties":{"name":"William Hill","address":"","postcode":""}},{"type":"Feature","geometry":{"type":"Point","coordinates":[-0.11738,51.55872]},"properties":{"name":"Paddy Power","address":"","postcode":""}},{"type":"Feature","geometry":{"type":"Point","coordinates":[0.17553,51.39622]},"properties":{"name":"William Hill","address":"London Road","postcode":""}},{"type":"Feature","geometry":{"type":"Point","coordinates":[-0.33239,51.5874]},"properties":{"name":"Paddy Power","address":"Station Road 51;53","postcode":"HA1 2TY"}},{"type":"Feature","geometry":{"type":"Point","coordinates":[-0.33545,51.59357]},"properties":{"name":"Ladbrokes","address":"High Street 17B","postcode":""}},{"type":"Feature","geometry":{"type":"Point","coordinates":[0.14983,51.44156]},"properties":{"name":"Coral","address":"","postcode":""}},{"type":"Feature","geometry":{"type":"Point","coordinates":[-0.33473,51.59385]},"properties":{"name":"Betfred","address":"High Street 32","postcode":""}},{"type":"Feature","geometry":{"type":"Point","coordinates":[-0.33553,51.59573]},"properties":{"name":"Coral","address":"","postcode":"HA3 5DQ"}},{"type":"Feature","geometry":{"type":"Point","coordinates":[-0.31549,51.58267]},"properties":{"name":"Coral","address":"","postcode":""}},{"type":"Feature","geometry":{"type":"Point","coordinates":[-0.2941,51.55371]},"properties":{"name":"Betfred","address":"High Road 458","postcode":"HA9 7AY"}},{"type":"Feature","geometry":{"type":"Point","coordinates":[-0.2913,51.55381]},"properties":{"name":"Ladbrokes","address":"","postcode":""}},{"type":"Feature","geometry":{"type":"Point","coordinates":[-0.28633,51.55367]},"properties":{"name":"William Hill","address":"","postcode":""}},{"type":"Feature","geometry":{"type":"Point","coordinates":[-0.29231,51.55345]},"properties":{"name":"Paddy Power","address":"High Road Wembley 389","postcode":"HA9 6AA"}},{"type":"Feature","geometry":{"type":"Point","coordinates":[-0.29457,51.55314]},"properties":{"name":"JenningsBet","address":"","postcode":""}},{"type":"Feature","geometry":{"type":"Point","coordinates":[-0.29778,51.55201]},"properties":{"name":"Bet George","address":"High Road 509","postcode":""}},{"type":"Feature","geometry":{"type":"Point","coordinates":[-0.29893,51.55219]},"properties":{"name":"Coral","address":"","postcode":""}},{"type":"Feature","geometry":{"type":"Point","coordinates":[-0.29795,51.55226]},"properties":{"name":"Gr8odds","address":"High Road 558","postcode":"HA0 2AA"}},{"type":"Feature","geometry":{"type":"Point","coordinates":[-0.2978,51.55229]},"properties":{"name":"Paddy Power","address":"High Road 554","postcode":""}},{"type":"Feature","geometry":{"type":"Point","coordinates":[-0.29866,51.5522]},"properties":{"name":"William Hill","address":"High Road","postcode":"HA0 2AA"}},{"type":"Feature","geometry":{"type":"Point","coordinates":[-0.30001,51.55227]},"properties":{"name":"Coral","address":"High Road 602","postcode":"HA0 2AF"}},{"type":"Feature","geometry":{"type":"Point","coordinates":[-0.07693,51.5389]},"properties":{"name":"Ladbrokes","address":"Kingsland Road 329-331","postcode":""}},{"type":"Feature","geometry":{"type":"Point","coordinates":[-0.06924,51.5165]},"properties":{"name":"Ladbrokes","address":"Whitechapel Road 13","postcode":"E1 1DU"}},{"type":"Feature","geometry":{"type":"Point","coordinates":[-0.07153,51.51557]},"properties":{"name":"Betfred","address":"Whitechapel High Street 101","postcode":"E1 7RA"}},{"type":"Feature","geometry":{"type":"Point","coordinates":[-0.12241,51.40899]},"properties":{"name":"Paddy Power","address":"London Road","postcode":"SW16 4AH"}},{"type":"Feature","geometry":{"type":"Point","coordinates":[-0.05371,51.43899]},"properties":{"name":"William Hill","address":"Dartmouth Road 1","postcode":""}},{"type":"Feature","geometry":{"type":"Point","coordinates":[-0.12547,51.52594]},"properties":{"name":"William Hill","address":"Marchmont Street 80","postcode":""}},{"type":"Feature","geometry":{"type":"Point","coordinates":[-0.14181,51.54728]},"properties":{"name":"Ladbrokes","address":"Kentish Town Road 211","postcode":""}},{"type":"Feature","geometry":{"type":"Point","coordinates":[-0.13732,51.52338]},"properties":{"name":"Betfred","address":"Tottenham Court Road 116","postcode":""}},{"type":"Feature","geometry":{"type":"Point","coordinates":[-0.03034,51.53268]},"properties":{"name":"Ladbrokes","address":"Roman Road 550","postcode":"E3 5ES"}},{"type":"Feature","geometry":{"type":"Point","coordinates":[-0.06498,51.51466]},"properties":{"name":"Ladbrokes","address":"Commercial Road 98","postcode":"E1 1NU"}},{"type":"Feature","geometry":{"type":"Point","coordinates":[0.08145,51.53914]},"properties":{"name":"Coral","address":"Station Parade 56-58","postcode":"IG11 8EA"}},{"type":"Feature","geometry":{"type":"Point","coordinates":[0.08062,51.53845]},"properties":{"name":"Coral","address":"","postcode":""}},{"type":"Feature","geometry":{"type":"Point","coordinates":[0.07877,51.53763]},"properties":{"name":"Paddy Power","address":"51","postcode":""}},{"type":"Feature","geometry":{"type":"Point","coordinates":[0.07803,51.53708]},"properties":{"name":"Ladbrokes","address":"","postcode":""}},{"type":"Feature","geometry":{"type":"Point","coordinates":[0.16526,51.5431]},"properties":{"name":"Coral","address":"","postcode":"RM10 8AJ"}},{"type":"Feature","geometry":{"type":"Point","coordinates":[0.08179,51.53643]},"properties":{"name":"Coral","address":"","postcode":""}},{"type":"Feature","geometry":{"type":"Point","coordinates":[0.08018,51.53866]},"properties":{"name":"Paddy Power","address":"Station Parade 23","postcode":"IG11 8ED"}},{"type":"Feature","geometry":{"type":"Point","coordinates":[0.08047,51.53894]},"properties":{"name":"Ladbrokes","address":"Station Parade 31","postcode":"IG11 8EB"}},{"type":"Feature","geometry":{"type":"Point","coordinates":[0.08252,51.53999]},"properties":{"name":"Paddy Power","address":"","postcode":""}},{"type":"Feature","geometry":{"type":"Point","coordinates":[-0.0977,51.39859]},"properties":{"name":"William Hill","address":"High Street 105","postcode":"CR7 8RY"}},{"type":"Feature","geometry":{"type":"Point","coordinates":[0.2491,51.55535]},"properties":{"name":"Coral","address":"Corbets Tey Road 11","postcode":"RM14 2AP"}},{"type":"Feature","geometry":{"type":"Point","coordinates":[0.24947,51.55592]},"properties":{"name":"Betfred","address":"","postcode":""}},{"type":"Feature","geometry":{"type":"Point","coordinates":[-0.12196,51.47239]},"properties":{"name":"Ladbrokes","address":"","postcode":""}},{"type":"Feature","geometry":{"type":"Point","coordinates":[-0.11462,51.465]},"properties":{"name":"JenningsBet","address":"410","postcode":""}},{"type":"Feature","geometry":{"type":"Point","coordinates":[-0.11646,51.46119]},"properties":{"name":"Ladbrokes","address":"","postcode":""}},{"type":"Feature","geometry":{"type":"Point","coordinates":[-0.07514,51.54871]},"properties":{"name":"William Hill","address":"Kingsland High Street","postcode":""}},{"type":"Feature","geometry":{"type":"Point","coordinates":[-0.29601,51.60764]},"properties":{"name":"Ladbrokes","address":"Station Parade 13","postcode":"HA8 6RW"}},{"type":"Feature","geometry":{"type":"Point","coordinates":[-0.08023,51.51733]},"properties":{"name":"Coral","address":"","postcode":""}},{"type":"Feature","geometry":{"type":"Point","coordinates":[-0.14787,51.64944]},"properties":{"name":"Ladbrokes","address":"Cockfosters Road 100","postcode":""}},{"type":"Feature","geometry":{"type":"Point","coordinates":[-0.14964,51.50632]},"properties":{"name":"William Hill","address":"","postcode":""}},{"type":"Feature","geometry":{"type":"Point","coordinates":[-0.14824,51.50649]},"properties":{"name":"Ladbrokes","address":"","postcode":""}},{"type":"Feature","geometry":{"type":"Point","coordinates":[-0.16578,51.47198]},"properties":{"name":"Coral","address":"Battersea Park Road 507-509","postcode":""}},{"type":"Feature","geometry":{"type":"Point","coordinates":[-0.1515,51.50766]},"properties":{"name":"Star Sports","address":"","postcode":""}},{"type":"Feature","geometry":{"type":"Point","coordinates":[-0.20576,51.53306]},"properties":{"name":"Ladbrokes","address":"Kilburn Lane 293-295","postcode":""}},{"type":"Feature","geometry":{"type":"Point","coordinates":[0.2077,51.54364]},"properties":{"name":"Coral","address":"","postcode":"RM12 5RX"}},{"type":"Feature","geometry":{"type":"Point","coordinates":[-0.13412,51.51985]},"properties":{"name":"JenningsBet","address":"","postcode":"W1T 2PE"}},{"type":"Feature","geometry":{"type":"Point","coordinates":[-0.13074,51.51233]},"properties":{"name":"Ladbrokes","address":"","postcode":""}},{"type":"Feature","geometry":{"type":"Point","coordinates":[-0.01853,51.51528]},"properties":{"name":"Ladbrokes","address":"Ellesmere Street 30","postcode":"E14 6BA"}},{"type":"Feature","geometry":{"type":"Point","coordinates":[-0.17479,51.52303]},"properties":{"name":"Coral","address":"Edgware Road 395","postcode":"W2 1BT"}},{"type":"Feature","geometry":{"type":"Point","coordinates":[-0.16482,51.51611]},"properties":{"name":"William Hill","address":"Edgware Road 95","postcode":""}},{"type":"Feature","geometry":{"type":"Point","coordinates":[-0.0249,51.50971]},"properties":{"name":"Coral","address":"Pennyfields 3","postcode":"E14 8HP"}},{"type":"Feature","geometry":{"type":"Point","coordinates":[-0.11713,51.54059]},"properties":{"name":"Ladbrokes","address":"","postcode":""}},{"type":"Feature","geometry":{"type":"Point","coordinates":[-0.11662,51.53992]},"properties":{"name":"William Hill","address":"","postcode":""}},{"type":"Feature","geometry":{"type":"Point","coordinates":[-0.2034,51.47197]},"properties":{"name":"Ladbrokes","address":"New King's Road 303","postcode":"SW6 4RF"}},{"type":"Feature","geometry":{"type":"Point","coordinates":[-0.16531,51.51644]},"properties":{"name":"Ladbrokes","address":"Edgware Road 113-115","postcode":""}},{"type":"Feature","geometry":{"type":"Point","coordinates":[0.14123,51.47349]},"properties":{"name":"Betfred","address":"","postcode":""}},{"type":"Feature","geometry":{"type":"Point","coordinates":[-0.08669,51.55035]},"properties":{"name":"Ladbrokes","address":"Newington Green Road 121-123","postcode":"N1 4QY"}},{"type":"Feature","geometry":{"type":"Point","coordinates":[-0.0861,51.55125]},"properties":{"name":"William Hill","address":"Newington Green 58-59","postcode":"N16 9PX"}},{"type":"Feature","geometry":{"type":"Point","coordinates":[-0.14825,51.54294]},"properties":{"name":"Paddy Power","address":"Chalk Farm Road 39","postcode":""}},{"type":"Feature","geometry":{"type":"Point","coordinates":[-0.19495,51.50883]},"properties":{"name":"William Hill","address":"Kensington Church Street 200","postcode":""}},{"type":"Feature","geometry":{"type":"Point","coordinates":[-0.0301,51.58894]},"properties":{"name":"William Hill","address":"Forest Road 256-258","postcode":""}},{"type":"Feature","geometry":{"type":"Point","coordinates":[-0.03124,51.58885]},"properties":{"name":"Coral","address":"Forest Road 279-269","postcode":""}},{"type":"Feature","geometry":{"type":"Point","coordinates":[-0.05585,51.5271]},"properties":{"name":"Ladbrokes","address":"Cambridge Heath Road","postcode":""}},{"type":"Feature","geometry":{"type":"Point","coordinates":[-0.32825,51.44734]},"properties":{"name":"Betfred","address":"London Road","postcode":"TW1 3RR"}},{"type":"Feature","geometry":{"type":"Point","coordinates":[-0.07536,51.55014]},"properties":{"name":"Ladbrokes","address":"Kingsland High Street 119","postcode":"E8 2PB"}},{"type":"Feature","geometry":{"type":"Point","coordinates":[-0.3318,51.44509]},"properties":{"name":"Ladbrokes","address":"Heath Road 35","postcode":"TW1 4AW"}},{"type":"Feature","geometry":{"type":"Point","coordinates":[-0.32573,51.49707]},"properties":{"name":"Betfred","address":"Boston Road 18","postcode":"W7 2DG"}},{"type":"Feature","geometry":{"type":"Point","coordinates":[-0.11085,51.51791]},"properties":{"name":"Coral","address":"Holborn 5","postcode":"EC1N 2LL"}},{"type":"Feature","geometry":{"type":"Point","coordinates":[-0.06005,51.51931]},"properties":{"name":"Paddy Power","address":"Whitechapel Road 269","postcode":"E1 1BY"}},{"type":"Feature","geometry":{"type":"Point","coordinates":[-0.026,51.58341]},"properties":{"name":"Betfred","address":"High Street 128-130","postcode":""}},{"type":"Feature","geometry":{"type":"Point","coordinates":[-0.13849,51.52454]},"properties":{"name":"Coral","address":"","postcode":""}},{"type":"Feature","geometry":{"type":"Point","coordinates":[0.10185,51.42622]},"properties":{"name":"William Hill","address":"High Street","postcode":"DA14 6DS"}},{"type":"Feature","geometry":{"type":"Point","coordinates":[-0.1423,51.52107]},"properties":{"name":"Coral","address":"","postcode":""}},{"type":"Feature","geometry":{"type":"Point","coordinates":[-0.30384,51.3931]},"properties":{"name":"William Hill","address":"","postcode":""}},{"type":"Feature","geometry":{"type":"Point","coordinates":[-0.0137,51.57452]},"properties":{"name":"JenningsBet","address":"Lea Bridge Road 598","postcode":""}},{"type":"Feature","geometry":{"type":"Point","coordinates":[-0.01325,51.57538]},"properties":{"name":"Paddy Power","address":"Lea Bridge Road 575","postcode":""}},{"type":"Feature","geometry":{"type":"Point","coordinates":[-0.1402,51.492]},"properties":{"name":"William Hill","address":"Warwick Way 32","postcode":"SW1V 1RY"}},{"type":"Feature","geometry":{"type":"Point","coordinates":[-0.1413,51.49314]},"properties":{"name":"Ladbrokes","address":"","postcode":""}},{"type":"Feature","geometry":{"type":"Point","coordinates":[-0.1437,51.53879]},"properties":{"name":"JenningsBet","address":"Arlington Road 18","postcode":""}},{"type":"Feature","geometry":{"type":"Point","coordinates":[-0.14187,51.53847]},"properties":{"name":"Ladbrokes","address":"","postcode":""}},{"type":"Feature","geometry":{"type":"Point","coordinates":[-0.14102,51.5375]},"properties":{"name":"Jenning Bet","address":"","postcode":""}},{"type":"Feature","geometry":{"type":"Point","coordinates":[-0.13981,51.53633]},"properties":{"name":"William Hill","address":"","postcode":""}},{"type":"Feature","geometry":{"type":"Point","coordinates":[-0.1407,51.5365]},"properties":{"name":"Paddy Power","address":"","postcode":""}},{"type":"Feature","geometry":{"type":"Point","coordinates":[-0.26709,51.46531]},"properties":{"name":"Ladbrokes","address":"Sheen Lane 78","postcode":"SW14 8LP"}},{"type":"Feature","geometry":{"type":"Point","coordinates":[-0.20899,51.42227]},"properties":{"name":"Ladbrokes","address":"Wimbledon Hill Road 44","postcode":"SW19 7PA"}},{"type":"Feature","geometry":{"type":"Point","coordinates":[-0.20461,51.4205]},"properties":{"name":"Ladbrokes","address":"The Broadway 4","postcode":"SW19 1RF"}},{"type":"Feature","geometry":{"type":"Point","coordinates":[-0.00356,51.58006]},"properties":{"name":"William Hill","address":"Lea Bridge Road 799","postcode":""}},{"type":"Feature","geometry":{"type":"Point","coordinates":[-0.02004,51.58623]},"properties":{"name":"Betfred","address":"Hoe Street 182","postcode":""}},{"type":"Feature","geometry":{"type":"Point","coordinates":[-0.19754,51.52793]},"properties":{"name":"Ladbrokes","address":"Malvern Road 1","postcode":""}},{"type":"Feature","geometry":{"type":"Point","coordinates":[-0.14192,51.53971]},"properties":{"name":"William Hill","address":"Camden Road 5","postcode":"NW1 9LG"}},{"type":"Feature","geometry":{"type":"Point","coordinates":[-0.00112,51.60698]},"properties":{"name":"Paddy Power","address":"Winchester Road 13","postcode":""}},{"type":"Feature","geometry":{"type":"Point","coordinates":[-0.10453,51.5133]},"properties":{"name":"Betfred","address":"","postcode":""}},{"type":"Feature","geometry":{"type":"Point","coordinates":[-0.2012,51.54441]},"properties":{"name":"William Hill","address":"Kilburn High Road 319","postcode":""}},{"type":"Feature","geometry":{"type":"Point","coordinates":[-0.03163,51.48395]},"properties":{"name":"Paddy Power","address":"","postcode":""}},{"type":"Feature","geometry":{"type":"Point","coordinates":[-0.32757,51.47708]},"properties":{"name":"Ladbrokes","address":"","postcode":""}},{"type":"Feature","geometry":{"type":"Point","coordinates":[-0.10453,51.5207]},"properties":{"name":"Ladbrokes","address":"Turnmill Street 93","postcode":"EC1M 5QU"}},{"type":"Feature","geometry":{"type":"Point","coordinates":[0.00699,51.5592]},"properties":{"name":"Ladbrokes","address":"High Road Leytonstone 491","postcode":""}},{"type":"Feature","geometry":{"type":"Point","coordinates":[0.01092,51.5672]},"properties":{"name":"Paddy Power","address":"High Road Leytonstone 620","postcode":"E11 3DA"}},{"type":"Feature","geometry":{"type":"Point","coordinates":[0.01147,51.56855]},"properties":{"name":"Ladbrokes","address":"","postcode":""}},{"type":"Feature","geometry":{"type":"Point","coordinates":[0.01021,51.56719]},"properties":{"name":"Betfred","address":"","postcode":""}},{"type":"Feature","geometry":{"type":"Point","coordinates":[-0.09287,51.51293]},"properties":{"name":"William Hill","address":"Watling Street 61-62","postcode":"EC4M 9DD"}},{"type":"Feature","geometry":{"type":"Point","coordinates":[0.10251,51.42611]},"properties":{"name":"Betfred","address":"High Street","postcode":"DA14 6DS"}},{"type":"Feature","geometry":{"type":"Point","coordinates":[-0.05493,51.54611]},"properties":{"name":"Ladbrokes","address":"Mare Street 308","postcode":""}},{"type":"Feature","geometry":{"type":"Point","coordinates":[-0.35767,51.453]},"properties":{"name":"Ladbrokes","address":"Nelson Road 121","postcode":"TW2 7AZ"}},{"type":"Feature","geometry":{"type":"Point","coordinates":[-0.35826,51.45286]},"properties":{"name":"Betfred","address":"High Street Whitton 16-18","postcode":"TW2 7LT"}},{"type":"Feature","geometry":{"type":"Point","coordinates":[-0.05742,51.533]},"properties":{"name":"Betfred","address":"Cambridge Heath Road 485","postcode":"E2 9BU"}},{"type":"Feature","geometry":{"type":"Point","coordinates":[0.04485,51.43662]},"properties":{"name":"Ladbrokes","address":"Mottingham Road 67","postcode":"SE9 4QZ"}},{"type":"Feature","geometry":{"type":"Point","coordinates":[-0.05663,51.53937]},"properties":{"name":"Betfred","address":"","postcode":""}},{"type":"Feature","geometry":{"type":"Point","coordinates":[-0.0556,51.54348]},"properties":{"name":"William Hill","address":"","postcode":""}},{"type":"Feature","geometry":{"type":"Point","coordinates":[-0.02818,51.51223]},"properties":{"name":"Betfred","address":"Burdett Road 334","postcode":"E14 7DL"}},{"type":"Feature","geometry":{"type":"Point","coordinates":[-0.03357,51.52513]},"properties":{"name":"Paddy Power","address":"","postcode":""}},{"type":"Feature","geometry":{"type":"Point","coordinates":[-0.37315,51.60784]},"properties":{"name":"Coral","address":"Uxbridge Road 383","postcode":"HA5 4JN"}},{"type":"Feature","geometry":{"type":"Point","coordinates":[0.011,51.54015]},"properties":{"name":"William Hill","address":"Vicarage Lane 71","postcode":"E15 4HG"}},{"type":"Feature","geometry":{"type":"Point","coordinates":[-0.14104,51.35907]},"properties":{"name":"William Hill","address":"Stafford Road 127","postcode":"SM6 9BN"}},{"type":"Feature","geometry":{"type":"Point","coordinates":[-0.06457,51.49234]},"properties":{"name":"Betfred","address":"","postcode":""}},{"type":"Feature","geometry":{"type":"Point","coordinates":[-0.04576,51.52957]},"properties":{"name":"Betfred","address":"","postcode":""}},{"type":"Feature","geometry":{"type":"Point","coordinates":[-0.02927,51.53301]},"properties":{"name":"William Hill","address":"Roman Road 568A","postcode":"E3 5ES"}},{"type":"Feature","geometry":{"type":"Point","coordinates":[0.04617,51.42721]},"properties":{"name":"Betfred","address":"Cranley Parade 8-9","postcode":"SE9 4DZ"}},{"type":"Feature","geometry":{"type":"Point","coordinates":[-0.25024,51.55947]},"properties":{"name":"William Hill","address":"Neasden Lane 251-253","postcode":""}},{"type":"Feature","geometry":{"type":"Point","coordinates":[0.14577,51.46593]},"properties":{"name":"Ladbrokes","address":"","postcode":""}},{"type":"Feature","geometry":{"type":"Point","coordinates":[0.19023,51.52895]},"properties":{"name":"Ladbrokes","address":"","postcode":"RM13 7RL"}},{"type":"Feature","geometry":{"type":"Point","coordinates":[0.00542,51.63174]},"properties":{"name":"Coral","address":"Station Road","postcode":""}},{"type":"Feature","geometry":{"type":"Point","coordinates":[0.00128,51.60707]},"properties":{"name":"JenningsBet","address":"Hale End Road 402","postcode":""}},{"type":"Feature","geometry":{"type":"Point","coordinates":[-0.01722,51.61791]},"properties":{"name":"JenningsBet","address":"","postcode":""}},{"type":"Feature","geometry":{"type":"Point","coordinates":[-0.0171,51.61549]},"properties":{"name":"William Hill","address":"","postcode":""}},{"type":"Feature","geometry":{"type":"Point","coordinates":[0.16285,51.47339]},"properties":{"name":"Betfred","address":"Bexley Road","postcode":"DA8 3EX"}},{"type":"Feature","geometry":{"type":"Point","coordinates":[0.16278,51.47348]},"properties":{"name":"Coral","address":"","postcode":""}},{"type":"Feature","geometry":{"type":"Point","coordinates":[-0.01869,51.61712]},"properties":{"name":"Betfred","address":"","postcode":""}},{"type":"Feature","geometry":{"type":"Point","coordinates":[-0.32764,51.42729]},"properties":{"name":"Ladbrokes","address":"High Street 140","postcode":"TW11 8HZ"}},{"type":"Feature","geometry":{"type":"Point","coordinates":[-0.03715,51.53162]},"properties":{"name":"Coral","address":"Roman Road 403-405","postcode":""}},{"type":"Feature","geometry":{"type":"Point","coordinates":[-0.41266,51.44231]},"properties":{"name":"Ladbrokes","address":"High Street 7","postcode":"TW13 4HE"}},{"type":"Feature","geometry":{"type":"Point","coordinates":[-0.18786,51.51653]},"properties":{"name":"William Hill","address":"Porchester Road 13","postcode":""}},{"type":"Feature","geometry":{"type":"Point","coordinates":[-0.35767,51.44993]},"properties":{"name":"William Hill","address":"High Street Whitton 117","postcode":"TW2 7LG"}},{"type":"Feature","geometry":{"type":"Point","coordinates":[-0.38647,51.62805]},"properties":{"name":"Ladbrokes","address":"Station Approach","postcode":"WD19 7DT"}},{"type":"Feature","geometry":{"type":"Point","coordinates":[-0.12323,51.47836]},"properties":{"name":"Ladbrokes","address":"South Lambeth Road 141","postcode":"SW8 1XN"}},{"type":"Feature","geometry":{"type":"Point","coordinates":[-0.36678,51.46794]},"properties":{"name":"Ladbrokes","address":"Staines Road 7-9","postcode":""}},{"type":"Feature","geometry":{"type":"Point","coordinates":[0.23235,51.44442]},"properties":{"name":"Ladbrokes","address":"","postcode":""}},{"type":"Feature","geometry":{"type":"Point","coordinates":[0.21641,51.44435]},"properties":{"name":"Betfred","address":"","postcode":""}},{"type":"Feature","geometry":{"type":"Point","coordinates":[0.21841,51.44399]},"properties":{"name":"Coral","address":"","postcode":""}},{"type":"Feature","geometry":{"type":"Point","coordinates":[-0.05865,51.51449]},"properties":{"name":"JenningsBet","address":"","postcode":""}},{"type":"Feature","geometry":{"type":"Point","coordinates":[-0.05681,51.5148]},"properties":{"name":"Coral","address":"","postcode":""}},{"type":"Feature","geometry":{"type":"Point","coordinates":[-0.07929,51.51862]},"properties":{"name":"Coral","address":"Bishopsgate 226","postcode":"EC2M 4QD"}},{"type":"Feature","geometry":{"type":"Point","coordinates":[-0.07965,51.51795]},"properties":{"name":"William Hill","address":"","postcode":""}},{"type":"Feature","geometry":{"type":"Point","coordinates":[0.20049,51.51996]},"properties":{"name":"Betfred","address":"","postcode":""}},{"type":"Feature","geometry":{"type":"Point","coordinates":[0.19183,51.51857]},"properties":{"name":"Coral","address":"Upminster Road South 37","postcode":"RM13 9YS"}},{"type":"Feature","geometry":{"type":"Point","coordinates":[0.19191,51.51827]},"properties":{"name":"JenningsBet","address":"Upminster Road South 16","postcode":"RM13 9YX"}},{"type":"Feature","geometry":{"type":"Point","coordinates":[-0.0463,51.54515]},"properties":{"name":"Coral","address":"","postcode":""}},{"type":"Feature","geometry":{"type":"Point","coordinates":[-0.04158,51.54538]},"properties":{"name":"William Hill","address":"Wick Road 99","postcode":""}},{"type":"Feature","geometry":{"type":"Point","coordinates":[0.00781,51.53568]},"properties":{"name":"William Hill","address":"Church Street 2","postcode":""}},{"type":"Feature","geometry":{"type":"Point","coordinates":[-0.16885,51.42758]},"properties":{"name":"Coral","address":"Tooting High Street 64","postcode":""}},{"type":"Feature","geometry":{"type":"Point","coordinates":[0.01146,51.53379]},"properties":{"name":"Ladbrokes","address":"Plaistow Road","postcode":"E15 3ET"}},{"type":"Feature","geometry":{"type":"Point","coordinates":[-0.02754,51.534]},"properties":{"name":"Coral","address":"","postcode":""}},{"type":"Feature","geometry":{"type":"Point","coordinates":[0.14824,51.54065]},"properties":{"name":"Betfred","address":"","postcode":""}},{"type":"Feature","geometry":{"type":"Point","coordinates":[-0.04719,51.64698]},"properties":{"name":"Paddy Power","address":"High Street, Ponders End","postcode":"EN3 4HB"}},{"type":"Feature","geometry":{"type":"Point","coordinates":[-0.08194,51.51635]},"properties":{"name":"Coral","address":"","postcode":""}},{"type":"Feature","geometry":{"type":"Point","coordinates":[-0.04673,51.64683]},"properties":{"name":"JenningsBet","address":"","postcode":""}},{"type":"Feature","geometry":{"type":"Point","coordinates":[-0.14113,51.54999]},"properties":{"name":"Betfred","address":"Kentish Town Road 319","postcode":""}},{"type":"Feature","geometry":{"type":"Point","coordinates":[0.02537,51.54627]},"properties":{"name":"Ladbrokes","address":"Romford Road 302B","postcode":""}},{"type":"Feature","geometry":{"type":"Point","coordinates":[0.02529,51.54687]},"properties":{"name":"Betfred","address":"Woodgrange Road 1","postcode":""}},{"type":"Feature","geometry":{"type":"Point","coordinates":[0.02513,51.54935]},"properties":{"name":"Ladbrokes","address":"Woodgrange Road 64","postcode":""}},{"type":"Feature","geometry":{"type":"Point","coordinates":[-0.27387,51.40305]},"properties":{"name":"Ladbrokes","address":"Kingston Road 232","postcode":"KT3 3RN"}},{"type":"Feature","geometry":{"type":"Point","coordinates":[0.01138,51.37707]},"properties":{"name":"Coral","address":"","postcode":""}},{"type":"Feature","geometry":{"type":"Point","coordinates":[-0.01824,51.61045]},"properties":{"name":"Ladbrokes","address":"Chingford Mount Road 65","postcode":"E4 8LU"}},{"type":"Feature","geometry":{"type":"Point","coordinates":[-0.01754,51.61906]},"properties":{"name":"Ladbrokes","address":"","postcode":""}},{"type":"Feature","geometry":{"type":"Point","coordinates":[0.00388,51.61851]},"properties":{"name":"JenningsBet","address":"Hatch Lane 37a","postcode":""}},{"type":"Feature","geometry":{"type":"Point","coordinates":[0.00636,51.61907]},"properties":{"name":"William Hill","address":"","postcode":""}},{"type":"Feature","geometry":{"type":"Point","coordinates":[-0.24147,51.44938]},"properties":{"name":"Coral","address":"Danebury Avenue 31","postcode":"SW15 4DQ"}},{"type":"Feature","geometry":{"type":"Point","coordinates":[0.23383,51.4382]},"properties":{"name":"Coral","address":"","postcode":""}},{"type":"Feature","geometry":{"type":"Point","coordinates":[0.11845,51.44754]},"properties":{"name":"Betfred","address":"Sherwood Park Avenue 274","postcode":"DA15 9JN"}},{"type":"Feature","geometry":{"type":"Point","coordinates":[-0.20522,51.44494]},"properties":{"name":"Ladbrokes","address":"Replingham Road 23","postcode":""}},{"type":"Feature","geometry":{"type":"Point","coordinates":[-0.08275,51.51647]},"properties":{"name":"William Hill","address":"","postcode":""}},{"type":"Feature","geometry":{"type":"Point","coordinates":[-0.32939,51.44823]},"properties":{"name":"Ladbrokes","address":"London Road","postcode":""}},{"type":"Feature","geometry":{"type":"Point","coordinates":[0.00353,51.54316]},"properties":{"name":"Paddy Power","address":"","postcode":""}},{"type":"Feature","geometry":{"type":"Point","coordinates":[0.1406,51.45699]},"properties":{"name":"William Hill","address":"","postcode":""}},{"type":"Feature","geometry":{"type":"Point","coordinates":[0.04785,51.55067]},"properties":{"name":"Betfred","address":"Romford Road 618","postcode":"E12 5AQ"}},{"type":"Feature","geometry":{"type":"Point","coordinates":[0.14601,51.4567]},"properties":{"name":"JenningsBet","address":"","postcode":""}},{"type":"Feature","geometry":{"type":"Point","coordinates":[0.14191,51.45677]},"properties":{"name":"Ladbrokes","address":"","postcode":""}},{"type":"Feature","geometry":{"type":"Point","coordinates":[0.13258,51.46284]},"properties":{"name":"William Hill","address":"","postcode":""}},{"type":"Feature","geometry":{"type":"Point","coordinates":[0.13263,51.46469]},"properties":{"name":"Coral","address":"","postcode":""}},{"type":"Feature","geometry":{"type":"Point","coordinates":[-0.2278,51.50204]},"properties":{"name":"Paddy Power","address":"Goldhawk Road 79-81","postcode":"W12 8EG"}},{"type":"Feature","geometry":{"type":"Point","coordinates":[-0.24293,51.3794]},"properties":{"name":"Coral","address":"Central Road 146","postcode":"KT4 8HH"}},{"type":"Feature","geometry":{"type":"Point","coordinates":[0.08762,51.47934]},"properties":{"name":"JenningsBet","address":"The Slade 5","postcode":"SE18 2NB"}},{"type":"Feature","geometry":{"type":"Point","coordinates":[-0.12969,51.51186]},"properties":{"name":"Coral","address":"","postcode":""}},{"type":"Feature","geometry":{"type":"Point","coordinates":[-0.1323,51.51138]},"properties":{"name":"Betfred","address":"","postcode":""}},{"type":"Feature","geometry":{"type":"Point","coordinates":[0.12069,51.44797]},"properties":{"name":"Coral","address":"Blendon Road 163","postcode":"DA5 1BT"}},{"type":"Feature","geometry":{"type":"Point","coordinates":[-0.21646,51.46136]},"properties":{"name":"Ladbrokes","address":"Putney High Street 159","postcode":"SW15 1RT"}},{"type":"Feature","geometry":{"type":"Point","coordinates":[-0.21672,51.46227]},"properties":{"name":"Paddy Power","address":"Putney High Street 134","postcode":"SW15 1RR"}},{"type":"Feature","geometry":{"type":"Point","coordinates":[0.0353,51.53718]},"properties":{"name":"Betfred","address":"Plashet Grove 14","postcode":""}},{"type":"Feature","geometry":{"type":"Point","coordinates":[0.03496,51.53705]},"properties":{"name":"Ladbrokes","address":"Green Street 305","postcode":""}},{"type":"Feature","geometry":{"type":"Point","coordinates":[0.10555,51.40356]},"properties":{"name":"JenningsBet","address":"Cotmandene Crescent 84","postcode":"BR5 2RG"}},{"type":"Feature","geometry":{"type":"Point","coordinates":[-0.3068,51.43098]},"properties":{"name":"Coral","address":"Richmond Road 428","postcode":"KT2 5PU"}},{"type":"Feature","geometry":{"type":"Point","coordinates":[0.09872,51.37433]},"properties":{"name":"Coral","address":"High Street","postcode":""}},{"type":"Feature","geometry":{"type":"Point","coordinates":[0.10718,51.38272]},"properties":{"name":"Coral","address":"Carlton Parade 9","postcode":"BR6 0JB"}},{"type":"Feature","geometry":{"type":"Point","coordinates":[-0.05332,51.41537]},"properties":{"name":"Betfred","address":"","postcode":""}},{"type":"Feature","geometry":{"type":"Point","coordinates":[-0.05508,51.41609]},"properties":{"name":"William Hill","address":"High Street 70-72","postcode":"SE20 7HB"}},{"type":"Feature","geometry":{"type":"Point","coordinates":[0.02371,51.52987]},"properties":{"name":"William Hill","address":"High Street 101-103","postcode":"E13 0AD"}},{"type":"Feature","geometry":{"type":"Point","coordinates":[0.10084,51.37815]},"properties":{"name":"Betfred","address":"High Street","postcode":""}},{"type":"Feature","geometry":{"type":"Point","coordinates":[-0.07359,51.38029]},"properties":{"name":"William Hill","address":"Lower Addiscombe Road 229","postcode":"CR0 6RD"}},{"type":"Feature","geometry":{"type":"Point","coordinates":[0.04013,51.53077]},"properties":{"name":"Ladbrokes","address":"Barking Road 45","postcode":""}},{"type":"Feature","geometry":{"type":"Point","coordinates":[0.14595,51.48254]},"properties":{"name":"Coral","address":"Nuxley Road 40-42","postcode":"DA17 5JG"}},{"type":"Feature","geometry":{"type":"Point","coordinates":[0.04585,51.43588]},"properties":{"name":"William Hill","address":"Mottingham Road 93","postcode":"SE9 4TJ"}},{"type":"Feature","geometry":{"type":"Point","coordinates":[0.07273,51.55383]},"properties":{"name":"Betfred","address":"Ilford Lane 68","postcode":""}},{"type":"Feature","geometry":{"type":"Point","coordinates":[0.07516,51.54924]},"properties":{"name":"Betfred","address":"","postcode":"IG1 2LT"}},{"type":"Feature","geometry":{"type":"Point","coordinates":[0.07483,51.55909]},"properties":{"name":"Betfred","address":"High Road 152","postcode":"IG1 1LL"}},{"type":"Feature","geometry":{"type":"Point","coordinates":[0.03118,51.4798]},"properties":{"name":"Coral","address":"Charlton Road 211","postcode":""}},{"type":"Feature","geometry":{"type":"Point","coordinates":[-0.37465,51.48561]},"properties":{"name":"Ladbrokes","address":"New Heston Road","postcode":"TW5 0NA"}},{"type":"Feature","geometry":{"type":"Point","coordinates":[-0.37404,51.48527]},"properties":{"name":"Paddy Power","address":"New Heston Road","postcode":""}},{"type":"Feature","geometry":{"type":"Point","coordinates":[0.22038,51.56722]},"properties":{"name":"Ladbrokes","address":"North Street","postcode":"RM11 1SU"}},{"type":"Feature","geometry":{"type":"Point","coordinates":[0.20259,51.5871]},"properties":{"name":"Pridmore","address":"","postcode":"RM2 5EU"}},{"type":"Feature","geometry":{"type":"Point","coordinates":[0.18405,51.57456]},"properties":{"name":"Ladbrokes","address":"","postcode":""}},{"type":"Feature","geometry":{"type":"Point","coordinates":[-0.00477,51.54302]},"properties":{"name":"Coral","address":"Montfichet Road","postcode":""}},{"type":"Feature","geometry":{"type":"Point","coordinates":[-0.28272,51.56133]},"properties":{"name":"Coral","address":"Empire Way 11","postcode":"HA9 0RQ"}},{"type":"Feature","geometry":{"type":"Point","coordinates":[-0.27825,51.56396]},"properties":{"name":"Paddy Power","address":"Bridge Road 33-39","postcode":"HA9 9AG"}},{"type":"Feature","geometry":{"type":"Point","coordinates":[0.10575,51.46257]},"properties":{"name":"Betfred","address":"Bellegrove Road","postcode":"DA16 3PB"}},{"type":"Feature","geometry":{"type":"Point","coordinates":[-0.35406,51.58274]},"properties":{"name":"Ladbrokes","address":"","postcode":""}}]}