{"type":"FeatureCollection","meta":{"id":"coffee","generated":"2026-04-05","count":751,"source":"OpenStreetMap via Overpass API","vintage":"OSM snapshot at generation date"},"features":[{"type":"Feature","geometry":{"type":"Point","coordinates":[-0.1624,51.35494]},"properties":{"name":"Millers Kitchen","address":"Stanley Park Road 138","postcode":"SM5 3JG","website":""}},{"type":"Feature","geometry":{"type":"Point","coordinates":[-0.11934,51.4549]},"properties":{"name":"Café on the Hill","address":"Brixton Hill 91","postcode":"SW2 1AA","website":""}},{"type":"Feature","geometry":{"type":"Point","coordinates":[-0.11997,51.4547]},"properties":{"name":"Café Tana","address":"Brixton Hill 96","postcode":"SW2 1QN","website":""}},{"type":"Feature","geometry":{"type":"Point","coordinates":[-0.09983,51.53758]},"properties":{"name":"Dolce Coffee","address":"","postcode":"","website":""}},{"type":"Feature","geometry":{"type":"Point","coordinates":[-0.12628,51.52772]},"properties":{"name":"Sandwich Street Kitchen","address":"","postcode":"","website":""}},{"type":"Feature","geometry":{"type":"Point","coordinates":[-0.11524,51.49578]},"properties":{"name":"The Corner Cafe","address":"Lambeth Road 178","postcode":"","website":""}},{"type":"Feature","geometry":{"type":"Point","coordinates":[-0.10674,51.54812]},"properties":{"name":"Vagabond N7","address":"Holloway Road 105","postcode":"","website":"http://www.vagabond.london/"}},{"type":"Feature","geometry":{"type":"Point","coordinates":[-0.10227,51.5398]},"properties":{"name":"High Ground","address":"Upper Street 286","postcode":"N1 2TZ","website":""}},{"type":"Feature","geometry":{"type":"Point","coordinates":[-0.1078,51.55005]},"properties":{"name":"Le Péché Mignon","address":"Ronalds Road 6","postcode":"N5 1XH","website":"http://lepechemignon.co.uk/"}},{"type":"Feature","geometry":{"type":"Point","coordinates":[-0.02871,51.40663]},"properties":{"name":"Palms","address":"High Street 194 - 200","postcode":"BR3 1EN","website":""}},{"type":"Feature","geometry":{"type":"Point","coordinates":[-0.12994,51.51537]},"properties":{"name":"Blank Street Coffee","address":"Charing Cross Road 136","postcode":"WC2H 0LA","website":""}},{"type":"Feature","geometry":{"type":"Point","coordinates":[-0.12211,51.5309]},"properties":{"name":"Blank Street Coffee","address":"Pentonville Road 300","postcode":"N1 9NR","website":""}},{"type":"Feature","geometry":{"type":"Point","coordinates":[-0.15803,51.49166]},"properties":{"name":"The Black Penny","address":"Duke of York Square 55","postcode":"SW3 4LY","website":"https://www.theblackpenny.com/"}},{"type":"Feature","geometry":{"type":"Point","coordinates":[-0.03441,51.53209]},"properties":{"name":"Hiland","address":"Roman Road 467","postcode":"E3 5LX","website":"http://hilandcoffee.co.uk/"}},{"type":"Feature","geometry":{"type":"Point","coordinates":[-0.16134,51.49094]},"properties":{"name":"Coffee by Real Eating Co","address":"King’s Road 82","postcode":"SW3 4TZ","website":"https://www.real-eating.co.uk/locations/kings-road-london/"}},{"type":"Feature","geometry":{"type":"Point","coordinates":[-0.1596,51.51425]},"properties":{"name":"Coffee by Real Eating Co","address":"Great Cumberland Place 15","postcode":"W1H 7AS","website":""}},{"type":"Feature","geometry":{"type":"Point","coordinates":[-0.15066,51.5131]},"properties":{"name":"H.R. Higgins","address":"Duke Street 79","postcode":"W1K 5AS","website":"https://www.hrhiggins.co.uk/"}},{"type":"Feature","geometry":{"type":"Point","coordinates":[-0.03678,51.46462]},"properties":{"name":"The Broca","address":"Coulgate Street 3-4","postcode":"SE4 2RW","website":"https://thebroca.com/"}},{"type":"Feature","geometry":{"type":"Point","coordinates":[-0.48238,51.5654]},"properties":{"name":"Fran's Tea Room","address":"","postcode":"","website":""}},{"type":"Feature","geometry":{"type":"Point","coordinates":[-0.11402,51.5511]},"properties":{"name":"Sacred Cafe","address":"Hornsey Street 8","postcode":"","website":"https://sacredcafe.co.uk/highbury/"}},{"type":"Feature","geometry":{"type":"Point","coordinates":[-0.15398,51.29372]},"properties":{"name":"Simply Java Coffee Lounge","address":"Brighton Road 60","postcode":"CR5 3EE","website":""}},{"type":"Feature","geometry":{"type":"Point","coordinates":[-0.3052,51.50495]},"properties":{"name":"Paperback Coffee & Books","address":"St Mary's Road 73","postcode":"W5 5RG","website":"http://www.munsonscoffee.com/"}},{"type":"Feature","geometry":{"type":"Point","coordinates":[-0.30488,51.50598]},"properties":{"name":"Red Box","address":"St Mary's Road 35","postcode":"W5 5RG","website":""}},{"type":"Feature","geometry":{"type":"Point","coordinates":[-0.10353,51.52247]},"properties":{"name":"Roni's Cafe","address":"Clerkenwell Road 39","postcode":"","website":""}},{"type":"Feature","geometry":{"type":"Point","coordinates":[-0.10342,51.52248]},"properties":{"name":"Knockbox Coffee","address":"Clerkenwell Road 33-37","postcode":"EC1M 5RS","website":"https://www.facebook.com/knockboxofficial/"}},{"type":"Feature","geometry":{"type":"Point","coordinates":[-0.09266,51.37638]},"properties":{"name":"AMT Coffee","address":"George Street Platform 3-4","postcode":"CR0 1LE","website":""}},{"type":"Feature","geometry":{"type":"Point","coordinates":[-0.11927,51.51153]},"properties":{"name":"Charlie and The Chocolate Factory","address":"Aldwych 1","postcode":"WC2B 4BZ","website":""}},{"type":"Feature","geometry":{"type":"Point","coordinates":[-0.30664,51.41075]},"properties":{"name":"Local Hero","address":"Thames Street 22","postcode":"KT1 1PE","website":""}},{"type":"Feature","geometry":{"type":"Point","coordinates":[-0.10516,51.53219]},"properties":{"name":"Candid Cafe","address":"Torrens Street 3","postcode":"EC1V 1NQ","website":"https://candidarts.wordpress.com/cafe/"}},{"type":"Feature","geometry":{"type":"Point","coordinates":[-0.12404,51.57871]},"properties":{"name":"Harris + Hoole","address":"","postcode":"","website":""}},{"type":"Feature","geometry":{"type":"Point","coordinates":[-0.13563,51.51955]},"properties":{"name":"Blank Street Coffee","address":"Charlotte Street 44","postcode":"W1T 2NR","website":""}},{"type":"Feature","geometry":{"type":"Point","coordinates":[-0.13687,51.50847]},"properties":{"name":"Redemption Roasters","address":"Jermyn Street 35","postcode":"SW1Y 6DT","website":""}},{"type":"Feature","geometry":{"type":"Point","coordinates":[-0.13361,51.52825]},"properties":{"name":"Panopolis","address":"Eversholt Street","postcode":"NW1 2HS","website":""}},{"type":"Feature","geometry":{"type":"Point","coordinates":[-0.12517,51.44871]},"properties":{"name":"Angela's Cafe","address":"New Park Road 28","postcode":"SW2 4UN","website":""}},{"type":"Feature","geometry":{"type":"Point","coordinates":[-0.09881,51.53896]},"properties":{"name":"Brood Roastery","address":"","postcode":"","website":""}},{"type":"Feature","geometry":{"type":"Point","coordinates":[-0.11304,51.50062]},"properties":{"name":"Little Bread Pedlar","address":"Lower Marsh 20","postcode":"SE1 7RJ","website":"https://www.lbpedlar.com"}},{"type":"Feature","geometry":{"type":"Point","coordinates":[-0.04489,51.46787]},"properties":{"name":"The Hill Station","address":"Kitto Road","postcode":"SE14 5TW","website":"https://hillstationcafe.co.uk/"}},{"type":"Feature","geometry":{"type":"Point","coordinates":[-0.32035,51.43634]},"properties":{"name":"Swiss Bread Bakery & Café","address":"Ashburnham Road 175","postcode":"TW10 7NR","website":""}},{"type":"Feature","geometry":{"type":"Point","coordinates":[-0.30211,51.51547]},"properties":{"name":"Electric Coffee Company","address":"Haven Green 40","postcode":"W5 2NX","website":"https://www.electriccoffee.co.uk/"}},{"type":"Feature","geometry":{"type":"Point","coordinates":[-0.15082,51.44446]},"properties":{"name":"M1LK","address":"","postcode":"","website":""}},{"type":"Feature","geometry":{"type":"Point","coordinates":[-0.30207,51.51333]},"properties":{"name":"Kimbo","address":"Oak Road 5a-6a","postcode":"W5 3SS","website":""}},{"type":"Feature","geometry":{"type":"Point","coordinates":[-0.18635,51.36541]},"properties":{"name":"Mad Coffee Bar","address":"Lind Road 61","postcode":"SM1 4PP","website":"http://madcoffeebar.co.uk/"}},{"type":"Feature","geometry":{"type":"Point","coordinates":[-0.08755,51.65934]},"properties":{"name":"The Green Room","address":"","postcode":"","website":""}},{"type":"Feature","geometry":{"type":"Point","coordinates":[-0.08994,51.5193]},"properties":{"name":"Notes","address":"Ropemaker Street 1","postcode":"EC2Y 9AW","website":""}},{"type":"Feature","geometry":{"type":"Point","coordinates":[-0.11361,51.54264]},"properties":{"name":"Sunday","address":"Hemingford Road 169","postcode":"N1 1DA","website":""}},{"type":"Feature","geometry":{"type":"Point","coordinates":[0.02552,51.61547]},"properties":{"name":"Eat Wells","address":"","postcode":"","website":""}},{"type":"Feature","geometry":{"type":"Point","coordinates":[-0.14153,51.49402]},"properties":{"name":"MIX Espresso Bar","address":"","postcode":"","website":""}},{"type":"Feature","geometry":{"type":"Point","coordinates":[-0.09629,51.51473]},"properties":{"name":"Blank Street Coffee","address":"Cheapside 138","postcode":"EC2V 6BJ","website":""}},{"type":"Feature","geometry":{"type":"Point","coordinates":[-0.14613,51.45396]},"properties":{"name":"21 Grams","address":"Cavendish Parade 1","postcode":"SW4 9DP","website":""}},{"type":"Feature","geometry":{"type":"Point","coordinates":[0.00068,51.54121]},"properties":{"name":"Unit Six","address":"The Mall 6","postcode":"E15 1XA","website":""}},{"type":"Feature","geometry":{"type":"Point","coordinates":[-0.18157,51.49317]},"properties":{"name":"elixis","address":"Gloucester Road 123","postcode":"","website":"https://www.elixislondon.co.uk/"}},{"type":"Feature","geometry":{"type":"Point","coordinates":[-0.19995,51.49887]},"properties":{"name":"labakery","address":"Kensington High Street 246","postcode":"W8 6DN","website":""}},{"type":"Feature","geometry":{"type":"Point","coordinates":[-0.21871,51.50403]},"properties":{"name":"Esquires Coffee House","address":"","postcode":"","website":""}},{"type":"Feature","geometry":{"type":"Point","coordinates":[-0.19223,51.41522]},"properties":{"name":"Bonjour Brioche","address":"","postcode":"","website":""}},{"type":"Feature","geometry":{"type":"Point","coordinates":[-0.41413,51.37301]},"properties":{"name":"Travellers Café","address":"","postcode":"","website":""}},{"type":"Feature","geometry":{"type":"Point","coordinates":[-0.33343,51.58156]},"properties":{"name":"Ancona","address":"Station Road 309","postcode":"HA1 2TA","website":""}},{"type":"Feature","geometry":{"type":"Point","coordinates":[-0.16632,51.37211]},"properties":{"name":"Yew & Co","address":"Nightingale Road 3","postcode":"SM5 2DN","website":""}},{"type":"Feature","geometry":{"type":"Point","coordinates":[-0.21291,51.47382]},"properties":{"name":"Tinto Coffee","address":"Fulham Palace Road 411","postcode":"SW6 6SX","website":""}},{"type":"Feature","geometry":{"type":"Point","coordinates":[-0.17169,51.3663]},"properties":{"name":"Bella","address":"Westmead Corner 3","postcode":"SM5 2NZ","website":""}},{"type":"Feature","geometry":{"type":"Point","coordinates":[-0.08213,51.6518]},"properties":{"name":"Muffin Break","address":"","postcode":"","website":""}},{"type":"Feature","geometry":{"type":"Point","coordinates":[-0.29933,51.30964]},"properties":{"name":"Palmer's Cafe and Deli","address":"The Street 27","postcode":"KT21 1AA","website":""}},{"type":"Feature","geometry":{"type":"Point","coordinates":[-0.03508,51.47599]},"properties":{"name":"Delicious Cafe & Sandwich Bar","address":"New Cross Road 365","postcode":"SE14 6AT","website":""}},{"type":"Feature","geometry":{"type":"Point","coordinates":[-0.01257,51.4939]},"properties":{"name":"Asda Café","address":"East Ferry Road 151","postcode":"E14 3BT","website":""}},{"type":"Feature","geometry":{"type":"Point","coordinates":[-0.13204,51.51979]},"properties":{"name":"Honey & Co. Daily","address":"Store Street 19-21","postcode":"WC1E 7DB","website":"https://honeyandco.co.uk/places/honey-co-daily/"}},{"type":"Feature","geometry":{"type":"Point","coordinates":[-0.30454,51.39343]},"properties":{"name":"The Press Room","address":"Claremont Road 5","postcode":"KT6 4QR","website":""}},{"type":"Feature","geometry":{"type":"Point","coordinates":[-0.0836,51.52588]},"properties":{"name":"Black Box","address":"Great Eastern Street 93","postcode":"EC2A 3HZ","website":""}},{"type":"Feature","geometry":{"type":"Point","coordinates":[-0.1277,51.5302]},"properties":{"name":"British Library cafe","address":"","postcode":"","website":""}},{"type":"Feature","geometry":{"type":"Point","coordinates":[-0.1586,51.46488]},"properties":{"name":"Il Molino","address":"Lavender Hill 155","postcode":"SW11 5QH","website":""}},{"type":"Feature","geometry":{"type":"Point","coordinates":[-0.09326,51.52335]},"properties":{"name":"FWD:Coffee","address":"Whitecross Street 161a","postcode":"","website":"https://www.fwdcoffee.co.uk/"}},{"type":"Feature","geometry":{"type":"Point","coordinates":[-0.32833,51.29527]},"properties":{"name":"Amici","address":"High Street 18","postcode":"KT22 8AN","website":""}},{"type":"Feature","geometry":{"type":"Point","coordinates":[-0.08645,51.51457]},"properties":{"name":"Taylor St Baristas","address":"","postcode":"","website":"https://www.taylor-st.com/"}},{"type":"Feature","geometry":{"type":"Point","coordinates":[-0.07462,51.61318]},"properties":{"name":"Souter Bros.","address":"","postcode":"","website":"https://www.souterbros.co.uk"}},{"type":"Feature","geometry":{"type":"Point","coordinates":[-0.39026,51.68642]},"properties":{"name":"First Avenue Cafe","address":"","postcode":"","website":""}},{"type":"Feature","geometry":{"type":"Point","coordinates":[-0.01837,51.5821]},"properties":{"name":"Chaiiwala","address":"Hoe Street 223","postcode":"E17 9PP","website":"https://www.chaiiwala.co.uk"}},{"type":"Feature","geometry":{"type":"Point","coordinates":[-0.10011,51.37113]},"properties":{"name":"Crushed Bean","address":"High Street 81","postcode":"CR0 1QE","website":""}},{"type":"Feature","geometry":{"type":"Point","coordinates":[-0.06848,51.64193]},"properties":{"name":"La Baguette","address":"","postcode":"","website":""}},{"type":"Feature","geometry":{"type":"Point","coordinates":[-0.09237,51.37638]},"properties":{"name":"AMT Coffee","address":"George Street Platforms 5-6","postcode":"CR0 1LE","website":""}},{"type":"Feature","geometry":{"type":"Point","coordinates":[-0.09242,51.37611]},"properties":{"name":"Pumpkin","address":"George Street Platforms 5-6","postcode":"CR0 1LE","website":""}},{"type":"Feature","geometry":{"type":"Point","coordinates":[-0.09301,51.37612]},"properties":{"name":"Puccino's","address":"George Street Platforms 1-2","postcode":"CR0 1LE","website":""}},{"type":"Feature","geometry":{"type":"Point","coordinates":[0.01881,51.50825]},"properties":{"name":"Caffe Fratelli","address":"Western Gateway 20","postcode":"E16 1XL","website":""}},{"type":"Feature","geometry":{"type":"Point","coordinates":[-0.05727,51.50481]},"properties":{"name":"Cinnamon Coffee Shop","address":"Wapping Lane 103","postcode":"E1W 2RW","website":""}},{"type":"Feature","geometry":{"type":"Point","coordinates":[-0.29991,51.30875]},"properties":{"name":"Coffee Active","address":"Rectory Lane 5B","postcode":"KT21 2BA","website":"https://www.coffeeactive.co.uk/"}},{"type":"Feature","geometry":{"type":"Point","coordinates":[-0.18389,51.46454]},"properties":{"name":"Cake Boy","address":"Juniper Drive 2","postcode":"SW18 1TX","website":""}},{"type":"Feature","geometry":{"type":"Point","coordinates":[-0.16087,51.51443]},"properties":{"name":"WatchHouse","address":"Seymour Street 60","postcode":"W1H 7JH","website":"https://watchhouse.com"}},{"type":"Feature","geometry":{"type":"Point","coordinates":[-0.13375,51.49759]},"properties":{"name":"Ravello Coffe Company","address":"Strutton Ground 7","postcode":"","website":"https://myravello.co.uk/"}},{"type":"Feature","geometry":{"type":"Point","coordinates":[-0.11339,51.50479]},"properties":{"name":"Imax Cafe","address":"Charlie Chaplin Walk 1","postcode":"SE1 8XR","website":""}},{"type":"Feature","geometry":{"type":"Point","coordinates":[-0.29489,51.57206]},"properties":{"name":"Mayas Chai","address":"Preston Road 253","postcode":"","website":""}},{"type":"Feature","geometry":{"type":"Point","coordinates":[-0.4175,51.66691]},"properties":{"name":"Rhubarb Cafe","address":"Cassiobury Drive 168","postcode":"WD17 3AJ","website":""}},{"type":"Feature","geometry":{"type":"Point","coordinates":[-0.29679,51.41865]},"properties":{"name":"Boho","address":"Kings Road 159A","postcode":"KT2 5JF","website":""}},{"type":"Feature","geometry":{"type":"Point","coordinates":[0.05195,51.45002]},"properties":{"name":"Coco’s Café and Espresso Bar","address":"Court Yard 29","postcode":"SE9 5PR","website":""}},{"type":"Feature","geometry":{"type":"Point","coordinates":[-0.14382,51.49513]},"properties":{"name":"knot","address":"","postcode":"","website":""}},{"type":"Feature","geometry":{"type":"Point","coordinates":[0.27451,51.43823]},"properties":{"name":"M&S Café","address":"Lower Thames Walk","postcode":"DA9 9SD","website":"https://www.marksandspencer.com/stores/bluewater-6460"}},{"type":"Feature","geometry":{"type":"Point","coordinates":[-0.41164,51.32886]},"properties":{"name":"Caffè Capital","address":"Hollyhedge Road 28","postcode":"KT11 3DG","website":""}},{"type":"Feature","geometry":{"type":"Point","coordinates":[-0.17702,51.41905]},"properties":{"name":"Coffee in the Wood","address":"High Street Colliers Wood 99-101","postcode":"SW19 2JF","website":""}},{"type":"Feature","geometry":{"type":"Point","coordinates":[-0.18301,51.58569]},"properties":{"name":"Sherrards bakery","address":"","postcode":"","website":"https://sherrardsbakery.co.uk/"}},{"type":"Feature","geometry":{"type":"Point","coordinates":[-0.13397,51.52592]},"properties":{"name":"Wellcome Collection Cafe","address":"Euston Road 183-193","postcode":"NW1 2BE","website":""}},{"type":"Feature","geometry":{"type":"Point","coordinates":[-0.19396,51.36565]},"properties":{"name":"Tazza","address":"High Street 188","postcode":"SM1 1NR","website":""}},{"type":"Feature","geometry":{"type":"Point","coordinates":[-0.11893,51.51683]},"properties":{"name":"Redemption Roasters","address":"Lincoln's Inn Fields 71","postcode":"WC2A 3JF","website":"https://www.redemptionroasters.com/locations/lincolns-inn-fields/"}},{"type":"Feature","geometry":{"type":"Point","coordinates":[-0.45716,51.36196]},"properties":{"name":"Puccino's","address":"","postcode":"","website":""}},{"type":"Feature","geometry":{"type":"Point","coordinates":[-0.32095,51.51394]},"properties":{"name":"Caffe Terrazza","address":"Manor Road 1","postcode":"","website":""}},{"type":"Feature","geometry":{"type":"Point","coordinates":[-0.11105,51.48832]},"properties":{"name":"Eat the Sunshine . Down the Sun","address":"Kennington Road 303","postcode":"SE11 4QE","website":""}},{"type":"Feature","geometry":{"type":"Point","coordinates":[-0.30297,51.51358]},"properties":{"name":"Blank Street Coffee","address":"","postcode":"","website":""}},{"type":"Feature","geometry":{"type":"Point","coordinates":[-0.42503,51.41731]},"properties":{"name":"Harris + Hoole","address":"Escot Road","postcode":"","website":"https://www.harrisandhoole.co.uk/shops/sunbury"}},{"type":"Feature","geometry":{"type":"Point","coordinates":[-0.0112,51.45989]},"properties":{"name":"Cafe Inn","address":"Lewisham High Street 183","postcode":"SE13 6AA","website":""}},{"type":"Feature","geometry":{"type":"Point","coordinates":[-0.2843,51.41247]},"properties":{"name":"Nev’s Coffee","address":"","postcode":"","website":""}},{"type":"Feature","geometry":{"type":"Point","coordinates":[-0.08575,51.51574]},"properties":{"name":"SOHO Coffee co.","address":"Austin Friars 14","postcode":"EC2N 2HE","website":""}},{"type":"Feature","geometry":{"type":"Point","coordinates":[-0.12351,51.5812]},"properties":{"name":"The Haberdashery","address":"","postcode":"","website":""}},{"type":"Feature","geometry":{"type":"Point","coordinates":[-0.16774,51.46194]},"properties":{"name":"Blank Street Coffee","address":"St. John's Road 64","postcode":"SW11 1PS","website":""}},{"type":"Feature","geometry":{"type":"Point","coordinates":[-0.12481,51.52783]},"properties":{"name":"Half Cup","address":"Judd Street 100-102","postcode":"WC1H 9NT","website":"https://halfcup.co.uk/"}},{"type":"Feature","geometry":{"type":"Point","coordinates":[-0.1291,51.51668]},"properties":{"name":"Blank Street Coffee","address":"New Oxford Street 110","postcode":"WC1A 1HD","website":"https://www.blankstreet.com/"}},{"type":"Feature","geometry":{"type":"Point","coordinates":[-0.16458,51.45542]},"properties":{"name":"Pottery Café","address":"Northcote Road 153","postcode":"","website":"https://battersea@pottery-cafe.com"}},{"type":"Feature","geometry":{"type":"Point","coordinates":[-0.35222,51.4903]},"properties":{"name":"Stables Café","address":"","postcode":"TW7 4RB","website":""}},{"type":"Feature","geometry":{"type":"Point","coordinates":[-0.08251,51.51208]},"properties":{"name":"Curators Coffee","address":"Cullum Street 9A","postcode":"EC3M 7JJ","website":"https://www.curatorscoffee.com/"}},{"type":"Feature","geometry":{"type":"Point","coordinates":[-0.02715,51.51802]},"properties":{"name":"Bow Brew Cafe","address":"St Paul's Way 83","postcode":"E3 4AJ","website":"https://www.bowbrewcafe.org/"}},{"type":"Feature","geometry":{"type":"Point","coordinates":[-0.07892,51.52127]},"properties":{"name":"Attendant","address":"Folgate Street 8-9","postcode":"E1 6DB","website":"https://www.the-attendant.com/"}},{"type":"Feature","geometry":{"type":"Point","coordinates":[-0.48701,51.37221]},"properties":{"name":"Tesco Café","address":"Station Road","postcode":"KT15 2AS","website":""}},{"type":"Feature","geometry":{"type":"Point","coordinates":[-0.08293,51.51133]},"properties":{"name":"WatchHouse","address":"Fenchurch Street 30","postcode":"EC3M 3BD","website":""}},{"type":"Feature","geometry":{"type":"Point","coordinates":[-0.08541,51.51061]},"properties":{"name":"Blank Street Coffee","address":"Eastcheap 2A","postcode":"EC3M 1AE","website":"https://www.blankstreet.com/en-GB/locations/london/LB9VF0QD2PKPT-monument"}},{"type":"Feature","geometry":{"type":"Point","coordinates":[-0.12664,51.53174]},"properties":{"name":"EL&N","address":"","postcode":"","website":""}},{"type":"Feature","geometry":{"type":"Point","coordinates":[-0.12655,51.53163]},"properties":{"name":"Läderach","address":"","postcode":"","website":""}},{"type":"Feature","geometry":{"type":"Point","coordinates":[-0.09852,51.51439]},"properties":{"name":"Notes","address":"Paternoster Square 1","postcode":"EC4M 7DX","website":""}},{"type":"Feature","geometry":{"type":"Point","coordinates":[-0.16359,51.49985]},"properties":{"name":"Caffe Concerto","address":"Brompton Road 78","postcode":"SW3 1ER","website":"https://www.caffeconcerto.co.uk/"}},{"type":"Feature","geometry":{"type":"Point","coordinates":[-0.48499,51.3724]},"properties":{"name":"Coffee Ultimo","address":"Station Road 166","postcode":"KT15 2BD","website":""}},{"type":"Feature","geometry":{"type":"Point","coordinates":[-0.02596,51.47893]},"properties":{"name":"The Waiting Room","address":"Deptford High Street 134","postcode":"SE8 3PQ","website":"https://waitingroomse8.co.uk/"}},{"type":"Feature","geometry":{"type":"Point","coordinates":[-0.38299,51.62784]},"properties":{"name":"Perk Cafe","address":"Delta Gain ","postcode":"","website":""}},{"type":"Feature","geometry":{"type":"Point","coordinates":[-0.10623,51.57755]},"properties":{"name":"But First Coffee","address":"Quernmore Road 43","postcode":"N4 4QP","website":""}},{"type":"Feature","geometry":{"type":"Point","coordinates":[-0.06109,51.52938]},"properties":{"name":"The Common E2","address":"Old Bethnal Green Road 53","postcode":"E2 6QA","website":""}},{"type":"Feature","geometry":{"type":"Point","coordinates":[-0.13789,51.4992]},"properties":{"name":"Alma","address":"","postcode":"","website":"https://www.almacafe.co.uk"}},{"type":"Feature","geometry":{"type":"Point","coordinates":[-0.07526,51.5209]},"properties":{"name":"WatchHouse","address":"Commercial Street 139","postcode":"E1 6BJ","website":""}},{"type":"Feature","geometry":{"type":"Point","coordinates":[-0.3017,51.46361]},"properties":{"name":"Butter Beans","address":"Kew Road","postcode":"TW9 2ND","website":""}},{"type":"Feature","geometry":{"type":"Point","coordinates":[-0.19185,51.54582]},"properties":{"name":"The Sanctuary Café","address":"Sherriff Road","postcode":"NW6 2AP","website":"https://www.thesherriffcentre.co.uk/the-sanctuary-cafe/"}},{"type":"Feature","geometry":{"type":"Point","coordinates":[-0.19115,51.54754]},"properties":{"name":"8 oz","address":"West End Lane","postcode":"NW6 2LX","website":""}},{"type":"Feature","geometry":{"type":"Point","coordinates":[-0.41047,51.44787]},"properties":{"name":"Puccino's","address":"","postcode":"","website":""}},{"type":"Feature","geometry":{"type":"Point","coordinates":[-0.1878,51.51585]},"properties":{"name":"Arro","address":"Bishop's Bridge Road 77","postcode":"W2 6BG","website":""}},{"type":"Feature","geometry":{"type":"Point","coordinates":[-0.11179,51.55621]},"properties":{"name":"Broccoli","address":"Hornsey Road 69","postcode":"","website":""}},{"type":"Feature","geometry":{"type":"Point","coordinates":[-0.08177,51.50437]},"properties":{"name":"Harris + Hoole","address":"Tooley Street 125","postcode":"SE1 2RT","website":"https://www.harrisandhoole.co.uk/shops/tooley-st"}},{"type":"Feature","geometry":{"type":"Point","coordinates":[-0.11541,51.3377]},"properties":{"name":"Lupita Coffee House","address":"High Street 4","postcode":"CR8 2AA","website":""}},{"type":"Feature","geometry":{"type":"Point","coordinates":[-0.18335,51.52101]},"properties":{"name":"The Waterside Cafe","address":"","postcode":"","website":""}},{"type":"Feature","geometry":{"type":"Point","coordinates":[-0.17883,51.51858]},"properties":{"name":"Colicci Street","address":"","postcode":"","website":""}},{"type":"Feature","geometry":{"type":"Point","coordinates":[-0.14162,51.51648]},"properties":{"name":"Kiss the Hippo","address":"Margaret Street 51","postcode":"W1W 8SG","website":"https://kissthehippo.com/"}},{"type":"Feature","geometry":{"type":"Point","coordinates":[-0.07753,51.5258]},"properties":{"name":"Coffee Shop","address":"Shoreditch High Street 100","postcode":"E1 6JQ","website":"https://www.onehundredshoreditch.com/eat-drink/coffee-shop/"}},{"type":"Feature","geometry":{"type":"Point","coordinates":[-0.06795,51.52615]},"properties":{"name":"Fuckoffee","address":"Bethnal Green Road 215","postcode":"E2 6AB","website":""}},{"type":"Feature","geometry":{"type":"Point","coordinates":[-0.12047,51.45396]},"properties":{"name":"F Mondays","address":"","postcode":"","website":""}},{"type":"Feature","geometry":{"type":"Point","coordinates":[-0.08055,51.51459]},"properties":{"name":"Notes","address":"St. Mary Axe 30","postcode":"EC3A 8BF","website":""}},{"type":"Feature","geometry":{"type":"Point","coordinates":[-0.01795,51.52902]},"properties":{"name":"Nunnery Café","address":"Bow Road 181","postcode":"E3 2SJ","website":"https://bowarts.org/nunnery-gallery/nunnery-cafe"}},{"type":"Feature","geometry":{"type":"Point","coordinates":[-0.10232,51.431]},"properties":{"name":"The Book and Record Bar","address":"Norwood High Street 20","postcode":"SE27 9NR","website":""}},{"type":"Feature","geometry":{"type":"Point","coordinates":[-0.14955,51.44297]},"properties":{"name":"Esquires Coffee","address":"Bedford Hill 75","postcode":"SW12 9HA","website":""}},{"type":"Feature","geometry":{"type":"Point","coordinates":[-0.12512,51.53311]},"properties":{"name":"Notes","address":"Pancras Square 1","postcode":"N1C 4AG","website":"http://notes-uk.co.uk/"}},{"type":"Feature","geometry":{"type":"Point","coordinates":[-0.13716,51.51688]},"properties":{"name":"Kaffeine","address":"Eastcastle Street 15","postcode":"W1T 3AY","website":"https://kaffeine.co.uk/"}},{"type":"Feature","geometry":{"type":"Point","coordinates":[-0.1193,51.51543]},"properties":{"name":"Sontag","address":"","postcode":"","website":""}},{"type":"Feature","geometry":{"type":"Point","coordinates":[-0.02789,51.50604]},"properties":{"name":"Brera","address":"Westferry Circus 31","postcode":"E14 8RR","website":""}},{"type":"Feature","geometry":{"type":"Point","coordinates":[0.0099,51.51644]},"properties":{"name":"The Milk Tree","address":"Barking Road 34","postcode":"E16 1EQ","website":""}},{"type":"Feature","geometry":{"type":"Point","coordinates":[-0.08351,51.51862]},"properties":{"name":"Grind","address":"Broadgate Circle 38","postcode":"EC2M 2QS","website":"https://grind.co.uk/pages/liverpool-street-grind"}},{"type":"Feature","geometry":{"type":"Point","coordinates":[-0.14998,51.5152]},"properties":{"name":"Workshop Coffee Co","address":"Barrett Street 1","postcode":"","website":"https://workshopcoffee.com/"}},{"type":"Feature","geometry":{"type":"Point","coordinates":[-0.03006,51.57693]},"properties":{"name":"Enjoy Sandwich & Cafe Bar","address":"Markhouse Road 86","postcode":"","website":""}},{"type":"Feature","geometry":{"type":"Point","coordinates":[-0.15403,51.44173]},"properties":{"name":"Jefferson's Balham","address":"Balham High Road 191b","postcode":"SW12 9BE","website":"https://www.jeffersonsicecream.com/"}},{"type":"Feature","geometry":{"type":"Point","coordinates":[-0.14612,51.54179]},"properties":{"name":"Cafe Loren","address":"","postcode":"NW1 8AH","website":"http://cafeloren.co.uk/"}},{"type":"Feature","geometry":{"type":"Point","coordinates":[-0.12568,51.53053]},"properties":{"name":"Blank Street Coffee","address":"Pancras Road Unit 47A","postcode":"N1C 4QP","website":"https://www.blankstreet.com/locations/london/LGZQ6Y7AEEV9D-st-pancras"}},{"type":"Feature","geometry":{"type":"Point","coordinates":[-0.07105,51.50718]},"properties":{"name":"White Mulberries","address":"East Smithfield Unit F2","postcode":"E1W 1AT","website":""}},{"type":"Feature","geometry":{"type":"Point","coordinates":[-0.12481,51.53124]},"properties":{"name":"Hermanos Colombian Coffee Roasters","address":"","postcode":"","website":""}},{"type":"Feature","geometry":{"type":"Point","coordinates":[-0.10952,51.51995]},"properties":{"name":"Prufrock Coffee","address":"Leather Lane 23-25","postcode":"EC1N 7TE","website":"https://prufrockcoffee.com/cafe/"}},{"type":"Feature","geometry":{"type":"Point","coordinates":[-0.18278,51.47427]},"properties":{"name":"Harris + Hoole","address":"Townmead Road 215","postcode":"SW6 2FG","website":""}},{"type":"Feature","geometry":{"type":"Point","coordinates":[-0.10984,51.59666]},"properties":{"name":"Morrisons Cafe","address":"High Road","postcode":"N22 6SU","website":"https://my.morrisons.com/storefinder/313/wood-green"}},{"type":"Feature","geometry":{"type":"Point","coordinates":[-0.10761,51.53204]},"properties":{"name":"Saint Espresso","address":"Pentonville Road 26","postcode":"N1 9HJ","website":"https://www.saintespresso.com/"}},{"type":"Feature","geometry":{"type":"Point","coordinates":[-0.11065,51.4929]},"properties":{"name":"The Kennington Coffee Shop","address":"Kennington Road 3","postcode":"SE11 6SR","website":""}},{"type":"Feature","geometry":{"type":"Point","coordinates":[-0.02657,51.53179]},"properties":{"name":"Garden Green Cafe","address":"Tredegar Road 137a","postcode":"E3 2EU","website":""}},{"type":"Feature","geometry":{"type":"Point","coordinates":[-0.15768,51.58189]},"properties":{"name":"Aroma Cafe","address":"","postcode":"","website":""}},{"type":"Feature","geometry":{"type":"Point","coordinates":[0.00505,51.54347]},"properties":{"name":"Morrisons Cafe","address":"The Grove 15","postcode":"E15 1EN","website":"https://my.morrisons.com/storefinder/309/stratford"}},{"type":"Feature","geometry":{"type":"Point","coordinates":[-0.27234,51.50809]},"properties":{"name":"Morrisons Cafe","address":"","postcode":"","website":""}},{"type":"Feature","geometry":{"type":"Point","coordinates":[-0.19271,51.36073]},"properties":{"name":"Morrisons Cafe","address":"","postcode":"","website":"https://my.morrisons.com/storefinder/318/sutton"}},{"type":"Feature","geometry":{"type":"Point","coordinates":[0.1486,51.55961]},"properties":{"name":"Morrisons Cafe","address":"","postcode":"","website":"https://my.morrisons.com/storefinder/296/becontree-heath"}},{"type":"Feature","geometry":{"type":"Point","coordinates":[-0.10425,51.50617]},"properties":{"name":"CoffeeWorks project","address":"","postcode":"","website":""}},{"type":"Feature","geometry":{"type":"Point","coordinates":[-0.07138,51.52021]},"properties":{"name":"The Canvas Cafe","address":"Hanbury Street 42","postcode":"E1 5JL","website":"https://www.thecanvascafe.org/cafe"}},{"type":"Feature","geometry":{"type":"Point","coordinates":[-0.13082,51.49693]},"properties":{"name":"Rag & Bone Coffee Co.","address":"Great Peter Street","postcode":"","website":""}},{"type":"Feature","geometry":{"type":"Point","coordinates":[0.18462,51.48014]},"properties":{"name":"Morrisons Cafe","address":"","postcode":"","website":"https://my.morrisons.com/storefinder/113/erith"}},{"type":"Feature","geometry":{"type":"Point","coordinates":[0.10238,51.42483]},"properties":{"name":"Morrisons Cafe","address":"","postcode":"","website":"https://my.morrisons.com/storefinder/316/sidcup"}},{"type":"Feature","geometry":{"type":"Point","coordinates":[0.10526,51.50795]},"properties":{"name":"Morrisons Cafe","address":"","postcode":"","website":""}},{"type":"Feature","geometry":{"type":"Point","coordinates":[0.32094,51.47737]},"properties":{"name":"Morrisons Cafe","address":"London Road 1","postcode":"RM17 5XZ","website":""}},{"type":"Feature","geometry":{"type":"Point","coordinates":[-0.11472,51.52289]},"properties":{"name":"Hopper Coffee","address":"Gray's Inn Road 81b","postcode":"WC1X 8TP","website":"https://www.hoppercoffeehouse.com/"}},{"type":"Feature","geometry":{"type":"Point","coordinates":[-0.08778,51.51368]},"properties":{"name":"Royal Exchange Grind","address":"Royal Exchange 34","postcode":"EC3V 3LP","website":""}},{"type":"Feature","geometry":{"type":"Point","coordinates":[-0.10039,51.50784]},"properties":{"name":"Corner Cafe","address":"Bankside 53","postcode":"SE1 9TG","website":""}},{"type":"Feature","geometry":{"type":"Point","coordinates":[-0.13881,51.46186]},"properties":{"name":"Lane Eight Coffee","address":"6","postcode":"","website":""}},{"type":"Feature","geometry":{"type":"Point","coordinates":[-0.20486,51.42003]},"properties":{"name":"GAIL's","address":"The Broadway 33","postcode":"SW19 1QB","website":"https://gails.com/pages/wimbledon-broadway"}},{"type":"Feature","geometry":{"type":"Point","coordinates":[-0.16927,51.53249]},"properties":{"name":"England's Grace","address":"St John's Wood High Street 64","postcode":"","website":"https://www.hellofego.com/"}},{"type":"Feature","geometry":{"type":"Point","coordinates":[-0.08745,51.51098]},"properties":{"name":"Rosslyn","address":"Cannon Street 116","postcode":"EC4N 6AS","website":""}},{"type":"Feature","geometry":{"type":"Point","coordinates":[-0.13371,51.46315]},"properties":{"name":"UK Coffee Shop","address":"","postcode":"","website":""}},{"type":"Feature","geometry":{"type":"Point","coordinates":[-0.06083,51.58715]},"properties":{"name":"Asda Café","address":"Broad Lane","postcode":"N15 4QD","website":""}},{"type":"Feature","geometry":{"type":"Point","coordinates":[-0.26286,51.50886]},"properties":{"name":"Hopper Coffee","address":"Churchfield Road","postcode":"","website":"https://www.hoppercoffeehouse.com/"}},{"type":"Feature","geometry":{"type":"Point","coordinates":[-0.13675,51.46125]},"properties":{"name":"Coffee Wake Cup","address":"Clapham Park Road 14","postcode":"","website":"http://www.coffeewakecup.co.uk/"}},{"type":"Feature","geometry":{"type":"Point","coordinates":[-0.0558,51.50456]},"properties":{"name":"Urban Baristas","address":"Wapping High Street 138","postcode":"E1W 3PA","website":"https://www.urbanbaristas.co.uk/"}},{"type":"Feature","geometry":{"type":"Point","coordinates":[-0.1167,51.49839]},"properties":{"name":"Old Paradise Yard","address":"","postcode":"","website":""}},{"type":"Feature","geometry":{"type":"Point","coordinates":[-0.12592,51.51445]},"properties":{"name":"Ole & Steen","address":"Neal Street 41","postcode":"","website":""}},{"type":"Feature","geometry":{"type":"Point","coordinates":[-0.07442,51.50365]},"properties":{"name":"WatchHouse","address":"Shad Thames 37","postcode":"SE1 2NJ","website":"https://www.thewatchhouse.com/"}},{"type":"Feature","geometry":{"type":"Point","coordinates":[-0.47625,51.34517]},"properties":{"name":"M&S Café","address":"","postcode":"","website":""}},{"type":"Feature","geometry":{"type":"Point","coordinates":[-0.47425,51.34471]},"properties":{"name":"Tesco Café","address":"Barnes Wallis Drive 3","postcode":"KT13 0XF","website":""}},{"type":"Feature","geometry":{"type":"Point","coordinates":[-0.06901,51.52953]},"properties":{"name":"Jack Garcia Coffee","address":"Columbia Road 150","postcode":"E2 7RG","website":""}},{"type":"Feature","geometry":{"type":"Point","coordinates":[-0.08578,51.44601]},"properties":{"name":"Flotsam & Jetsam","address":"","postcode":"","website":""}},{"type":"Feature","geometry":{"type":"Point","coordinates":[-0.15102,51.51376]},"properties":{"name":"Attendant","address":"Duke Street 55","postcode":"W1K 5NR","website":""}},{"type":"Feature","geometry":{"type":"Point","coordinates":[-0.0532,51.42621]},"properties":{"name":"Shirin","address":"Sydenham Road 24A","postcode":"SE26 5QW","website":""}},{"type":"Feature","geometry":{"type":"Point","coordinates":[-0.12858,51.52136]},"properties":{"name":"Weston Common Room and Café","address":"Malet Street","postcode":"WC1E 7HU","website":"https://www.history.ac.uk/events/room-hire/common-room"}},{"type":"Feature","geometry":{"type":"Point","coordinates":[-0.38316,51.28877]},"properties":{"name":"The Railway Stop","address":"Church Road","postcode":"KT23 3JG","website":"https/therailwaystop.co.uk"}},{"type":"Feature","geometry":{"type":"Point","coordinates":[-0.12661,51.52918]},"properties":{"name":"Origin","address":"Euston Road 65","postcode":"NW1 2DB","website":"https://www.origincoffee.co.uk"}},{"type":"Feature","geometry":{"type":"Point","coordinates":[-0.13913,51.50804]},"properties":{"name":"The Cut","address":"Piccadilly Arcade 6","postcode":"SW1Y 6NH","website":""}},{"type":"Feature","geometry":{"type":"Point","coordinates":[-0.13636,51.48262]},"properties":{"name":"Black Cab Coffee Co","address":"Riverlight Quay 1","postcode":"SW11 8AU","website":""}},{"type":"Feature","geometry":{"type":"Point","coordinates":[0.16667,51.29447]},"properties":{"name":"Bojangles Coffee House","address":"London Road 116","postcode":"TN13 2UT","website":""}},{"type":"Feature","geometry":{"type":"Point","coordinates":[-0.08731,51.59352]},"properties":{"name":"Hub Café","address":"","postcode":"","website":""}},{"type":"Feature","geometry":{"type":"Point","coordinates":[-0.0906,51.52828]},"properties":{"name":"Westland Coffee & Wine","address":"Westland Place 1","postcode":"N1 7LP","website":"http://www.westlandcoffee.co.uk"}},{"type":"Feature","geometry":{"type":"Point","coordinates":[-0.12652,51.58188]},"properties":{"name":"Velasquez and Van Wezel","address":"Park Road 78","postcode":"N8 8JQ","website":"https://www.velasquezandvanwezel.co.uk/"}},{"type":"Feature","geometry":{"type":"Point","coordinates":[-0.18394,51.49803]},"properties":{"name":"Fait Maison","address":"Gloucester Road 50","postcode":"","website":"https://www.fait-maison.co.uk/locations/50-gloucester-road/"}},{"type":"Feature","geometry":{"type":"Point","coordinates":[-0.11921,51.51527]},"properties":{"name":"Soho Coffee","address":"Kingsway 65","postcode":"WC2B 6TD","website":""}},{"type":"Feature","geometry":{"type":"Point","coordinates":[-0.1828,51.4945]},"properties":{"name":"Blank Street Coffee","address":"","postcode":"","website":""}},{"type":"Feature","geometry":{"type":"Point","coordinates":[-0.20063,51.32257]},"properties":{"name":"The Open Door","address":"High Street","postcode":"SM7 2NG","website":""}},{"type":"Feature","geometry":{"type":"Point","coordinates":[-0.06793,51.51706]},"properties":{"name":"Baristas Lounge","address":"Whitechapel Road 57-59","postcode":"E1 1DU","website":""}},{"type":"Feature","geometry":{"type":"Point","coordinates":[-0.29644,51.61285]},"properties":{"name":"Good Friends Cafe","address":"","postcode":"","website":""}},{"type":"Feature","geometry":{"type":"Point","coordinates":[-0.14934,51.51404]},"properties":{"name":"Notes","address":"Oxford Street 391","postcode":"W1C 2JS","website":"http://notes-uk.co.uk/"}},{"type":"Feature","geometry":{"type":"Point","coordinates":[-0.48991,51.56704]},"properties":{"name":"Riverside Café","address":"Denham Court Drive","postcode":"UB9 5PG","website":"https://www.colnevalleypark.org.uk/visitor-centre/"}},{"type":"Feature","geometry":{"type":"Point","coordinates":[-0.09865,51.57778]},"properties":{"name":"Felix Coffee","address":"Green Lanes 71","postcode":"N4 1DU","website":""}},{"type":"Feature","geometry":{"type":"Point","coordinates":[0.16936,51.28568]},"properties":{"name":"Malabar","address":"London Road 28","postcode":"TN13 2DE","website":""}},{"type":"Feature","geometry":{"type":"Point","coordinates":[-0.11932,51.49965]},"properties":{"name":"AMT Coffee","address":"Lambeth Palace Road","postcode":"SE1 7EH","website":""}},{"type":"Feature","geometry":{"type":"Point","coordinates":[-0.118,51.49819]},"properties":{"name":"AMT Coffee","address":"Lambeth Palace Road","postcode":"SE1 7EH","website":""}},{"type":"Feature","geometry":{"type":"Point","coordinates":[-0.14335,51.49767]},"properties":{"name":"Notes","address":"Sir Simon Milton Square 10","postcode":"SW1E 5DJ","website":""}},{"type":"Feature","geometry":{"type":"Point","coordinates":[-0.10513,51.51469]},"properties":{"name":"Establishment Coffee","address":"St. Bride Street 11","postcode":"EC4A 4AS","website":""}},{"type":"Feature","geometry":{"type":"Point","coordinates":[-0.30451,51.40159]},"properties":{"name":"Italian Taste","address":"Surbiton Road 48","postcode":"KT1 2HT","website":""}},{"type":"Feature","geometry":{"type":"Point","coordinates":[-0.18922,51.44499]},"properties":{"name":"Earlsfield Grocer","address":"Garratt Lane 383","postcode":"SW18 4SL","website":""}},{"type":"Feature","geometry":{"type":"Point","coordinates":[0.17985,51.57647]},"properties":{"name":"Patisserie Valerie","address":"","postcode":"","website":""}},{"type":"Feature","geometry":{"type":"Point","coordinates":[-0.10434,51.50111]},"properties":{"name":"Foundry Cafe","address":"Blackfriars Road 160","postcode":"","website":""}},{"type":"Feature","geometry":{"type":"Point","coordinates":[0.00524,51.52765]},"properties":{"name":"Rial","address":"Memorial Avenue 4a","postcode":"E15 3BT","website":""}},{"type":"Feature","geometry":{"type":"Point","coordinates":[-0.17329,51.49506]},"properties":{"name":"Glamarama Green","address":"Exhibition Road 10-12","postcode":"SW7 2HE","website":"https://www.daisygreenfood.com/location-glamarama"}},{"type":"Feature","geometry":{"type":"Point","coordinates":[0.02015,51.59945]},"properties":{"name":"Dada","address":"High Road 237","postcode":"E18 2PB","website":""}},{"type":"Feature","geometry":{"type":"Point","coordinates":[-0.47957,51.54612]},"properties":{"name":"Harris + Hoole","address":"High Street","postcode":"UB8 1JN","website":"https://www.harrisandhoole.co.uk/shop/uxbridge"}},{"type":"Feature","geometry":{"type":"Point","coordinates":[0.10786,51.52055]},"properties":{"name":"Riverside Coffee Lounge","address":"Minter Road 21","postcode":"IG11 0TH","website":""}},{"type":"Feature","geometry":{"type":"Point","coordinates":[-0.30508,51.51296]},"properties":{"name":"Cafe Zee","address":"New Broadway 5","postcode":"W5 5AW","website":""}},{"type":"Feature","geometry":{"type":"Point","coordinates":[-0.09638,51.35086]},"properties":{"name":"The Little Coffee Shop","address":"Sanderstead Road 107","postcode":"CR2 0PJ","website":""}},{"type":"Feature","geometry":{"type":"Point","coordinates":[-0.05315,51.42646]},"properties":{"name":"On the Hoof Bistro","address":"Sydenham Road 23","postcode":"SE26 5EX","website":"https://www.onthehoofbistro.com/"}},{"type":"Feature","geometry":{"type":"Point","coordinates":[-0.02648,51.47883]},"properties":{"name":"Mouse Tail Coffee Stories","address":"Deptford High Street","postcode":"SE8 4NS","website":"https://www.mousetailcoffee.com/"}},{"type":"Feature","geometry":{"type":"Point","coordinates":[0.04911,51.50409]},"properties":{"name":"Big Penny Brews","address":"Hartmann Road","postcode":"E16 2PX","website":""}},{"type":"Feature","geometry":{"type":"Point","coordinates":[-0.1532,51.44268]},"properties":{"name":"GAIL's","address":"","postcode":"","website":"https://gails.com/pages/balham"}},{"type":"Feature","geometry":{"type":"Point","coordinates":[-0.10114,51.40302]},"properties":{"name":"Ann's Coffee Shop","address":"Beulah Road 55B","postcode":"CR7 8JH","website":""}},{"type":"Feature","geometry":{"type":"Point","coordinates":[-0.10539,51.42242]},"properties":{"name":"Coffee & Cake House","address":"Crown Parade 5","postcode":"SE19 3NG","website":""}},{"type":"Feature","geometry":{"type":"Point","coordinates":[-0.05491,51.30942]},"properties":{"name":"Coffee at 412","address":"Limpsfield Road 412","postcode":"CR6 9LA","website":""}},{"type":"Feature","geometry":{"type":"Point","coordinates":[-0.11101,51.46108]},"properties":{"name":"Brixton Pound Cafe","address":"Atlantic Road 77","postcode":"","website":"https://brixtonpound.org/"}},{"type":"Feature","geometry":{"type":"Point","coordinates":[-0.17016,51.35676]},"properties":{"name":"The Coffee Lounge","address":"Beeches Avenue 6","postcode":"SM5 3LF","website":""}},{"type":"Feature","geometry":{"type":"Point","coordinates":[-0.25984,51.45937]},"properties":{"name":"Pistachios on the Park","address":"Palewell Common Drive","postcode":"SW14 8RE","website":""}},{"type":"Feature","geometry":{"type":"Point","coordinates":[-0.08861,51.28684]},"properties":{"name":"East Side","address":"High Street 21","postcode":"CR3 5UE","website":""}},{"type":"Feature","geometry":{"type":"Point","coordinates":[-0.09104,51.28736]},"properties":{"name":"Coffee & Creams","address":"Chaldon Road","postcode":"CR3 5PE","website":""}},{"type":"Feature","geometry":{"type":"Point","coordinates":[-0.2004,51.32303]},"properties":{"name":"Fego","address":"High Street 91","postcode":"SM7 2NL","website":""}},{"type":"Feature","geometry":{"type":"Point","coordinates":[-0.20209,51.32261]},"properties":{"name":"Caffè Italia","address":"High Street 49","postcode":"SM7 2NL","website":"https://caffeitaliabanstead.co.uk/"}},{"type":"Feature","geometry":{"type":"Point","coordinates":[-0.01871,51.50612]},"properties":{"name":"Notes","address":"Crossrail Place 1","postcode":"E14 5AR","website":"https://notescoffee.com/"}},{"type":"Feature","geometry":{"type":"Point","coordinates":[-0.12651,51.51112]},"properties":{"name":"Kiss the Hippo","address":"New Row 24","postcode":"","website":""}},{"type":"Feature","geometry":{"type":"Point","coordinates":[-0.12636,51.51104]},"properties":{"name":"WA café","address":"New Row 5","postcode":"WC2N 4LH","website":"https://wacafe.co.uk/"}},{"type":"Feature","geometry":{"type":"Point","coordinates":[0.02922,51.59134]},"properties":{"name":"Home Organic Bakery","address":"Cowslip Road 1d","postcode":"","website":""}},{"type":"Feature","geometry":{"type":"Point","coordinates":[-0.10358,51.5119]},"properties":{"name":"Flow Coffee","address":"Queen Victoria Street 167","postcode":"EC4V 4DY","website":"https://flowcoffee.london/"}},{"type":"Feature","geometry":{"type":"Point","coordinates":[-0.09041,51.54346]},"properties":{"name":"Trade","address":"Essex Road 330","postcode":"N1 3PB","website":"https://www.trade-made.co.uk"}},{"type":"Feature","geometry":{"type":"Point","coordinates":[-0.12521,51.52536]},"properties":{"name":"The Observatory","address":"Marchmont Street 64","postcode":"WC1N 1AB","website":"https://www.theobservatory.org"}},{"type":"Feature","geometry":{"type":"Point","coordinates":[-0.13627,51.51905]},"properties":{"name":"Black Börk","address":"Charlotte Place 1","postcode":"","website":""}},{"type":"Feature","geometry":{"type":"Point","coordinates":[-0.13747,51.51859]},"properties":{"name":"Kiss The Hippo","address":"Berners Street 36","postcode":"","website":""}},{"type":"Feature","geometry":{"type":"Point","coordinates":[-0.16867,51.49674]},"properties":{"name":"EL&N","address":"Brompton Road 239","postcode":"","website":"https://www.elnlondon.co.uk/pages/brompton-road"}},{"type":"Feature","geometry":{"type":"Point","coordinates":[-0.13913,51.52072]},"properties":{"name":"Mud Cha","address":"New Cavendish Street 168","postcode":"","website":""}},{"type":"Feature","geometry":{"type":"Point","coordinates":[-0.14054,51.52042]},"properties":{"name":"Harris + Hoole","address":"New Cavendish Street 136-138","postcode":"","website":"https://www.harrisandhoole.co.uk/"}},{"type":"Feature","geometry":{"type":"Point","coordinates":[-0.26805,51.33432]},"properties":{"name":"Senzo","address":"Station Approach","postcode":"KT19 8EU","website":""}},{"type":"Feature","geometry":{"type":"Point","coordinates":[-0.22721,51.51385]},"properties":{"name":"Butterscotch Bakery","address":"Wood Lane 195","postcode":"W12 7FQ","website":"https://butterscotchbakery.co.uk/pages/whitecityplace"}},{"type":"Feature","geometry":{"type":"Point","coordinates":[-0.12261,51.58043]},"properties":{"name":"Armoni Coffee","address":"Tottenham Lane 13","postcode":"N8 9DE","website":""}},{"type":"Feature","geometry":{"type":"Point","coordinates":[-0.3043,51.39271]},"properties":{"name":"FIKA [fee-ka]","address":"Victoria Road","postcode":"KT6 4PE","website":"https://fee-ka.co.uk/"}},{"type":"Feature","geometry":{"type":"Point","coordinates":[-0.15032,51.5187]},"properties":{"name":"WatchHouse","address":"New Cavendish Street 32-34","postcode":"W1G 8UE","website":"https://watchhouse.com/blogs/locations/marylebone"}},{"type":"Feature","geometry":{"type":"Point","coordinates":[-0.01416,51.51151]},"properties":{"name":"Donasao","address":"Vesey Path 4","postcode":"E14 6BT","website":"https://www.donasao.co.uk/"}},{"type":"Feature","geometry":{"type":"Point","coordinates":[-0.15203,51.52055]},"properties":{"name":"Hagen Marylebone","address":"Marylebone High Street 82","postcode":"","website":""}},{"type":"Feature","geometry":{"type":"Point","coordinates":[-0.15503,51.51955]},"properties":{"name":"Avobar","address":"Chiltern Street 60","postcode":"W1U 7RB","website":"https://www.avobar.co.uk/london"}},{"type":"Feature","geometry":{"type":"Point","coordinates":[-0.15623,51.52047]},"properties":{"name":"Tasty Inn","address":"Paddington Street 34","postcode":"W1U 4HG","website":""}},{"type":"Feature","geometry":{"type":"Point","coordinates":[0.1233,51.41285]},"properties":{"name":"Tesco Café","address":"Edgington Way","postcode":"DA14 5BN","website":""}},{"type":"Feature","geometry":{"type":"Point","coordinates":[-0.10859,51.4709]},"properties":{"name":"Annapurna","address":"Loughborough Road 39A","postcode":"SW9 7TB","website":""}},{"type":"Feature","geometry":{"type":"Point","coordinates":[-0.17085,51.30944]},"properties":{"name":"Filtr","address":"Chipstead Station Parade 22","postcode":"CR5 3TE","website":"https://coromandelcoast.co.uk/pages/filtr"}},{"type":"Feature","geometry":{"type":"Point","coordinates":[-0.13448,51.52055]},"properties":{"name":"Change Please","address":"Tottenham Court Road","postcode":"W1T 2HE","website":""}},{"type":"Feature","geometry":{"type":"Point","coordinates":[-0.23012,51.40891]},"properties":{"name":"Veggieberg","address":"","postcode":"SW20 0JY","website":"https://www.veggieberg.com"}},{"type":"Feature","geometry":{"type":"Point","coordinates":[-0.07239,51.47366]},"properties":{"name":"Panedería Mil Delícias","address":"","postcode":"","website":""}},{"type":"Feature","geometry":{"type":"Point","coordinates":[-0.13479,51.51659]},"properties":{"name":"Omotesando Koffee","address":"Newman Street 8","postcode":"W1T 1PB","website":"http://ooo-koffee.com/"}},{"type":"Feature","geometry":{"type":"Point","coordinates":[-0.23524,51.29124]},"properties":{"name":"The Coffee House","address":"","postcode":"","website":""}},{"type":"Feature","geometry":{"type":"Point","coordinates":[-0.13621,51.41792]},"properties":{"name":"Piccolino","address":"","postcode":"","website":""}},{"type":"Feature","geometry":{"type":"Point","coordinates":[-0.1937,51.60113]},"properties":{"name":"Tintico","address":"Station Road 2-4","postcode":"N3 2RY","website":""}},{"type":"Feature","geometry":{"type":"Point","coordinates":[-0.1906,51.35973]},"properties":{"name":"Pumpkin","address":"","postcode":"","website":""}},{"type":"Feature","geometry":{"type":"Point","coordinates":[-0.08392,51.51912]},"properties":{"name":"Redemption Roasters","address":"Broadgate 3","postcode":"EC2M 2QS","website":""}},{"type":"Feature","geometry":{"type":"Point","coordinates":[-0.02528,51.40911]},"properties":{"name":"Fee & Brown","address":"High Street 50","postcode":"BR3 1AY","website":""}},{"type":"Feature","geometry":{"type":"Point","coordinates":[-0.3923,51.65805]},"properties":{"name":"d20","address":"","postcode":"","website":""}},{"type":"Feature","geometry":{"type":"Point","coordinates":[-0.19496,51.36726]},"properties":{"name":"Asda Café","address":"High Street 229","postcode":"SM1 1LD","website":""}},{"type":"Feature","geometry":{"type":"Point","coordinates":[-0.06889,51.5309]},"properties":{"name":"The Bright Store","address":"Hackney Road 268","postcode":"E2 7SJ","website":""}},{"type":"Feature","geometry":{"type":"Point","coordinates":[-0.01723,51.45368]},"properties":{"name":"Muffin Break","address":"Lewisham High Street 390-396","postcode":"SE13 6LH","website":"https://muffinbreak.co.uk"}},{"type":"Feature","geometry":{"type":"Point","coordinates":[-0.11652,51.53]},"properties":{"name":"Quills","address":"King's Cross Road 149","postcode":"WC1X 9BN","website":"https://www.quillsbrunchbar.co.uk/"}},{"type":"Feature","geometry":{"type":"Point","coordinates":[-0.11593,51.52917]},"properties":{"name":"Frequency","address":"King's Cross Road 121","postcode":"WC1X 9NH","website":""}},{"type":"Feature","geometry":{"type":"Point","coordinates":[-0.24462,51.45917]},"properties":{"name":"Southlands Cafe","address":"","postcode":"","website":""}},{"type":"Feature","geometry":{"type":"Point","coordinates":[-0.2448,51.53241]},"properties":{"name":"Train & Plane Cafe","address":"","postcode":"","website":""}},{"type":"Feature","geometry":{"type":"Point","coordinates":[-0.12399,51.57993]},"properties":{"name":"Sable D'Or","address":"The Broadway 43","postcode":"N8 8DT","website":""}},{"type":"Feature","geometry":{"type":"Point","coordinates":[-0.04201,51.54592]},"properties":{"name":"Blend Cafe Ltd","address":"Barnabas Road","postcode":"E9 5SD","website":"https://blendcafe.london/"}},{"type":"Feature","geometry":{"type":"Point","coordinates":[-0.18602,51.53007]},"properties":{"name":"GAIL's","address":"Elgin Avenue 237","postcode":"W9 1NJ","website":"https://gails.com/pages/maida-vale"}},{"type":"Feature","geometry":{"type":"Point","coordinates":[-0.20396,51.5328]},"properties":{"name":"Coffeeholic","address":"Kilburn Lane 354","postcode":"","website":""}},{"type":"Feature","geometry":{"type":"Point","coordinates":[-0.12073,51.51802]},"properties":{"name":"TIRAFFE","address":"Southampton Row 1","postcode":"WC1B 5HA","website":""}},{"type":"Feature","geometry":{"type":"Point","coordinates":[-0.05444,51.54888]},"properties":{"name":"We Are Vegan Everything","address":"Dispensary Lane 11","postcode":"E8 1FT","website":"https://weareveganeverything.com/"}},{"type":"Feature","geometry":{"type":"Point","coordinates":[-0.09105,51.50292]},"properties":{"name":"Crol & Co","address":"Newcomen Street","postcode":"","website":"https://www.crolandcocoffee.com/"}},{"type":"Feature","geometry":{"type":"Point","coordinates":[-0.19565,51.4018]},"properties":{"name":"the Crown coffee house","address":"","postcode":"","website":""}},{"type":"Feature","geometry":{"type":"Point","coordinates":[-0.19548,51.40181]},"properties":{"name":"Metronome","address":"Crown Lane 8","postcode":"SM4 5BL","website":"https://www.metronome.life/"}},{"type":"Feature","geometry":{"type":"Point","coordinates":[-0.17305,51.51876]},"properties":{"name":"Social Impact Coffee","address":"5","postcode":"","website":"https://www.socialimpactcoffee.org/"}},{"type":"Feature","geometry":{"type":"Point","coordinates":[-0.07363,51.53048]},"properties":{"name":"Long White Cloud","address":"Hackney Road 151","postcode":"E2 8JL","website":"https://longwhitecloudhoxton.com/"}},{"type":"Feature","geometry":{"type":"Point","coordinates":[-0.17461,51.51602]},"properties":{"name":"Blank Street Coffee","address":"Praed Street 159","postcode":"W2 1RL","website":"https://www.blankstreet.com/"}},{"type":"Feature","geometry":{"type":"Point","coordinates":[-0.28075,51.48659]},"properties":{"name":"The Coffee Traveller","address":"Thames Road 58","postcode":"W4 3RE","website":""}},{"type":"Feature","geometry":{"type":"Point","coordinates":[-0.43273,51.4025]},"properties":{"name":"Caffe Presto","address":"","postcode":"","website":""}},{"type":"Feature","geometry":{"type":"Point","coordinates":[-0.03525,51.47598]},"properties":{"name":"Mughead Coffee Shop","address":"New Cross Road 359","postcode":"SE14 6AT","website":""}},{"type":"Feature","geometry":{"type":"Point","coordinates":[-0.03735,51.47576]},"properties":{"name":"Wakey Wakey Cafe","address":"New Cross Road 319","postcode":"SE14 6AS","website":""}},{"type":"Feature","geometry":{"type":"Point","coordinates":[-0.0936,51.5146]},"properties":{"name":"V69 Coffee","address":"Gresham Street 30","postcode":"EC2V 7PG","website":"http://v69coffee.com"}},{"type":"Feature","geometry":{"type":"Point","coordinates":[-0.0974,51.51736]},"properties":{"name":"Giddy Up Coffee","address":"Aldersgate Street 200","postcode":"EC1A 4HD","website":""}},{"type":"Feature","geometry":{"type":"Point","coordinates":[-0.44845,51.3952]},"properties":{"name":"4 Thurlestone","address":"Thurlestone Parade 4","postcode":"TW17 9AR","website":""}},{"type":"Feature","geometry":{"type":"Point","coordinates":[-0.11001,51.52109]},"properties":{"name":"Attendant","address":"Leather Lane 75","postcode":"EC1N 7TJ","website":""}},{"type":"Feature","geometry":{"type":"Point","coordinates":[-0.13378,51.48186]},"properties":{"name":"District","address":"New Union Square 7","postcode":"SW11 7DN","website":"https://www.district.coffee"}},{"type":"Feature","geometry":{"type":"Point","coordinates":[-0.41153,51.44615]},"properties":{"name":"Chaiiwala","address":"High Street","postcode":"","website":""}},{"type":"Feature","geometry":{"type":"Point","coordinates":[-0.04799,51.49783]},"properties":{"name":"Mouse Tail Coffee Stories","address":"Maritime Street 13","postcode":"SE16 7FU","website":""}},{"type":"Feature","geometry":{"type":"Point","coordinates":[-0.19759,51.51078]},"properties":{"name":"Amoret Coffee","address":"Pembridge Road 53","postcode":"","website":"https://amoret.co.uk/"}},{"type":"Feature","geometry":{"type":"Point","coordinates":[-0.01208,51.46181]},"properties":{"name":"Muffin Break","address":"","postcode":"SE13 7EP","website":""}},{"type":"Feature","geometry":{"type":"Point","coordinates":[-0.19428,51.50959]},"properties":{"name":"Guillam","address":"Notting Hill Gate 26","postcode":"","website":""}},{"type":"Feature","geometry":{"type":"Point","coordinates":[-0.30546,51.46009]},"properties":{"name":"M&S Café","address":"","postcode":"","website":"https://www.marksandspencer.com/stores/richmond-2817"}},{"type":"Feature","geometry":{"type":"Point","coordinates":[-0.01707,51.50425]},"properties":{"name":"Notes","address":"Canada Square 20","postcode":"E14 5NN","website":"https://notescoffee.com/"}},{"type":"Feature","geometry":{"type":"Point","coordinates":[-0.12617,51.53591]},"properties":{"name":"Redemption Roasters","address":"Stable Street","postcode":"N1C 4AQ","website":"https://www.redemptionroasters.com"}},{"type":"Feature","geometry":{"type":"Point","coordinates":[-0.02484,51.54308]},"properties":{"name":"HWK Coffee","address":"White Post Lane 29","postcode":"E9 5EN","website":"https://www.hwklondon.com/"}},{"type":"Feature","geometry":{"type":"Point","coordinates":[-0.07633,51.52769]},"properties":{"name":"Rise & Bloom","address":"Hackney Road 28","postcode":"E2 7NS","website":""}},{"type":"Feature","geometry":{"type":"Point","coordinates":[-0.13897,51.47035]},"properties":{"name":"Beans and Bubbles","address":"Wandsworth Road 527-529","postcode":"SW8 4PA","website":"https://www.beansandbubbles.co.uk/"}},{"type":"Feature","geometry":{"type":"Point","coordinates":[-0.10863,51.4806]},"properties":{"name":"Vapelife Ldn","address":"Camberwell New Road 45","postcode":"SE5 0RZ","website":"http://vapelifeldn.com"}},{"type":"Feature","geometry":{"type":"Point","coordinates":[-0.3391,51.38917]},"properties":{"name":"Cafe Noir","address":"","postcode":"KT7 0HY","website":""}},{"type":"Feature","geometry":{"type":"Point","coordinates":[-0.36293,51.37528]},"properties":{"name":"Play Cafe","address":"","postcode":"","website":""}},{"type":"Feature","geometry":{"type":"Point","coordinates":[0.02514,51.2934]},"properties":{"name":"Sheree’s Store and Tea Room","address":"","postcode":"TN16 2AQ","website":""}},{"type":"Feature","geometry":{"type":"Point","coordinates":[-0.32182,51.5128]},"properties":{"name":"Waitrose","address":"Alexandria Road 2","postcode":"W13 0NL","website":""}},{"type":"Feature","geometry":{"type":"Point","coordinates":[-0.20568,51.51566]},"properties":{"name":"Cable Co.","address":"Blenheim Crescent 15b","postcode":"","website":""}},{"type":"Feature","geometry":{"type":"Point","coordinates":[-0.20658,51.51803]},"properties":{"name":"What A Week","address":"Portobello Road 252","postcode":"","website":"https://www.mikelcoffee.com/el/home"}},{"type":"Feature","geometry":{"type":"Point","coordinates":[-0.20956,51.51704]},"properties":{"name":"Cozy Trio","address":"Ladbroke Grove 112","postcode":"","website":""}},{"type":"Feature","geometry":{"type":"Point","coordinates":[-0.13133,51.52328]},"properties":{"name":"Lever & Bloom Coffee","address":"","postcode":"","website":""}},{"type":"Feature","geometry":{"type":"Point","coordinates":[-0.08884,51.52613]},"properties":{"name":"Good To Go","address":"","postcode":"","website":""}},{"type":"Feature","geometry":{"type":"Point","coordinates":[-0.19796,51.49945]},"properties":{"name":"Big City Dog","address":"Kensington High Street 212","postcode":"","website":"https://www.skillmanandsons.co.uk/"}},{"type":"Feature","geometry":{"type":"Point","coordinates":[0.07745,51.53747]},"properties":{"name":"Asda Café","address":"","postcode":"","website":""}},{"type":"Feature","geometry":{"type":"Point","coordinates":[0.15531,51.49117]},"properties":{"name":"Asda Café","address":"","postcode":"","website":""}},{"type":"Feature","geometry":{"type":"Point","coordinates":[-0.42495,51.50071]},"properties":{"name":"Asda Café","address":"","postcode":"","website":""}},{"type":"Feature","geometry":{"type":"Point","coordinates":[-0.16438,51.4656]},"properties":{"name":"Asda Café","address":"","postcode":"","website":""}},{"type":"Feature","geometry":{"type":"Point","coordinates":[-0.40053,51.5586]},"properties":{"name":"Asda Café","address":"","postcode":"","website":""}},{"type":"Feature","geometry":{"type":"Point","coordinates":[0.02731,51.49958]},"properties":{"name":"22nd Coffee","address":"Royal Crest Avenue 38","postcode":"E16 2TF","website":""}},{"type":"Feature","geometry":{"type":"Point","coordinates":[0.03061,51.50152]},"properties":{"name":"Little Hudson Cafe","address":"Starboard Way 4","postcode":"E16 2PF","website":"https://www.littlehudsoncafe.com/"}},{"type":"Feature","geometry":{"type":"Point","coordinates":[0.27791,51.45218]},"properties":{"name":"Asda Café","address":"Crossways Boulevard","postcode":"DA9 9BT","website":""}},{"type":"Feature","geometry":{"type":"Point","coordinates":[-0.19145,51.50193]},"properties":{"name":"Knoops","address":"Kensington High Street 80","postcode":"","website":""}},{"type":"Feature","geometry":{"type":"Point","coordinates":[-0.11894,51.52285]},"properties":{"name":"Redemption Roasters","address":"Lamb's Conduit Street 86","postcode":"","website":"https://www.redemptionroasters.com/"}},{"type":"Feature","geometry":{"type":"Point","coordinates":[-0.0742,51.51843]},"properties":{"name":"Suba","address":"Commercial Street 74","postcode":"E1 6LY","website":"https://www.subabakery.com/"}},{"type":"Feature","geometry":{"type":"Point","coordinates":[-0.00997,51.47969]},"properties":{"name":"The Green Cafe","address":"Greenwich High Road 285 - 289","postcode":"SE10 8NB","website":""}},{"type":"Feature","geometry":{"type":"Point","coordinates":[-0.18386,51.49899]},"properties":{"name":"Guillam Coffee House","address":"Gloucester Road 24","postcode":"SW7 4RB","website":""}},{"type":"Feature","geometry":{"type":"Point","coordinates":[-0.11144,51.60074]},"properties":{"name":"Amos Coffee","address":"High Road 242","postcode":"N22 8JX","website":""}},{"type":"Feature","geometry":{"type":"Point","coordinates":[-0.19487,51.45682]},"properties":{"name":"Espressino","address":"Chapel Yard 1","postcode":"SW18 4HZ","website":""}},{"type":"Feature","geometry":{"type":"Point","coordinates":[0.05034,51.54009]},"properties":{"name":"VE6","address":"Plashet Grove 296","postcode":"E6 1DQ","website":""}},{"type":"Feature","geometry":{"type":"Point","coordinates":[0.0161,51.50613]},"properties":{"name":"Perky Blenders x Goodvibes","address":"Dock Road 1","postcode":"E16 1AH","website":"https://www.wegotgoodvibes.com/"}},{"type":"Feature","geometry":{"type":"Point","coordinates":[-0.17816,51.49402]},"properties":{"name":"Urban Baristas","address":"Harrington Road 44","postcode":"","website":""}},{"type":"Feature","geometry":{"type":"Point","coordinates":[0.19063,51.51685]},"properties":{"name":"Coffee Station","address":"","postcode":"","website":""}},{"type":"Feature","geometry":{"type":"Point","coordinates":[-0.05543,51.54159]},"properties":{"name":"HOME","address":"Mare Street 217","postcode":"E8 3QE","website":""}},{"type":"Feature","geometry":{"type":"Point","coordinates":[-0.11262,51.57993]},"properties":{"name":"Stationers Park Cafe","address":"Denton Road","postcode":"","website":""}},{"type":"Feature","geometry":{"type":"Point","coordinates":[-0.11123,51.50141]},"properties":{"name":"Balance","address":"Lower Marsh 42-43","postcode":"SE1 7RG","website":"https://www.balancekitchen.co.uk/"}},{"type":"Feature","geometry":{"type":"Point","coordinates":[-0.16514,51.49785]},"properties":{"name":"Falamanki","address":"Beauchamp Place 10","postcode":"","website":"https://falamankishishalounge.business.site/"}},{"type":"Feature","geometry":{"type":"Point","coordinates":[-0.30367,51.37616]},"properties":{"name":"Ace of Spades","address":"Hook Road 162","postcode":"KT6 5BZ","website":""}},{"type":"Feature","geometry":{"type":"Point","coordinates":[0.07488,51.5062]},"properties":{"name":"The Well Bean Co.","address":"Upper Dock Walk 1-2","postcode":"E16 2GU","website":"https://www.wellbeanco.com/"}},{"type":"Feature","geometry":{"type":"Point","coordinates":[0.01563,51.55755]},"properties":{"name":"El Cafecito/Belle Juin","address":"Cann Hall Road 250","postcode":"E11 3NL","website":""}},{"type":"Feature","geometry":{"type":"Point","coordinates":[-0.17853,51.48734]},"properties":{"name":"Kiss the hippo","address":"Fulham Road 285","postcode":"","website":""}},{"type":"Feature","geometry":{"type":"Point","coordinates":[-0.15864,51.49326]},"properties":{"name":"The Roasting Party","address":"Pavilion Road 253","postcode":"","website":"https://theroastingparty.co.uk/"}},{"type":"Feature","geometry":{"type":"Point","coordinates":[-0.15602,51.48985]},"properties":{"name":"Kat Coffee","address":"Lower Sloane Street 93","postcode":"","website":"https://www.katcoffee.co.uk/"}},{"type":"Feature","geometry":{"type":"Point","coordinates":[-0.01503,51.49867]},"properties":{"name":"Attendant","address":"Harbour Exchange Square 2","postcode":"E14 9GE","website":""}},{"type":"Feature","geometry":{"type":"Point","coordinates":[-0.06667,51.55873]},"properties":{"name":"Bake Street","address":"Evering Road 58","postcode":"N16 7SR","website":""}},{"type":"Feature","geometry":{"type":"Point","coordinates":[-0.43289,51.65235]},"properties":{"name":"Amicis Cafe","address":"Baldwins Lane 53","postcode":"WD3 3LS","website":"https://www.amiciscafe.co.uk"}},{"type":"Feature","geometry":{"type":"Point","coordinates":[-0.04043,51.39912]},"properties":{"name":"Branching Out","address":"Croydon Road 149","postcode":"BR3 3QH","website":"https://www.branchingoutshop.com/"}},{"type":"Feature","geometry":{"type":"Point","coordinates":[-0.08631,51.56114]},"properties":{"name":"Fink's","address":"Stoke Newington Church Street","postcode":"N16 9HJ","website":"https://www.finks.co.uk/"}},{"type":"Feature","geometry":{"type":"Point","coordinates":[-0.12353,51.54259]},"properties":{"name":"Vinyl Cafe - Tileyard Studios","address":"Tileyard Road 6A","postcode":"N7 9AH","website":""}},{"type":"Feature","geometry":{"type":"Point","coordinates":[-0.4482,51.64839]},"properties":{"name":"Crazy Goat Coffee & Deli","address":"New Road 141","postcode":"","website":""}},{"type":"Feature","geometry":{"type":"Point","coordinates":[-0.09345,51.48079]},"properties":{"name":"Fowlds","address":"Addington Square 3","postcode":"SE5 7JZ","website":"http://www.fowldscafe.com/"}},{"type":"Feature","geometry":{"type":"Point","coordinates":[-0.16097,51.43521]},"properties":{"name":"Chaiiwala","address":"","postcode":"","website":""}},{"type":"Feature","geometry":{"type":"Point","coordinates":[-0.22742,51.50581]},"properties":{"name":"Angelo's Coffee","address":"Uxbridge Road 222","postcode":"","website":""}},{"type":"Feature","geometry":{"type":"Point","coordinates":[-0.00626,51.56426]},"properties":{"name":"Tamping Grounds","address":"Francis Road 179","postcode":"","website":""}},{"type":"Feature","geometry":{"type":"Point","coordinates":[-0.22263,51.50492]},"properties":{"name":"Chaiiwala","address":"Uxbridge Road 132","postcode":"","website":""}},{"type":"Feature","geometry":{"type":"Point","coordinates":[-0.20202,51.65534]},"properties":{"name":"Nkora","address":"High Street","postcode":"EN5 5XY","website":"nkora.co.uk"}},{"type":"Feature","geometry":{"type":"Point","coordinates":[-0.23202,51.50621]},"properties":{"name":"Westside Coffee","address":"Uxbridge Road 95","postcode":"","website":""}},{"type":"Feature","geometry":{"type":"Point","coordinates":[-0.14047,51.55072]},"properties":{"name":"Hopper Coffee","address":"","postcode":"","website":""}},{"type":"Feature","geometry":{"type":"Point","coordinates":[-0.33259,51.42451]},"properties":{"name":"Puccino's","address":"Victoria Road","postcode":"TW11 0BD","website":""}},{"type":"Feature","geometry":{"type":"Point","coordinates":[-0.07909,51.51544]},"properties":{"name":"WatchHouse","address":"St Mary Axe 70","postcode":"EC3A 8BA","website":"https://watchhouse.com"}},{"type":"Feature","geometry":{"type":"Point","coordinates":[-0.36067,51.53937]},"properties":{"name":"Pausa","address":"Western Avenue","postcode":"","website":""}},{"type":"Feature","geometry":{"type":"Point","coordinates":[-0.0874,51.51508]},"properties":{"name":"Notes","address":"","postcode":"","website":""}},{"type":"Feature","geometry":{"type":"Point","coordinates":[-0.01278,51.59083]},"properties":{"name":"Darling's at Town Hall","address":"","postcode":"","website":""}},{"type":"Feature","geometry":{"type":"Point","coordinates":[-0.06027,51.49902]},"properties":{"name":"NoNo","address":"West Lane 12","postcode":"SE16 4NY","website":"https://nonocoffee.com/"}},{"type":"Feature","geometry":{"type":"Point","coordinates":[-0.10813,51.48049]},"properties":{"name":"Cable Bakery","address":"","postcode":"","website":"https://www.cablebarandbakery.co.uk/"}},{"type":"Feature","geometry":{"type":"Point","coordinates":[0.00197,51.56609]},"properties":{"name":"Unity Cafe","address":"Richmond Road 8","postcode":"E11 4BA","website":""}},{"type":"Feature","geometry":{"type":"Point","coordinates":[-0.09908,51.49211]},"properties":{"name":"Sidecar Cafe","address":"","postcode":"","website":""}},{"type":"Feature","geometry":{"type":"Point","coordinates":[-0.11797,51.50025]},"properties":{"name":"AMT Coffee","address":"Lambeth Palace Road","postcode":"SE1 7EH","website":""}},{"type":"Feature","geometry":{"type":"Point","coordinates":[0.1013,51.37639]},"properties":{"name":"Easy Coffee","address":"","postcode":"BR6 0TW","website":""}},{"type":"Feature","geometry":{"type":"Point","coordinates":[-0.28667,51.42044]},"properties":{"name":"Colicci Coffee","address":"","postcode":"KT2 5JN","website":"https://www.colicci.co.uk/richmond-park"}},{"type":"Feature","geometry":{"type":"Point","coordinates":[-0.05782,51.53945]},"properties":{"name":"Malavenda Cafè","address":"Mentmore Terrace 1e","postcode":"","website":"https://www.malavendacafe.com/"}},{"type":"Feature","geometry":{"type":"Point","coordinates":[-0.2274,51.50213]},"properties":{"name":"Swallow Coffee Shop","address":"Goldhawk Road 75","postcode":"","website":""}},{"type":"Feature","geometry":{"type":"Point","coordinates":[-0.19139,51.54721]},"properties":{"name":"Intermission","address":"West Hampstead Square Unit 2","postcode":"NW6 2BR","website":"https://www.intermission.coffee/"}},{"type":"Feature","geometry":{"type":"Point","coordinates":[-0.14213,51.49602]},"properties":{"name":"Coffee Addict","address":"Vauxhall Bridge Road 324","postcode":"","website":""}},{"type":"Feature","geometry":{"type":"Point","coordinates":[-0.03882,51.49043]},"properties":{"name":"Wolfy's","address":"Bailey Street","postcode":"SE8 5EY","website":"https://www.wolfysbar.com/"}},{"type":"Feature","geometry":{"type":"Point","coordinates":[-0.12916,51.47188]},"properties":{"name":"Articulates","address":"","postcode":"","website":""}},{"type":"Feature","geometry":{"type":"Point","coordinates":[-0.33698,51.44518]},"properties":{"name":"Soul","address":"Heath Road 149","postcode":"TW1 4BH","website":"https://www.soulbylifetone.co.uk"}},{"type":"Feature","geometry":{"type":"Point","coordinates":[-0.22239,51.49754]},"properties":{"name":"Green House Coffee","address":"Shepherds Bush Road 121","postcode":"W6 7LP","website":"https://www.instagram.com/greenhousecoffee121?igsh=b2I1d3ZmMDFrYzhy"}},{"type":"Feature","geometry":{"type":"Point","coordinates":[-0.10522,51.52385]},"properties":{"name":"Clerkenwell Kiosk","address":"","postcode":"","website":""}},{"type":"Feature","geometry":{"type":"Point","coordinates":[-0.08042,51.51523]},"properties":{"name":"WatchHouse","address":"Bishopsgate 100","postcode":"EC2N 4AA","website":""}},{"type":"Feature","geometry":{"type":"Point","coordinates":[-0.25485,51.49407]},"properties":{"name":"Chief Coffee","address":"Turnham Green Terrace Mews 4","postcode":"W4 1QU","website":"https://chief-coffee.com"}},{"type":"Feature","geometry":{"type":"Point","coordinates":[-0.0323,51.53281]},"properties":{"name":"The Beans","address":"","postcode":"","website":""}},{"type":"Feature","geometry":{"type":"Point","coordinates":[-0.11678,51.51145]},"properties":{"name":"WatchHouse","address":"","postcode":"","website":""}},{"type":"Feature","geometry":{"type":"Point","coordinates":[-0.15738,51.52266]},"properties":{"name":"On the go","address":"","postcode":"","website":""}},{"type":"Feature","geometry":{"type":"Point","coordinates":[-0.2363,51.49315]},"properties":{"name":"Bitter Sweet Coffee","address":"King Street 218","postcode":"","website":""}},{"type":"Feature","geometry":{"type":"Point","coordinates":[-0.23689,51.49329]},"properties":{"name":"Tusk Cafe","address":"King Street 232","postcode":"","website":""}},{"type":"Feature","geometry":{"type":"Point","coordinates":[-0.07657,51.58951]},"properties":{"name":"With Milk","address":"Philip Lane 124","postcode":"N15 4JL","website":""}},{"type":"Feature","geometry":{"type":"Point","coordinates":[-0.3895,51.31801]},"properties":{"name":"Caffe Nesta","address":"Station Road","postcode":"KT11 3BW","website":""}},{"type":"Feature","geometry":{"type":"Point","coordinates":[-0.19494,51.50745]},"properties":{"name":"LIFT COFFEE Notting Hill","address":"Kensington Church Street","postcode":"W8 7LP","website":"https://www.liftcoffeelondon.com/"}},{"type":"Feature","geometry":{"type":"Point","coordinates":[-0.01403,51.46563]},"properties":{"name":"Puccino's","address":"Junction Approach","postcode":"SE13 7RY","website":""}},{"type":"Feature","geometry":{"type":"Point","coordinates":[0.27561,51.48867]},"properties":{"name":"Tesco Café","address":"Cygnet View","postcode":"RM20 1TX","website":"https://www.tesco.com/"}},{"type":"Feature","geometry":{"type":"Point","coordinates":[-0.0258,51.44432]},"properties":{"name":"Dolce","address":"Adenmore Road","postcode":"SE6 4FD","website":""}},{"type":"Feature","geometry":{"type":"Point","coordinates":[-0.09702,51.48777]},"properties":{"name":"Hermanos Colombian Coffee Roasters","address":"","postcode":"","website":"https://hermanoscoffeeroasters.com/"}},{"type":"Feature","geometry":{"type":"Point","coordinates":[0.12438,51.52537]},"properties":{"name":"GROUNDED","address":"Northgate Road","postcode":"IG11 0AN","website":"https://www.wearegroundedcoffee.co"}},{"type":"Feature","geometry":{"type":"Point","coordinates":[-0.13005,51.54971]},"properties":{"name":"Bread By Bike Cafe","address":"Brecknock Road 32","postcode":"N7 0DD","website":"https://breadbybike.com/cafe"}},{"type":"Feature","geometry":{"type":"Point","coordinates":[-0.12895,51.54865]},"properties":{"name":"Coffee Way Bistro","address":"York Way 181","postcode":"N7 9LN","website":"https://coffeewaybistro.co.uk/"}},{"type":"Feature","geometry":{"type":"Point","coordinates":[-0.32653,51.44784]},"properties":{"name":"Cheeky Chops Play Cafe","address":"York Street 37-39","postcode":"TW1 3LP","website":""}},{"type":"Feature","geometry":{"type":"Point","coordinates":[-0.1579,51.52329]},"properties":{"name":"Saint Espresso","address":"Baker Street 214","postcode":"NW1 5RT","website":""}},{"type":"Feature","geometry":{"type":"Point","coordinates":[-0.13216,51.64742]},"properties":{"name":"The Cookie","address":"Bramley Road 123","postcode":"N14 4UT","website":""}},{"type":"Feature","geometry":{"type":"Point","coordinates":[-0.06096,51.41762]},"properties":{"name":"Coffee Trailer","address":"","postcode":"","website":""}},{"type":"Feature","geometry":{"type":"Point","coordinates":[-0.01684,51.51929]},"properties":{"name":"Saffi","address":"Violet Road 63","postcode":"","website":""}},{"type":"Feature","geometry":{"type":"Point","coordinates":[-0.12549,51.52276]},"properties":{"name":"Burr & Co","address":"","postcode":"","website":"https://www.kimptonfitzroylondon.com/london-restaurant/burr-and-co/"}},{"type":"Feature","geometry":{"type":"Point","coordinates":[0.27104,51.48775]},"properties":{"name":"Pausa","address":"Weston Avenue","postcode":"RM20 3LP","website":"https://www.dunelm.com/"}},{"type":"Feature","geometry":{"type":"Point","coordinates":[0.27946,51.48473]},"properties":{"name":"Dee Dee's Family Café","address":"West Thurrock Way","postcode":"RM20 1WN","website":"https://www.therange.co.uk/deedees-cafe/"}},{"type":"Feature","geometry":{"type":"Point","coordinates":[-0.10004,51.50382]},"properties":{"name":"Hank and Ginger","address":"Union Street 164-180","postcode":"SE1 0LH","website":"https://hankandginger.co.uk/"}},{"type":"Feature","geometry":{"type":"Point","coordinates":[-0.1341,51.53054]},"properties":{"name":"The Coffee Hub","address":"Eversholt Street 104","postcode":"NW1 2DN","website":""}},{"type":"Feature","geometry":{"type":"Point","coordinates":[-0.00156,51.54018]},"properties":{"name":"Buyfoods Coffee","address":"","postcode":"","website":""}},{"type":"Feature","geometry":{"type":"Point","coordinates":[-0.01129,51.64626]},"properties":{"name":"Valley Cafe","address":"Sewardstone Road 155","postcode":"E4 7PA","website":""}},{"type":"Feature","geometry":{"type":"Point","coordinates":[-0.22087,51.49258]},"properties":{"name":"Store Street Espresso","address":"Hammersmith Road 245","postcode":"W6 8PW","website":"https://www.storestespresso.co.uk/"}},{"type":"Feature","geometry":{"type":"Point","coordinates":[0.07233,51.38898]},"properties":{"name":"Cheeky Goat","address":"Queensway 103a","postcode":"BR5 1DQ","website":"https://fancies-dessert-shop.business.site"}},{"type":"Feature","geometry":{"type":"Point","coordinates":[-0.14222,51.46364]},"properties":{"name":"Omnibus Cafe Bar","address":"Clapham Common North Side 1","postcode":"SW4 0QW","website":""}},{"type":"Feature","geometry":{"type":"Point","coordinates":[-0.26918,51.50666]},"properties":{"name":"The Coffee House","address":"High Street 135","postcode":"W3 6LY","website":"https://www.thecoffeehouseacton.co.uk/"}},{"type":"Feature","geometry":{"type":"Point","coordinates":[-0.20969,51.41086]},"properties":{"name":"Milk No Milk","address":"Kingston Road 281","postcode":"SW20 8LB","website":"https://milknomilk.co.uk/"}},{"type":"Feature","geometry":{"type":"Point","coordinates":[0.00792,51.56804]},"properties":{"name":"Perky Blenders","address":"","postcode":"","website":""}},{"type":"Feature","geometry":{"type":"Point","coordinates":[-0.27449,51.50812]},"properties":{"name":"Chai Spot","address":"High Street","postcode":"","website":""}},{"type":"Feature","geometry":{"type":"Point","coordinates":[-0.27528,51.50822]},"properties":{"name":"Chaiiwala","address":"High Street 267","postcode":"W3 9BY","website":"https://chaiwala.co.uk/"}},{"type":"Feature","geometry":{"type":"Point","coordinates":[-0.11989,51.59812]},"properties":{"name":"The Yard Cafe","address":"","postcode":"","website":""}},{"type":"Feature","geometry":{"type":"Point","coordinates":[0.02645,51.48799]},"properties":{"name":"M&S Café","address":"Gallions Road 1-5","postcode":"SE7 7FA","website":"https://www.marksandspencer.com/stores/charlton-1461"}},{"type":"Feature","geometry":{"type":"Point","coordinates":[-0.176,51.5161]},"properties":{"name":"FCB Coffee","address":"","postcode":"","website":""}},{"type":"Feature","geometry":{"type":"Point","coordinates":[-0.17716,51.5162]},"properties":{"name":"FCB Coffee","address":"","postcode":"","website":""}},{"type":"Feature","geometry":{"type":"Point","coordinates":[-0.0401,51.58869]},"properties":{"name":"Hermanos Colombian Coffee Roasters","address":"Sopwith Avenue","postcode":"","website":""}},{"type":"Feature","geometry":{"type":"Point","coordinates":[-0.30254,51.51289]},"properties":{"name":"Jamaica Blue","address":"","postcode":"","website":"https://www.jamaicablue.co.uk/"}},{"type":"Feature","geometry":{"type":"Point","coordinates":[-0.23655,51.49399]},"properties":{"name":"No 1 Coffee London","address":"","postcode":"","website":""}},{"type":"Feature","geometry":{"type":"Point","coordinates":[-0.14563,51.51378]},"properties":{"name":"WatchHouse","address":"Medici Courtyard 2-3","postcode":"W1S 1BR","website":"http://WatchHouse.com"}},{"type":"Feature","geometry":{"type":"Point","coordinates":[-0.07693,51.52759]},"properties":{"name":"Nkora","address":"Hackney Road 21","postcode":"E2 7NX","website":"http://nkora.co.uk/"}},{"type":"Feature","geometry":{"type":"Point","coordinates":[-0.08554,51.50551]},"properties":{"name":"FCB Coffee","address":"Tooley Street 52","postcode":"","website":"https://www.fcbcoffee.com/"}},{"type":"Feature","geometry":{"type":"Point","coordinates":[-0.14508,51.51371]},"properties":{"name":"WatchHouse","address":"Medici Courtyard 2-3","postcode":"W1S 1BR","website":"https://watchhouse.com/"}},{"type":"Feature","geometry":{"type":"Point","coordinates":[-0.01861,51.37664]},"properties":{"name":"Coromandel Roast","address":"High Street 86","postcode":"BR4 0NF","website":""}},{"type":"Feature","geometry":{"type":"Point","coordinates":[-0.08897,51.51769]},"properties":{"name":"Rosslyn","address":"London Wall 118","postcode":"","website":"https://www.rosslyncoffee.com/"}},{"type":"Feature","geometry":{"type":"Point","coordinates":[-0.12165,51.51965]},"properties":{"name":"Chaiiwala","address":"","postcode":"","website":""}},{"type":"Feature","geometry":{"type":"Point","coordinates":[-0.13926,51.52573]},"properties":{"name":"Beany Green","address":"","postcode":"","website":""}},{"type":"Feature","geometry":{"type":"Point","coordinates":[-0.07933,51.51853]},"properties":{"name":"Store Street Espresso","address":"Bishopsgate 222","postcode":"EC2M 4QD","website":"https://www.storestespresso.co.uk/"}},{"type":"Feature","geometry":{"type":"Point","coordinates":[-0.07912,51.52348]},"properties":{"name":"Old Spike","address":"","postcode":"","website":""}},{"type":"Feature","geometry":{"type":"Point","coordinates":[-0.09694,51.49308]},"properties":{"name":"Hana","address":"","postcode":"","website":""}},{"type":"Feature","geometry":{"type":"Point","coordinates":[-0.06965,51.5291]},"properties":{"name":"Hermanos Colombian Coffee Roasters","address":"Columbia Road 124","postcode":"","website":"https://hermanoscoffeeroasters.com/"}},{"type":"Feature","geometry":{"type":"Point","coordinates":[-0.38922,51.31892]},"properties":{"name":"Cafe Barbera","address":"Station Road 38","postcode":"KT11 3BN","website":""}},{"type":"Feature","geometry":{"type":"Point","coordinates":[-0.13414,51.51389]},"properties":{"name":"EL&N","address":"","postcode":"","website":""}},{"type":"Feature","geometry":{"type":"Point","coordinates":[-0.07643,51.49976]},"properties":{"name":"WatchHouse","address":"Maltby Street 36","postcode":"","website":"https://watchhouse.com/"}},{"type":"Feature","geometry":{"type":"Point","coordinates":[-0.0168,51.50543]},"properties":{"name":"Blank Street Coffee","address":"Canada Square 38","postcode":"E14 5AH","website":""}},{"type":"Feature","geometry":{"type":"Point","coordinates":[-0.00792,51.54631]},"properties":{"name":"Hermanos Colombian Coffee Roasters","address":"","postcode":"","website":""}},{"type":"Feature","geometry":{"type":"Point","coordinates":[-0.1154,51.50239]},"properties":{"name":"Grind","address":"","postcode":"","website":"https://drink.brewdog.com/uk/waterloo-grind"}},{"type":"Feature","geometry":{"type":"Point","coordinates":[-0.33631,51.5809]},"properties":{"name":"Muffin Break","address":"","postcode":"","website":""}},{"type":"Feature","geometry":{"type":"Point","coordinates":[-0.0715,51.52467]},"properties":{"name":"HOKO Hong Kong Cafe","address":"Brick Lane 224","postcode":"E1 6SA","website":"https://www.hokolondon.co/"}},{"type":"Feature","geometry":{"type":"Point","coordinates":[-0.33016,51.44992]},"properties":{"name":"Puccino's","address":"London Road","postcode":"","website":""}},{"type":"Feature","geometry":{"type":"Point","coordinates":[0.17955,51.45112]},"properties":{"name":"Esquires Coffee","address":"Crayford Road 171-173","postcode":"DA1 4HA","website":""}},{"type":"Feature","geometry":{"type":"Point","coordinates":[0.17784,51.45233]},"properties":{"name":"Blue Flower Coffee Lounge","address":"Crayford High Street","postcode":"","website":""}},{"type":"Feature","geometry":{"type":"Point","coordinates":[0.01134,51.51706]},"properties":{"name":"Chaiiwala","address":"Barking Road 112","postcode":"E16 1EN","website":"https://www.chaiiwala.co.uk/"}},{"type":"Feature","geometry":{"type":"Point","coordinates":[-0.30581,51.40937]},"properties":{"name":"Fortunella Cafe","address":"Apple Market 8","postcode":"KT1 1JE","website":"http://www.fortunella.co.uk/"}},{"type":"Feature","geometry":{"type":"Point","coordinates":[-0.08141,51.53906]},"properties":{"name":"Batch Baby","address":"","postcode":"N1 5SF","website":"https://www.batchbaby.co.uk/"}},{"type":"Feature","geometry":{"type":"Point","coordinates":[0.00853,51.46571]},"properties":{"name":"Puccino's","address":"","postcode":"SE3 9LE","website":""}},{"type":"Feature","geometry":{"type":"Point","coordinates":[-0.10361,51.50424]},"properties":{"name":"Origin","address":"Scoresby Street 84","postcode":"SE1 0XN","website":"https://www.origincoffee.co.uk/pages/origin-coffee-scoresby-street"}},{"type":"Feature","geometry":{"type":"Point","coordinates":[0.00711,51.48563]},"properties":{"name":"Avocado & Coffee","address":"Trafalgar Road 228-232","postcode":"SE10 9ER","website":"https://avocadoandcoffee.com/"}},{"type":"Feature","geometry":{"type":"Point","coordinates":[0.0006,51.48393]},"properties":{"name":"Kitchen Garden","address":"Trafalgar Road 77","postcode":"SE10 9TS","website":""}},{"type":"Feature","geometry":{"type":"Point","coordinates":[0.00095,51.48406]},"properties":{"name":"Black Eye","address":"Trafalgar Road 85","postcode":"SE10 9TS","website":"https://www.blackeyelondon.uk/"}},{"type":"Feature","geometry":{"type":"Point","coordinates":[0.02098,51.47675]},"properties":{"name":"Moca","address":"Old Dover Road 10","postcode":"SE3 7BT","website":""}},{"type":"Feature","geometry":{"type":"Point","coordinates":[0.01831,51.47689]},"properties":{"name":"Boulangerie Jade","address":"Vanbrugh Park 48","postcode":"SE3 7JQ","website":""}},{"type":"Feature","geometry":{"type":"Point","coordinates":[0.01903,51.4777]},"properties":{"name":"Mara Coffee","address":"Westcombe Hill 180","postcode":"SE3 7DH","website":""}},{"type":"Feature","geometry":{"type":"Point","coordinates":[0.00397,51.48505]},"properties":{"name":"Lady Deni Brunch","address":"Trafalgar Road 177","postcode":"SE10 9TX","website":""}},{"type":"Feature","geometry":{"type":"Point","coordinates":[-0.00991,51.48103]},"properties":{"name":"Greenwich Morning","address":"Greenwich Church Street 17","postcode":"SE10 9BJ","website":""}},{"type":"Feature","geometry":{"type":"Point","coordinates":[-0.00976,51.48128]},"properties":{"name":"15grams","address":"Greenwich Church Street 28","postcode":"SE10 9BJ","website":"https://www.15grams.co.uk/"}},{"type":"Feature","geometry":{"type":"Point","coordinates":[0.00888,51.466]},"properties":{"name":"Madeleine's Creperie","address":"Tranquil Vale 1-3","postcode":"SE3 0BU","website":"https://www.madeleinescreperie.com/"}},{"type":"Feature","geometry":{"type":"Point","coordinates":[-0.05875,51.53759]},"properties":{"name":"Paradox Coffee","address":"","postcode":"","website":"https://www.welcometotheparadox.com/"}},{"type":"Feature","geometry":{"type":"Point","coordinates":[-0.01798,51.47633]},"properties":{"name":"Coffee & Beyond","address":"Greenwich High Road 83","postcode":"SE10 8JL","website":""}},{"type":"Feature","geometry":{"type":"Point","coordinates":[-0.1035,51.5114]},"properties":{"name":"Buzz Coffee","address":"","postcode":"","website":""}},{"type":"Feature","geometry":{"type":"Point","coordinates":[-0.01161,51.52488]},"properties":{"name":"Dream Bean","address":"","postcode":"","website":""}},{"type":"Feature","geometry":{"type":"Point","coordinates":[-0.17407,51.49432]},"properties":{"name":"Lola's","address":"South Kensington Station Arcade 10","postcode":"SW7 2NA","website":""}},{"type":"Feature","geometry":{"type":"Point","coordinates":[-0.08474,51.5609]},"properties":{"name":"13th Floor Coffee","address":"","postcode":"","website":""}},{"type":"Feature","geometry":{"type":"Point","coordinates":[0.07446,51.38959]},"properties":{"name":"Coffee X","address":"Station Square 20","postcode":"BR5 1NA","website":""}},{"type":"Feature","geometry":{"type":"Point","coordinates":[-0.16296,51.50215]},"properties":{"name":"Co.","address":"Park Close 4-6","postcode":"SW1X 7PQ","website":"https://www.co-london.co.uk/"}},{"type":"Feature","geometry":{"type":"Point","coordinates":[0.07019,51.55976]},"properties":{"name":"Perky Blenders","address":"Cranbrook Road","postcode":"","website":""}},{"type":"Feature","geometry":{"type":"Point","coordinates":[-0.39659,51.66397]},"properties":{"name":"Puccino's","address":"Watford Junction Railway Station, Station Road","postcode":"WD17 1EU","website":"https://www.puccinosworldwide.com/locations/"}},{"type":"Feature","geometry":{"type":"Point","coordinates":[-0.02589,51.54411]},"properties":{"name":"Bad Coffee","address":"Prince Edward Road","postcode":"E9 5LX","website":"https://www.drinkbadcoffee.com/"}},{"type":"Feature","geometry":{"type":"Point","coordinates":[-0.15687,51.49731]},"properties":{"name":"Anya Cafe","address":"Pont Street 9","postcode":"SW1X 9EJ","website":""}},{"type":"Feature","geometry":{"type":"Point","coordinates":[0.01913,51.47658]},"properties":{"name":"S.O.S Coffee","address":"Stratheden Parade 2","postcode":"SE3 7SX","website":""}},{"type":"Feature","geometry":{"type":"Point","coordinates":[-0.0755,51.51926]},"properties":{"name":"Grind","address":"Brushfield Street 43","postcode":"E1 6AA","website":""}},{"type":"Feature","geometry":{"type":"Point","coordinates":[-0.12627,51.53218]},"properties":{"name":"AMT Coffee","address":"","postcode":"","website":""}},{"type":"Feature","geometry":{"type":"Point","coordinates":[-0.17951,51.51927]},"properties":{"name":"Grnd House","address":"","postcode":"","website":""}},{"type":"Feature","geometry":{"type":"Point","coordinates":[-0.02821,51.51213]},"properties":{"name":"Beans & Beyond","address":"Commercial Road 819-821","postcode":"E14 7HG","website":"https://www.bbcafe.co.uk/"}},{"type":"Feature","geometry":{"type":"Point","coordinates":[-0.07493,51.51976]},"properties":{"name":"Climpson & Sons Coffee Bar","address":"","postcode":"","website":"https://climpsonandsons.com/"}},{"type":"Feature","geometry":{"type":"Point","coordinates":[-0.11708,51.51281]},"properties":{"name":"Arcade Cafe","address":"Aldwych 30","postcode":"WC2B 4BG","website":"https://www.kingsvenues.com/Conferences-Meetings/Bush-House/Arcade"}},{"type":"Feature","geometry":{"type":"Point","coordinates":[-0.13993,51.45415]},"properties":{"name":"Nue Ground","address":"","postcode":"","website":""}},{"type":"Feature","geometry":{"type":"Point","coordinates":[-0.12877,51.509]},"properties":{"name":"Espresso Bar","address":"","postcode":"","website":""}},{"type":"Feature","geometry":{"type":"Point","coordinates":[-0.29725,51.38833]},"properties":{"name":"Black Swan","address":"Ewell Road 169","postcode":"KT6 6AW","website":""}},{"type":"Feature","geometry":{"type":"Point","coordinates":[-0.3361,51.55696]},"properties":{"name":"Caffeine Co","address":"Greenford Road","postcode":"HA1 3RA","website":""}},{"type":"Feature","geometry":{"type":"Point","coordinates":[0.08132,51.58826]},"properties":{"name":"Café 104","address":"Tanners Lane 104","postcode":"IG6 1QE","website":"https://www.cafe104.co.uk/"}},{"type":"Feature","geometry":{"type":"Point","coordinates":[0.06661,51.57626]},"properties":{"name":"Gold's Coffee","address":"Cranbrook Road 428","postcode":"IG2 6HW","website":""}},{"type":"Feature","geometry":{"type":"Point","coordinates":[0.10203,51.43459]},"properties":{"name":"Caffe Nuovo","address":"Station Road 123","postcode":"DA15 7AJ","website":"https://www.caffe-nuovo.co.uk/#/"}},{"type":"Feature","geometry":{"type":"Point","coordinates":[0.0829,51.59082]},"properties":{"name":"Bella's coffee","address":"High Street 86","postcode":"IG6 2DR","website":""}},{"type":"Feature","geometry":{"type":"Point","coordinates":[-0.12073,51.53168]},"properties":{"name":"Keystone Coffee","address":"Caledonian Road 26","postcode":"N1 9DT","website":""}},{"type":"Feature","geometry":{"type":"Point","coordinates":[-0.11219,51.50121]},"properties":{"name":"Calico Coffee","address":"Lower Marsh 102","postcode":"SE1 7AB","website":"https://www.dansbarbershop.london/"}},{"type":"Feature","geometry":{"type":"Point","coordinates":[-0.22702,51.54752]},"properties":{"name":"Marina Cafe","address":"","postcode":"","website":""}},{"type":"Feature","geometry":{"type":"Point","coordinates":[-0.07782,51.52386]},"properties":{"name":"Dark Arts Coffee","address":"Holywell Lane","postcode":"","website":""}},{"type":"Feature","geometry":{"type":"Point","coordinates":[-0.2912,51.38635]},"properties":{"name":"Coffee on the Corner","address":"Beaconsfield Road 99","postcode":"KT5 9AW","website":"https://www.coffeeotc.co.uk/"}},{"type":"Feature","geometry":{"type":"Point","coordinates":[-0.1264,51.49846]},"properties":{"name":"Jewel Tower Cafe","address":"","postcode":"","website":""}},{"type":"Feature","geometry":{"type":"Point","coordinates":[-0.012,51.47771]},"properties":{"name":"Naked","address":"Greenwich South Street 9","postcode":"SE10 8NW","website":""}},{"type":"Feature","geometry":{"type":"Point","coordinates":[0.0899,51.35407]},"properties":{"name":"ExN Social","address":"High Street 27","postcode":"BR6 6BG","website":"https://www.endurancexnature.com/"}},{"type":"Feature","geometry":{"type":"Point","coordinates":[-0.07895,51.55773]},"properties":{"name":"Everyday Sunshine","address":"Barbauld Road 49","postcode":"","website":"https://www.thisisrude.com/pages/coffee-hatch"}},{"type":"Feature","geometry":{"type":"Point","coordinates":[-0.32509,51.46842]},"properties":{"name":"South Street Coffee and Ice cream Shop","address":"Shrewsbury Walk 2","postcode":"TW7 7DE","website":""}},{"type":"Feature","geometry":{"type":"Point","coordinates":[-0.42254,51.6112]},"properties":{"name":"Cofix","address":"Green Lane 76","postcode":"HA6 2XS","website":"https://www.cofixnorthwood.co.uk/"}},{"type":"Feature","geometry":{"type":"Point","coordinates":[-0.16,51.51382]},"properties":{"name":"The Gentlemen Baristas","address":"Marble Arch 5","postcode":"W1H 7EJ","website":"https://www.thegentlemenbaristas.com/pages/coffee-houses"}},{"type":"Feature","geometry":{"type":"Point","coordinates":[-0.13934,51.51399]},"properties":{"name":"EL&N","address":"Great Marlborough Street 35","postcode":"W1F 7JF","website":""}},{"type":"Feature","geometry":{"type":"Point","coordinates":[-0.12421,51.60704]},"properties":{"name":"Urban Baristas","address":"","postcode":"","website":""}},{"type":"Feature","geometry":{"type":"Point","coordinates":[-0.11099,51.38931]},"properties":{"name":"M&S Café","address":"","postcode":"","website":""}},{"type":"Feature","geometry":{"type":"Point","coordinates":[-0.29774,51.38879]},"properties":{"name":"Munchies Cafe","address":"Ewell Road 156","postcode":"KT6 6HE","website":""}},{"type":"Feature","geometry":{"type":"Point","coordinates":[-0.01867,51.50367]},"properties":{"name":"Notes","address":"Bank Street","postcode":"E14 5HL","website":""}},{"type":"Feature","geometry":{"type":"Point","coordinates":[-0.1144,51.48074]},"properties":{"name":"Liloo","address":"Claylands Road 8","postcode":"SW8 1NY","website":"https://www.instagram.com/liloo.co.uk/"}},{"type":"Feature","geometry":{"type":"Point","coordinates":[0.00896,51.46563]},"properties":{"name":"Blackheath Coffee Co.","address":"Blackheath Village 6-8","postcode":"","website":""}},{"type":"Feature","geometry":{"type":"Point","coordinates":[-0.12258,51.5073]},"properties":{"name":"Blues & Royals","address":"Embankment Place","postcode":"WC2N 6NS","website":""}},{"type":"Feature","geometry":{"type":"Point","coordinates":[-0.00795,51.57002]},"properties":{"name":"Perky Blenders","address":"","postcode":"","website":""}},{"type":"Feature","geometry":{"type":"Point","coordinates":[-0.08415,51.52368]},"properties":{"name":"Alchemy Coffee","address":"Paul Street","postcode":"","website":"https://alchemycoffee.co.uk/"}},{"type":"Feature","geometry":{"type":"Point","coordinates":[-0.00079,51.45192]},"properties":{"name":"Mugadas' Machiato & More","address":"","postcode":"","website":""}},{"type":"Feature","geometry":{"type":"Point","coordinates":[-0.30489,51.45791]},"properties":{"name":"Kapucin","address":"Hill Rise 18b","postcode":"TW10 6UA","website":"https://www.kapucin.co.uk/"}},{"type":"Feature","geometry":{"type":"Point","coordinates":[-0.07725,51.53372]},"properties":{"name":"Moko Made","address":"Kingsland Road 211","postcode":"E2 8AN","website":""}},{"type":"Feature","geometry":{"type":"Point","coordinates":[-0.01998,51.50546]},"properties":{"name":"Grind","address":"","postcode":"","website":""}},{"type":"Feature","geometry":{"type":"Point","coordinates":[-0.14704,51.477]},"properties":{"name":"Nostos Coffee","address":"Battersea Park Rd 10a","postcode":"SW8 4FF","website":""}},{"type":"Feature","geometry":{"type":"Point","coordinates":[-0.0167,51.50577]},"properties":{"name":"Fave Coffee Truck","address":"Crossrail Place","postcode":"","website":""}},{"type":"Feature","geometry":{"type":"Point","coordinates":[0.00584,51.54609]},"properties":{"name":"Triple Two","address":"","postcode":"","website":""}},{"type":"Feature","geometry":{"type":"Point","coordinates":[-0.10137,51.45268]},"properties":{"name":"Elsewhere","address":"Half Moon Lane 1a","postcode":"SE24 9JU","website":"https://elsewherecoffee.com"}},{"type":"Feature","geometry":{"type":"Point","coordinates":[-0.12278,51.56659]},"properties":{"name":"Bonga Coffee","address":"","postcode":"","website":"https://www.yourcoffeehub.com/"}},{"type":"Feature","geometry":{"type":"Point","coordinates":[0.03516,51.31089]},"properties":{"name":"The Hangar London","address":"Main Road 128","postcode":"TN16 3BA","website":"https://www.hangarlondon.co.uk"}},{"type":"Feature","geometry":{"type":"Point","coordinates":[0.03392,51.31309]},"properties":{"name":"Caffe Isabella","address":"Main Road 171","postcode":"TN16 3JR","website":"https://www.caffeisabella.co.uk/"}},{"type":"Feature","geometry":{"type":"Point","coordinates":[-0.25586,51.40409]},"properties":{"name":"fee-ka","address":"Coombe Road 3","postcode":"KT3 4PX","website":""}},{"type":"Feature","geometry":{"type":"Point","coordinates":[-0.15166,51.55004]},"properties":{"name":"Rogues Quarter","address":"Queen's Crescent 155-157","postcode":"NW5 4EA","website":"https://www.roguesquarter.com/"}},{"type":"Feature","geometry":{"type":"Point","coordinates":[-0.47349,51.50829]},"properties":{"name":"No 46","address":"","postcode":"","website":""}},{"type":"Feature","geometry":{"type":"Point","coordinates":[-0.26164,51.38484]},"properties":{"name":"Hooky St Coffee Co","address":"","postcode":"KT3 5PN","website":""}},{"type":"Feature","geometry":{"type":"Point","coordinates":[-0.0981,51.49253]},"properties":{"name":"Change Please","address":"","postcode":"","website":""}},{"type":"Feature","geometry":{"type":"Point","coordinates":[-0.13399,51.52176]},"properties":{"name":"Caffé Presto","address":"Torrington Place 32","postcode":"WC1E 7HJ","website":""}},{"type":"Feature","geometry":{"type":"Point","coordinates":[0.01659,51.40504]},"properties":{"name":"Patisserie Valerie","address":"High Street","postcode":"BR1 1DD","website":"https://patisserie-valerie.co.uk/pages/pat-val-bromley"}},{"type":"Feature","geometry":{"type":"Point","coordinates":[-0.00948,51.48254]},"properties":{"name":"Cutty Sark Café","address":"King William Walk 43","postcode":"SE10 9HT","website":"https://www.rmg.co.uk/plan-your-visit/eat-drink#cutty"}},{"type":"Feature","geometry":{"type":"Point","coordinates":[-0.04626,51.5501]},"properties":{"name":"Change Please","address":"","postcode":"","website":""}},{"type":"Feature","geometry":{"type":"Point","coordinates":[-0.0819,51.56163]},"properties":{"name":"Sapid Coffee","address":"Church Street 168","postcode":"","website":""}},{"type":"Feature","geometry":{"type":"Point","coordinates":[-0.12268,51.50977]},"properties":{"name":"Blank Street Coffee","address":"65-72","postcode":"WC2N 5LR","website":""}},{"type":"Feature","geometry":{"type":"Point","coordinates":[-0.08118,51.49934]},"properties":{"name":"Fuckoffee","address":"Bermondsey Street 163","postcode":"","website":"https://www.fuckoffee.com/"}},{"type":"Feature","geometry":{"type":"Point","coordinates":[-0.106,51.53362]},"properties":{"name":"Blank Street Coffee","address":"Upper Street 4","postcode":"","website":""}},{"type":"Feature","geometry":{"type":"Point","coordinates":[-0.316,51.33441]},"properties":{"name":"The Barn KT9","address":"","postcode":"KT9 2NH","website":"https://www.thebarnkt9.com/"}},{"type":"Feature","geometry":{"type":"Point","coordinates":[-0.04099,51.54882]},"properties":{"name":"Coopersale Coffee House","address":"Homerton High Street 143-145","postcode":"","website":""}},{"type":"Feature","geometry":{"type":"Point","coordinates":[-0.10256,51.53843]},"properties":{"name":"Selv Roastery","address":"Upper Street 116b","postcode":"","website":""}},{"type":"Feature","geometry":{"type":"Point","coordinates":[-0.12834,51.63256]},"properties":{"name":"Claud W. Dennis","address":"Chase Side 3","postcode":"N14 5BP","website":""}},{"type":"Feature","geometry":{"type":"Point","coordinates":[-0.01531,51.47759]},"properties":{"name":"18Grams","address":"Lovibond Lane 23","postcode":"SE10 9FY","website":""}},{"type":"Feature","geometry":{"type":"Point","coordinates":[-0.27535,51.61516]},"properties":{"name":"Liam's Coffee House","address":"","postcode":"","website":""}},{"type":"Feature","geometry":{"type":"Point","coordinates":[-0.03311,51.53217]},"properties":{"name":"A.F/P Coffee Shop","address":"Roman Road 482","postcode":"","website":"https://afallenpoete.com/"}},{"type":"Feature","geometry":{"type":"Point","coordinates":[-0.07463,51.54523]},"properties":{"name":"hōm","address":"","postcode":"","website":"https://hōmdalston.com"}},{"type":"Feature","geometry":{"type":"Point","coordinates":[0.05401,51.50765]},"properties":{"name":"Freight","address":"Lascars Avenue 27","postcode":"E16 2YP","website":""}},{"type":"Feature","geometry":{"type":"Point","coordinates":[-0.02063,51.43652]},"properties":{"name":"Pausa","address":"","postcode":"","website":""}},{"type":"Feature","geometry":{"type":"Point","coordinates":[-0.13292,51.51774]},"properties":{"name":"123V Bakery & Studio Gauthier","address":"Stephen Street 21","postcode":"W1T 1LN","website":""}},{"type":"Feature","geometry":{"type":"Point","coordinates":[0.07329,51.38869]},"properties":{"name":"% Arabica","address":"Chatsworth Parade 2","postcode":"BR5 1DF","website":""}},{"type":"Feature","geometry":{"type":"Point","coordinates":[0.07274,51.38923]},"properties":{"name":"Oakley Coffee","address":"Chatsworth Parade 15","postcode":"BR5 1DF","website":""}},{"type":"Feature","geometry":{"type":"Point","coordinates":[-0.08264,51.51427]},"properties":{"name":"Blend","address":"","postcode":"","website":""}},{"type":"Feature","geometry":{"type":"Point","coordinates":[-0.12954,51.43131]},"properties":{"name":"Batch & Co","address":"Streatham High Road","postcode":"SW16 1BB","website":""}},{"type":"Feature","geometry":{"type":"Point","coordinates":[-0.1285,51.43392]},"properties":{"name":"I Love Coffee","address":"Streatham High Road","postcode":"","website":""}},{"type":"Feature","geometry":{"type":"Point","coordinates":[-0.02954,51.47565]},"properties":{"name":"El Señorio Criollo","address":"New Cross Road","postcode":"","website":""}},{"type":"Feature","geometry":{"type":"Point","coordinates":[-0.25288,51.33453]},"properties":{"name":"Park View Cafe","address":"","postcode":"","website":"https://www.myparkviewcafe.com/"}},{"type":"Feature","geometry":{"type":"Point","coordinates":[-0.05167,51.41357]},"properties":{"name":"Carnival Coffee Roasters","address":"High Street 9","postcode":"SE20 7TN","website":""}},{"type":"Feature","geometry":{"type":"Point","coordinates":[-0.13053,51.54995]},"properties":{"name":"Humdingers","address":"Brecknock Road 39","postcode":"N7 0BT","website":""}},{"type":"Feature","geometry":{"type":"Point","coordinates":[-0.3236,51.50995]},"properties":{"name":"Made In Napoli","address":"Leeland Road 17","postcode":"","website":""}},{"type":"Feature","geometry":{"type":"Point","coordinates":[-0.0141,51.37561]},"properties":{"name":"Roast Bistro","address":"Bell Parade 2","postcode":"BR4 0RH","website":""}},{"type":"Feature","geometry":{"type":"Point","coordinates":[-0.00586,51.56368]},"properties":{"name":"Scottalia","address":"","postcode":"","website":""}},{"type":"Feature","geometry":{"type":"Point","coordinates":[-0.1406,51.49694]},"properties":{"name":"Change Please","address":"","postcode":"","website":""}},{"type":"Feature","geometry":{"type":"Point","coordinates":[-0.38549,51.66647]},"properties":{"name":"WRFC Bar & Coffee House","address":"Radlett Road","postcode":"WD24 4LL","website":"https://www.wrfcbarandcoffeehouse.com/"}},{"type":"Feature","geometry":{"type":"Point","coordinates":[-0.12329,51.47804]},"properties":{"name":"Moonstruck Cafe","address":"South Lambeth Road 153","postcode":"SW8 1XN","website":"https://www.moonstruck.cafe"}},{"type":"Feature","geometry":{"type":"Point","coordinates":[-0.0613,51.52635]},"properties":{"name":"Oxford House café","address":"Derbyshire Street","postcode":"E2 6HG","website":"https://www.oxfordhouse.org.uk/!#cafe-anchor"}},{"type":"Feature","geometry":{"type":"Point","coordinates":[-0.02035,51.50519]},"properties":{"name":"WatchHouse","address":"","postcode":"","website":"https://watchhouse.com/"}},{"type":"Feature","geometry":{"type":"Point","coordinates":[-0.17422,51.49402]},"properties":{"name":"Blank Street Coffee","address":"","postcode":"","website":""}},{"type":"Feature","geometry":{"type":"Point","coordinates":[-0.08978,51.46749]},"properties":{"name":"Cafe Hope","address":"Champion Park 1","postcode":"SE5 8FJ","website":""}},{"type":"Feature","geometry":{"type":"Point","coordinates":[-0.06302,51.52377]},"properties":{"name":"Urban Baristas","address":"Dunbridge Street","postcode":"E2 6JG","website":"https://www.urbanbaristas.co.uk/"}},{"type":"Feature","geometry":{"type":"Point","coordinates":[0.05073,51.4791]},"properties":{"name":"Union House Cafe","address":"","postcode":"","website":"https://www.lewishamandgreenwich.nhs.uk/facilities-at-queen-elizabeth-hospital"}},{"type":"Feature","geometry":{"type":"Point","coordinates":[-0.0665,51.52639]},"properties":{"name":"Knead a Little Love","address":"Bethnal Green Road 253","postcode":"E2 6AH","website":"https://www.kneadalittlelove.com"}},{"type":"Feature","geometry":{"type":"Point","coordinates":[-0.47983,51.3453]},"properties":{"name":"Coffee Corner Stop","address":"Oyster Lane 103","postcode":"KT14 7JF","website":"http://coffeecornerstop.com/"}},{"type":"Feature","geometry":{"type":"Point","coordinates":[-0.03611,51.47449]},"properties":{"name":"Goldsmiths Students' Union Cafe","address":"Dixon Road","postcode":"SE14 6NW","website":""}},{"type":"Feature","geometry":{"type":"Point","coordinates":[-0.0473,51.49463]},"properties":{"name":"Crux Coffee","address":"Redriff Road","postcode":"SE16 7LL","website":""}},{"type":"Feature","geometry":{"type":"Point","coordinates":[-0.13044,51.54984]},"properties":{"name":"Thrifty Beans","address":"Brecknock Road 35","postcode":"N7 0BT","website":""}},{"type":"Feature","geometry":{"type":"Point","coordinates":[-0.11737,51.54172]},"properties":{"name":"Soto Coffee","address":"Caledonian Road 323","postcode":"N1 1DR","website":"https://www.sotocoffee.co.uk/"}},{"type":"Feature","geometry":{"type":"Point","coordinates":[-0.18291,51.49428]},"properties":{"name":"Blank Street Coffee","address":"Gloucester Road 1","postcode":"","website":""}},{"type":"Feature","geometry":{"type":"Point","coordinates":[-0.13276,51.51386]},"properties":{"name":"All Is Joy","address":"Dean Street 75","postcode":"","website":""}},{"type":"Feature","geometry":{"type":"Point","coordinates":[-0.07424,51.52442]},"properties":{"name":"Allpress Espresso Bar","address":"Redchurch Street 58","postcode":"E2 7DP","website":"https://www.allpressespresso.com/find/redchurch-espresso-bar/"}},{"type":"Feature","geometry":{"type":"Point","coordinates":[-0.12727,51.51284]},"properties":{"name":"WatchHouse","address":"","postcode":"","website":"https://www.watchhouse.com"}},{"type":"Feature","geometry":{"type":"Point","coordinates":[-0.11777,51.58788]},"properties":{"name":"Oak and Bean","address":"High Street 25","postcode":"N8 7QB","website":""}},{"type":"Feature","geometry":{"type":"Point","coordinates":[0.25091,51.68569]},"properties":{"name":"Ethos Brothers","address":"","postcode":"","website":""}},{"type":"Feature","geometry":{"type":"Point","coordinates":[-0.15552,51.4655]},"properties":{"name":"Phresh","address":"Lavender Hill 103e","postcode":"SW11 5QL","website":"https://phreshjuice.co.uk/"}},{"type":"Feature","geometry":{"type":"Point","coordinates":[-0.3358,51.57992]},"properties":{"name":"brü","address":"","postcode":"","website":""}},{"type":"Feature","geometry":{"type":"Point","coordinates":[-0.0856,51.51086]},"properties":{"name":"Roasting Plant Coffee","address":"Fenchurch Street 46","postcode":"EC3V 0EJ","website":"https://roastingplant.co.uk/"}},{"type":"Feature","geometry":{"type":"Point","coordinates":[-0.06926,51.42382]},"properties":{"name":"Concert Café","address":"","postcode":"","website":""}},{"type":"Feature","geometry":{"type":"Point","coordinates":[0.18308,51.57962]},"properties":{"name":"Hope Cafe","address":"Romford Market Market Pl","postcode":"RM1 3ER","website":"https://hopecafe.live"}},{"type":"Feature","geometry":{"type":"Point","coordinates":[-0.24168,51.49369]},"properties":{"name":"21 Grams","address":"","postcode":"","website":""}},{"type":"Feature","geometry":{"type":"Point","coordinates":[-0.35519,51.52817]},"properties":{"name":"Chaiiwala","address":"The Broadway 45","postcode":"","website":""}},{"type":"Feature","geometry":{"type":"Point","coordinates":[-0.00798,51.47958]},"properties":{"name":"Golden Piggies","address":"Nevada Street 9a","postcode":"SE10 9JL","website":""}},{"type":"Feature","geometry":{"type":"Point","coordinates":[-0.269,51.50844]},"properties":{"name":"Java Fusion London","address":"Churchfield Road 102","postcode":"","website":""}},{"type":"Feature","geometry":{"type":"Point","coordinates":[-0.12476,51.48197]},"properties":{"name":"GAIL's","address":"South Lambeth Road 88","postcode":"SW8 1RH","website":"https://gails.com/pages/south-lambeth"}},{"type":"Feature","geometry":{"type":"Point","coordinates":[-0.25715,51.49321]},"properties":{"name":"Winnie's","address":"Windmill Road 10","postcode":"W4 1SD","website":""}},{"type":"Feature","geometry":{"type":"Point","coordinates":[-0.13685,51.46134]},"properties":{"name":"The Common","address":"Clapham Park Road 10","postcode":"","website":""}},{"type":"Feature","geometry":{"type":"Point","coordinates":[-0.05546,51.54257]},"properties":{"name":"Running Late","address":"","postcode":"","website":""}},{"type":"Feature","geometry":{"type":"Point","coordinates":[-0.07062,51.52359]},"properties":{"name":"Vintage Cafe","address":"Cheshire Street 17","postcode":"E2 6EL","website":""}},{"type":"Feature","geometry":{"type":"Point","coordinates":[-0.10066,51.46672]},"properties":{"name":"Frsshh","address":"Coldharbour Lane 184B","postcode":"","website":""}},{"type":"Feature","geometry":{"type":"Point","coordinates":[-0.13179,51.51236]},"properties":{"name":"Sacred Grounds","address":"Dean Street 54","postcode":"W1D 6AE","website":"https://www.sacredgrounds.co.uk/"}},{"type":"Feature","geometry":{"type":"Point","coordinates":[-0.12863,51.63101]},"properties":{"name":"Ashfield Cafe","address":"Ashfield Parade 21","postcode":"N14 5EH","website":""}},{"type":"Feature","geometry":{"type":"Point","coordinates":[-0.25088,51.5392]},"properties":{"name":"Kulmiye Coffee","address":"Craven Park Road 62","postcode":"","website":""}},{"type":"Feature","geometry":{"type":"Point","coordinates":[-0.30665,51.41083]},"properties":{"name":"Patisserie Les 3 Chocolats","address":"Thames Street 28","postcode":"KT1 1PE","website":""}},{"type":"Feature","geometry":{"type":"Point","coordinates":[-0.24701,51.53587]},"properties":{"name":"Blakes","address":"High Street Harlesden 57","postcode":"NW10 4NJ","website":""}},{"type":"Feature","geometry":{"type":"Point","coordinates":[0.00069,51.47675]},"properties":{"name":"The Pavilion Café","address":"","postcode":"","website":"https://www.royalparks.org.uk/parks/greenwich-park/food-and-drink/the-pavilion-cafe"}},{"type":"Feature","geometry":{"type":"Point","coordinates":[-0.09346,51.47402]},"properties":{"name":"Henge","address":"Camberwell New Road 352a","postcode":"SE5 0RW","website":""}},{"type":"Feature","geometry":{"type":"Point","coordinates":[-0.22162,51.56995]},"properties":{"name":"Gussy's Ice Cream Parlour","address":"","postcode":"","website":""}},{"type":"Feature","geometry":{"type":"Point","coordinates":[0.05098,51.45656]},"properties":{"name":"It's All About Taste","address":"Well Hall Parade 14","postcode":"","website":""}},{"type":"Feature","geometry":{"type":"Point","coordinates":[-0.14572,51.58947]},"properties":{"name":"Redemption Roasters","address":"","postcode":"","website":"https://www.redemptionroasters.com/"}},{"type":"Feature","geometry":{"type":"Point","coordinates":[-0.12823,51.63157]},"properties":{"name":"Coffee Island","address":"Ashfield Parade 4","postcode":"N14 5EJ","website":"https://www.coffeeislandsouthgate.co.uk/"}},{"type":"Feature","geometry":{"type":"Point","coordinates":[-0.08759,51.57626]},"properties":{"name":"MiLK","address":"","postcode":"","website":""}},{"type":"Feature","geometry":{"type":"Point","coordinates":[-0.14049,51.55105]},"properties":{"name":"Lilac","address":"Kentish Town Road 296","postcode":"NW5 2TG","website":""}},{"type":"Feature","geometry":{"type":"Point","coordinates":[-0.0485,51.53515]},"properties":{"name":"BLAS","address":"Victoria Park","postcode":"E9 7HN","website":""}},{"type":"Feature","geometry":{"type":"Point","coordinates":[0.0667,51.46925]},"properties":{"name":"Hill Top Coffee Shop","address":"Shooters Hill 151","postcode":"SE18 3HP","website":""}},{"type":"Feature","geometry":{"type":"Point","coordinates":[-0.12614,51.52281]},"properties":{"name":"Noxy","address":"Russell Square 9","postcode":"","website":""}},{"type":"Feature","geometry":{"type":"Point","coordinates":[-0.11242,51.58659]},"properties":{"name":"Cloud7","address":"Tottenham Lane 40a","postcode":"","website":""}},{"type":"Feature","geometry":{"type":"Point","coordinates":[-0.30307,51.4568]},"properties":{"name":"Long Black Richmond","address":"Richmond Hill 20-22","postcode":"TW10 6QX","website":"https://www.longblack.co.uk/"}},{"type":"Feature","geometry":{"type":"Point","coordinates":[0.01812,51.53101]},"properties":{"name":"Matt Cup Roastery","address":"Plaistow Road","postcode":"E13 0DY","website":""}},{"type":"Feature","geometry":{"type":"Point","coordinates":[-0.08628,51.49529]},"properties":{"name":"Presse Books","address":"","postcode":"","website":""}},{"type":"Feature","geometry":{"type":"Point","coordinates":[-0.1909,51.54852]},"properties":{"name":"Buzz Coffee","address":"","postcode":"","website":""}},{"type":"Feature","geometry":{"type":"Point","coordinates":[-0.11985,51.5171]},"properties":{"name":"Blank Street Coffee","address":"","postcode":"","website":""}},{"type":"Feature","geometry":{"type":"Point","coordinates":[-0.44839,51.39494]},"properties":{"name":"Cafe Mocha D","address":"","postcode":"","website":""}},{"type":"Feature","geometry":{"type":"Point","coordinates":[-0.5048,51.39095]},"properties":{"name":"Revive","address":"Guildford Street 99","postcode":"KT16 9AS","website":"https://www.revivecoffeeshop.co.uk"}},{"type":"Feature","geometry":{"type":"Point","coordinates":[0.02664,51.57772]},"properties":{"name":"Wanstead Coffee Shop","address":"Clock House Parade 7","postcode":"E11 2AG","website":""}},{"type":"Feature","geometry":{"type":"Point","coordinates":[-0.03514,51.47517]},"properties":{"name":"Goldsmiths Café","address":"Lewisham Way 25-27","postcode":"SE14 6PP","website":"https://www.goldsmithscafe.co.uk/"}},{"type":"Feature","geometry":{"type":"Point","coordinates":[-0.01014,51.5428]},"properties":{"name":"Coffee House","address":"Westfield Avenue 1","postcode":"E20 1HZ","website":""}},{"type":"Feature","geometry":{"type":"Point","coordinates":[-0.06621,51.46634]},"properties":{"name":"Nola","address":"Rye Lane 224","postcode":"SE15 4NL","website":"https://www.nolacoffee.co.uk/"}},{"type":"Feature","geometry":{"type":"Point","coordinates":[-0.06656,51.46577]},"properties":{"name":"All and one","address":"Peckham Rye 28","postcode":"SE15 4JR","website":""}},{"type":"Feature","geometry":{"type":"Point","coordinates":[-0.04199,51.47465]},"properties":{"name":"New X Coffee","address":"New Cross Road 259","postcode":"SE14 5UL","website":""}},{"type":"Feature","geometry":{"type":"Point","coordinates":[-0.07953,51.52628]},"properties":{"name":"Lift Coffee Shoreditch","address":"Rivington Street 73","postcode":"EC2A 3AY","website":""}},{"type":"Feature","geometry":{"type":"Point","coordinates":[-0.08979,51.47395]},"properties":{"name":"Mr Falafel","address":"Camberwell Church Street 37","postcode":"SE5 8TR","website":""}},{"type":"Feature","geometry":{"type":"Point","coordinates":[-0.08874,51.47379]},"properties":{"name":"Susitas Shop","address":"Camberwell Church Street 57","postcode":"SE5 8TR","website":""}},{"type":"Feature","geometry":{"type":"Point","coordinates":[0.30372,51.43586]},"properties":{"name":"The Blue Bean Coffee Co.","address":"","postcode":"","website":""}},{"type":"Feature","geometry":{"type":"Point","coordinates":[-0.08337,51.51837]},"properties":{"name":"BloomsYard","address":"Liverpool Street 100","postcode":"","website":"https://www.bloomsyard.com/"}},{"type":"Feature","geometry":{"type":"Point","coordinates":[-0.33523,51.50891]},"properties":{"name":"87°","address":"Uxbridge Road 87","postcode":"","website":""}},{"type":"Feature","geometry":{"type":"Point","coordinates":[-0.04462,51.49873]},"properties":{"name":"Cha-Fé","address":"Mulberry Way","postcode":"","website":""}},{"type":"Feature","geometry":{"type":"Point","coordinates":[-0.10799,51.58951]},"properties":{"name":"Orange Coffee Shop","address":"Turnpike Lane 82-84","postcode":"N8 0PR","website":""}},{"type":"Feature","geometry":{"type":"Point","coordinates":[-0.12347,51.5779]},"properties":{"name":"Coffee Circus","address":"Crouch Hill 136","postcode":"","website":"http://www.coffeecircus.co.uk/"}},{"type":"Feature","geometry":{"type":"Point","coordinates":[-0.04962,51.4977]},"properties":{"name":"Yellow Ladder","address":"Surrey Quays Road Unit 3","postcode":"SE16 2BY","website":"https://yellowladdercoffee.com/"}},{"type":"Feature","geometry":{"type":"Point","coordinates":[-0.08961,51.46824]},"properties":{"name":"SAPHI","address":"Windsor Walk","postcode":"SE5 8BB","website":"https://www.coffeeandcroissant.com/"}},{"type":"Feature","geometry":{"type":"Point","coordinates":[-0.0969,51.51054]},"properties":{"name":"Locke coffee club","address":"Broken Wharf 2","postcode":"","website":"https://www.lockeliving.com/en/help/property-information/what-food-and-drink-options-are-there-onsite-at-locke-at-broken-wharf"}},{"type":"Feature","geometry":{"type":"Point","coordinates":[-0.21992,51.48402]},"properties":{"name":"COFX","address":"","postcode":"","website":"https://www.cofx.co.uk/"}},{"type":"Feature","geometry":{"type":"Point","coordinates":[-0.08917,51.47386]},"properties":{"name":"Brasserie Luminere","address":"Camberwell Church Street 51","postcode":"SE5 8TR","website":""}},{"type":"Feature","geometry":{"type":"Point","coordinates":[-0.1448,51.54181]},"properties":{"name":"Batch'd","address":"Water Lane 115-117","postcode":"NW1 8JZ","website":"https://www.batchd.co.uk"}},{"type":"Feature","geometry":{"type":"Point","coordinates":[-0.14668,51.54124]},"properties":{"name":"Batch'd","address":"West Yard 68","postcode":"NW1 8AF","website":"https://www.batchd.co.uk"}},{"type":"Feature","geometry":{"type":"Point","coordinates":[-0.11304,51.5921]},"properties":{"name":"Froth & Mallow","address":"Mary Neuner Road 2A","postcode":"N8 0FR","website":"https://frothandmallow.co.uk/"}},{"type":"Feature","geometry":{"type":"Point","coordinates":[-0.32552,51.38944]},"properties":{"name":"The Deli","address":"Portsmouth Road 1-B","postcode":"KT7 0SS","website":"https://www.ditton-deli.com/"}},{"type":"Feature","geometry":{"type":"Point","coordinates":[-0.33246,51.39101]},"properties":{"name":"La Fonatana Pizza","address":"High Street 53","postcode":"KT7 0SA","website":"https://thamesdittonhighstreet.com/retailers/eatingdrinking/lafontana"}},{"type":"Feature","geometry":{"type":"Point","coordinates":[-0.0779,51.524]},"properties":{"name":"Flying Horse Coffee","address":"","postcode":"","website":""}},{"type":"Feature","geometry":{"type":"Point","coordinates":[-0.33279,51.39081]},"properties":{"name":"Nice Buns","address":"High Street 48","postcode":"KT7 0SA","website":"https://www.instagram.com/cafenicebuns?igsh=djdudDdjeXN2dmdz"}},{"type":"Feature","geometry":{"type":"Point","coordinates":[-0.41826,51.38439]},"properties":{"name":"The Surrey Coffee Company","address":"High Street 60","postcode":"KT12 1FL","website":""}},{"type":"Feature","geometry":{"type":"Point","coordinates":[-0.41743,51.38433]},"properties":{"name":"Esquires","address":"High Street 67","postcode":"KT12 1DJ","website":"https://esquirescoffee.co.uk/store/esquires-walton-on-thames/"}},{"type":"Feature","geometry":{"type":"Point","coordinates":[-0.07798,51.52464]},"properties":{"name":"Oat","address":"","postcode":"","website":""}},{"type":"Feature","geometry":{"type":"Point","coordinates":[-0.51113,51.3269]},"properties":{"name":"Copper Coffee","address":"Coldharbour Road","postcode":"GU22 8SW","website":""}},{"type":"Feature","geometry":{"type":"Point","coordinates":[0.04201,51.50773]},"properties":{"name":"The Dockside","address":"","postcode":"","website":""}},{"type":"Feature","geometry":{"type":"Point","coordinates":[-0.12453,51.52316]},"properties":{"name":"Bloomsbury Coffee Co","address":"","postcode":"","website":""}},{"type":"Feature","geometry":{"type":"Point","coordinates":[-0.30198,51.51489]},"properties":{"name":"Joe Blake's","address":"Ealing Broadway Station 3","postcode":"W5 2NU","website":"https://joeblakes.com/"}},{"type":"Feature","geometry":{"type":"Point","coordinates":[0.02785,51.46184]},"properties":{"name":"Goat Coffee","address":"","postcode":"","website":""}},{"type":"Feature","geometry":{"type":"Point","coordinates":[-0.12294,51.51801]},"properties":{"name":"Arcana Coffee","address":"Bloomsbury Way 20-21","postcode":"WC1A 2SN","website":"https://www.bloomsburylondon.com/tenants/arcana-coffee"}},{"type":"Feature","geometry":{"type":"Point","coordinates":[-0.14094,51.51853]},"properties":{"name":"Archetype Coffee","address":"Riding House Street 31","postcode":"W1W 7DY","website":"https://www.archetypecoffee.co.uk/about"}},{"type":"Feature","geometry":{"type":"Point","coordinates":[0.06933,51.55903]},"properties":{"name":"CoffeeLink","address":"","postcode":"","website":""}},{"type":"Feature","geometry":{"type":"Point","coordinates":[-0.15544,51.43817]},"properties":{"name":"Milk Run","address":"Ritherdon Road 16-18","postcode":"SW17 8QD","website":""}},{"type":"Feature","geometry":{"type":"Point","coordinates":[-0.03259,51.58053]},"properties":{"name":"Long & Short","address":"St James Street 35","postcode":"E17 7FY","website":"https://longshortlondon.com/"}},{"type":"Feature","geometry":{"type":"Point","coordinates":[-0.00458,51.51005]},"properties":{"name":"Westland Coffee","address":"","postcode":"","website":""}},{"type":"Feature","geometry":{"type":"Point","coordinates":[-0.07159,51.51864]},"properties":{"name":"DantaChá","address":"","postcode":"","website":""}},{"type":"Feature","geometry":{"type":"Point","coordinates":[-0.00999,51.47611]},"properties":{"name":"Royal Teas","address":"Royal Hill 76","postcode":"SE10 8RT","website":"https://www.royalteascafe.co.uk/"}},{"type":"Feature","geometry":{"type":"Point","coordinates":[-0.14348,51.44149]},"properties":{"name":"Trailside Coffee","address":"","postcode":"","website":"https://trailsidecoffee.co.uk/"}},{"type":"Feature","geometry":{"type":"Point","coordinates":[0.11073,51.69788]},"properties":{"name":"Dada","address":"Station Road 5","postcode":"CM16 4HA","website":""}},{"type":"Feature","geometry":{"type":"Point","coordinates":[-0.12682,51.51432]},"properties":{"name":"Monmouth Coffee Company","address":"Monmouth Street 27","postcode":"WC2H 9EU","website":"https://www.monmouthcoffee.co.uk/"}},{"type":"Feature","geometry":{"type":"Point","coordinates":[-0.14496,51.49558]},"properties":{"name":"Redemption Roasters","address":"","postcode":"","website":""}},{"type":"Feature","geometry":{"type":"Point","coordinates":[-0.13328,51.49852]},"properties":{"name":"Nostos","address":"","postcode":"","website":""}},{"type":"Feature","geometry":{"type":"Point","coordinates":[-0.10928,51.49666]},"properties":{"name":"The Songbird Cafe","address":"Lambeth Road","postcode":"SE1 6HZ","website":""}},{"type":"Feature","geometry":{"type":"Point","coordinates":[-0.30213,51.51527]},"properties":{"name":"SSAL Factory","address":"Haven Green 45","postcode":"W5 2NX","website":""}},{"type":"Feature","geometry":{"type":"Point","coordinates":[-0.03622,51.45589]},"properties":{"name":"Dream Story","address":"","postcode":"","website":""}},{"type":"Feature","geometry":{"type":"Point","coordinates":[-0.14717,51.4767]},"properties":{"name":"The Coffee Studio - Battersea","address":"Railway Arches, Patcham Terrace V1","postcode":"SW8 4FN","website":"https://www.thecoffeestudioldn.com/"}},{"type":"Feature","geometry":{"type":"Point","coordinates":[-0.01695,51.48115]},"properties":{"name":"The Coffee Studio","address":"Creek Road 44","postcode":"SE8 3FN","website":"https://www.thecoffeestudioldn.com/greenwich"}},{"type":"Feature","geometry":{"type":"Point","coordinates":[-0.28108,51.51791]},"properties":{"name":"Celtic Coffee London","address":"Station Parade","postcode":"W3 0DS","website":""}},{"type":"Feature","geometry":{"type":"Point","coordinates":[-0.00549,51.53565]},"properties":{"name":"ARC Club Cafe","address":"","postcode":"","website":""}},{"type":"Feature","geometry":{"type":"Point","coordinates":[-0.10995,51.50251]},"properties":{"name":"Latitude on the Wheels","address":"","postcode":"","website":""}},{"type":"Feature","geometry":{"type":"Point","coordinates":[-0.30586,51.40965]},"properties":{"name":"Zega","address":"Market Place 29","postcode":"KT1 1JH","website":""}},{"type":"Feature","geometry":{"type":"Point","coordinates":[-0.10087,51.49579]},"properties":{"name":"G Cafe","address":"","postcode":"","website":""}},{"type":"Feature","geometry":{"type":"Point","coordinates":[0.01856,51.48413]},"properties":{"name":"Venezia Cafe","address":"","postcode":"","website":""}},{"type":"Feature","geometry":{"type":"Point","coordinates":[-0.14474,51.4971]},"properties":{"name":"ScandiKitchen Cafe & Shop - Victoria","address":"42","postcode":"","website":"https://scandikitchen.co.uk/"}},{"type":"Feature","geometry":{"type":"Point","coordinates":[-0.12674,51.51479]},"properties":{"name":"Amelia","address":"Monmouth Street 9","postcode":"WC2H 9DA","website":"https://www.amelia.london"}},{"type":"Feature","geometry":{"type":"Point","coordinates":[-0.14348,51.49627]},"properties":{"name":"Hermanos Colombian Coffee Roasters","address":"Terminus Place 21","postcode":"","website":""}},{"type":"Feature","geometry":{"type":"Point","coordinates":[-0.07583,51.5467]},"properties":{"name":"Chaiiwala","address":"Kingsland High Street","postcode":"","website":""}},{"type":"Feature","geometry":{"type":"Point","coordinates":[-0.07278,51.52037]},"properties":{"name":"Nude Coffee Roasters","address":"Hanbury Street 25","postcode":"","website":"https://www.nudeespresso.com/"}},{"type":"Feature","geometry":{"type":"Point","coordinates":[-0.12232,51.5176]},"properties":{"name":"Cafebotanical","address":"High Holborn 136","postcode":"WC1V 6PX","website":"https://cafebotanical.com/"}},{"type":"Feature","geometry":{"type":"Point","coordinates":[0.04536,51.57717]},"properties":{"name":"Artful Blend","address":"Roding Lane South 8","postcode":"","website":""}},{"type":"Feature","geometry":{"type":"Point","coordinates":[-0.00035,51.47766]},"properties":{"name":"Wolfe Statue Kiosk","address":"","postcode":"","website":""}},{"type":"Feature","geometry":{"type":"Point","coordinates":[-0.04707,51.52185]},"properties":{"name":"Sweet Café","address":"Mile End Road 169","postcode":"E1 4AQ","website":""}},{"type":"Feature","geometry":{"type":"Point","coordinates":[-0.1574,51.50219]},"properties":{"name":"Shot London","address":"","postcode":"","website":""}},{"type":"Feature","geometry":{"type":"Point","coordinates":[-0.0348,51.52564]},"properties":{"name":"The Coffee Room","address":"Grove Road","postcode":"E3 5AX","website":""}},{"type":"Feature","geometry":{"type":"Point","coordinates":[-0.03431,51.52439]},"properties":{"name":"The International Comrades","address":"Burdett Road 7","postcode":"E3 4TU","website":""}},{"type":"Feature","geometry":{"type":"Point","coordinates":[-0.19199,51.55203]},"properties":{"name":"Grocery Post","address":"","postcode":"","website":""}},{"type":"Feature","geometry":{"type":"Point","coordinates":[-0.1391,51.51789]},"properties":{"name":"WatchHouse","address":"Wells Street 56","postcode":"W1T 3PT","website":""}},{"type":"Feature","geometry":{"type":"Point","coordinates":[0.32953,51.49771]},"properties":{"name":"Stifford Cafe","address":"Crammavill Street 7","postcode":"RM16 2AP","website":""}},{"type":"Feature","geometry":{"type":"Point","coordinates":[-0.0166,51.50123]},"properties":{"name":"Canary Garden Cafe","address":"","postcode":"","website":""}},{"type":"Feature","geometry":{"type":"Point","coordinates":[-0.10224,51.51989]},"properties":{"name":"Snoozzze Coffee","address":"Cowcross Street 91","postcode":"","website":"https://www.snoozzze.uk/"}},{"type":"Feature","geometry":{"type":"Point","coordinates":[0.06594,51.57595]},"properties":{"name":"Creams","address":"","postcode":"","website":""}},{"type":"Feature","geometry":{"type":"Point","coordinates":[0.0661,51.57529]},"properties":{"name":"Blend 93","address":"","postcode":"","website":""}},{"type":"Feature","geometry":{"type":"Point","coordinates":[-0.19484,51.65064]},"properties":{"name":"Coffee @ Cal's","address":"","postcode":"","website":""}},{"type":"Feature","geometry":{"type":"Point","coordinates":[-0.02014,51.51287]},"properties":{"name":"Island Coffee","address":"Upper North Street 47B","postcode":"E14 6FY","website":"https://www.instagram.com/islandcoffeepoplar/"}},{"type":"Feature","geometry":{"type":"Point","coordinates":[-0.03835,51.52346]},"properties":{"name":"Mowchi","address":"Mile End Road 450","postcode":"E1 4GG","website":"https://www.mowchi.me/"}},{"type":"Feature","geometry":{"type":"Point","coordinates":[-0.02677,51.47924]},"properties":{"name":"Elsewhere Coffee Roastery","address":"Titan Business Estate 3","postcode":"SE8 5QA","website":"http://www.elsewherecoffee.co.uk/"}},{"type":"Feature","geometry":{"type":"Point","coordinates":[-0.28899,51.41847]},"properties":{"name":"Park Brew & Kitchen","address":"Park Road 157","postcode":"","website":""}},{"type":"Feature","geometry":{"type":"Point","coordinates":[-0.24658,51.50659]},"properties":{"name":"Atom","address":"","postcode":"","website":""}},{"type":"Feature","geometry":{"type":"Point","coordinates":[-0.1266,51.63305]},"properties":{"name":"Gate Coffee","address":"Dennis Parade 5","postcode":"N14 6AA","website":""}},{"type":"Feature","geometry":{"type":"Point","coordinates":[-0.19753,51.59674]},"properties":{"name":"Totally Espresso","address":"","postcode":"","website":""}},{"type":"Feature","geometry":{"type":"Point","coordinates":[-0.29809,51.38978]},"properties":{"name":"Icon Community Coffee House","address":"Ewell Road 120","postcode":"KT6 6HA","website":""}},{"type":"Feature","geometry":{"type":"Point","coordinates":[-0.28515,51.38213]},"properties":{"name":"Cafe Delight","address":"","postcode":"","website":""}},{"type":"Feature","geometry":{"type":"Point","coordinates":[-0.12551,51.44007]},"properties":{"name":"GAIL'S","address":"Streatham Hill 57-59","postcode":"SW2 4TX","website":""}},{"type":"Feature","geometry":{"type":"Point","coordinates":[-0.05825,51.53765]},"properties":{"name":"Mittens","address":"","postcode":"","website":""}},{"type":"Feature","geometry":{"type":"Point","coordinates":[-0.36168,51.58548]},"properties":{"name":"Vivid cafe","address":"Station Road 47A","postcode":"HA2 7SU","website":""}},{"type":"Feature","geometry":{"type":"Point","coordinates":[-0.01341,51.51176]},"properties":{"name":"Coffee House","address":"Chrisp Street 10a","postcode":"","website":""}},{"type":"Feature","geometry":{"type":"Point","coordinates":[-0.10265,51.46553]},"properties":{"name":"Stoop Coffee","address":"Hinton Road 1B","postcode":"","website":"https://www.stoopcoffee.co.uk/"}},{"type":"Feature","geometry":{"type":"Point","coordinates":[-0.29962,51.41245]},"properties":{"name":"opening soon","address":"","postcode":"","website":""}},{"type":"Feature","geometry":{"type":"Point","coordinates":[-0.36318,51.58864]},"properties":{"name":"Sunrise Cafe","address":"Pinner Road 527","postcode":"HA2 6EH","website":""}},{"type":"Feature","geometry":{"type":"Point","coordinates":[-0.02622,51.44399]},"properties":{"name":"Coffee Corner Seven Stars","address":"","postcode":"","website":""}},{"type":"Feature","geometry":{"type":"Point","coordinates":[-0.09465,51.37592]},"properties":{"name":"Tao Cafe","address":"Ruskin Square 2A","postcode":"CR0 2WF","website":"https://taocafe.co.uk/"}},{"type":"Feature","geometry":{"type":"Point","coordinates":[-0.15208,51.51504]},"properties":{"name":"EL&N","address":"","postcode":"","website":""}},{"type":"Feature","geometry":{"type":"Point","coordinates":[0.04648,51.55264]},"properties":{"name":"Urban Baristas","address":"","postcode":"","website":""}},{"type":"Feature","geometry":{"type":"Point","coordinates":[-0.45778,51.36178]},"properties":{"name":"Veggieberg","address":"Station Approach","postcode":"KT13 8UD","website":"https://www.veggieberg.com/"}},{"type":"Feature","geometry":{"type":"Point","coordinates":[-0.15484,51.55407]},"properties":{"name":"Lewis Coffee Espresso Bar","address":"","postcode":"","website":""}},{"type":"Feature","geometry":{"type":"Point","coordinates":[-0.22193,51.57672]},"properties":{"name":"Patisserie Valerie","address":"","postcode":"","website":""}},{"type":"Feature","geometry":{"type":"Point","coordinates":[-0.0466,51.47517]},"properties":{"name":"Awake","address":"New Cross Road 161","postcode":"","website":""}},{"type":"Feature","geometry":{"type":"Point","coordinates":[-0.02924,51.47527]},"properties":{"name":"7oz Coffee","address":"","postcode":"","website":""}},{"type":"Feature","geometry":{"type":"Point","coordinates":[-0.10348,51.57005]},"properties":{"name":"Finsbury Park Cafe","address":"Endymion Road","postcode":"N4 2NQ","website":"https://www.finsburyparkcafe.co.uk/"}},{"type":"Feature","geometry":{"type":"Point","coordinates":[-0.01738,51.4498]},"properties":{"name":"Serve Smiths","address":"","postcode":"","website":""}},{"type":"Feature","geometry":{"type":"Point","coordinates":[-0.01334,51.47806]},"properties":{"name":"Caffe Papavero","address":"","postcode":"","website":""}},{"type":"Feature","geometry":{"type":"Point","coordinates":[-0.07742,51.53046]},"properties":{"name":"gram'n degrees","address":"","postcode":"","website":""}},{"type":"Feature","geometry":{"type":"Point","coordinates":[-0.08009,51.49022]},"properties":{"name":"El Marsem","address":"Old Kent Road 223","postcode":"","website":""}},{"type":"Feature","geometry":{"type":"Point","coordinates":[-0.08003,51.49018]},"properties":{"name":"L'Opera","address":"","postcode":"","website":""}},{"type":"Feature","geometry":{"type":"Point","coordinates":[-0.02549,51.40799]},"properties":{"name":"Rendez - Vous","address":"High Street 94","postcode":"BR3 1ED","website":"https://rendezvouscaffe.co.uk"}},{"type":"Feature","geometry":{"type":"Point","coordinates":[-0.06212,51.4921]},"properties":{"name":"Pop Inn Cafe","address":"Southwark Park Road 258","postcode":"","website":""}},{"type":"Feature","geometry":{"type":"Point","coordinates":[-0.06041,51.59032]},"properties":{"name":"Dear Coco","address":"Watermead Way 3","postcode":"","website":""}},{"type":"Feature","geometry":{"type":"Point","coordinates":[-0.09105,51.51675]},"properties":{"name":"OBA Coffee","address":"Basinghall Avenue 1","postcode":"EC2V 5DD","website":""}},{"type":"Feature","geometry":{"type":"Point","coordinates":[-0.06197,51.58913]},"properties":{"name":"Holy Grain & Brew","address":"Ashley Road 2","postcode":"N17 9RW","website":"https://www.holygrainandbrew.co.uk/"}},{"type":"Feature","geometry":{"type":"Point","coordinates":[-0.10707,51.53212]},"properties":{"name":"Mayvn Cafe","address":"Pentonville Road 4","postcode":"N1 9HF","website":"https://www.mayvn.co.uk/"}}]}