{"type":"FeatureCollection","meta":{"id":"dentists","generated":"2026-09-25","count":1319,"source":"OpenStreetMap via Overpass API","vintage":"OSM snapshot at generation date"},"features":[{"type":"Feature","geometry":{"type":"Point","coordinates":[-0.32313,51.5575]},"properties":{"name":"Harrow Road Dental Surgery","address":"Harrow Road 883","postcode":"HA0 2RH","phone":"+44 20 8904 1409","nhs":false}},{"type":"Feature","geometry":{"type":"Point","coordinates":[-0.32318,51.53379]},"properties":{"name":"Perivale Dental Practice","address":"","postcode":"","phone":"+44 20 8997 2737","nhs":false}},{"type":"Feature","geometry":{"type":"Point","coordinates":[-0.12407,51.5786]},"properties":{"name":"Treehouse Dental","address":"","postcode":"","phone":"","nhs":false}},{"type":"Feature","geometry":{"type":"Point","coordinates":[-0.19721,51.51011]},"properties":{"name":"Pembridge Dental","address":"Pembridge Road 40","postcode":"","phone":"+44 20 7727 3976","nhs":false}},{"type":"Feature","geometry":{"type":"Point","coordinates":[-0.19101,51.51519]},"properties":{"name":"Garden Square Dental Practice","address":"Kensington Gardens Square 50","postcode":"","phone":"+44 20 7229 8716","nhs":false}},{"type":"Feature","geometry":{"type":"Point","coordinates":[-0.00778,51.49529]},"properties":{"name":"Altmore Dental Practice","address":"Amsterdam Road 33-37","postcode":"E14 3UU","phone":"","nhs":false}},{"type":"Feature","geometry":{"type":"Point","coordinates":[-0.20686,51.38923]},"properties":{"name":"Morden Park Dental Practice","address":"","postcode":"","phone":"","nhs":false}},{"type":"Feature","geometry":{"type":"Point","coordinates":[-0.1707,51.35682]},"properties":{"name":"Beeches Dental Surgery","address":"Beeches Avenue 9","postcode":"SM5 3LB","phone":"","nhs":false}},{"type":"Feature","geometry":{"type":"Point","coordinates":[-0.26294,51.49613]},"properties":{"name":"Chiswick Park Dental Practice","address":"South Parade 62","postcode":"W4 5LG","phone":"+44 20 8987 9977","nhs":false}},{"type":"Feature","geometry":{"type":"Point","coordinates":[-0.27104,51.50185]},"properties":{"name":"Acton Town Dental Practice","address":"","postcode":"","phone":"","nhs":false}},{"type":"Feature","geometry":{"type":"Point","coordinates":[-0.27235,51.50736]},"properties":{"name":"Dental Beauty","address":"High Street 191","postcode":"W3 9DD","phone":"+44 20 8992 6681","nhs":false}},{"type":"Feature","geometry":{"type":"Point","coordinates":[-0.1028,51.54248]},"properties":{"name":"Yourdental","address":"","postcode":"","phone":"","nhs":false}},{"type":"Feature","geometry":{"type":"Point","coordinates":[-0.1029,51.53772]},"properties":{"name":"Dental Beauty Islington","address":"Upper Street 103-104","postcode":"N1 1QN","phone":"+44 20 7359 6103","nhs":false}},{"type":"Feature","geometry":{"type":"Point","coordinates":[-0.10644,51.53256]},"properties":{"name":"London City Smiles","address":"","postcode":"","phone":"","nhs":false}},{"type":"Feature","geometry":{"type":"Point","coordinates":[-0.00652,51.55731]},"properties":{"name":"J. Dineen Dental Surgery","address":"High Road Leyton 229","postcode":"E10 5QE","phone":"","nhs":false}},{"type":"Feature","geometry":{"type":"Point","coordinates":[-0.07571,51.54738]},"properties":{"name":"Dental Beauty Dalston","address":"Kingsland High Street 33","postcode":"","phone":"","nhs":false}},{"type":"Feature","geometry":{"type":"Point","coordinates":[-0.36104,51.37207]},"properties":{"name":"Fair Oak Dental Surgery","address":"","postcode":"","phone":"","nhs":false}},{"type":"Feature","geometry":{"type":"Point","coordinates":[-0.35454,51.57216]},"properties":{"name":"Revital Dental Care","address":"Shaftesbury Circle 4","postcode":"","phone":"+44 20 8422 2120","nhs":false}},{"type":"Feature","geometry":{"type":"Point","coordinates":[-0.21508,51.55637]},"properties":{"name":"Cricklewood Dental","address":"Cricklewood Broadway 165","postcode":"","phone":"","nhs":false}},{"type":"Feature","geometry":{"type":"Point","coordinates":[-0.21179,51.55343]},"properties":{"name":"Zental Dental Cricklewood","address":"Cricklewood Broadway 55","postcode":"NW2 3JX","phone":"+44 20 3982 8602","nhs":false}},{"type":"Feature","geometry":{"type":"Point","coordinates":[0.02208,51.40464]},"properties":{"name":"Rochester Lodge Dental Practice","address":"","postcode":"","phone":"","nhs":false}},{"type":"Feature","geometry":{"type":"Point","coordinates":[0.01603,51.40136]},"properties":{"name":"Bella Dental","address":"High Street 52","postcode":"BR1 1EG","phone":"","nhs":false}},{"type":"Feature","geometry":{"type":"Point","coordinates":[0.01313,51.40619]},"properties":{"name":"Bromley Dental Studio","address":"","postcode":"","phone":"","nhs":false}},{"type":"Feature","geometry":{"type":"Point","coordinates":[0.01545,51.40318]},"properties":{"name":"All Smiles","address":"","postcode":"","phone":"","nhs":false}},{"type":"Feature","geometry":{"type":"Point","coordinates":[-0.08423,51.49522]},"properties":{"name":"Tower Bridge Dental Practice","address":"Tower Bridge Road 25","postcode":"SE1 4TL","phone":"","nhs":false}},{"type":"Feature","geometry":{"type":"Point","coordinates":[0.21485,51.56312]},"properties":{"name":"Harrow Dental Practice","address":"High Street 23-27","postcode":"RM11 1TP","phone":"+44 1708 479 717","nhs":false}},{"type":"Feature","geometry":{"type":"Point","coordinates":[-0.11019,51.59781]},"properties":{"name":"Park Vue","address":"","postcode":"","phone":"","nhs":false}},{"type":"Feature","geometry":{"type":"Point","coordinates":[-0.11033,51.59908]},"properties":{"name":"Colosseum Dental","address":"","postcode":"","phone":"","nhs":false}},{"type":"Feature","geometry":{"type":"Point","coordinates":[-0.11166,51.56894]},"properties":{"name":"Nice Smile Dental Practice","address":"","postcode":"","phone":"","nhs":false}},{"type":"Feature","geometry":{"type":"Point","coordinates":[-0.10947,51.52062]},"properties":{"name":"Leather Lane Dental Practice","address":"Leather Lane 50","postcode":"EC1N 7TP","phone":"","nhs":false}},{"type":"Feature","geometry":{"type":"Point","coordinates":[-0.18794,51.51355]},"properties":{"name":"Bayswater Dental","address":"","postcode":"","phone":"","nhs":false}},{"type":"Feature","geometry":{"type":"Point","coordinates":[-0.30773,51.58637]},"properties":{"name":"Bright Dental Practice","address":"","postcode":"","phone":"+44 20 8907 7733","nhs":false}},{"type":"Feature","geometry":{"type":"Point","coordinates":[-0.09553,51.49968]},"properties":{"name":"Borough Dental Care","address":"305","postcode":"","phone":"","nhs":false}},{"type":"Feature","geometry":{"type":"Point","coordinates":[-0.10693,51.49988]},"properties":{"name":"Waterloo Dental Surgery","address":"223","postcode":"","phone":"","nhs":false}},{"type":"Feature","geometry":{"type":"Point","coordinates":[-0.10363,51.54322]},"properties":{"name":"B Dental","address":"","postcode":"","phone":"","nhs":false}},{"type":"Feature","geometry":{"type":"Point","coordinates":[-0.11204,51.49705]},"properties":{"name":"SE1 Dental","address":"Kennington Road 52","postcode":"","phone":"","nhs":false}},{"type":"Feature","geometry":{"type":"Point","coordinates":[-0.28049,51.36061]},"properties":{"name":"Horton Dental Practice","address":"","postcode":"","phone":"","nhs":false}},{"type":"Feature","geometry":{"type":"Point","coordinates":[-0.07431,51.55958]},"properties":{"name":"Stoke Newington Dental Practice","address":"","postcode":"","phone":"+44 20 7254 7542","nhs":false}},{"type":"Feature","geometry":{"type":"Point","coordinates":[-0.1399,51.5183]},"properties":{"name":"Fulcher & Ridgwell","address":"53A","postcode":"","phone":"","nhs":false}},{"type":"Feature","geometry":{"type":"Point","coordinates":[-0.22918,51.45477]},"properties":{"name":"Putney Dental Care","address":"Tildesley Road 389","postcode":"SW15 3BD","phone":"","nhs":false}},{"type":"Feature","geometry":{"type":"Point","coordinates":[-0.20123,51.51398]},"properties":{"name":"Ghauri Dental Clinic","address":"Westbourne Grove 247","postcode":"","phone":"","nhs":true}},{"type":"Feature","geometry":{"type":"Point","coordinates":[-0.07457,51.49391]},"properties":{"name":"The Grange Dental Surgery","address":"Grange Road 134","postcode":"","phone":"+44 20 7394 1593","nhs":false}},{"type":"Feature","geometry":{"type":"Point","coordinates":[-0.16433,51.55442]},"properties":{"name":"heath health care","address":"","postcode":"","phone":"","nhs":false}},{"type":"Feature","geometry":{"type":"Point","coordinates":[-0.12439,51.51373]},"properties":{"name":"Covent Garden Dental Practice","address":"Odhams Walk 61g","postcode":"","phone":"","nhs":false}},{"type":"Feature","geometry":{"type":"Point","coordinates":[-0.22836,51.55125]},"properties":{"name":"Park Avenue Dental Care","address":"Park Avenue 44","postcode":"","phone":"","nhs":false}},{"type":"Feature","geometry":{"type":"Point","coordinates":[-0.35836,51.44915]},"properties":{"name":"montrose studio","address":"","postcode":"","phone":"+44 20 8894 4639","nhs":false}},{"type":"Feature","geometry":{"type":"Point","coordinates":[-0.15761,51.54087]},"properties":{"name":"Primrose Dental Practice","address":"","postcode":"","phone":"+44 20 7722 0860","nhs":false}},{"type":"Feature","geometry":{"type":"Point","coordinates":[-0.25171,51.54548]},"properties":{"name":"Church Road Dental Practice","address":"","postcode":"","phone":"","nhs":false}},{"type":"Feature","geometry":{"type":"Point","coordinates":[0.02448,51.59251]},"properties":{"name":"Bupa Dental Care","address":"Glebelands Avenue 16","postcode":"E18 2AB","phone":"","nhs":false}},{"type":"Feature","geometry":{"type":"Point","coordinates":[-0.30471,51.51274]},"properties":{"name":"Luxmedica","address":"High Street 43","postcode":"W5 5AW","phone":"","nhs":false}},{"type":"Feature","geometry":{"type":"Point","coordinates":[-0.04557,51.5296]},"properties":{"name":"Family Dental Care","address":"Roman Road 211","postcode":"","phone":"","nhs":false}},{"type":"Feature","geometry":{"type":"Point","coordinates":[-0.19495,51.49365]},"properties":{"name":"Earls Court Dental Clinic","address":"Earl's Court Road 168","postcode":"","phone":"+44 20 7373 0754","nhs":false}},{"type":"Feature","geometry":{"type":"Point","coordinates":[-0.27107,51.51102]},"properties":{"name":"Springfield Dental Surgery","address":"","postcode":"","phone":"","nhs":false}},{"type":"Feature","geometry":{"type":"Point","coordinates":[-0.15187,51.51695]},"properties":{"name":"Bupa Dental Care","address":"Manchester Square 25","postcode":"","phone":"+44 20 7935 5332","nhs":false}},{"type":"Feature","geometry":{"type":"Point","coordinates":[-0.18297,51.48498]},"properties":{"name":"Bupa Dental Care","address":"Fulham Road 242-244","postcode":"SW10 9NA","phone":"+44 20 7376 3330","nhs":false}},{"type":"Feature","geometry":{"type":"Point","coordinates":[-0.12695,51.49468]},"properties":{"name":"Westminster House Dental Practice","address":"Horseferry Road 11-13","postcode":"","phone":"+44 20 7976 5251","nhs":false}},{"type":"Feature","geometry":{"type":"Point","coordinates":[-0.19332,51.50046]},"properties":{"name":"Kensington Dentist","address":"Wrights Lane 4","postcode":"","phone":"","nhs":false}},{"type":"Feature","geometry":{"type":"Point","coordinates":[-0.19339,51.50059]},"properties":{"name":"Kensington Dental Practice","address":"Kensington High Street 129-131","postcode":"","phone":"","nhs":false}},{"type":"Feature","geometry":{"type":"Point","coordinates":[-0.19617,51.57431]},"properties":{"name":"Lotus Clinic","address":"Finchley Road 943","postcode":"NW11 7PE","phone":"","nhs":false}},{"type":"Feature","geometry":{"type":"Point","coordinates":[-0.42615,51.6125]},"properties":{"name":"Dene Dental Practice","address":"","postcode":"","phone":"+441923824230","nhs":false}},{"type":"Feature","geometry":{"type":"Point","coordinates":[-0.43391,51.62961]},"properties":{"name":"Moor Park Specialist Dental Centre","address":"10","postcode":"","phone":"","nhs":false}},{"type":"Feature","geometry":{"type":"Point","coordinates":[-0.41229,51.60325]},"properties":{"name":"Northwood Hills Dental Practice","address":"","postcode":"","phone":"+44 1923 823148","nhs":false}},{"type":"Feature","geometry":{"type":"Point","coordinates":[-0.14734,51.45259]},"properties":{"name":"Clapham South Dental","address":"","postcode":"","phone":"","nhs":false}},{"type":"Feature","geometry":{"type":"Point","coordinates":[-0.14756,51.51342]},"properties":{"name":"Nigel Meyer & Associates Dental Surgeons","address":"South Molton Street 11","postcode":"","phone":"+44 20 7499 1225","nhs":false}},{"type":"Feature","geometry":{"type":"Point","coordinates":[0.24514,51.60737]},"properties":{"name":"Winning Smiles Dentist","address":"Colchester Road 1","postcode":"RM3 0AQ","phone":"+44 1708 241900","nhs":false}},{"type":"Feature","geometry":{"type":"Point","coordinates":[-0.16656,51.54341]},"properties":{"name":"Bray Dental Practice","address":"Fellows Road 4 Bray Tower","postcode":"NW3 3JX","phone":"","nhs":false}},{"type":"Feature","geometry":{"type":"Point","coordinates":[-0.18996,51.44361]},"properties":{"name":"Dove Dental Surgery","address":"Garratt Lane 328","postcode":"SW18 4EJ","phone":"","nhs":false}},{"type":"Feature","geometry":{"type":"Point","coordinates":[-0.19987,51.49889]},"properties":{"name":"Oracare Dental","address":"Kensington High Street 244","postcode":"","phone":"+44 20 7603 7222","nhs":false}},{"type":"Feature","geometry":{"type":"Point","coordinates":[0.05197,51.45313]},"properties":{"name":"S3 Dental","address":"Wellhall Road 72","postcode":"","phone":"+44 20 8850 9836","nhs":false}},{"type":"Feature","geometry":{"type":"Point","coordinates":[0.08247,51.4933]},"properties":{"name":"Heronsgate Medical Centre","address":"","postcode":"","phone":"","nhs":false}},{"type":"Feature","geometry":{"type":"Point","coordinates":[-0.34013,51.57047]},"properties":{"name":"Dental & Implant Practice","address":"","postcode":"","phone":"+44 20 8426 5250","nhs":false}},{"type":"Feature","geometry":{"type":"Point","coordinates":[-0.11643,51.53632]},"properties":{"name":"Dentalmark","address":"Caledonian Road","postcode":"","phone":"","nhs":false}},{"type":"Feature","geometry":{"type":"Point","coordinates":[-0.00482,51.53609]},"properties":{"name":"DentalSpace","address":"High Street 194","postcode":"E15 2NE","phone":"+44 20 8555 4979","nhs":false}},{"type":"Feature","geometry":{"type":"Point","coordinates":[0.32225,51.62951]},"properties":{"name":"Enhance Dental Clinic","address":"Hutton Road 40","postcode":"","phone":"","nhs":false}},{"type":"Feature","geometry":{"type":"Point","coordinates":[-0.12383,51.51462]},"properties":{"name":"The Gentle Dentist","address":"Shelton Street 61","postcode":"","phone":"","nhs":false}},{"type":"Feature","geometry":{"type":"Point","coordinates":[-0.16711,51.37148]},"properties":{"name":"Carlton Dental","address":"","postcode":"","phone":"","nhs":false}},{"type":"Feature","geometry":{"type":"Point","coordinates":[-0.4538,51.37244]},"properties":{"name":"Portmore Dental","address":"","postcode":"","phone":"","nhs":false}},{"type":"Feature","geometry":{"type":"Point","coordinates":[-0.45373,51.37238]},"properties":{"name":"Weybridge Orthodontics","address":"","postcode":"","phone":"","nhs":false}},{"type":"Feature","geometry":{"type":"Point","coordinates":[-0.20099,51.65794]},"properties":{"name":"Grove Dental Practice","address":"High Street 236","postcode":"EN5 5TD","phone":"+44 20 8449 5931","nhs":false}},{"type":"Feature","geometry":{"type":"Point","coordinates":[0.00586,51.55224]},"properties":{"name":"The Thatched House Dental Practice","address":"High Road Leytonstone 154","postcode":"E15 1UA","phone":"","nhs":false}},{"type":"Feature","geometry":{"type":"Point","coordinates":[-0.17623,51.46061]},"properties":{"name":"108 Dental","address":"108","postcode":"","phone":"","nhs":false}},{"type":"Feature","geometry":{"type":"Point","coordinates":[-0.09395,51.47611]},"properties":{"name":"Dental Surgery","address":"","postcode":"","phone":"","nhs":false}},{"type":"Feature","geometry":{"type":"Point","coordinates":[-0.08755,51.52947]},"properties":{"name":"77 Nile Street Dental Practice","address":"","postcode":"","phone":"","nhs":false}},{"type":"Feature","geometry":{"type":"Point","coordinates":[-0.18655,51.43796]},"properties":{"name":"Earlsfield Dental Practice","address":"Garratt Lane 635","postcode":"SW18 4SX","phone":"","nhs":false}},{"type":"Feature","geometry":{"type":"Point","coordinates":[-0.0342,51.51156]},"properties":{"name":"UltraSmile Dentistry","address":"Basin Approach 127A","postcode":"E14 7JG","phone":"+44 20 3930 4309","nhs":false}},{"type":"Feature","geometry":{"type":"Point","coordinates":[-0.09708,51.37508]},"properties":{"name":"All Clear Dental Centre","address":"Wellesley Road","postcode":"CR0 1LH","phone":"+442086883869","nhs":false}},{"type":"Feature","geometry":{"type":"Point","coordinates":[-0.17855,51.5569]},"properties":{"name":"Dental Perfection","address":"Heath Street 53A","postcode":"","phone":"","nhs":false}},{"type":"Feature","geometry":{"type":"Point","coordinates":[-0.03595,51.45631]},"properties":{"name":"Smiles For You","address":"Brockley Road 349-351","postcode":"SE4 2AQ","phone":"","nhs":false}},{"type":"Feature","geometry":{"type":"Point","coordinates":[-0.15822,51.51486]},"properties":{"name":"Exceldent","address":"Seymour Street 22","postcode":"","phone":"+44 20 7724 3742","nhs":false}},{"type":"Feature","geometry":{"type":"Point","coordinates":[-0.09974,51.58172]},"properties":{"name":"House of Smiles","address":"Green Lanes 517","postcode":"N4 1AN","phone":"+44 20 8351 1005","nhs":false}},{"type":"Feature","geometry":{"type":"Point","coordinates":[-0.09968,51.58336]},"properties":{"name":"Haringey Smiles","address":"Green Lanes 574","postcode":"N8 0RP","phone":"+44 20 8800 1637","nhs":false}},{"type":"Feature","geometry":{"type":"Point","coordinates":[-0.22364,51.50301]},"properties":{"name":"Goldhawk Dental Practice","address":"Goldhawk Road 9","postcode":"","phone":"+44 20 8749 7427","nhs":false}},{"type":"Feature","geometry":{"type":"Point","coordinates":[-0.05306,51.53041]},"properties":{"name":"Dental Surgery","address":"Old Ford Road 53","postcode":"E2 9PJ","phone":"","nhs":false}},{"type":"Feature","geometry":{"type":"Point","coordinates":[-0.19164,51.47183]},"properties":{"name":"Karma Dental Care","address":"","postcode":"","phone":"","nhs":false}},{"type":"Feature","geometry":{"type":"Point","coordinates":[-0.15969,51.52287]},"properties":{"name":"NW Smiles","address":"Melcombe Street 18","postcode":"","phone":"+44 20 7724 3003","nhs":false}},{"type":"Feature","geometry":{"type":"Point","coordinates":[-0.29434,51.57321]},"properties":{"name":"VS Dental Care Centre","address":"Preston Road 288","postcode":"","phone":"+44 20 8904 1080","nhs":false}},{"type":"Feature","geometry":{"type":"Point","coordinates":[-0.08504,51.61669]},"properties":{"name":"Edmonton Village Dental Practice","address":"Kendal Parage 17","postcode":"","phone":"","nhs":false}},{"type":"Feature","geometry":{"type":"Point","coordinates":[-0.06524,51.61175]},"properties":{"name":"The Angel","address":"Fore Street 91","postcode":"","phone":"","nhs":false}},{"type":"Feature","geometry":{"type":"Point","coordinates":[0.0557,51.45648]},"properties":{"name":"Eltham Family Dental Practice","address":"Dunvegan Road 78","postcode":"","phone":"","nhs":false}},{"type":"Feature","geometry":{"type":"Point","coordinates":[-0.13223,51.49019]},"properties":{"name":"Pimlico Dental Care","address":"","postcode":"","phone":"","nhs":false}},{"type":"Feature","geometry":{"type":"Point","coordinates":[-0.09592,51.52433]},"properties":{"name":"Old Street Dental Clinic","address":"Old Street 69-85","postcode":"EC1V 9HX","phone":"+44 20 7253 5982;+44 20 7251 2844","nhs":false}},{"type":"Feature","geometry":{"type":"Point","coordinates":[-0.33573,51.5802]},"properties":{"name":"Complete Smiles","address":"","postcode":"","phone":"","nhs":false}},{"type":"Feature","geometry":{"type":"Point","coordinates":[-0.17696,51.5147]},"properties":{"name":"Paddington Dental Practice","address":"Craven Road 17","postcode":"","phone":"+44 20 7723 6106","nhs":false}},{"type":"Feature","geometry":{"type":"Point","coordinates":[-0.1034,51.54525]},"properties":{"name":"Islington Smiles","address":"Upper Street 246","postcode":"N1 1RU","phone":"","nhs":false}},{"type":"Feature","geometry":{"type":"Point","coordinates":[-0.35304,51.5649]},"properties":{"name":"Bridge Dental Practice","address":"Northolt Road","postcode":"","phone":"+44 20 8422 2736","nhs":false}},{"type":"Feature","geometry":{"type":"Point","coordinates":[-0.12892,51.49682]},"properties":{"name":"SW1 Dental Studio","address":"","postcode":"","phone":"+44 20 7222 3002","nhs":false}},{"type":"Feature","geometry":{"type":"Point","coordinates":[-0.35458,51.56363]},"properties":{"name":"Bridge Dental Care","address":"Northolt Road 271","postcode":"HA2 8HS","phone":"+44 20 8422 2736","nhs":false}},{"type":"Feature","geometry":{"type":"Point","coordinates":[0.08527,51.58745]},"properties":{"name":"Excel Dental Clinic","address":"Tanners Lane 8","postcode":"IG6 1QJ","phone":"+44 20 8550 7773","nhs":false}},{"type":"Feature","geometry":{"type":"Point","coordinates":[-0.23701,51.46438]},"properties":{"name":"Putney Dental Surgery","address":"","postcode":"","phone":"","nhs":false}},{"type":"Feature","geometry":{"type":"Point","coordinates":[-0.07014,51.58872]},"properties":{"name":"Smile For Life Dental Clinic","address":"High Road 342-344","postcode":"N15 4ET","phone":"","nhs":false}},{"type":"Feature","geometry":{"type":"Point","coordinates":[-0.1726,51.49862]},"properties":{"name":"Imperial College Dentist","address":"","postcode":"","phone":"","nhs":false}},{"type":"Feature","geometry":{"type":"Point","coordinates":[-0.03722,51.45401]},"properties":{"name":"Crofton Park Dental Practice","address":"","postcode":"","phone":"","nhs":false}},{"type":"Feature","geometry":{"type":"Point","coordinates":[-0.08553,51.51347]},"properties":{"name":"Bupa Dental Care","address":"","postcode":"","phone":"","nhs":false}},{"type":"Feature","geometry":{"type":"Point","coordinates":[-0.14689,51.57741]},"properties":{"name":"N6 Dental Platinum","address":"Archway Road 345","postcode":"N6 5AA","phone":"","nhs":false}},{"type":"Feature","geometry":{"type":"Point","coordinates":[-0.30803,51.57116]},"properties":{"name":"Wembley Orthodontic & Aesthetics","address":"Windermere Avenue 116A","postcode":"","phone":"","nhs":false}},{"type":"Feature","geometry":{"type":"Point","coordinates":[-0.12143,51.56717]},"properties":{"name":"Hornsey Dental Centre","address":"","postcode":"","phone":"","nhs":false}},{"type":"Feature","geometry":{"type":"Point","coordinates":[-0.08011,51.51515]},"properties":{"name":"Bupa Dental Care","address":"Saint Mary Axe 50","postcode":"EC3A 8FR","phone":"","nhs":false}},{"type":"Feature","geometry":{"type":"Point","coordinates":[-0.06484,51.47375]},"properties":{"name":"Bailie & Associates","address":"Peckham High Street 184","postcode":"","phone":"+44 20 7639 1873","nhs":false}},{"type":"Feature","geometry":{"type":"Point","coordinates":[0.21854,51.289]},"properties":{"name":"Leonette Rossouw","address":"","postcode":"","phone":"","nhs":false}},{"type":"Feature","geometry":{"type":"Point","coordinates":[-0.28668,51.41472]},"properties":{"name":"Kingston Hill Dental Practice","address":"Kingston Hill 21","postcode":"KT2 7PW","phone":"","nhs":false}},{"type":"Feature","geometry":{"type":"Point","coordinates":[-0.04638,51.66029]},"properties":{"name":"Enfield Dental Practice","address":"","postcode":"","phone":"","nhs":false}},{"type":"Feature","geometry":{"type":"Point","coordinates":[-0.2515,51.38484]},"properties":{"name":"Dental Sense","address":"Malden Road 378","postcode":"","phone":"+44 20 8337 3496","nhs":false}},{"type":"Feature","geometry":{"type":"Point","coordinates":[-0.1626,51.45664]},"properties":{"name":"Dental Surgery","address":"Ashness Road 1","postcode":"SW11 6RY","phone":"+44 20 7223 2029","nhs":false}},{"type":"Feature","geometry":{"type":"Point","coordinates":[-0.16572,51.45804]},"properties":{"name":"Glow Dentist","address":"Northcote Road 87","postcode":"","phone":"","nhs":false}},{"type":"Feature","geometry":{"type":"Point","coordinates":[-0.16738,51.46115]},"properties":{"name":"Together Dental","address":"St John's Road","postcode":"","phone":"","nhs":false}},{"type":"Feature","geometry":{"type":"Point","coordinates":[-0.1211,51.61307]},"properties":{"name":"N13 Dental Clinic","address":"","postcode":"","phone":"","nhs":false}},{"type":"Feature","geometry":{"type":"Point","coordinates":[-0.09927,51.5812]},"properties":{"name":"The Haringey Dentist","address":"Grand Parade 16","postcode":"N4 1LA","phone":"","nhs":false}},{"type":"Feature","geometry":{"type":"Point","coordinates":[-0.17058,51.46836]},"properties":{"name":"Perfect Smile Dental Surgery","address":"","postcode":"","phone":"","nhs":false}},{"type":"Feature","geometry":{"type":"Point","coordinates":[-0.12051,51.53188]},"properties":{"name":"LDNDental","address":"","postcode":"","phone":"","nhs":false}},{"type":"Feature","geometry":{"type":"Point","coordinates":[-0.34155,51.52475]},"properties":{"name":"Dental Surgery (Acre Medical Services)","address":"Greenford Avenue 422-424","postcode":"W7 3DB","phone":"","nhs":false}},{"type":"Feature","geometry":{"type":"Point","coordinates":[-0.48669,51.37156]},"properties":{"name":"Gatehouse Dental Practice","address":"Station Road 128","postcode":"KT15 2BQ","phone":"+44 1932 856123","nhs":false}},{"type":"Feature","geometry":{"type":"Point","coordinates":[-0.17067,51.47008]},"properties":{"name":"Green Dental Care","address":"","postcode":"","phone":"","nhs":false}},{"type":"Feature","geometry":{"type":"Point","coordinates":[-0.21355,51.31328]},"properties":{"name":"Ashley House Dental Specialist Group","address":"Brighton Road 104","postcode":"SM7 1BU","phone":"","nhs":false}},{"type":"Feature","geometry":{"type":"Point","coordinates":[-0.08761,51.51572]},"properties":{"name":"Bupa Dental Care","address":"Copthall Avenue 2","postcode":"EC2R 7DA","phone":"","nhs":false}},{"type":"Feature","geometry":{"type":"Point","coordinates":[-0.21236,51.31525]},"properties":{"name":"Bupa Dental Care","address":"Brighton Road 66","postcode":"SM7 1BT","phone":"","nhs":false}},{"type":"Feature","geometry":{"type":"Point","coordinates":[-0.09881,51.57661]},"properties":{"name":"Manor House Dental Surgery","address":"Green Lanes 363","postcode":"","phone":"+44 20 8800 6667;+44 20 8826 5454","nhs":false}},{"type":"Feature","geometry":{"type":"Point","coordinates":[-0.49004,51.3715]},"properties":{"name":"Premier Dental Care","address":"Station Road","postcode":"KT15 2AR","phone":"+44 1932 853700","nhs":false}},{"type":"Feature","geometry":{"type":"Point","coordinates":[-0.48479,51.37248]},"properties":{"name":"Damira Dental Studios","address":"Station Road 172","postcode":"KT15 2BD","phone":"","nhs":false}},{"type":"Feature","geometry":{"type":"Point","coordinates":[-0.15974,51.47387]},"properties":{"name":"London Dental Implant","address":"Battersea Park Road 158-160","postcode":"","phone":"","nhs":false}},{"type":"Feature","geometry":{"type":"Point","coordinates":[-0.15516,51.47458]},"properties":{"name":"Battersea Dental Care","address":"Battersea Park Road 128","postcode":"SW11 4LY","phone":"","nhs":false}},{"type":"Feature","geometry":{"type":"Point","coordinates":[-0.19936,51.46134]},"properties":{"name":"Putney Bridge Dental Centre","address":"","postcode":"","phone":"","nhs":false}},{"type":"Feature","geometry":{"type":"Point","coordinates":[-0.2429,51.53454]},"properties":{"name":"Kensal Dental","address":"High Street Harlesden 182","postcode":"","phone":"+44 20 8965 4481","nhs":false}},{"type":"Feature","geometry":{"type":"Point","coordinates":[-0.17215,51.47013]},"properties":{"name":"Green Dental Care","address":"","postcode":"","phone":"","nhs":false}},{"type":"Feature","geometry":{"type":"Point","coordinates":[-0.05846,51.50948]},"properties":{"name":"Wapping Dental Centre","address":"The Highway 172","postcode":"E1W 3DD","phone":"","nhs":false}},{"type":"Feature","geometry":{"type":"Point","coordinates":[-0.25465,51.54028]},"properties":{"name":"Craven Park Dental Clinic","address":"","postcode":"","phone":"","nhs":false}},{"type":"Feature","geometry":{"type":"Point","coordinates":[-0.41851,51.43251]},"properties":{"name":"Hamilton Dental Care","address":"","postcode":"","phone":"+44 20 8707 9088","nhs":false}},{"type":"Feature","geometry":{"type":"Point","coordinates":[-0.15221,51.51815]},"properties":{"name":"George Street Dental","address":"","postcode":"","phone":"","nhs":false}},{"type":"Feature","geometry":{"type":"Point","coordinates":[-0.14815,51.51835]},"properties":{"name":"Wimpole Dental","address":"Wimpole Street 20","postcode":"W1G 8GF","phone":"+44 20 7380 1025","nhs":false}},{"type":"Feature","geometry":{"type":"Point","coordinates":[-0.50524,51.39034]},"properties":{"name":"Abbeymead Dental Centre","address":"Guildford Street 73","postcode":"KT16 9AS","phone":"+44 1932 571200","nhs":false}},{"type":"Feature","geometry":{"type":"Point","coordinates":[-0.09743,51.52243]},"properties":{"name":"Barbican Dental Centre","address":"Goswell Road 16-18","postcode":"EC1M 7AA","phone":"","nhs":false}},{"type":"Feature","geometry":{"type":"Point","coordinates":[-0.15902,51.52205]},"properties":{"name":"Marylebone House Dental Practice","address":"Marylebone Road","postcode":"","phone":"","nhs":false}},{"type":"Feature","geometry":{"type":"Point","coordinates":[-0.04912,51.50223]},"properties":{"name":"G K Ooi and Associates","address":"","postcode":"","phone":"","nhs":false}},{"type":"Feature","geometry":{"type":"Point","coordinates":[-0.06275,51.5133]},"properties":{"name":"Dental Surgery","address":"Hessel Street 44-56","postcode":"E1 2LP","phone":"","nhs":false}},{"type":"Feature","geometry":{"type":"Point","coordinates":[-0.07855,51.51818]},"properties":{"name":"Pure Periodontics","address":"Widegate Street 26","postcode":"E1 7HP","phone":"","nhs":false}},{"type":"Feature","geometry":{"type":"Point","coordinates":[-0.0872,51.54969]},"properties":{"name":"Future Smile Dental Practice","address":"Newington Green Road 95","postcode":"N1 4QX","phone":"","nhs":false}},{"type":"Feature","geometry":{"type":"Point","coordinates":[-0.45413,51.42868]},"properties":{"name":"Ashford Dental Care Centre","address":"","postcode":"","phone":"","nhs":false}},{"type":"Feature","geometry":{"type":"Point","coordinates":[-0.22901,51.50209]},"properties":{"name":"Goldhawk Road Dental Centre","address":"Goldhawk Road 94","postcode":"W12 8HD","phone":"","nhs":false}},{"type":"Feature","geometry":{"type":"Point","coordinates":[-0.1245,51.44569]},"properties":{"name":"Dental Laboratory","address":"Brixton Hill 297","postcode":"","phone":"+44 20 8671 8580","nhs":false}},{"type":"Feature","geometry":{"type":"Point","coordinates":[-0.23016,51.50624]},"properties":{"name":"The Bush Dental Clinic","address":"Uxbridge Road 278","postcode":"W12 7JA","phone":"","nhs":false}},{"type":"Feature","geometry":{"type":"Point","coordinates":[-0.23657,51.50626]},"properties":{"name":"Incredible Smiles","address":"Uxbridge Road 159","postcode":"W12 9RB","phone":"+44 20 8743 1509","nhs":false}},{"type":"Feature","geometry":{"type":"Point","coordinates":[-0.22407,51.49366]},"properties":{"name":"Smile for Life","address":"Hammersmith Broadway 14b","postcode":"","phone":"+44 20 8563 2323","nhs":false}},{"type":"Feature","geometry":{"type":"Point","coordinates":[-0.35936,51.40029]},"properties":{"name":"The Molesey Dental Practice","address":"Seymour Road 4","postcode":"KT8 0PF","phone":"","nhs":false}},{"type":"Feature","geometry":{"type":"Point","coordinates":[-0.02219,51.50473]},"properties":{"name":"Malmin Dental","address":"South Colonnade 2-4","postcode":"E14 4PZ","phone":"","nhs":false}},{"type":"Feature","geometry":{"type":"Point","coordinates":[-0.02581,51.50658]},"properties":{"name":"Bupa Dental Care","address":"Columbus Courtyard 14","postcode":"E14 4DA","phone":"","nhs":false}},{"type":"Feature","geometry":{"type":"Point","coordinates":[-0.00506,51.54634]},"properties":{"name":"East Village Dental","address":"Mirabelle Gardens 3-5","postcode":"E20 1BX","phone":"+44 20 3355 2265","nhs":false}},{"type":"Feature","geometry":{"type":"Point","coordinates":[-0.03157,51.52147]},"properties":{"name":"Damira Dental Studios","address":"Bow Common Lane 195","postcode":"","phone":"+44 20 7987 4880","nhs":false}},{"type":"Feature","geometry":{"type":"Point","coordinates":[-0.03925,51.67209]},"properties":{"name":"Haverstock Healthcare","address":"","postcode":"","phone":"","nhs":false}},{"type":"Feature","geometry":{"type":"Point","coordinates":[-0.41181,51.41808]},"properties":{"name":"S.Urdang Dental Surgery","address":"198","postcode":"","phone":"","nhs":false}},{"type":"Feature","geometry":{"type":"Point","coordinates":[0.29938,51.39895]},"properties":{"name":"Bupa Dental Care","address":"Main Road 38","postcode":"DA3 7QZ","phone":"+44 1474 704736","nhs":false}},{"type":"Feature","geometry":{"type":"Point","coordinates":[-0.12935,51.52916]},"properties":{"name":"Chalton Street Dentists","address":"Chalton Street 30-32","postcode":"NW1 1JB","phone":"+44 20 7757 5272","nhs":false}},{"type":"Feature","geometry":{"type":"Point","coordinates":[-0.2177,51.45984]},"properties":{"name":"Gentle Dental Putney","address":"","postcode":"","phone":"","nhs":false}},{"type":"Feature","geometry":{"type":"Point","coordinates":[0.19053,51.55274]},"properties":{"name":"Maylands Dental Practice","address":"","postcode":"","phone":"","nhs":false}},{"type":"Feature","geometry":{"type":"Point","coordinates":[-0.19676,51.43502]},"properties":{"name":"Arthur Road Dental Practice","address":"","postcode":"","phone":"","nhs":false}},{"type":"Feature","geometry":{"type":"Point","coordinates":[-0.20109,51.42726]},"properties":{"name":"McLaren Dental","address":"","postcode":"","phone":"","nhs":false}},{"type":"Feature","geometry":{"type":"Point","coordinates":[-0.13341,51.50699]},"properties":{"name":"Pall Mall Dental Clinic","address":"Pall Mall 15","postcode":"SW1Y 5LU","phone":"","nhs":false}},{"type":"Feature","geometry":{"type":"Point","coordinates":[-0.08375,51.51656]},"properties":{"name":"Boston House Dental Clinic","address":"London Wall 82","postcode":"EC2M 5ND","phone":"","nhs":false}},{"type":"Feature","geometry":{"type":"Point","coordinates":[-0.18565,51.48338]},"properties":{"name":"Chelsea Dental Clinic","address":"Fulham Road 298","postcode":"","phone":"+44 20 7349 8889","nhs":false}},{"type":"Feature","geometry":{"type":"Point","coordinates":[-0.11435,51.4797]},"properties":{"name":"Mint Dental Centre","address":"Clapham Road 41","postcode":"","phone":"+44 20 7587 0100","nhs":false}},{"type":"Feature","geometry":{"type":"Point","coordinates":[-0.11316,51.4813]},"properties":{"name":"The Oval Dental Clinic","address":"Kennington Park Road 330","postcode":"","phone":"+44 20 7582 2737","nhs":false}},{"type":"Feature","geometry":{"type":"Point","coordinates":[-0.11149,51.48767]},"properties":{"name":"Dental Practice","address":"Kennington Road 302","postcode":"SE11 4LD","phone":"+44 20 7582 1668","nhs":false}},{"type":"Feature","geometry":{"type":"Point","coordinates":[-0.11076,51.48397]},"properties":{"name":"Kennington Dental Surgery","address":"Kennington Park Road 234","postcode":"SE11 4DA","phone":"","nhs":false}},{"type":"Feature","geometry":{"type":"Point","coordinates":[-0.1322,51.51442]},"properties":{"name":"Paragon Dental Clinic","address":"Frith Street 64","postcode":"W1D 3JF","phone":"+44 20 3358 0400","nhs":false}},{"type":"Feature","geometry":{"type":"Point","coordinates":[-0.15196,51.4661]},"properties":{"name":"Perfect Smile","address":"Lavender Hill 25","postcode":"","phone":"","nhs":false}},{"type":"Feature","geometry":{"type":"Point","coordinates":[-0.30713,51.46021]},"properties":{"name":"Richmond Green Dental Care","address":"King Street","postcode":"","phone":"","nhs":false}},{"type":"Feature","geometry":{"type":"Point","coordinates":[-0.11876,51.53089]},"properties":{"name":"Pentonville Road Dental","address":"Pentonville Road 245","postcode":"","phone":"","nhs":false}},{"type":"Feature","geometry":{"type":"Point","coordinates":[-0.06352,51.50387]},"properties":{"name":"Hermitage Clinic","address":"Wapping High Street 41","postcode":"E1W 1NR","phone":"+44 20 7481 2999","nhs":false}},{"type":"Feature","geometry":{"type":"Point","coordinates":[-0.19893,51.47266]},"properties":{"name":"Parsons Green Dental Practice","address":"","postcode":"","phone":"","nhs":false}},{"type":"Feature","geometry":{"type":"Point","coordinates":[-0.20126,51.52477]},"properties":{"name":"Dr. Leung Dental Surgery","address":"Walterton Road 2","postcode":"","phone":"","nhs":false}},{"type":"Feature","geometry":{"type":"Point","coordinates":[-0.06395,51.62579]},"properties":{"name":"Church Street Dental Practice","address":"","postcode":"","phone":"","nhs":false}},{"type":"Feature","geometry":{"type":"Point","coordinates":[-0.10055,51.58539]},"properties":{"name":"Duckett Dental Surgery","address":"Green Lanes 627","postcode":"N8 0RE","phone":"","nhs":false}},{"type":"Feature","geometry":{"type":"Point","coordinates":[-0.12524,51.5181]},"properties":{"name":"Forest & Ray Dental Practice","address":"Gilbert Place 8F","postcode":"WC1A 2JD","phone":"","nhs":false}},{"type":"Feature","geometry":{"type":"Point","coordinates":[-0.14919,51.44762]},"properties":{"name":"Dental Clinique","address":"","postcode":"","phone":"","nhs":false}},{"type":"Feature","geometry":{"type":"Point","coordinates":[-0.15176,51.4449]},"properties":{"name":"Ten Dental Health","address":"","postcode":"","phone":"","nhs":false}},{"type":"Feature","geometry":{"type":"Point","coordinates":[-0.09904,51.5779]},"properties":{"name":"Dental Care @ N4","address":"Green Lanes 401","postcode":"N4 1EU","phone":"+44 20 8340 4454","nhs":false}},{"type":"Feature","geometry":{"type":"Point","coordinates":[-0.1534,51.44405]},"properties":{"name":"Balham Dental Care","address":"","postcode":"","phone":"","nhs":false}},{"type":"Feature","geometry":{"type":"Point","coordinates":[-0.08258,51.51196]},"properties":{"name":"Smile Pod","address":"Cullum Street 18","postcode":"","phone":"","nhs":false}},{"type":"Feature","geometry":{"type":"Point","coordinates":[0.01087,51.68611]},"properties":{"name":"Cobbins Brook Dental Practice","address":"","postcode":"","phone":"","nhs":false}},{"type":"Feature","geometry":{"type":"Point","coordinates":[-0.20101,51.48375]},"properties":{"name":"Fulham Dental Centre","address":"","postcode":"","phone":"","nhs":false}},{"type":"Feature","geometry":{"type":"Point","coordinates":[-0.19258,51.47635]},"properties":{"name":"New Kings Road Dentist","address":"","postcode":"","phone":"","nhs":false}},{"type":"Feature","geometry":{"type":"Point","coordinates":[-0.07685,51.51545]},"properties":{"name":"Square Mile Dental Centre","address":"","postcode":"","phone":"","nhs":false}},{"type":"Feature","geometry":{"type":"Point","coordinates":[-0.32771,51.2953]},"properties":{"name":"mydentist","address":"High Street 28","postcode":"","phone":"","nhs":false}},{"type":"Feature","geometry":{"type":"Point","coordinates":[-0.30055,51.4609]},"properties":{"name":"Marsh Gate Dental","address":"Sheen Road","postcode":"TW9 1AD","phone":"","nhs":false}},{"type":"Feature","geometry":{"type":"Point","coordinates":[-0.15153,51.41712]},"properties":{"name":"Klassique Dental Laboratory","address":"Streatham Road 217","postcode":"CR4 2AJ","phone":"","nhs":false}},{"type":"Feature","geometry":{"type":"Point","coordinates":[-0.17293,51.49447]},"properties":{"name":"Thurloe Street Dental","address":"Thurloe Street 10","postcode":"","phone":"","nhs":false}},{"type":"Feature","geometry":{"type":"Point","coordinates":[-0.12998,51.58401]},"properties":{"name":"Park Road Dental Practice","address":"","postcode":"","phone":"","nhs":false}},{"type":"Feature","geometry":{"type":"Point","coordinates":[-0.13924,51.46179]},"properties":{"name":"Ten The Pavement Dental Health","address":"","postcode":"","phone":"","nhs":false}},{"type":"Feature","geometry":{"type":"Point","coordinates":[-0.41284,51.69469]},"properties":{"name":"TheHappySmileCo.","address":"","postcode":"","phone":"","nhs":false}},{"type":"Feature","geometry":{"type":"Point","coordinates":[-0.21288,51.41806]},"properties":{"name":"Ayub Endodontics","address":"Salisbury Road 2","postcode":"SW19 4EZ","phone":"+44 20 8247 3777","nhs":false}},{"type":"Feature","geometry":{"type":"Point","coordinates":[-0.37976,51.60549]},"properties":{"name":"Cohen Dental Centre","address":"Uxbridge Road 486","postcode":"","phone":"","nhs":false}},{"type":"Feature","geometry":{"type":"Point","coordinates":[-0.17831,51.55941]},"properties":{"name":"Heath Street Dental, Orthodontic & Implant Centre","address":"Heath Street 116","postcode":"NW3 1DR","phone":"+44 20 7813 5000","nhs":false}},{"type":"Feature","geometry":{"type":"Point","coordinates":[-0.14155,51.5742]},"properties":{"name":"The Sanctuary","address":"Archway Road 224","postcode":"N6 5AX","phone":"","nhs":false}},{"type":"Feature","geometry":{"type":"Point","coordinates":[-0.37092,51.57265]},"properties":{"name":"Smile 360 Dental Practice","address":"","postcode":"","phone":"","nhs":false}},{"type":"Feature","geometry":{"type":"Point","coordinates":[-0.3656,51.60923]},"properties":{"name":"Aqua Dental Clinic","address":"","postcode":"","phone":"","nhs":false}},{"type":"Feature","geometry":{"type":"Point","coordinates":[-0.12349,51.58147]},"properties":{"name":"Middle Lane Dental","address":"Middle Lane 34","postcode":"N8 8PL","phone":"+44 20 8348 1480","nhs":false}},{"type":"Feature","geometry":{"type":"Point","coordinates":[-0.16341,51.46442]},"properties":{"name":"Perfect Smile","address":"Lavender Hill 190-192","postcode":"","phone":"+44 20 7100 9720","nhs":false}},{"type":"Feature","geometry":{"type":"Point","coordinates":[-0.30828,51.39459]},"properties":{"name":"Maple Dental Practice","address":"Maple Road 71","postcode":"KT6 4AG","phone":"+44 20 8390 1106","nhs":false}},{"type":"Feature","geometry":{"type":"Point","coordinates":[-0.12096,51.55905]},"properties":{"name":"Gentle Dental Care","address":"Holloway Road 506","postcode":"","phone":"","nhs":false}},{"type":"Feature","geometry":{"type":"Point","coordinates":[-0.37166,51.57678]},"properties":{"name":"Corona Dental Studio","address":"","postcode":"","phone":"","nhs":false}},{"type":"Feature","geometry":{"type":"Point","coordinates":[-0.44835,51.39477]},"properties":{"name":"Academy Dental Care","address":"High Street","postcode":"","phone":"","nhs":false}},{"type":"Feature","geometry":{"type":"Point","coordinates":[-0.20664,51.42426]},"properties":{"name":"Woodside Dental Practice","address":"Woodside 49","postcode":"SW19 7AF","phone":"+44 20 8947 5520","nhs":false}},{"type":"Feature","geometry":{"type":"Point","coordinates":[-0.1528,51.46602]},"properties":{"name":"SW11 Medical Dental Aesthetic","address":"Lavender Hill 45","postcode":"SW11 5QW","phone":"","nhs":false}},{"type":"Feature","geometry":{"type":"Point","coordinates":[-0.14877,51.57824]},"properties":{"name":"N6 Dental","address":"Archway Road 383","postcode":"","phone":"","nhs":false}},{"type":"Feature","geometry":{"type":"Point","coordinates":[-0.01528,51.47267]},"properties":{"name":"SmileUp Dental","address":"","postcode":"","phone":"+44 20 3411 1550","nhs":false}},{"type":"Feature","geometry":{"type":"Point","coordinates":[-0.18975,51.48947]},"properties":{"name":"Zental Dental Earl's Court","address":"Old Brompton Road 221-225","postcode":"SW5 0EA","phone":"+44 20 3982 8602","nhs":false}},{"type":"Feature","geometry":{"type":"Point","coordinates":[-0.18924,51.60453]},"properties":{"name":"Dr Fang Dental Practice","address":"Ballards Lane 113a","postcode":"N3 1XY","phone":"","nhs":false}},{"type":"Feature","geometry":{"type":"Point","coordinates":[-0.16762,51.51431]},"properties":{"name":"Bupa Dental Care","address":"Connaught Street 48","postcode":"W2 2AA","phone":"+44 20 7706 1264","nhs":false}},{"type":"Feature","geometry":{"type":"Point","coordinates":[-0.11021,51.46482]},"properties":{"name":"Dentistry For You","address":"","postcode":"","phone":"+44 20 7274 7484","nhs":false}},{"type":"Feature","geometry":{"type":"Point","coordinates":[-0.18249,51.49478]},"properties":{"name":"London Smiling","address":"Gloucester Road 75","postcode":"","phone":"","nhs":false}},{"type":"Feature","geometry":{"type":"Point","coordinates":[-0.11797,51.51496]},"properties":{"name":"Sardinia House Dental Practice","address":"Lincoln's Inn Fields 52","postcode":"WC2A 3LZ","phone":"+44 20 7404 8600","nhs":false}},{"type":"Feature","geometry":{"type":"Point","coordinates":[-0.18955,51.36654]},"properties":{"name":"Benhill Dental Practice","address":"Benhill Avenue 62","postcode":"SM1 4DW","phone":"","nhs":false}},{"type":"Feature","geometry":{"type":"Point","coordinates":[-0.11534,51.46506]},"properties":{"name":"Blue Dental Care","address":"","postcode":"","phone":"+44 20 7274 3085","nhs":false}},{"type":"Feature","geometry":{"type":"Point","coordinates":[-0.10369,51.43205]},"properties":{"name":"Dental Surgery","address":"Hannen Road 4","postcode":"SE27 0DT","phone":"","nhs":false}},{"type":"Feature","geometry":{"type":"Point","coordinates":[-0.1058,51.4401]},"properties":{"name":"Arkh-View Dental Centre","address":"Station Rise 3","postcode":"SE27 9BW","phone":"","nhs":false}},{"type":"Feature","geometry":{"type":"Point","coordinates":[-0.19619,51.59947]},"properties":{"name":"Church End Dental Clinic","address":"","postcode":"","phone":"","nhs":false}},{"type":"Feature","geometry":{"type":"Point","coordinates":[-0.10528,51.44112]},"properties":{"name":"Haynes Dental","address":"Thurlow Park Road 9","postcode":"SE21 8JB","phone":"","nhs":false}},{"type":"Feature","geometry":{"type":"Point","coordinates":[-0.10603,51.43816]},"properties":{"name":"Norwood Dental Clinic","address":"Norwood Road 222","postcode":"SE27 9AW","phone":"","nhs":false}},{"type":"Feature","geometry":{"type":"Point","coordinates":[-0.37323,51.56178]},"properties":{"name":"Abbey Dental South Harrow;Abbey Dental Practice","address":"Eastcote Lane 338","postcode":"","phone":"+44 20 8864 4200","nhs":false}},{"type":"Feature","geometry":{"type":"Point","coordinates":[-0.1394,51.49327]},"properties":{"name":"Hermes London Dental Clinic","address":"Vauxhall Bridge Road 205","postcode":"SW1V 1ER","phone":"+44 20 7233 7660","nhs":false}},{"type":"Feature","geometry":{"type":"Point","coordinates":[-0.27207,51.49084]},"properties":{"name":"Burlington Dental Centre","address":"","postcode":"","phone":"","nhs":false}},{"type":"Feature","geometry":{"type":"Point","coordinates":[-0.24199,51.61598]},"properties":{"name":"Glow Dentistry","address":"Daws Lane 23","postcode":"NW7 4SL","phone":"+44 20 8906 7676","nhs":false}},{"type":"Feature","geometry":{"type":"Point","coordinates":[-0.17859,51.55891]},"properties":{"name":"Glow Dentistry","address":"Heath Street 91","postcode":"NW3 6SS","phone":"+44 20 7433 3252","nhs":false}},{"type":"Feature","geometry":{"type":"Point","coordinates":[-0.12311,51.47109]},"properties":{"name":"SW9 Dental","address":"","postcode":"","phone":"","nhs":false}},{"type":"Feature","geometry":{"type":"Point","coordinates":[-0.38186,51.59249]},"properties":{"name":"Apple Dental Studios","address":"","postcode":"","phone":"","nhs":false}},{"type":"Feature","geometry":{"type":"Point","coordinates":[-0.12587,51.50972]},"properties":{"name":"Covent Garden Dental Clinic","address":"Chandos Place 48","postcode":"WC2N 4HS","phone":"","nhs":false}},{"type":"Feature","geometry":{"type":"Point","coordinates":[-0.00316,51.45963]},"properties":{"name":"Belmont Park Dental Care","address":"Belmont Park 4","postcode":"SE13 5BJ","phone":"","nhs":false}},{"type":"Feature","geometry":{"type":"Point","coordinates":[-0.12367,51.51556]},"properties":{"name":"Drury Lane Dental Care","address":"Drury Lane 59","postcode":"","phone":"","nhs":false}},{"type":"Feature","geometry":{"type":"Point","coordinates":[-0.15047,51.5226]},"properties":{"name":"Sonria Dental Clinic","address":"Devonshire Place 25","postcode":"W1G 6JD","phone":"","nhs":false}},{"type":"Feature","geometry":{"type":"Point","coordinates":[-0.30233,51.41002]},"properties":{"name":"Jiva Dental","address":"Eden Street 80","postcode":"KT1 1DJ","phone":"+44 20 8108 4473","nhs":false}},{"type":"Feature","geometry":{"type":"Point","coordinates":[-0.39266,51.53606]},"properties":{"name":"Tangmere Gardens Dental Centre","address":"","postcode":"","phone":"","nhs":false}},{"type":"Feature","geometry":{"type":"Point","coordinates":[-0.18661,51.43964]},"properties":{"name":"Perfect Smile","address":"Garratt Lane 579","postcode":"SW18 4ST","phone":"+44 20 8946 2732","nhs":false}},{"type":"Feature","geometry":{"type":"Point","coordinates":[0.01044,51.54324]},"properties":{"name":"Irmadent","address":"Romford Road 105A","postcode":"E15 4LY","phone":"","nhs":false}},{"type":"Feature","geometry":{"type":"Point","coordinates":[-0.07829,51.52028]},"properties":{"name":"Bishopsgate Dental Care","address":"Spital Square 36","postcode":"E1 6DY","phone":"+44 20 7377 6762","nhs":false}},{"type":"Feature","geometry":{"type":"Point","coordinates":[-0.17082,51.47001]},"properties":{"name":"Battersea Smiles","address":"Battersea Park Road 575","postcode":"SW11 3BH","phone":"+44 20 3504 3703","nhs":false}},{"type":"Feature","geometry":{"type":"Point","coordinates":[-0.14961,51.35957]},"properties":{"name":"Wallington Smiles","address":"","postcode":"","phone":"","nhs":false}},{"type":"Feature","geometry":{"type":"Point","coordinates":[0.02743,51.46126]},"properties":{"name":"Dentcross","address":"","postcode":"","phone":"","nhs":false}},{"type":"Feature","geometry":{"type":"Point","coordinates":[0.01797,51.55801]},"properties":{"name":"Park Vue Dental Practice","address":"Cann Hall Road 330","postcode":"E11 3NW","phone":"+44 20 8519 2990","nhs":false}},{"type":"Feature","geometry":{"type":"Point","coordinates":[-0.24511,51.61454]},"properties":{"name":"Tigga Smile Dental Centre","address":"","postcode":"","phone":"","nhs":false}},{"type":"Feature","geometry":{"type":"Point","coordinates":[-0.24705,51.61457]},"properties":{"name":"Broadway Dental Studio","address":"","postcode":"","phone":"","nhs":false}},{"type":"Feature","geometry":{"type":"Point","coordinates":[-0.26784,51.60018]},"properties":{"name":"Care Dental","address":"","postcode":"","phone":"","nhs":false}},{"type":"Feature","geometry":{"type":"Point","coordinates":[-0.28064,51.59772]},"properties":{"name":"mydentist","address":"","postcode":"","phone":"","nhs":false}},{"type":"Feature","geometry":{"type":"Point","coordinates":[-0.07233,51.38038]},"properties":{"name":"Croydon Dental Practice","address":"Lower Addiscombe Road 202","postcode":"CR0 7AB","phone":"","nhs":false}},{"type":"Feature","geometry":{"type":"Point","coordinates":[-0.10143,51.34884]},"properties":{"name":"Blue Dental","address":"Brighton Road 456","postcode":"CR2 6AP","phone":"","nhs":false}},{"type":"Feature","geometry":{"type":"Point","coordinates":[-0.09949,51.35111]},"properties":{"name":"Brighton Road Dental Care","address":"Brighton Road 352","postcode":"CR2 6ER","phone":"+44 20 8688 8883","nhs":false}},{"type":"Feature","geometry":{"type":"Point","coordinates":[-0.09817,51.35236]},"properties":{"name":"Oak Tree Dental Practice","address":"","postcode":"","phone":"","nhs":false}},{"type":"Feature","geometry":{"type":"Point","coordinates":[-0.11676,51.33985]},"properties":{"name":"London School of Facial Orthotropics","address":"","postcode":"","phone":"","nhs":false}},{"type":"Feature","geometry":{"type":"Point","coordinates":[-0.11653,51.33999]},"properties":{"name":"Purley Dental Care","address":"","postcode":"","phone":"","nhs":false}},{"type":"Feature","geometry":{"type":"Point","coordinates":[-0.11865,51.33721]},"properties":{"name":"Confidental Clinic","address":"Brighton Road 22","postcode":"CR8 3AD","phone":"","nhs":false}},{"type":"Feature","geometry":{"type":"Point","coordinates":[-0.08739,51.37979]},"properties":{"name":"Orchard Dental Practice","address":"Cherry Orchard Road 146","postcode":"CR0 6BB","phone":"","nhs":false}},{"type":"Feature","geometry":{"type":"Point","coordinates":[-0.02102,51.48083]},"properties":{"name":"Creek Road Dental Practice","address":"Creek Road 20","postcode":"SE8 3BN","phone":"","nhs":false}},{"type":"Feature","geometry":{"type":"Point","coordinates":[0.02231,51.48128]},"properties":{"name":"Borough Crown & Bridge Ltd","address":"","postcode":"","phone":"","nhs":false}},{"type":"Feature","geometry":{"type":"Point","coordinates":[-0.12208,51.33983]},"properties":{"name":"Mr A Paice","address":"Foxley Lane 21","postcode":"CR8 3EH","phone":"","nhs":false}},{"type":"Feature","geometry":{"type":"Point","coordinates":[-0.12572,51.34144]},"properties":{"name":"Claremont at Fortyfive","address":"Foxley Lane 45","postcode":"CR8 3EH","phone":"","nhs":false}},{"type":"Feature","geometry":{"type":"Point","coordinates":[-0.1265,51.34181]},"properties":{"name":"Foxley Lane Dental Care","address":"Foxley Lane 49","postcode":"CR8 3EH","phone":"+44 20 8660 0415","nhs":false}},{"type":"Feature","geometry":{"type":"Point","coordinates":[-0.1735,51.35755]},"properties":{"name":"TDIC Denture & Implant Clinic","address":"Banstead Road 46","postcode":"SM5 3NW","phone":"","nhs":false}},{"type":"Feature","geometry":{"type":"Point","coordinates":[-0.17343,51.35764]},"properties":{"name":"Sensational Smiles","address":"Banstead Road 42a","postcode":"SM5 3NW","phone":"","nhs":false}},{"type":"Feature","geometry":{"type":"Point","coordinates":[-0.1945,51.35828]},"properties":{"name":"Mulgrave Dental Centre","address":"","postcode":"","phone":"+44 20 8395 8483","nhs":false}},{"type":"Feature","geometry":{"type":"Point","coordinates":[-0.08931,51.28824]},"properties":{"name":"Townend Dental Practice","address":"Town End 20-22","postcode":"CR3 5UG","phone":"","nhs":false}},{"type":"Feature","geometry":{"type":"Point","coordinates":[-0.06772,51.38253]},"properties":{"name":"Rosewood Dental","address":"Lower Addiscombe Road 355","postcode":"","phone":"","nhs":false}},{"type":"Feature","geometry":{"type":"Point","coordinates":[-0.05159,51.37412]},"properties":{"name":"Gentle Dental Care","address":"Wickham Road 132","postcode":"CR0 8BE","phone":"","nhs":false}},{"type":"Feature","geometry":{"type":"Point","coordinates":[-0.0479,51.37509]},"properties":{"name":"Shirley Dental Practice","address":"Wickham Road 189","postcode":"CR0 8TF","phone":"+44 20 8656 7627","nhs":false}},{"type":"Feature","geometry":{"type":"Point","coordinates":[-0.04184,51.37611]},"properties":{"name":"Gentle Dental Care","address":"Wickham Road 391","postcode":"CR0 8DP","phone":"","nhs":false}},{"type":"Feature","geometry":{"type":"Point","coordinates":[-0.05242,51.38866]},"properties":{"name":"Bywood Dental","address":"Bywood Avenue 6","postcode":"CR0 7RA","phone":"","nhs":false}},{"type":"Feature","geometry":{"type":"Point","coordinates":[-0.06335,51.51817]},"properties":{"name":"Together Dental Whitechapel","address":"Whitechapel Road 134;132-134","postcode":"E1 1JE","phone":"","nhs":false}},{"type":"Feature","geometry":{"type":"Point","coordinates":[-0.02401,51.37799]},"properties":{"name":"Manor Park Dental Practice","address":"Manor Park Road 88","postcode":"BR4 0JZ","phone":"","nhs":false}},{"type":"Feature","geometry":{"type":"Point","coordinates":[-0.1688,51.46067]},"properties":{"name":"Battersea Orthodontic Practice","address":"","postcode":"","phone":"","nhs":false}},{"type":"Feature","geometry":{"type":"Point","coordinates":[-0.19768,51.3235]},"properties":{"name":"Banstead Dental Care","address":"High Street 142","postcode":"SM7 2NZ","phone":"","nhs":false}},{"type":"Feature","geometry":{"type":"Point","coordinates":[-0.19931,51.32337]},"properties":{"name":"NEO Orthodontics","address":"High Street 113-115","postcode":"SM7 2NL","phone":"+441737405123","nhs":false}},{"type":"Feature","geometry":{"type":"Point","coordinates":[-0.20184,51.32265]},"properties":{"name":"Zen Dental","address":"High Street 55","postcode":"SM7 2NL","phone":"+441737 350266","nhs":false}},{"type":"Feature","geometry":{"type":"Point","coordinates":[-0.03339,51.51346]},"properties":{"name":"Salmon Lane Dental Care","address":"Salmon Lane 126","postcode":"E14 7PQ","phone":"","nhs":false}},{"type":"Feature","geometry":{"type":"Point","coordinates":[-0.2151,51.32731]},"properties":{"name":"Nork Way Dental Practice & Dental Implant Centre","address":"Nork Way 29","postcode":"SM7 1PB","phone":"","nhs":false}},{"type":"Feature","geometry":{"type":"Point","coordinates":[-0.01642,51.34298]},"properties":{"name":"New Addington Dental Surgery","address":"Salcot Crescent 5","postcode":"CR0 0JG","phone":"","nhs":false}},{"type":"Feature","geometry":{"type":"Point","coordinates":[-0.09348,51.37053]},"properties":{"name":"Whitgift Dental","address":"Chatsworth Road 70","postcode":"CR0 1HB","phone":"","nhs":false}},{"type":"Feature","geometry":{"type":"Point","coordinates":[-0.11896,51.3039]},"properties":{"name":"Crossways Dental","address":"Coulsdon Road 328","postcode":"CR5 1EB","phone":"","nhs":false}},{"type":"Feature","geometry":{"type":"Point","coordinates":[-0.11681,51.30234]},"properties":{"name":"Taunton Lane Dental Practice","address":"Taunton Lane 15","postcode":"CR5 1SG","phone":"","nhs":false}},{"type":"Feature","geometry":{"type":"Point","coordinates":[-0.07436,51.52456]},"properties":{"name":"Liberty Dentists","address":"Redchurch Street 65","postcode":"E2 7DJ","phone":"","nhs":false}},{"type":"Feature","geometry":{"type":"Point","coordinates":[-0.16271,51.40494]},"properties":{"name":"Mitcham Dental Care","address":"Upper Green East 43","postcode":"CR4 2PF","phone":"","nhs":false}},{"type":"Feature","geometry":{"type":"Point","coordinates":[-0.16318,51.40551]},"properties":{"name":"Incredible Smiles","address":"Upper Green East 27","postcode":"CR4 2PE","phone":"","nhs":false}},{"type":"Feature","geometry":{"type":"Point","coordinates":[-0.1721,51.39819]},"properties":{"name":"United Dental Laboratory","address":"London Road 399","postcode":"CR4 4BG","phone":"","nhs":false}},{"type":"Feature","geometry":{"type":"Point","coordinates":[-0.13526,51.32341]},"properties":{"name":"Coulsdon Dental Clinic","address":"Brighton Road 72","postcode":"CR5 2BB","phone":"","nhs":false}},{"type":"Feature","geometry":{"type":"Point","coordinates":[-0.13191,51.32584]},"properties":{"name":"Ivory Dental","address":"Brighton Road 28","postcode":"CR5 2BA","phone":"","nhs":false}},{"type":"Feature","geometry":{"type":"Point","coordinates":[-0.17138,51.37171]},"properties":{"name":"Carshalton Dental Centre","address":"Wrythe Lane","postcode":"SM5 2RE","phone":"","nhs":false}},{"type":"Feature","geometry":{"type":"Point","coordinates":[-0.09008,51.43611]},"properties":{"name":"Dulwich Orthadontics","address":"Park Hall Road 82","postcode":"SE21 8BW","phone":"+44 20 8265 9797","nhs":false}},{"type":"Feature","geometry":{"type":"Point","coordinates":[-0.26297,51.33434]},"properties":{"name":"Quadrant","address":"","postcode":"","phone":"","nhs":false}},{"type":"Feature","geometry":{"type":"Point","coordinates":[-0.26413,51.33393]},"properties":{"name":"Epsom Smiles","address":"","postcode":"","phone":"","nhs":false}},{"type":"Feature","geometry":{"type":"Point","coordinates":[-0.14879,51.51597]},"properties":{"name":"Bhuva Dental Care","address":"Welbeck Street 70-71","postcode":"","phone":"","nhs":false}},{"type":"Feature","geometry":{"type":"Point","coordinates":[-0.1598,51.58811]},"properties":{"name":"The Finchley Dentist","address":"Southern Road 26","postcode":"N2 9JG","phone":"+44 20 3488 0335","nhs":false}},{"type":"Feature","geometry":{"type":"Point","coordinates":[-0.44826,51.39355]},"properties":{"name":"Confident Smile","address":"High Street 56a","postcode":"TW17 9AU","phone":"","nhs":false}},{"type":"Feature","geometry":{"type":"Point","coordinates":[-0.25991,51.33663]},"properties":{"name":"Bright Smile","address":"","postcode":"","phone":"+44 1372 846290","nhs":false}},{"type":"Feature","geometry":{"type":"Point","coordinates":[-0.12674,51.52504]},"properties":{"name":"Tavistock Dental","address":"Tavistock Place 16","postcode":"WC1H 9RU","phone":"","nhs":false}},{"type":"Feature","geometry":{"type":"Point","coordinates":[-0.14776,51.51743]},"properties":{"name":"Lister House Dental Clinic","address":"Wimpole Street 11","postcode":"","phone":"","nhs":false}},{"type":"Feature","geometry":{"type":"Point","coordinates":[-0.14765,51.51739]},"properties":{"name":"Lister House Endodontic and Restorative Dental Centre","address":"Wimpole Street 11-12","postcode":"","phone":"","nhs":false}},{"type":"Feature","geometry":{"type":"Point","coordinates":[-0.14754,51.51786]},"properties":{"name":"Chris Parte Family Dental Care","address":"Queen Anne Street 31","postcode":"","phone":"","nhs":false}},{"type":"Feature","geometry":{"type":"Point","coordinates":[-0.14812,51.51828]},"properties":{"name":"Wimpole Street Dental","address":"Wimpole Street 19","postcode":"","phone":"","nhs":false}},{"type":"Feature","geometry":{"type":"Point","coordinates":[-0.14823,51.51849]},"properties":{"name":"The Dental Surgeons","address":"","postcode":"","phone":"","nhs":false}},{"type":"Feature","geometry":{"type":"Point","coordinates":[-0.14855,51.51922]},"properties":{"name":"30a Wimpole Street","address":"Wimpole Street 30a","postcode":"","phone":"","nhs":false}},{"type":"Feature","geometry":{"type":"Point","coordinates":[-0.14892,51.52163]},"properties":{"name":"E-Line Orthodontics","address":"Devonshire Street 21","postcode":"","phone":"","nhs":false}},{"type":"Feature","geometry":{"type":"Point","coordinates":[-0.20558,51.35977]},"properties":{"name":"Cheam Road Dental","address":"Cheam Road 125","postcode":"SM1 2BH","phone":"","nhs":false}},{"type":"Feature","geometry":{"type":"Point","coordinates":[-0.10516,51.62285]},"properties":{"name":"Smile Lounge","address":"Greens Lane 489","postcode":"N13 4BS","phone":"","nhs":false}},{"type":"Feature","geometry":{"type":"Point","coordinates":[-0.1598,51.58813]},"properties":{"name":"ARCENDO","address":"Southern Road 26","postcode":"N2 9JG","phone":"","nhs":false}},{"type":"Feature","geometry":{"type":"Point","coordinates":[-0.15665,51.52068]},"properties":{"name":"The Baker Street Dental Clinic","address":"Baker Street 104","postcode":"","phone":"","nhs":false}},{"type":"Feature","geometry":{"type":"Point","coordinates":[-0.15591,51.52053]},"properties":{"name":"Bupa Dental Care","address":"Paddington Street 30","postcode":"","phone":"","nhs":false}},{"type":"Feature","geometry":{"type":"Point","coordinates":[-0.15898,51.51576]},"properties":{"name":"Upper Berkeley Dental Care","address":"Upper Berkeley Street 11","postcode":"","phone":"","nhs":false}},{"type":"Feature","geometry":{"type":"Point","coordinates":[-0.1626,51.51853]},"properties":{"name":"Happy Kids Dental Marylebone","address":"Seymour Place 74-78","postcode":"","phone":"","nhs":false}},{"type":"Feature","geometry":{"type":"Point","coordinates":[0.09741,51.37356]},"properties":{"name":"Orpington Dental Care","address":"High Street 342","postcode":"","phone":"","nhs":false}},{"type":"Feature","geometry":{"type":"Point","coordinates":[-0.16372,51.51911]},"properties":{"name":"Crescent Dental","address":"Crawford Street 57","postcode":"","phone":"","nhs":false}},{"type":"Feature","geometry":{"type":"Point","coordinates":[-0.16328,51.51932]},"properties":{"name":"Harley Teeth Whitening","address":"Seymour Place 147","postcode":"","phone":"","nhs":false}},{"type":"Feature","geometry":{"type":"Point","coordinates":[-0.18627,51.39782]},"properties":{"name":"Dental Practice","address":"","postcode":"","phone":"","nhs":false}},{"type":"Feature","geometry":{"type":"Point","coordinates":[0.10302,51.37993]},"properties":{"name":"Beaconsfield Dental Practice","address":"High Street 86","postcode":"","phone":"+44 1689 890 205","nhs":false}},{"type":"Feature","geometry":{"type":"Point","coordinates":[-0.02202,51.57161]},"properties":{"name":"Leabridge Road Dental Surgery","address":"Lea Bridge Road 433","postcode":"","phone":"+44 20 8539 6152","nhs":false}},{"type":"Feature","geometry":{"type":"Point","coordinates":[-0.15821,51.52292]},"properties":{"name":"Optimal Dental Health","address":"Melcombe Street 1","postcode":"","phone":"","nhs":false}},{"type":"Feature","geometry":{"type":"Point","coordinates":[-0.16111,51.5243]},"properties":{"name":"The Ivory Dental Studio","address":"Gloucester Place 179","postcode":"","phone":"+44 20 7224 8558","nhs":false}},{"type":"Feature","geometry":{"type":"Point","coordinates":[-0.08226,51.33773]},"properties":{"name":"Sanderstead Hill Dental Surgery","address":"Sanderstead Hill 52","postcode":"CR2 0HA","phone":"","nhs":false}},{"type":"Feature","geometry":{"type":"Point","coordinates":[-0.26146,51.46526]},"properties":{"name":"Sheen Dental","address":"","postcode":"","phone":"","nhs":false}},{"type":"Feature","geometry":{"type":"Point","coordinates":[-0.17047,51.52315]},"properties":{"name":"Church Street Dental","address":"Church Street 69","postcode":"","phone":"","nhs":false}},{"type":"Feature","geometry":{"type":"Point","coordinates":[-0.17277,51.52209]},"properties":{"name":"mydentist","address":"Edgware Road 392","postcode":"","phone":"","nhs":false}},{"type":"Feature","geometry":{"type":"Point","coordinates":[-0.22937,51.40968]},"properties":{"name":"Wimbledon Dental Centre","address":"","postcode":"","phone":"","nhs":false}},{"type":"Feature","geometry":{"type":"Point","coordinates":[-0.24901,51.41489]},"properties":{"name":"Beverley Dental","address":"","postcode":"","phone":"","nhs":false}},{"type":"Feature","geometry":{"type":"Point","coordinates":[-0.17106,51.53359]},"properties":{"name":"SmileMore Dental Care","address":"St John's Wood High Street 63","postcode":"NW8 7NL","phone":"","nhs":false}},{"type":"Feature","geometry":{"type":"Point","coordinates":[-0.16824,51.53421]},"properties":{"name":"Aura Dental","address":"Charlbert Street","postcode":"NW8 7BT","phone":"","nhs":false}},{"type":"Feature","geometry":{"type":"Point","coordinates":[-0.2378,51.39711]},"properties":{"name":"Sofia House dentist","address":"Seaforth Avenue 129c","postcode":"","phone":"","nhs":false}},{"type":"Feature","geometry":{"type":"Point","coordinates":[-0.17537,51.5369]},"properties":{"name":"St. John's Wood Orthodontic Clinic","address":"Queen's Grove 61","postcode":"","phone":"+44 20 7722 2120","nhs":false}},{"type":"Feature","geometry":{"type":"Point","coordinates":[-0.23301,51.41118]},"properties":{"name":"Park Clinic","address":"","postcode":"","phone":"","nhs":false}},{"type":"Feature","geometry":{"type":"Point","coordinates":[0.0539,51.64385]},"properties":{"name":"Station Road Dental Practice","address":"Station Road 21","postcode":"IG10 4NZ","phone":"","nhs":false}},{"type":"Feature","geometry":{"type":"Point","coordinates":[0.05173,51.64427]},"properties":{"name":"Loughton Dental Centre","address":"","postcode":"","phone":"","nhs":false}},{"type":"Feature","geometry":{"type":"Point","coordinates":[-0.18541,51.53698]},"properties":{"name":"Reset","address":"Boundary Road 111","postcode":"","phone":"","nhs":false}},{"type":"Feature","geometry":{"type":"Point","coordinates":[-0.18955,51.53481]},"properties":{"name":"The Dental Design Studio","address":"Maida Vale 243","postcode":"","phone":"","nhs":false}},{"type":"Feature","geometry":{"type":"Point","coordinates":[-0.30669,51.50028]},"properties":{"name":"London Dental House","address":"South Ealing Road 102","postcode":"","phone":"","nhs":false}},{"type":"Feature","geometry":{"type":"Point","coordinates":[-0.18603,51.52968]},"properties":{"name":"Elgin Dental Care","address":"Elgin Avenue 284","postcode":"","phone":"+44 20 7286 1830","nhs":false}},{"type":"Feature","geometry":{"type":"Point","coordinates":[-0.19238,51.52679]},"properties":{"name":"Shirland Dental Practice","address":"Elgin Avenue 142","postcode":"","phone":"","nhs":false}},{"type":"Feature","geometry":{"type":"Point","coordinates":[-0.17915,51.5258]},"properties":{"name":"Yourdental Wellness","address":"Clifton Road 12","postcode":"W9 1SS","phone":"+44 20 7123 8497","nhs":false}},{"type":"Feature","geometry":{"type":"Point","coordinates":[-0.17858,51.52526]},"properties":{"name":"Abi Dental Care","address":"Clarendon Terrace 7","postcode":"","phone":"+44 20 7286 2626","nhs":false}},{"type":"Feature","geometry":{"type":"Point","coordinates":[-0.19562,51.5271]},"properties":{"name":"Shirland Dental Practise","address":"Shirland Road 142","postcode":"","phone":"+44 20 7289 3120","nhs":false}},{"type":"Feature","geometry":{"type":"Point","coordinates":[-0.18738,51.46742]},"properties":{"name":"Centre for Dentistry","address":"","postcode":"","phone":"","nhs":false}},{"type":"Feature","geometry":{"type":"Point","coordinates":[-0.19787,51.52775]},"properties":{"name":"W9 Dental Health","address":"Shirland Road 176","postcode":"","phone":"+44 20 7289 6222","nhs":false}},{"type":"Feature","geometry":{"type":"Point","coordinates":[-0.20568,51.53284]},"properties":{"name":"Pearl Dental Practice","address":"Kilburn Lane 318","postcode":"","phone":"","nhs":false}},{"type":"Feature","geometry":{"type":"Point","coordinates":[-0.22712,51.41106]},"properties":{"name":"Confident","address":"","postcode":"","phone":"+44 20 8947 2939","nhs":false}},{"type":"Feature","geometry":{"type":"Point","coordinates":[-0.20277,51.52463]},"properties":{"name":"WestCity Dental","address":"Harrow Road 381","postcode":"","phone":"","nhs":false}},{"type":"Feature","geometry":{"type":"Point","coordinates":[-0.20159,51.52364]},"properties":{"name":"Denture Clinic","address":"Great Western Road 9","postcode":"","phone":"","nhs":false}},{"type":"Feature","geometry":{"type":"Point","coordinates":[-0.20144,51.52402]},"properties":{"name":"Harrow Road Dental Surgery","address":"Harrow Road 349","postcode":"","phone":"","nhs":false}},{"type":"Feature","geometry":{"type":"Point","coordinates":[-0.03157,51.47743]},"properties":{"name":"Waldron Dental Clinic","address":"","postcode":"","phone":"","nhs":false}},{"type":"Feature","geometry":{"type":"Point","coordinates":[-0.07134,51.47986]},"properties":{"name":"Colgrove Dental","address":"Colegrove Road 2-4","postcode":"SE15 6ND","phone":"+44 20 7635 7228","nhs":false}},{"type":"Feature","geometry":{"type":"Point","coordinates":[-0.00254,51.68699]},"properties":{"name":"Market Square Dental Surgery","address":"Market Square 2a","postcode":"EN9 1DL","phone":"","nhs":false}},{"type":"Feature","geometry":{"type":"Point","coordinates":[-0.17788,51.61268]},"properties":{"name":"311 Dental Care","address":"Ballards Lane 311","postcode":"N12 8LY","phone":"","nhs":false}},{"type":"Feature","geometry":{"type":"Point","coordinates":[0.05085,51.53233]},"properties":{"name":"Smile Dental Care","address":"Barking Road","postcode":"","phone":"","nhs":false}},{"type":"Feature","geometry":{"type":"Point","coordinates":[-0.25828,51.49272]},"properties":{"name":"Chiswick Dental Centre","address":"Chiswick High Road 244","postcode":"","phone":"+44 20 8995 1411","nhs":false}},{"type":"Feature","geometry":{"type":"Point","coordinates":[-0.17638,51.51168]},"properties":{"name":"Hyde Park Dental Clinic","address":"Bayswater Road 61","postcode":"","phone":"+44 20 7706 1112","nhs":false}},{"type":"Feature","geometry":{"type":"Point","coordinates":[-0.21431,51.40342]},"properties":{"name":"Merton Park Dental","address":"","postcode":"","phone":"","nhs":false}},{"type":"Feature","geometry":{"type":"Point","coordinates":[-0.18744,51.51288]},"properties":{"name":"Queensway Dental Practice","address":"Queensway 82","postcode":"","phone":"","nhs":false}},{"type":"Feature","geometry":{"type":"Point","coordinates":[-0.22366,51.49321]},"properties":{"name":"L'Orthodontiste","address":"Hammersmith Broadway 4","postcode":"","phone":"","nhs":false}},{"type":"Feature","geometry":{"type":"Point","coordinates":[-0.19746,51.5149]},"properties":{"name":"Keep Smiling Dental Practice","address":"Westbourne Grove 156","postcode":"","phone":"+44 20 7229 0752","nhs":false}},{"type":"Feature","geometry":{"type":"Point","coordinates":[-0.19176,51.51515]},"properties":{"name":"Number 18 Dental","address":"Garway Road 18","postcode":"","phone":"","nhs":false}},{"type":"Feature","geometry":{"type":"Point","coordinates":[-0.1883,51.51369]},"properties":{"name":"Porchester Dental Practice","address":"Porchester Gardens 11","postcode":"","phone":"+44 20 7727 3650","nhs":false}},{"type":"Feature","geometry":{"type":"Point","coordinates":[-0.18611,51.41591]},"properties":{"name":"Wimbledon Confidental Dental Clinic","address":"Abbey Road 33","postcode":"SW19 1DG","phone":"+44 20 8889 9326","nhs":false}},{"type":"Feature","geometry":{"type":"Point","coordinates":[-0.31503,51.50126]},"properties":{"name":"Dental Beauty","address":"","postcode":"","phone":"","nhs":false}},{"type":"Feature","geometry":{"type":"Point","coordinates":[-0.21924,51.39214]},"properties":{"name":"Hillcross Dental Practice","address":"","postcode":"","phone":"","nhs":false}},{"type":"Feature","geometry":{"type":"Point","coordinates":[-0.19468,51.49379]},"properties":{"name":"Earls Court Dental Practice","address":"Earl's Court Road 121","postcode":"","phone":"+44 20 7373 4846","nhs":false}},{"type":"Feature","geometry":{"type":"Point","coordinates":[-0.17511,51.49377]},"properties":{"name":"South Kensington Medical & Dental Clinic","address":"Old Brompton Road 20","postcode":"","phone":"","nhs":false}},{"type":"Feature","geometry":{"type":"Point","coordinates":[-0.26534,51.60952]},"properties":{"name":"Deansbrook Care Centre","address":"Deansbrook Road 107","postcode":"HA8 9BP","phone":"","nhs":false}},{"type":"Feature","geometry":{"type":"Point","coordinates":[-0.16334,51.46084]},"properties":{"name":"White & Co.","address":"","postcode":"","phone":"","nhs":false}},{"type":"Feature","geometry":{"type":"Point","coordinates":[-0.2038,51.51778]},"properties":{"name":"Al Saints Dental Clinic","address":"All Saints Road 9","postcode":"","phone":"+44 20 7727 8328","nhs":false}},{"type":"Feature","geometry":{"type":"Point","coordinates":[-0.1874,51.42049]},"properties":{"name":"Haydons Road Dental Practice","address":"","postcode":"","phone":"","nhs":false}},{"type":"Feature","geometry":{"type":"Point","coordinates":[-0.11132,51.51425]},"properties":{"name":"Bupa Health and Dental Centre","address":"Chancery Lane 123","postcode":"","phone":"","nhs":false}},{"type":"Feature","geometry":{"type":"Point","coordinates":[-0.20967,51.5172]},"properties":{"name":"Ladbroke Grove Dental Care","address":"Ladbroke Grove 118","postcode":"","phone":"+44 20 7727 9836","nhs":false}},{"type":"Feature","geometry":{"type":"Point","coordinates":[-0.20757,51.52233]},"properties":{"name":"Golborne Dental Care","address":"Golborne Road 59","postcode":"","phone":"+44 20 8964 0186","nhs":false}},{"type":"Feature","geometry":{"type":"Point","coordinates":[-0.13089,51.49009]},"properties":{"name":"Millbank Dental Care","address":"Ponsonby Place 42","postcode":"SW1P 4PR","phone":"","nhs":false}},{"type":"Feature","geometry":{"type":"Point","coordinates":[-0.21401,51.52392]},"properties":{"name":"The Grove Dental Surgery","address":"Ladbroke Grove 351","postcode":"","phone":"+44 20 8969 0656","nhs":false}},{"type":"Feature","geometry":{"type":"Point","coordinates":[-0.01183,51.5114]},"properties":{"name":"All Saints Dental Care","address":"East India Dock Road 211","postcode":"E14 0ED","phone":"","nhs":false}},{"type":"Feature","geometry":{"type":"Point","coordinates":[-0.16346,51.48946]},"properties":{"name":"The Wellington Clinic","address":"King's Road 63","postcode":"","phone":"+44 20 7148 7148","nhs":false}},{"type":"Feature","geometry":{"type":"Point","coordinates":[-0.2047,51.39905]},"properties":{"name":"Morden Dental Practice","address":"","postcode":"","phone":"+44 20 8542 2050","nhs":false}},{"type":"Feature","geometry":{"type":"Point","coordinates":[-0.19583,51.53996]},"properties":{"name":"Kilburn Dental Studio","address":"","postcode":"","phone":"+44 20 7524 6719","nhs":false}},{"type":"Feature","geometry":{"type":"Point","coordinates":[-0.32135,51.60073]},"properties":{"name":"WhiteStar Dental Practice","address":"","postcode":"","phone":"","nhs":false}},{"type":"Feature","geometry":{"type":"Point","coordinates":[-0.20925,51.50635]},"properties":{"name":"The Holland Park Dentist","address":"Holland Park Avenue 146","postcode":"","phone":"","nhs":false}},{"type":"Feature","geometry":{"type":"Point","coordinates":[-0.21127,51.50029]},"properties":{"name":"Perfect Smile Dental","address":"Russell Gardens 2","postcode":"","phone":"+44 20 7603 5063","nhs":false}},{"type":"Feature","geometry":{"type":"Point","coordinates":[-0.21135,51.49998]},"properties":{"name":"The Kensington Clinic","address":"Russell Gardens 6","postcode":"","phone":"+44 20 7603 3008","nhs":false}},{"type":"Feature","geometry":{"type":"Point","coordinates":[-0.20006,51.50847]},"properties":{"name":"Ruh Dental","address":"Notting Hill Gate 151","postcode":"","phone":"+44 20 3621 8065","nhs":false}},{"type":"Feature","geometry":{"type":"Point","coordinates":[-0.19962,51.50833]},"properties":{"name":"pembridge dental","address":"Campden Hill Road 192-194","postcode":"","phone":"","nhs":false}},{"type":"Feature","geometry":{"type":"Point","coordinates":[-0.33462,51.51018]},"properties":{"name":"Hanwell Dental Centre","address":"","postcode":"","phone":"","nhs":false}},{"type":"Feature","geometry":{"type":"Point","coordinates":[-0.19474,51.50683]},"properties":{"name":"The Kensington Dentist","address":"Kensington Church Street 117","postcode":"","phone":"+44 20 7221 1680","nhs":false}},{"type":"Feature","geometry":{"type":"Point","coordinates":[-0.11848,51.52159]},"properties":{"name":"Conduit Dental Centre","address":"Lamb's Conduit Street 41","postcode":"","phone":"","nhs":false}},{"type":"Feature","geometry":{"type":"Point","coordinates":[-0.18411,51.49867]},"properties":{"name":"Kensington Health Clinic","address":"Victoria Grove 4","postcode":"","phone":"+44 20 7589 9990","nhs":false}},{"type":"Feature","geometry":{"type":"Point","coordinates":[-0.25265,51.38849]},"properties":{"name":"INE Dental","address":"","postcode":"","phone":"","nhs":false}},{"type":"Feature","geometry":{"type":"Point","coordinates":[-0.24733,51.39928]},"properties":{"name":"121 Dentist","address":"","postcode":"","phone":"","nhs":false}},{"type":"Feature","geometry":{"type":"Point","coordinates":[-0.18812,51.50224]},"properties":{"name":"Parkdent Dental Clinic","address":"Kensington High Street 13","postcode":"","phone":"","nhs":false}},{"type":"Feature","geometry":{"type":"Point","coordinates":[-0.18839,51.50227]},"properties":{"name":"Bupa Dental Care","address":"Kensington High Street 21","postcode":"","phone":"+44 20 7938 2010","nhs":false}},{"type":"Feature","geometry":{"type":"Point","coordinates":[-0.24575,51.61615]},"properties":{"name":"Balcombe Dental Practice","address":"","postcode":"","phone":"","nhs":false}},{"type":"Feature","geometry":{"type":"Point","coordinates":[-0.21049,51.38697]},"properties":{"name":"Ninety2 Dental","address":"","postcode":"","phone":"","nhs":false}},{"type":"Feature","geometry":{"type":"Point","coordinates":[-0.19692,51.49671]},"properties":{"name":"Scarsdale Dental & Implant Clinic","address":"Earl's Court Road 67","postcode":"","phone":"+44 20 7937 2160","nhs":false}},{"type":"Feature","geometry":{"type":"Point","coordinates":[0.234,51.4415]},"properties":{"name":"Smiledartford","address":"","postcode":"","phone":"","nhs":false}},{"type":"Feature","geometry":{"type":"Point","coordinates":[0.02996,51.50161]},"properties":{"name":"Royal Wharf Dental","address":"Royal Crest Avenue 6","postcode":"E16 2TQ","phone":"","nhs":false}},{"type":"Feature","geometry":{"type":"Point","coordinates":[-0.19273,51.49314]},"properties":{"name":"Predent Dental Clinic","address":"Hogarth Place 15","postcode":"","phone":"+44 20 7118 1187","nhs":false}},{"type":"Feature","geometry":{"type":"Point","coordinates":[-0.19028,51.48984]},"properties":{"name":"Orthosmile Earl's Court","address":"Earl's Court Road 233","postcode":"","phone":"+44 20 7373 1111","nhs":false}},{"type":"Feature","geometry":{"type":"Point","coordinates":[-0.16552,51.47275]},"properties":{"name":"Dental Beauty Battersea","address":"","postcode":"","phone":"","nhs":false}},{"type":"Feature","geometry":{"type":"Point","coordinates":[-0.1621,51.54923]},"properties":{"name":"Advanced Dental Centre","address":"","postcode":"","phone":"+44 20 7722 4405","nhs":false}},{"type":"Feature","geometry":{"type":"Point","coordinates":[-0.17781,51.4828]},"properties":{"name":"Teeth and Smiles","address":"King's Road 407","postcode":"SW10 0LR","phone":"","nhs":false}},{"type":"Feature","geometry":{"type":"Point","coordinates":[-0.17924,51.49498]},"properties":{"name":"Queen's Gate Dental Practice","address":"Queen's Gate 71","postcode":"","phone":"","nhs":false}},{"type":"Feature","geometry":{"type":"Point","coordinates":[-0.03937,51.54902]},"properties":{"name":"Homerton Dental Care","address":"Homerton High Street 177","postcode":"","phone":"","nhs":false}},{"type":"Feature","geometry":{"type":"Point","coordinates":[-0.167,51.49816]},"properties":{"name":"Knightsbridge Orthodontics","address":"Brompton Road 168","postcode":"","phone":"+44 20 7584 0733","nhs":false}},{"type":"Feature","geometry":{"type":"Point","coordinates":[0.07042,51.49341]},"properties":{"name":"Royal Arsenal Dentists","address":"Duke of Wellington Avenue","postcode":"SE18 6GH","phone":"+44 20 8317 0590","nhs":false}},{"type":"Feature","geometry":{"type":"Point","coordinates":[-0.12865,51.63265]},"properties":{"name":"Southgate Dental Care","address":"Chase Side 9","postcode":"N14 5BP","phone":"+44 20 8882 8899","nhs":false}},{"type":"Feature","geometry":{"type":"Point","coordinates":[-0.15948,51.49812]},"properties":{"name":"Bupa Dental Care","address":"Sloane Street 53","postcode":"","phone":"","nhs":false}},{"type":"Feature","geometry":{"type":"Point","coordinates":[-0.16583,51.49813]},"properties":{"name":"Knightsbridge Dental Care","address":"Beauchamp Place 1","postcode":"","phone":"","nhs":false}},{"type":"Feature","geometry":{"type":"Point","coordinates":[-0.14088,51.55035]},"properties":{"name":"Dentist & Hygienist","address":"","postcode":"","phone":"+44 20 7267 7653","nhs":false}},{"type":"Feature","geometry":{"type":"Point","coordinates":[-0.15471,51.64513]},"properties":{"name":"Cat Hill Dental","address":"","postcode":"","phone":"","nhs":false}},{"type":"Feature","geometry":{"type":"Point","coordinates":[-0.13391,51.63429]},"properties":{"name":"Chase Dental Care","address":"Chase Side 117","postcode":"N14 5HD","phone":"+44 20 8886 2497","nhs":false}},{"type":"Feature","geometry":{"type":"Point","coordinates":[-0.17324,51.49515]},"properties":{"name":"The Behrens Dental Practice","address":"Thurloe Place 21","postcode":"","phone":"+44 20 7584 8810","nhs":false}},{"type":"Feature","geometry":{"type":"Point","coordinates":[0.06253,51.49999]},"properties":{"name":"North Woolwich Dental Clinic","address":"Albert Road 145A","postcode":"E16 2JD","phone":"+44 20 7474 6987","nhs":false}},{"type":"Feature","geometry":{"type":"Point","coordinates":[-0.192,51.48873]},"properties":{"name":"Chelsea Dental Spa","address":"Old Brompton Road 273","postcode":"SW5 9JA","phone":"+44 20 7244 1199","nhs":false}},{"type":"Feature","geometry":{"type":"Point","coordinates":[-0.35815,51.4699]},"properties":{"name":"Advance Dental Care","address":"","postcode":"","phone":"","nhs":false}},{"type":"Feature","geometry":{"type":"Point","coordinates":[0.01082,51.51635]},"properties":{"name":"East Village Dental","address":"Rathbone Market 6-7","postcode":"E16 1EH","phone":"+44 20 3773 1490","nhs":false}},{"type":"Feature","geometry":{"type":"Point","coordinates":[-0.33942,51.47494]},"properties":{"name":"Palcare Dental","address":"London Road 493","postcode":"TW7 4DA","phone":"+44 20 8568 0737","nhs":false}},{"type":"Feature","geometry":{"type":"Point","coordinates":[-0.16015,51.49299]},"properties":{"name":"Chelsea Dental Lounge","address":"Cadogan Gardens 18","postcode":"","phone":"+44 20 7581 6161","nhs":false}},{"type":"Feature","geometry":{"type":"Point","coordinates":[-0.16008,51.49288]},"properties":{"name":"Happy Kids Dental Chelsea","address":"Cadogan Gardens 18","postcode":"","phone":"+44 20 7078 0822","nhs":false}},{"type":"Feature","geometry":{"type":"Point","coordinates":[-0.16011,51.49293]},"properties":{"name":"American Smile Dentists","address":"","postcode":"","phone":"+44 20 3973 9266","nhs":false}},{"type":"Feature","geometry":{"type":"Point","coordinates":[-0.17473,51.48485]},"properties":{"name":"Chelsea Dental Studio","address":"King's Road 295","postcode":"","phone":"","nhs":false}},{"type":"Feature","geometry":{"type":"Point","coordinates":[-0.18006,51.48141]},"properties":{"name":"T.C Yeoh and Associates","address":"World's End Place 4","postcode":"","phone":"","nhs":false}},{"type":"Feature","geometry":{"type":"Point","coordinates":[0.01115,51.37725]},"properties":{"name":"Ayling & Associates Dental Practice","address":"Station Approach 13","postcode":"BR2 7EQ","phone":"","nhs":false}},{"type":"Feature","geometry":{"type":"Point","coordinates":[-0.24871,51.51413]},"properties":{"name":"Oakwood Dental Practice","address":"Old Oak Common Lane 74","postcode":"","phone":"+44 20 8749 3371","nhs":false}},{"type":"Feature","geometry":{"type":"Point","coordinates":[-0.2346,51.51145]},"properties":{"name":"Canberra Dental Practice","address":"Bloemfontein Road 79","postcode":"","phone":"+44 20 7018 2360","nhs":false}},{"type":"Feature","geometry":{"type":"Point","coordinates":[-0.0574,51.53562]},"properties":{"name":"CitySmile Dental Practice","address":"Mare Street 37-39","postcode":"E8 4RP","phone":"","nhs":false}},{"type":"Feature","geometry":{"type":"Point","coordinates":[-0.16621,51.42952]},"properties":{"name":"Tooting Dental Care","address":"","postcode":"","phone":"","nhs":false}},{"type":"Feature","geometry":{"type":"Point","coordinates":[-0.16375,51.43305]},"properties":{"name":"Tooting Bec Dental","address":"","postcode":"","phone":"","nhs":false}},{"type":"Feature","geometry":{"type":"Point","coordinates":[-0.02134,51.44546]},"properties":{"name":"The Broadway Dental Practice","address":"Catford Broadway 23","postcode":"","phone":"+44 20 8690 3222","nhs":false}},{"type":"Feature","geometry":{"type":"Point","coordinates":[-0.17154,51.42456]},"properties":{"name":"Morris Dental Laboratory","address":"","postcode":"","phone":"","nhs":false}},{"type":"Feature","geometry":{"type":"Point","coordinates":[-0.31837,51.50406]},"properties":{"name":"Dentech Dental","address":"Northfield Avenue 60","postcode":"W13 9RR","phone":"+44 20 8810 1998","nhs":false}},{"type":"Feature","geometry":{"type":"Point","coordinates":[-0.31933,51.50492]},"properties":{"name":"Puresmile Ealing","address":"Northfield Avenue 22","postcode":"W13 9RL","phone":"+44 20 8840 5651","nhs":false}},{"type":"Feature","geometry":{"type":"Point","coordinates":[-0.24041,51.49333]},"properties":{"name":"Cosmetic & Family Dental Surgery","address":"King Street 307-309","postcode":"W6 9NH","phone":"","nhs":false}},{"type":"Feature","geometry":{"type":"Point","coordinates":[-0.37547,51.28006]},"properties":{"name":"Excellence in Dentistry","address":"Church Road 26A","postcode":"KT23 3PW","phone":"+44 1372 457959","nhs":false}},{"type":"Feature","geometry":{"type":"Point","coordinates":[-0.24226,51.50216]},"properties":{"name":"Askew Dental Care","address":"Askew Road 149","postcode":"","phone":"+44 20 8743 0947","nhs":false}},{"type":"Feature","geometry":{"type":"Point","coordinates":[-0.05669,51.42566]},"properties":{"name":"Bolney Court Dental Practice","address":"Lawrie Park Road 3","postcode":"SE26 6DP","phone":"+44 20 3005 4432","nhs":false}},{"type":"Feature","geometry":{"type":"Point","coordinates":[-0.24343,51.50433]},"properties":{"name":"Dental Centre 100","address":"Askew Road 67","postcode":"","phone":"+44 20 8740 3021","nhs":false}},{"type":"Feature","geometry":{"type":"Point","coordinates":[-0.09818,51.55767]},"properties":{"name":"Vistara Smiles","address":"Highbury Park 94","postcode":"","phone":"+44 20 3581 7270","nhs":false}},{"type":"Feature","geometry":{"type":"Point","coordinates":[0.05448,51.36672]},"properties":{"name":"The DenCare Clinic","address":"Crofton Road","postcode":"BR6 8NL","phone":"","nhs":false}},{"type":"Feature","geometry":{"type":"Point","coordinates":[-0.30832,51.43081]},"properties":{"name":"Ham Dental Practice","address":"Dukes Avenue 8","postcode":"KT2 5QY","phone":"","nhs":false}},{"type":"Feature","geometry":{"type":"Point","coordinates":[-0.08773,51.51559]},"properties":{"name":"Dentexcel","address":"Angel Court 8","postcode":"EC2R 7HJ","phone":"","nhs":false}},{"type":"Feature","geometry":{"type":"Point","coordinates":[-0.00876,51.46217]},"properties":{"name":"Lewisham Dental Practice","address":"Lee High Road 8-12","postcode":"SE13 5LQ","phone":"+44 20 8852 3000","nhs":false}},{"type":"Feature","geometry":{"type":"Point","coordinates":[-0.19493,51.57051]},"properties":{"name":"The Garden Dental Practice","address":"Finchley Road 810","postcode":"NW11 7RX","phone":"","nhs":false}},{"type":"Feature","geometry":{"type":"Point","coordinates":[0.05846,51.51462]},"properties":{"name":"Beckton Dental Clinic","address":"Tollgate Road","postcode":"E6 5LX","phone":"+44 20 7511 9101","nhs":false}},{"type":"Feature","geometry":{"type":"Point","coordinates":[-0.25646,51.50643]},"properties":{"name":"Night & Day Emergency Dentists","address":"The Vale 175","postcode":"","phone":"+44 20 8749 3267","nhs":false}},{"type":"Feature","geometry":{"type":"Point","coordinates":[0.13292,51.4586]},"properties":{"name":"The Sandford","address":"","postcode":"","phone":"","nhs":false}},{"type":"Feature","geometry":{"type":"Point","coordinates":[0.14057,51.45709]},"properties":{"name":"Bexleyheath Dental Centre","address":"","postcode":"","phone":"","nhs":false}},{"type":"Feature","geometry":{"type":"Point","coordinates":[-0.20177,51.65445]},"properties":{"name":"Zental Dental Barnet","address":"High Street 85","postcode":"EN5 5UR","phone":"+44 20 3982 8602","nhs":false}},{"type":"Feature","geometry":{"type":"Point","coordinates":[-0.19128,51.69741]},"properties":{"name":"Leighton House Dental Practice","address":"","postcode":"EN6 1BB","phone":"","nhs":false}},{"type":"Feature","geometry":{"type":"Point","coordinates":[-0.19048,51.69846]},"properties":{"name":"Emicare","address":"","postcode":"","phone":"","nhs":false}},{"type":"Feature","geometry":{"type":"Point","coordinates":[0.08265,51.45032]},"properties":{"name":"SunnyDent","address":"Bexley Road 188","postcode":"SE9 2PH","phone":"","nhs":false}},{"type":"Feature","geometry":{"type":"Point","coordinates":[-0.23189,51.49456]},"properties":{"name":"Densign Lab","address":"Glenthorne Road 76","postcode":"","phone":"","nhs":false}},{"type":"Feature","geometry":{"type":"Point","coordinates":[-0.23183,51.49456]},"properties":{"name":"London Grillz","address":"Glenthorne Road 74","postcode":"","phone":"+44 7592 500453","nhs":false}},{"type":"Feature","geometry":{"type":"Point","coordinates":[-0.23176,51.49456]},"properties":{"name":"Gardiner & Coates","address":"Glenthorne Road 72","postcode":"","phone":"+44 20 8741 2740","nhs":false}},{"type":"Feature","geometry":{"type":"Point","coordinates":[0.01612,51.50861]},"properties":{"name":"iCare Dental","address":"Western Gateway 30","postcode":"","phone":"","nhs":false}},{"type":"Feature","geometry":{"type":"Point","coordinates":[-0.22747,51.49749]},"properties":{"name":"West London Orthodontist","address":"Hammersmith Grove 89","postcode":"","phone":"","nhs":false}},{"type":"Feature","geometry":{"type":"Point","coordinates":[-0.30786,51.459]},"properties":{"name":"The Richmond Dentist","address":"Water Lane","postcode":"TW9 1TJ","phone":"","nhs":false}},{"type":"Feature","geometry":{"type":"Point","coordinates":[-0.22342,51.50309]},"properties":{"name":"Envy Smile","address":"Goldhawk Road 3","postcode":"","phone":"+44 20 3719 6889","nhs":false}},{"type":"Feature","geometry":{"type":"Point","coordinates":[-0.17857,51.69117]},"properties":{"name":"AJ Dental Care","address":"","postcode":"","phone":"","nhs":false}},{"type":"Feature","geometry":{"type":"Point","coordinates":[-0.50235,51.50519]},"properties":{"name":"Dental Wellbeing","address":"Thorney Lane South 16","postcode":"","phone":"","nhs":false}},{"type":"Feature","geometry":{"type":"Point","coordinates":[-0.22138,51.50017]},"properties":{"name":"The Kensington Orthodontic Clinic","address":"Netherwood Road 6-8","postcode":"","phone":"","nhs":false}},{"type":"Feature","geometry":{"type":"Point","coordinates":[-0.22151,51.49968]},"properties":{"name":"Blythe Road Dental Practice","address":"Blythe Road 232","postcode":"","phone":"+44 20 7602 5089","nhs":false}},{"type":"Feature","geometry":{"type":"Point","coordinates":[-0.10321,51.63495]},"properties":{"name":"Onthehill","address":"","postcode":"","phone":"","nhs":false}},{"type":"Feature","geometry":{"type":"Point","coordinates":[-0.28967,51.51762]},"properties":{"name":"North Ealing Dental Care","address":"Boileau Parade 1","postcode":"W5 3AQ","phone":"+44 20 8997 2356","nhs":false}},{"type":"Feature","geometry":{"type":"Point","coordinates":[-0.21182,51.49763]},"properties":{"name":"Kensington Olympia Dental Clinic","address":"Maclise Road 4","postcode":"","phone":"+44 20 7602 7569","nhs":false}},{"type":"Feature","geometry":{"type":"Point","coordinates":[-0.21757,51.49345]},"properties":{"name":"Care Dental","address":"Hammersmith Road 118-120","postcode":"","phone":"+44 20 8846 8534","nhs":false}},{"type":"Feature","geometry":{"type":"Point","coordinates":[-0.21824,51.49342]},"properties":{"name":"Care Dental Platinum","address":"Hammersmith Road 138-140","postcode":"","phone":"+44 20 3906 8499","nhs":false}},{"type":"Feature","geometry":{"type":"Point","coordinates":[-0.22241,51.49319]},"properties":{"name":"Salisbury House Dental Practice","address":"Hammersmith Road 204","postcode":"","phone":"+44 20 8748 6543","nhs":false}},{"type":"Feature","geometry":{"type":"Point","coordinates":[-0.12815,51.51048]},"properties":{"name":"Charing Cross Dental Surgery","address":"Charing Cross Road 18A","postcode":"","phone":"","nhs":false}},{"type":"Feature","geometry":{"type":"Point","coordinates":[-0.30307,51.40932]},"properties":{"name":"Bupa Dental Care","address":"","postcode":"","phone":"","nhs":false}},{"type":"Feature","geometry":{"type":"Point","coordinates":[-0.2133,51.49383]},"properties":{"name":"ARK Dental Practice","address":"Auriol Road 3a","postcode":"","phone":"","nhs":false}},{"type":"Feature","geometry":{"type":"Point","coordinates":[-0.41107,51.32692]},"properties":{"name":"Beech House Dental","address":"Church Street 12","postcode":"KT11 3EG","phone":"+44 1932 862290","nhs":false}},{"type":"Feature","geometry":{"type":"Point","coordinates":[-0.41214,51.32875]},"properties":{"name":"Hollyhedge Dental","address":"Hollyhedge Road 8","postcode":"KT11 3DG","phone":"+44 1932 865888","nhs":false}},{"type":"Feature","geometry":{"type":"Point","coordinates":[-0.41073,51.33114]},"properties":{"name":"Crome Dental Clinic","address":"Anyards Road 44","postcode":"KT11 2LA","phone":"+44 1932 862600","nhs":false}},{"type":"Feature","geometry":{"type":"Point","coordinates":[-0.23777,51.49371]},"properties":{"name":"Ravenscourt Dental Practice","address":"Ravenscourt Avenue 5","postcode":"","phone":"+44 20 8748 4023","nhs":false}},{"type":"Feature","geometry":{"type":"Point","coordinates":[-0.40873,51.33476]},"properties":{"name":"River Mole Dental","address":"Portsmouth Road 168","postcode":"KT11 1HT","phone":"+44 1932 866252","nhs":false}},{"type":"Feature","geometry":{"type":"Point","coordinates":[0.00616,51.55643]},"properties":{"name":"I. E. Barmania's Dental Practice","address":"","postcode":"","phone":"","nhs":false}},{"type":"Feature","geometry":{"type":"Point","coordinates":[-0.2468,51.47216]},"properties":{"name":"Seyf Dental","address":"","postcode":"","phone":"","nhs":false}},{"type":"Feature","geometry":{"type":"Point","coordinates":[-0.06672,51.61449]},"properties":{"name":"Dental Practice","address":"","postcode":"","phone":"","nhs":false}},{"type":"Feature","geometry":{"type":"Point","coordinates":[-0.34804,51.40085]},"properties":{"name":"Smilessence","address":"","postcode":"","phone":"","nhs":false}},{"type":"Feature","geometry":{"type":"Point","coordinates":[0.01755,51.48403]},"properties":{"name":"Wytes Westcombe Park","address":"Station Crescent 13","postcode":"SE3 7EQ","phone":"+44 20 8853 3304","nhs":false}},{"type":"Feature","geometry":{"type":"Point","coordinates":[-0.01348,51.49809]},"properties":{"name":"InnovaDent Dental Clinic","address":"Limeharbour 3","postcode":"E14 9LS","phone":"+44 20 3154 7133","nhs":false}},{"type":"Feature","geometry":{"type":"Point","coordinates":[-0.00569,51.50546]},"properties":{"name":"Align & Smile","address":"Blackwall Way","postcode":"E14 9RF","phone":"+44 20 7538 9990","nhs":false}},{"type":"Feature","geometry":{"type":"Point","coordinates":[-0.15906,51.61289]},"properties":{"name":"Woodhouse Dental Practice","address":"Woodhouse Road 229a","postcode":"N12 9BD","phone":"+44 20 8368 9229","nhs":false}},{"type":"Feature","geometry":{"type":"Point","coordinates":[-0.15724,51.61313]},"properties":{"name":"Friern Barnet Dental Clinic","address":"Friern Barnet Road","postcode":"N11 3DA","phone":"+44 20 8368 7676","nhs":false}},{"type":"Feature","geometry":{"type":"Point","coordinates":[-0.06299,51.49814]},"properties":{"name":"South Bank Dental Care","address":"Jamaica Road 164","postcode":"","phone":"+44 20 7237 3413","nhs":false}},{"type":"Feature","geometry":{"type":"Point","coordinates":[-0.06169,51.49823]},"properties":{"name":"MP Dental Practice","address":"","postcode":"","phone":"","nhs":false}},{"type":"Feature","geometry":{"type":"Point","coordinates":[-0.10261,51.56347]},"properties":{"name":"Blackstock Dental Care","address":"Blackstock Road 60","postcode":"","phone":"+44 20 7226 1372","nhs":false}},{"type":"Feature","geometry":{"type":"Point","coordinates":[-0.49136,51.3706]},"properties":{"name":"Dental and Facial Aesthetic Addlestone","address":"Market Street","postcode":"KT15 2GL","phone":"","nhs":false}},{"type":"Feature","geometry":{"type":"Point","coordinates":[-0.11037,51.562]},"properties":{"name":"Torrance Dental Care","address":"","postcode":"","phone":"","nhs":false}},{"type":"Feature","geometry":{"type":"Point","coordinates":[-0.027,51.50976]},"properties":{"name":"SDA Dental Studio","address":"Salter Street 7","postcode":"E14 8NW","phone":"","nhs":false}},{"type":"Feature","geometry":{"type":"Point","coordinates":[0.10961,51.49351]},"properties":{"name":"Nabil Habashi Dental Practice","address":"","postcode":"","phone":"","nhs":false}},{"type":"Feature","geometry":{"type":"Point","coordinates":[-0.50272,51.58161]},"properties":{"name":"Denham Green Dental Practice","address":"Penn Drive 24","postcode":"UB9 5JP","phone":"+441895832238","nhs":false}},{"type":"Feature","geometry":{"type":"Point","coordinates":[-0.06542,51.41104]},"properties":{"name":"O'Connor and Associates Dental Surgery","address":"","postcode":"","phone":"","nhs":false}},{"type":"Feature","geometry":{"type":"Point","coordinates":[-0.08787,51.65849]},"properties":{"name":"Chase Side Dental Practice","address":"Chase Side 105","postcode":"EN2 6NL","phone":"+44 20 8363 6363","nhs":false}},{"type":"Feature","geometry":{"type":"Point","coordinates":[-0.39361,51.57217]},"properties":{"name":"Dentistry@388","address":"","postcode":"","phone":"","nhs":false}},{"type":"Feature","geometry":{"type":"Point","coordinates":[-0.30384,51.4906]},"properties":{"name":"Banning Dental Group","address":"Ealing Road","postcode":"TW8 0LN","phone":"+44 20 80175 869","nhs":false}},{"type":"Feature","geometry":{"type":"Point","coordinates":[0.04994,51.39002]},"properties":{"name":"ConfiDential Care","address":"Southborough Lane 207","postcode":"BR2 8AR","phone":"","nhs":false}},{"type":"Feature","geometry":{"type":"Point","coordinates":[-0.50283,51.58095]},"properties":{"name":"Dental Art","address":"Ashcroft Drive 2","postcode":"UB9 5JF","phone":"+441494681367","nhs":false}},{"type":"Feature","geometry":{"type":"Point","coordinates":[-0.14629,51.51795]},"properties":{"name":"NDU Clinic","address":"Harley Street 22","postcode":"","phone":"","nhs":false}},{"type":"Feature","geometry":{"type":"Point","coordinates":[-0.17741,51.54514]},"properties":{"name":"London Smile Studio","address":"Harben Parade 16","postcode":"","phone":"","nhs":false}},{"type":"Feature","geometry":{"type":"Point","coordinates":[-0.17514,51.54471]},"properties":{"name":"Willow Tree Dental","address":"Northways Parade 29","postcode":"","phone":"+44 20 7449 9888","nhs":false}},{"type":"Feature","geometry":{"type":"Point","coordinates":[0.21567,51.44203]},"properties":{"name":"Lowfield Dental Centre","address":"Lowfield Street 69","postcode":"","phone":"","nhs":false}},{"type":"Feature","geometry":{"type":"Point","coordinates":[-0.17721,51.54547]},"properties":{"name":"BrightSmile","address":"New College Parade 14-15","postcode":"","phone":"+44 20 7431 1444","nhs":false}},{"type":"Feature","geometry":{"type":"Point","coordinates":[-0.10389,51.56484]},"properties":{"name":"Smile & Shine Dental Practice","address":"Seven Sisters Road 288","postcode":"N4 2AA","phone":"","nhs":false}},{"type":"Feature","geometry":{"type":"Point","coordinates":[-0.32762,51.29447]},"properties":{"name":"Crescent Dental Practice","address":"","postcode":"","phone":"","nhs":false}},{"type":"Feature","geometry":{"type":"Point","coordinates":[-0.12552,51.51624]},"properties":{"name":"Covent Garden Dental Spa","address":"Grape Street 15","postcode":"","phone":"","nhs":false}},{"type":"Feature","geometry":{"type":"Point","coordinates":[-0.41055,51.32855]},"properties":{"name":"ABC Dental Surgery","address":"High Street 13","postcode":"KT11 3DF","phone":"+44 1932 589888","nhs":false}},{"type":"Feature","geometry":{"type":"Point","coordinates":[-0.31579,51.52582]},"properties":{"name":"Pitshanger Dental","address":"Pitshanger Lane 50","postcode":"","phone":"","nhs":false}},{"type":"Feature","geometry":{"type":"Point","coordinates":[-0.21285,51.47376]},"properties":{"name":"Bishops Park Dental Care","address":"Fulham Palace Road 413","postcode":"","phone":"","nhs":false}},{"type":"Feature","geometry":{"type":"Point","coordinates":[-0.01445,51.37609]},"properties":{"name":"Avid Dental","address":"Station Road 107","postcode":"BR4 0PX","phone":"","nhs":false}},{"type":"Feature","geometry":{"type":"Point","coordinates":[-0.02065,51.3772]},"properties":{"name":"Gentle Dental Care","address":"High Street 126","postcode":"","phone":"","nhs":false}},{"type":"Feature","geometry":{"type":"Point","coordinates":[-0.04778,51.49861]},"properties":{"name":"Canada Water Dental Health","address":"","postcode":"","phone":"","nhs":false}},{"type":"Feature","geometry":{"type":"Point","coordinates":[-0.01481,51.46442]},"properties":{"name":"Banning Dental Group","address":"","postcode":"","phone":"+44 20 8189 8800","nhs":false}},{"type":"Feature","geometry":{"type":"Point","coordinates":[-0.38944,51.3186]},"properties":{"name":"Cobham Dental","address":"Station Road 52","postcode":"KT11 3BN","phone":"+44 1932 866966","nhs":false}},{"type":"Feature","geometry":{"type":"Point","coordinates":[-0.08571,51.51586]},"properties":{"name":"CAP City Dental","address":"Austin Friars 14","postcode":"EC2N 2HE","phone":"+44 20 7621 0600","nhs":false}},{"type":"Feature","geometry":{"type":"Point","coordinates":[-0.08497,51.55062]},"properties":{"name":"Kindandental 2","address":"Mildmay Park 93","postcode":"N1 4NB","phone":"","nhs":false}},{"type":"Feature","geometry":{"type":"Point","coordinates":[-0.08733,51.55]},"properties":{"name":"Kindandental","address":"Newington Green Road 99","postcode":"N1 4QY","phone":"+44 20 7226 3897","nhs":false}},{"type":"Feature","geometry":{"type":"Point","coordinates":[-0.11815,51.58265]},"properties":{"name":"Denchic Dental Spa","address":"Tottenham Lane 123","postcode":"","phone":"","nhs":false}},{"type":"Feature","geometry":{"type":"Point","coordinates":[0.02853,51.52567]},"properties":{"name":"East London Dental Care","address":"Barking Road 499","postcode":"","phone":"","nhs":false}},{"type":"Feature","geometry":{"type":"Point","coordinates":[-0.20177,51.65331]},"properties":{"name":"Armonia Dental","address":"","postcode":"","phone":"","nhs":false}},{"type":"Feature","geometry":{"type":"Point","coordinates":[0.01327,51.51784]},"properties":{"name":"The Canning Town Dental Practice","address":"Barking Road 156","postcode":"E16 1EN","phone":"","nhs":false}},{"type":"Feature","geometry":{"type":"Point","coordinates":[-0.28261,51.50853]},"properties":{"name":"Atrium Clinic","address":"Uxbridge Road","postcode":"","phone":"","nhs":false}},{"type":"Feature","geometry":{"type":"Point","coordinates":[-0.01503,51.4825]},"properties":{"name":"Greenwich Dental Health","address":"","postcode":"","phone":"+44 20 8016 4121","nhs":false}},{"type":"Feature","geometry":{"type":"Point","coordinates":[-0.28164,51.50226]},"properties":{"name":"Wisdom Dental","address":"Gunnersbury Lane 11","postcode":"W3 8HR","phone":"+44 20 8993 2601","nhs":false}},{"type":"Feature","geometry":{"type":"Point","coordinates":[0.0342,51.47498]},"properties":{"name":"Dental Beauty","address":"Shooters Hill Road 257","postcode":"","phone":"","nhs":false}},{"type":"Feature","geometry":{"type":"Point","coordinates":[0.02203,51.52196]},"properties":{"name":"Abbey Arms Dental Clinic","address":"Barking Road 370","postcode":"E13 8HL","phone":"","nhs":false}},{"type":"Feature","geometry":{"type":"Point","coordinates":[-0.30101,51.51418]},"properties":{"name":"Dental Gallery","address":"","postcode":"","phone":"","nhs":false}},{"type":"Feature","geometry":{"type":"Point","coordinates":[-0.11106,51.50149]},"properties":{"name":"tooth Dental Care","address":"Lower Marsh 46","postcode":"SE1 7RJ","phone":"+44 20 7928 2875","nhs":false}},{"type":"Feature","geometry":{"type":"Point","coordinates":[0.01334,51.48599]},"properties":{"name":"The Meridian Dental Practice","address":"Woolwich Road 36","postcode":"SE10 0JU","phone":"+44 20 8853 3177","nhs":false}},{"type":"Feature","geometry":{"type":"Point","coordinates":[0.0189,51.4773]},"properties":{"name":"Artisan Implants","address":"Westcombe Hill 192","postcode":"SE3 7DH","phone":"+44 20 8305 0606","nhs":false}},{"type":"Feature","geometry":{"type":"Point","coordinates":[-0.0113,51.47853]},"properties":{"name":"Greenwich dental referral practice","address":"","postcode":"","phone":"","nhs":false}},{"type":"Feature","geometry":{"type":"Point","coordinates":[0.06408,51.53376]},"properties":{"name":"East Ham Dental Centre","address":"Barking Road 480","postcode":"E6 2LT","phone":"","nhs":false}},{"type":"Feature","geometry":{"type":"Point","coordinates":[-0.01194,51.47828]},"properties":{"name":"Greenwich Dental Practice","address":"Greenwich High Road 207","postcode":"SE10 8NB","phone":"+44 20 8858 1055","nhs":false}},{"type":"Feature","geometry":{"type":"Point","coordinates":[0.0085,51.467]},"properties":{"name":"SparklySmile","address":"Montpelier Vale 19","postcode":"SE3 0TA","phone":"","nhs":false}},{"type":"Feature","geometry":{"type":"Point","coordinates":[-0.17693,51.61453]},"properties":{"name":"N12 Dental Care","address":"","postcode":"","phone":"+44 20 8492 9710","nhs":false}},{"type":"Feature","geometry":{"type":"Point","coordinates":[0.0292,51.52567]},"properties":{"name":"mydentist","address":"Barking Road 540","postcode":"E13 8QE","phone":"","nhs":false}},{"type":"Feature","geometry":{"type":"Point","coordinates":[0.07575,51.38943]},"properties":{"name":"Caring Dental","address":"Station Square 19","postcode":"BR5 1LY","phone":"","nhs":false}},{"type":"Feature","geometry":{"type":"Point","coordinates":[0.07578,51.39016]},"properties":{"name":"H Williams & Associates Dental Surgery.","address":"Petts Wood Road 183","postcode":"BR5 1JZ","phone":"","nhs":false}},{"type":"Feature","geometry":{"type":"Point","coordinates":[-0.28484,51.59484]},"properties":{"name":"Queensbury Dental Surgery","address":"","postcode":"","phone":"","nhs":false}},{"type":"Feature","geometry":{"type":"Point","coordinates":[0.05895,51.58151]},"properties":{"name":"Dental Health Centre","address":"Woodford Avenue 128","postcode":"IG2 6XA","phone":"+44 20 8550 0546","nhs":false}},{"type":"Feature","geometry":{"type":"Point","coordinates":[0.06925,51.58693]},"properties":{"name":"Longwood","address":"","postcode":"","phone":"","nhs":false}},{"type":"Feature","geometry":{"type":"Point","coordinates":[-0.30662,51.36656]},"properties":{"name":"Love Teeth","address":"Hook Road 401","postcode":"","phone":"+44 20 8337 0629","nhs":false}},{"type":"Feature","geometry":{"type":"Point","coordinates":[-0.00865,51.5318]},"properties":{"name":"Dentaprime","address":"Cooperage Yard 1","postcode":"E15 2QR","phone":"","nhs":false}},{"type":"Feature","geometry":{"type":"Point","coordinates":[-0.17531,51.61125]},"properties":{"name":"Finchley Dental Studio","address":"High Road 630","postcode":"N12 0NU","phone":"+44 20 8492 0020","nhs":false}},{"type":"Feature","geometry":{"type":"Point","coordinates":[0.21741,51.44369]},"properties":{"name":"Dartford Dental and Implant Centre","address":"","postcode":"","phone":"","nhs":false}},{"type":"Feature","geometry":{"type":"Point","coordinates":[-0.04437,51.44935]},"properties":{"name":"Honor Oak Dentistry","address":"Honor Oak Park","postcode":"","phone":"","nhs":false}},{"type":"Feature","geometry":{"type":"Point","coordinates":[-0.00176,51.54665]},"properties":{"name":"Dorset Place Dental Practice","address":"Dorset Place 1","postcode":"","phone":"+44 7960 003839","nhs":false}},{"type":"Feature","geometry":{"type":"Point","coordinates":[0.05871,51.60887]},"properties":{"name":"Chigwell Dental","address":"Chigwell Road 723","postcode":"IG8 8AS","phone":"","nhs":false}},{"type":"Feature","geometry":{"type":"Point","coordinates":[0.07349,51.55343]},"properties":{"name":"Dental Solutions","address":"Ilford Lane 161","postcode":"","phone":"","nhs":false}},{"type":"Feature","geometry":{"type":"Point","coordinates":[-0.01724,51.43317]},"properties":{"name":"smilestraight","address":"Bromley Road 237","postcode":"","phone":"+44 20 3325 0819","nhs":false}},{"type":"Feature","geometry":{"type":"Point","coordinates":[-0.01286,51.54918]},"properties":{"name":"My E20 Dentist","address":"Villiers Gardens 27","postcode":"E20 1GW","phone":"","nhs":false}},{"type":"Feature","geometry":{"type":"Point","coordinates":[-0.37706,51.50935]},"properties":{"name":"Inspire Dental","address":"South Road","postcode":"UB1 1RQ","phone":"","nhs":false}},{"type":"Feature","geometry":{"type":"Point","coordinates":[0.00959,51.51496]},"properties":{"name":"Banning Dental","address":"Minnie Baldock Street 9","postcode":"E16 1YE","phone":"","nhs":false}},{"type":"Feature","geometry":{"type":"Point","coordinates":[-0.20542,51.64586]},"properties":{"name":"Barnet Smiles Dental Care","address":"Cedar Lawn Avenue 87","postcode":"","phone":"","nhs":false}},{"type":"Feature","geometry":{"type":"Point","coordinates":[0.0813,51.59052]},"properties":{"name":"Dental Practice Barkingside","address":"Fremantle Road 6","postcode":"IG6 2AZ","phone":"+44 20 8550 7668","nhs":false}},{"type":"Feature","geometry":{"type":"Point","coordinates":[0.0815,51.58975]},"properties":{"name":"Barkingside Dental Care","address":"High Street 47a","postcode":"IG6 2AD","phone":"","nhs":false}},{"type":"Feature","geometry":{"type":"Point","coordinates":[-0.08441,51.58586]},"properties":{"name":"The Green Dental Surgery","address":"","postcode":"","phone":"+44 20 8800 7373","nhs":false}},{"type":"Feature","geometry":{"type":"Point","coordinates":[-0.29784,51.38903]},"properties":{"name":"Surbiton Smile Centre","address":"Ewell Road 148","postcode":"KT6 6HE","phone":"+44 20 8339 9333","nhs":false}},{"type":"Feature","geometry":{"type":"Point","coordinates":[-0.38071,51.43713]},"properties":{"name":"Apex Dental Surgery","address":"","postcode":"","phone":"","nhs":false}},{"type":"Feature","geometry":{"type":"Point","coordinates":[-0.01651,51.46419]},"properties":{"name":"Portland Smile Clinic","address":"","postcode":"","phone":"","nhs":false}},{"type":"Feature","geometry":{"type":"Point","coordinates":[-0.28864,51.51037]},"properties":{"name":"W5 Dental Care","address":"","postcode":"","phone":"+44 20 8993 5020","nhs":false}},{"type":"Feature","geometry":{"type":"Point","coordinates":[0.30435,51.49008]},"properties":{"name":"Chafford Hundred Dental Care","address":"","postcode":"","phone":"","nhs":false}},{"type":"Feature","geometry":{"type":"Point","coordinates":[0.03267,51.53934]},"properties":{"name":"Green Street Dental Practice","address":"Green Street 244","postcode":"","phone":"","nhs":false}},{"type":"Feature","geometry":{"type":"Point","coordinates":[-0.1747,51.61252]},"properties":{"name":"All Smiles In Finchley","address":"Woodhouse Road 21","postcode":"","phone":"+44 20 8445 2114","nhs":false}},{"type":"Feature","geometry":{"type":"Point","coordinates":[-0.17593,51.61205]},"properties":{"name":"Apex Dental","address":"","postcode":"","phone":"","nhs":false}},{"type":"Feature","geometry":{"type":"Point","coordinates":[-0.00931,51.46219]},"properties":{"name":"Lewis Grove Dental Practice","address":"Lewis Grove 3","postcode":"","phone":"","nhs":false}},{"type":"Feature","geometry":{"type":"Point","coordinates":[-0.00404,51.42498]},"properties":{"name":"Arkh View","address":"","postcode":"","phone":"","nhs":false}},{"type":"Feature","geometry":{"type":"Point","coordinates":[0.01813,51.39901]},"properties":{"name":"Bromley Dental Suite","address":"","postcode":"BR1 9HD","phone":"","nhs":false}},{"type":"Feature","geometry":{"type":"Point","coordinates":[-0.16631,51.44538]},"properties":{"name":"Smart Medical Clinics","address":"","postcode":"","phone":"","nhs":false}},{"type":"Feature","geometry":{"type":"Point","coordinates":[-0.492,51.64127]},"properties":{"name":"Berry Lane Dental Clinic","address":"Berry Lane 45","postcode":"WD3 4DE","phone":"+44 1923 773150","nhs":false}},{"type":"Feature","geometry":{"type":"Point","coordinates":[0.01007,51.46892]},"properties":{"name":"Mullally Dental Practice","address":"Montpelier Row 7","postcode":"SE3 0RL","phone":"+44 20 8852 0267","nhs":false}},{"type":"Feature","geometry":{"type":"Point","coordinates":[-0.18195,51.52791]},"properties":{"name":"Maida Smiles","address":"Sutherland Avenue 207-209","postcode":"","phone":"","nhs":false}},{"type":"Feature","geometry":{"type":"Point","coordinates":[-0.0176,51.44767]},"properties":{"name":"Rushey Green Dental Practice","address":"","postcode":"","phone":"+44 20 8314 5066","nhs":false}},{"type":"Feature","geometry":{"type":"Point","coordinates":[-0.10752,51.59344]},"properties":{"name":"Dental Practice","address":"High Road","postcode":"","phone":"","nhs":false}},{"type":"Feature","geometry":{"type":"Point","coordinates":[-0.30006,51.48565]},"properties":{"name":"Albany Dental Practice","address":"","postcode":"","phone":"","nhs":false}},{"type":"Feature","geometry":{"type":"Point","coordinates":[-0.10327,51.47832]},"properties":{"name":"The Dental Practice","address":"","postcode":"","phone":"+44 20 7582 2562","nhs":false}},{"type":"Feature","geometry":{"type":"Point","coordinates":[-0.15531,51.37863]},"properties":{"name":"Sutton Dental Care","address":"","postcode":"","phone":"","nhs":false}},{"type":"Feature","geometry":{"type":"Point","coordinates":[-0.1182,51.54712]},"properties":{"name":"Open Dental Care","address":"Caledonian Road 455","postcode":"","phone":"","nhs":false}},{"type":"Feature","geometry":{"type":"Point","coordinates":[-0.34067,51.58242]},"properties":{"name":"Dental Lab","address":"","postcode":"","phone":"","nhs":false}},{"type":"Feature","geometry":{"type":"Point","coordinates":[-0.40203,51.67221]},"properties":{"name":"Chrysalis Dental Practice & Implant Centre","address":"","postcode":"","phone":"","nhs":false}},{"type":"Feature","geometry":{"type":"Point","coordinates":[-0.31934,51.51171]},"properties":{"name":"The Ealing Dental Practice","address":"Drayton Green Road 6","postcode":"","phone":"","nhs":false}},{"type":"Feature","geometry":{"type":"Point","coordinates":[-0.09812,51.48994]},"properties":{"name":"Amelia Street Dental Clinic","address":"","postcode":"","phone":"","nhs":false}},{"type":"Feature","geometry":{"type":"Point","coordinates":[-0.00729,51.46177]},"properties":{"name":"Toothbrush Dental","address":"Lee High Road 32-64","postcode":"","phone":"","nhs":false}},{"type":"Feature","geometry":{"type":"Point","coordinates":[0.10463,51.40427]},"properties":{"name":"Dental Surgery","address":"Cotmandene Crescent 52","postcode":"BR5 2RG","phone":"","nhs":false}},{"type":"Feature","geometry":{"type":"Point","coordinates":[-0.01253,51.57549]},"properties":{"name":"Key 2 Smile","address":"Lea Bridge Road 622","postcode":"E10 6AP","phone":"+442085392277","nhs":false}},{"type":"Feature","geometry":{"type":"Point","coordinates":[-0.11252,51.50084]},"properties":{"name":"tooth Specialist Dental Centre","address":"Lower Marsh 26","postcode":"SE1 7RJ","phone":"+44 20 7928 2875","nhs":false}},{"type":"Feature","geometry":{"type":"Point","coordinates":[-0.30142,51.48426]},"properties":{"name":"Bright Smile Studio","address":"","postcode":"","phone":"","nhs":false}},{"type":"Feature","geometry":{"type":"Point","coordinates":[-0.29811,51.38987]},"properties":{"name":"The Dentgist Group","address":"Ewell Road 116","postcode":"","phone":"","nhs":false}},{"type":"Feature","geometry":{"type":"Point","coordinates":[-0.33276,51.47595]},"properties":{"name":"Densign","address":"","postcode":"","phone":"","nhs":false}},{"type":"Feature","geometry":{"type":"Point","coordinates":[-0.12867,51.43335]},"properties":{"name":"mydentist","address":"Streatham High Road","postcode":"","phone":"","nhs":false}},{"type":"Feature","geometry":{"type":"Point","coordinates":[0.07267,51.38931]},"properties":{"name":"Palm Dental","address":"Chatsworth Parade 16","postcode":"BR5 1DF","phone":"","nhs":false}},{"type":"Feature","geometry":{"type":"Point","coordinates":[-0.19233,51.48889]},"properties":{"name":"Thusand Smiles Dental Clinic","address":"Old Brompton Road 280","postcode":"SW5 9HR","phone":"+44 20 8050 0280","nhs":false}},{"type":"Feature","geometry":{"type":"Point","coordinates":[0.07351,51.39007]},"properties":{"name":"Adams House Dental Practice","address":"Petts Wood Road 215-217","postcode":"BR5 1LA","phone":"","nhs":false}},{"type":"Feature","geometry":{"type":"Point","coordinates":[-0.34446,51.42975]},"properties":{"name":"Teddington Dental","address":"","postcode":"","phone":"","nhs":false}},{"type":"Feature","geometry":{"type":"Point","coordinates":[-0.33986,51.60415]},"properties":{"name":"Harrow Weald Dental Practice","address":"","postcode":"","phone":"","nhs":false}},{"type":"Feature","geometry":{"type":"Point","coordinates":[-0.23201,51.58251]},"properties":{"name":"Vivian Avenue Dental Clinic","address":"Vivian Avenue 80","postcode":"","phone":"","nhs":false}},{"type":"Feature","geometry":{"type":"Point","coordinates":[-0.1966,51.55513]},"properties":{"name":"Fortune Green Dental","address":"Fortune Green Road 106","postcode":"NW6 1DS","phone":"+44 2074 359258","nhs":false}},{"type":"Feature","geometry":{"type":"Point","coordinates":[-0.13865,51.54123]},"properties":{"name":"NW1 Dental Care","address":"92","postcode":"","phone":"+44 20 7485 4626","nhs":false}},{"type":"Feature","geometry":{"type":"Point","coordinates":[-0.3678,51.36793]},"properties":{"name":"The Neem Tree Dental Esher","address":"High Street 138","postcode":"KT10 9QJ","phone":"+44 1372 464 000","nhs":false}},{"type":"Feature","geometry":{"type":"Point","coordinates":[-0.39305,51.65655]},"properties":{"name":"Better Care Clinic","address":"Queen's Road 53A","postcode":"WD17 2QN","phone":"+44 1923 628130","nhs":false}},{"type":"Feature","geometry":{"type":"Point","coordinates":[-0.33388,51.58188]},"properties":{"name":"Smile 360","address":"","postcode":"","phone":"","nhs":false}},{"type":"Feature","geometry":{"type":"Point","coordinates":[-0.12664,51.48554]},"properties":{"name":"Riverside dental spa","address":"","postcode":"","phone":"","nhs":false}},{"type":"Feature","geometry":{"type":"Point","coordinates":[-0.12774,51.43589]},"properties":{"name":"Southside Dental Care","address":"Streatham High Road","postcode":"","phone":"","nhs":false}},{"type":"Feature","geometry":{"type":"Point","coordinates":[-0.47696,51.54873]},"properties":{"name":"Feelgood Dental","address":"Belmont Road 77","postcode":"","phone":"+44 1895 347760","nhs":false}},{"type":"Feature","geometry":{"type":"Point","coordinates":[-0.3725,51.48417]},"properties":{"name":"The Smile Studios","address":"","postcode":"","phone":"+44 20 8577 2206","nhs":false}},{"type":"Feature","geometry":{"type":"Point","coordinates":[-0.04533,51.44212]},"properties":{"name":"Dental Beauty Forest Hill","address":"","postcode":"","phone":"+44 208 291 5211","nhs":false}},{"type":"Feature","geometry":{"type":"Point","coordinates":[-0.09469,51.36296]},"properties":{"name":"Croydon Orthodontic Practice","address":"","postcode":"","phone":"+44 2086 817638","nhs":false}},{"type":"Feature","geometry":{"type":"Point","coordinates":[-0.48229,51.60385]},"properties":{"name":"The Village Dental Practice","address":"","postcode":"","phone":"+44 1895 822262","nhs":false}},{"type":"Feature","geometry":{"type":"Point","coordinates":[-0.27324,51.65722]},"properties":{"name":"Orthoclinic","address":"Shenley Road 171","postcode":"","phone":"","nhs":false}},{"type":"Feature","geometry":{"type":"Point","coordinates":[-0.27606,51.65553]},"properties":{"name":"Elstree Dental","address":"Shenley Road","postcode":"WD6 1DX","phone":"","nhs":false}},{"type":"Feature","geometry":{"type":"Point","coordinates":[-0.09577,51.47004]},"properties":{"name":"One Dental","address":"Coldharbour Lane 60","postcode":"SE5 9PU","phone":"+44 20 3987 0044","nhs":false}},{"type":"Feature","geometry":{"type":"Point","coordinates":[-0.05251,51.5278]},"properties":{"name":"Puresmile","address":"Roman Road 29","postcode":"","phone":"+44 20 8980 2890","nhs":false}},{"type":"Feature","geometry":{"type":"Point","coordinates":[-0.38305,51.62801]},"properties":{"name":"Carpenders Park Dental Practice","address":"","postcode":"","phone":"","nhs":false}},{"type":"Feature","geometry":{"type":"Point","coordinates":[-0.09054,51.58609]},"properties":{"name":"West Green Dental Practice","address":"West Green Road 293","postcode":"N15 3PA","phone":"+44 20 8888 2408","nhs":false}},{"type":"Feature","geometry":{"type":"Point","coordinates":[-0.20904,51.60104]},"properties":{"name":"Smiles & More","address":"Holders Hill Parade 1","postcode":"NW7 1LY","phone":"+44 20 8346 7747","nhs":false}},{"type":"Feature","geometry":{"type":"Point","coordinates":[-0.20705,51.60456]},"properties":{"name":"Portner Pittack","address":"Thornfield Parade 8-9","postcode":"NW7 1LN","phone":"+44 20 8349 3924","nhs":false}},{"type":"Feature","geometry":{"type":"Point","coordinates":[-0.09337,51.57264]},"properties":{"name":"Manor Orthodontic & Implant Clinic","address":"Woodberry Grove 48","postcode":"N4 1SN","phone":"+44 20 8800 8581","nhs":false}},{"type":"Feature","geometry":{"type":"Point","coordinates":[-0.09069,51.57281]},"properties":{"name":"Woodberry Down Dental Practice","address":"Seven Sisters Road 307","postcode":"N4 1QR","phone":"+44 20 8800 2244","nhs":false}},{"type":"Feature","geometry":{"type":"Point","coordinates":[-0.40423,51.60137]},"properties":{"name":"DNTL","address":"","postcode":"","phone":"","nhs":false}},{"type":"Feature","geometry":{"type":"Point","coordinates":[-0.18111,51.60967]},"properties":{"name":"Finchley Dental Lounge","address":"Ballards Lane 248","postcode":"","phone":"","nhs":false}},{"type":"Feature","geometry":{"type":"Point","coordinates":[0.04594,51.62521]},"properties":{"name":"The Queens Dental Practice","address":"","postcode":"","phone":"","nhs":false}},{"type":"Feature","geometry":{"type":"Point","coordinates":[-0.01584,51.51708]},"properties":{"name":"Poplar Dental","address":"Morris Road 21","postcode":"","phone":"","nhs":false}},{"type":"Feature","geometry":{"type":"Point","coordinates":[-0.12131,51.58705]},"properties":{"name":"Smile Spa Dental","address":"High Street","postcode":"N8 7PD","phone":"","nhs":false}},{"type":"Feature","geometry":{"type":"Point","coordinates":[-0.12137,51.58704]},"properties":{"name":"Bracewells Dental","address":"High Street","postcode":"N8 7PD","phone":"","nhs":false}},{"type":"Feature","geometry":{"type":"Point","coordinates":[-0.11709,51.45945]},"properties":{"name":"Orchard Orthodontics","address":"","postcode":"","phone":"","nhs":false}},{"type":"Feature","geometry":{"type":"Point","coordinates":[-0.18458,51.53769]},"properties":{"name":"Abbey Road Dental","address":"Abbey Road 81","postcode":"","phone":"","nhs":false}},{"type":"Feature","geometry":{"type":"Point","coordinates":[-0.26069,51.49227]},"properties":{"name":"Chiswick Dental","address":"","postcode":"","phone":"","nhs":false}},{"type":"Feature","geometry":{"type":"Point","coordinates":[-0.14695,51.49433]},"properties":{"name":"Belgravia Dental Care","address":"","postcode":"","phone":"","nhs":false}},{"type":"Feature","geometry":{"type":"Point","coordinates":[-0.29212,51.52901]},"properties":{"name":"Labridge Dental Lab","address":"","postcode":"","phone":"","nhs":false}},{"type":"Feature","geometry":{"type":"Point","coordinates":[-0.33834,51.47454]},"properties":{"name":"Bridge Dental Practice","address":"","postcode":"","phone":"+44 20 8560 1544","nhs":false}},{"type":"Feature","geometry":{"type":"Point","coordinates":[-0.10432,51.50217]},"properties":{"name":"Whites Dental","address":"","postcode":"","phone":"","nhs":false}},{"type":"Feature","geometry":{"type":"Point","coordinates":[-0.03756,51.4026]},"properties":{"name":"Dentalcare","address":"","postcode":"","phone":"+44 20 8650 0360","nhs":false}},{"type":"Feature","geometry":{"type":"Point","coordinates":[0.01443,51.57032]},"properties":{"name":"Eyespy Eye and Dental Care","address":"High Road Leytonstone 746","postcode":"E11 3AW","phone":"","nhs":false}},{"type":"Feature","geometry":{"type":"Point","coordinates":[-0.13633,51.46257]},"properties":{"name":"Ten Dental","address":"Clapham High Street 154","postcode":"","phone":"+44 20 8138 8623","nhs":false}},{"type":"Feature","geometry":{"type":"Point","coordinates":[-0.50543,51.52007]},"properties":{"name":"Iver Dental Practice","address":"","postcode":"","phone":"","nhs":false}},{"type":"Feature","geometry":{"type":"Point","coordinates":[-0.21623,51.42471]},"properties":{"name":"The Dental Lounges - Wimbledon","address":"High Street 92","postcode":"SW19 5EG","phone":"+44 20 8947 3111","nhs":false}},{"type":"Feature","geometry":{"type":"Point","coordinates":[-0.27566,51.62151]},"properties":{"name":"JL Dental Care","address":"Edgware Way 92","postcode":"","phone":"+44 20 8958 0136","nhs":false}},{"type":"Feature","geometry":{"type":"Point","coordinates":[-0.21848,51.53301]},"properties":{"name":"Kensal Rise Dental Practise","address":"Chamberlayne Road 90","postcode":"","phone":"","nhs":false}},{"type":"Feature","geometry":{"type":"Point","coordinates":[-0.24943,51.53763]},"properties":{"name":"Monteiro Dental Clinic","address":"Craven Park Road 7","postcode":"","phone":"+44 20 8961 1117","nhs":false}},{"type":"Feature","geometry":{"type":"Point","coordinates":[-0.19651,51.65082]},"properties":{"name":"Allure Dental Care & Aesthetics","address":"Bedford Avenue 2B","postcode":"","phone":"","nhs":false}},{"type":"Feature","geometry":{"type":"Point","coordinates":[0.05742,51.51445]},"properties":{"name":"Phoenix Orthodontic Practice","address":"Mary Rose Mall 13-14","postcode":"E6 5LX","phone":"+44 20 7473 4411","nhs":false}},{"type":"Feature","geometry":{"type":"Point","coordinates":[-0.09868,51.49253]},"properties":{"name":"Wytes","address":"","postcode":"","phone":"","nhs":false}},{"type":"Feature","geometry":{"type":"Point","coordinates":[0.06789,51.41808]},"properties":{"name":"Vogue Dental","address":"High Street 14-16","postcode":"BR7 5AN","phone":"","nhs":false}},{"type":"Feature","geometry":{"type":"Point","coordinates":[-0.41599,51.60457]},"properties":{"name":"Precision Smiles","address":"","postcode":"","phone":"","nhs":false}},{"type":"Feature","geometry":{"type":"Point","coordinates":[-0.33388,51.38347]},"properties":{"name":"Weston Cottage Dental Practice","address":"Portsmouth Road","postcode":"","phone":"","nhs":false}},{"type":"Feature","geometry":{"type":"Point","coordinates":[-0.14874,51.52255]},"properties":{"name":"HSDC","address":"","postcode":"","phone":"","nhs":false}},{"type":"Feature","geometry":{"type":"Point","coordinates":[-0.14845,51.52168]},"properties":{"name":"Pro Dental","address":"","postcode":"","phone":"","nhs":false}},{"type":"Feature","geometry":{"type":"Point","coordinates":[-0.1266,51.63281]},"properties":{"name":"Southgate Smiles","address":"The Broadway 5","postcode":"N14 6PH","phone":"+44 20 8882 0999","nhs":false}},{"type":"Feature","geometry":{"type":"Point","coordinates":[-0.12823,51.63257]},"properties":{"name":"Vaswani Dental Practice","address":"Chase Side 1","postcode":"N14 5BP","phone":"+44 20 8886 0300","nhs":false}},{"type":"Feature","geometry":{"type":"Point","coordinates":[0.21674,51.4429]},"properties":{"name":"Kentish Smiles","address":"","postcode":"","phone":"","nhs":false}},{"type":"Feature","geometry":{"type":"Point","coordinates":[-0.17682,51.66837]},"properties":{"name":"Hadley Wood Dental","address":"Crescent West 16","postcode":"","phone":"","nhs":false}},{"type":"Feature","geometry":{"type":"Point","coordinates":[0.02873,51.48768]},"properties":{"name":"SmileSpark","address":"","postcode":"","phone":"","nhs":false}},{"type":"Feature","geometry":{"type":"Point","coordinates":[-0.02133,51.54519]},"properties":{"name":"Skon Dental","address":"East Bay Lane 36","postcode":"E20 3AY","phone":"","nhs":false}},{"type":"Feature","geometry":{"type":"Point","coordinates":[-0.27704,51.50759]},"properties":{"name":"DentExcel","address":"","postcode":"","phone":"+44 20 8992 4456","nhs":false}},{"type":"Feature","geometry":{"type":"Point","coordinates":[-0.27717,51.61894]},"properties":{"name":"Small Dental","address":"Edgwarebury Lane 66","postcode":"","phone":"+44 20 8905 4849","nhs":false}},{"type":"Feature","geometry":{"type":"Point","coordinates":[-0.11604,51.58406]},"properties":{"name":"Smiles 4u","address":"Tottenham Lane 71","postcode":"","phone":"","nhs":false}},{"type":"Feature","geometry":{"type":"Point","coordinates":[-0.17496,51.54198]},"properties":{"name":"NW London Smile Centre","address":"Finchley Road","postcode":"","phone":"","nhs":false}},{"type":"Feature","geometry":{"type":"Point","coordinates":[-0.156,51.54236]},"properties":{"name":"London Dental Specialists","address":"Regent's Park Road 111","postcode":"NW1 8UR","phone":"+44 7700 100779","nhs":false}},{"type":"Feature","geometry":{"type":"Point","coordinates":[0.00122,51.48415]},"properties":{"name":"Dent Royal","address":"","postcode":"","phone":"","nhs":false}},{"type":"Feature","geometry":{"type":"Point","coordinates":[-0.25695,51.5064]},"properties":{"name":"Acton Vale Dental Centre","address":"","postcode":"","phone":"","nhs":false}},{"type":"Feature","geometry":{"type":"Point","coordinates":[-0.11397,51.61945]},"properties":{"name":"The Smile Studios Palmers Green","address":"Alderman's Hill 86","postcode":"N13 4PP","phone":"+44 20 8882 8070","nhs":false}},{"type":"Feature","geometry":{"type":"Point","coordinates":[-0.09178,51.47404]},"properties":{"name":"Camberwell Dental Care","address":"Camberwell Church Street 6","postcode":"SE5 8QU","phone":"+44 20 7703 0301","nhs":false}},{"type":"Feature","geometry":{"type":"Point","coordinates":[-0.08754,51.4734]},"properties":{"name":"Kings Dental Clinic","address":"Camberwell Church Street 82","postcode":"SE5 8QZ","phone":"","nhs":false}},{"type":"Feature","geometry":{"type":"Point","coordinates":[0.02679,51.4793]},"properties":{"name":"Charlton Dental Clinic","address":"Charlton Road 88","postcode":"SE7 7EZ","phone":"+44 20 8858 0481","nhs":false}},{"type":"Feature","geometry":{"type":"Point","coordinates":[0.00372,51.63147]},"properties":{"name":"Peter Page Dental Practice","address":"Station Road 2A","postcode":"E4 7BE","phone":"+44 20 8529 2504","nhs":false}},{"type":"Feature","geometry":{"type":"Point","coordinates":[0.00668,51.63256]},"properties":{"name":"Chingford Smile","address":"Station Road 66","postcode":"E4 7BA","phone":"","nhs":false}},{"type":"Feature","geometry":{"type":"Point","coordinates":[0.03729,51.48185]},"properties":{"name":"Charlton Village Dental Practice","address":"The Village 20","postcode":"SE7 8UD","phone":"+44 20 8856 0660","nhs":false}},{"type":"Feature","geometry":{"type":"Point","coordinates":[0.0256,51.57812]},"properties":{"name":"Wanstead Village Dental & Health Centre","address":"High Street 24","postcode":"E11 2AQ","phone":"","nhs":false}},{"type":"Feature","geometry":{"type":"Point","coordinates":[-0.03106,51.53232]},"properties":{"name":"William Place Dental Aesthetics","address":"William Place","postcode":"E3 5ED","phone":"","nhs":false}},{"type":"Feature","geometry":{"type":"Point","coordinates":[-0.04763,51.54405]},"properties":{"name":"AF Dental","address":"Collent Street 14","postcode":"E9 6SG","phone":"","nhs":false}},{"type":"Feature","geometry":{"type":"Point","coordinates":[-0.30194,51.41205]},"properties":{"name":"Kingston Dental Clinic","address":"Fife Road 41A","postcode":"KT1 1SF","phone":"+44 20 8439 1770","nhs":false}},{"type":"Feature","geometry":{"type":"Point","coordinates":[-0.28789,51.41421]},"properties":{"name":"Brunswick Rooms","address":"Park Road 15","postcode":"KT2 6BX","phone":"","nhs":false}},{"type":"Feature","geometry":{"type":"Point","coordinates":[-0.29661,51.41297]},"properties":{"name":"Kingston Dental Office","address":"Canbury Park Road 116","postcode":"KT2 6JZ","phone":"+44 20 8616 5420","nhs":false}},{"type":"Feature","geometry":{"type":"Point","coordinates":[-0.30661,51.41084]},"properties":{"name":"Thames Street Dental","address":"Thames Street 28","postcode":"KT1 1PE","phone":"+44 20 8546 6546","nhs":false}},{"type":"Feature","geometry":{"type":"Point","coordinates":[-0.30622,51.39219]},"properties":{"name":"Surbiton Smiles","address":"Victoria Road 68","postcode":"KT6 4NR","phone":"","nhs":false}},{"type":"Feature","geometry":{"type":"Point","coordinates":[-0.30352,51.40665]},"properties":{"name":"AURA Centre of Dental Excellence & Facial Aesthetics","address":"Penhryn Road 1","postcode":"KT1 2BT","phone":"+44 20 8549 5710","nhs":false}},{"type":"Feature","geometry":{"type":"Point","coordinates":[-0.28538,51.38262]},"properties":{"name":"Mydentist","address":"Ewell Road 385,387","postcode":"KT6 7DG","phone":"+44 20 8399 1526","nhs":false}},{"type":"Feature","geometry":{"type":"Point","coordinates":[-0.28898,51.38359]},"properties":{"name":"Confidental Clinic","address":"Ewell Road 359","postcode":"KT6 7BZ","phone":"+44 20 8399 1291","nhs":false}},{"type":"Feature","geometry":{"type":"Point","coordinates":[-0.2848,51.38247]},"properties":{"name":"The Corner House Dental Practice","address":"Ewell Road 395","postcode":"KT6 7DG","phone":"","nhs":false}},{"type":"Feature","geometry":{"type":"Point","coordinates":[-0.28237,51.3812]},"properties":{"name":"The Fabulous Smile Company","address":"Tolworth Broadway 31","postcode":"KT6 7DJ","phone":"+44 20 8059 0333","nhs":false}},{"type":"Feature","geometry":{"type":"Point","coordinates":[-0.29892,51.3929]},"properties":{"name":"Stedham House Dental Surgery","address":"Ewell Road 34","postcode":"KT6 6HX","phone":"+44 20 8399 2376","nhs":false}},{"type":"Feature","geometry":{"type":"Point","coordinates":[-0.28174,51.40623]},"properties":{"name":"SNS Dental Practice","address":"Dollary Parade 4-5","postcode":"KT1 3PD","phone":"+44 20 8549 2743","nhs":false}},{"type":"Feature","geometry":{"type":"Point","coordinates":[-0.28434,51.40808]},"properties":{"name":"Kingston Smile Studio","address":"Cambridge Road 59","postcode":"KT1 3NX","phone":"","nhs":false}},{"type":"Feature","geometry":{"type":"Point","coordinates":[-0.27777,51.40456]},"properties":{"name":"Dr Rupa Patel","address":"Kingston Road 328","postcode":"KT3 3RX","phone":"+44 20 8546 4706","nhs":false}},{"type":"Feature","geometry":{"type":"Point","coordinates":[-0.27418,51.40349]},"properties":{"name":"Tooth Doc","address":"Kingston Road 253","postcode":"KT3 3FN","phone":"","nhs":false}},{"type":"Feature","geometry":{"type":"Point","coordinates":[-0.27427,51.40826]},"properties":{"name":"Triangle Dental Clinic","address":"The Triangle 4","postcode":"KT1 3RU","phone":"+44 20 8296 0464","nhs":false}},{"type":"Feature","geometry":{"type":"Point","coordinates":[-0.0303,51.54519]},"properties":{"name":"VDental Smile Studio","address":"Eastway","postcode":"E9 5JA","phone":"+44 20 8533 5661","nhs":false}},{"type":"Feature","geometry":{"type":"Point","coordinates":[-0.10419,51.58999]},"properties":{"name":"Millenium Dental Practice","address":"Willoughby Road 41","postcode":"N8 0JG","phone":"+44 2083 404 015","nhs":false}},{"type":"Feature","geometry":{"type":"Point","coordinates":[-0.44757,51.56553]},"properties":{"name":"Denpure","address":"","postcode":"","phone":"","nhs":false}},{"type":"Feature","geometry":{"type":"Point","coordinates":[-0.02546,51.43095]},"properties":{"name":"Integrity Dental Care","address":"Bellingham Green 16","postcode":"SE6 3HQ","phone":"+44 20 8698 8228","nhs":true}},{"type":"Feature","geometry":{"type":"Point","coordinates":[-0.10886,51.58936]},"properties":{"name":"Sky Dental Practice","address":"Turnpike Lane 94","postcode":"N8 0PH","phone":"+44 2088 881 002","nhs":false}},{"type":"Feature","geometry":{"type":"Point","coordinates":[-0.02108,51.49123]},"properties":{"name":"The Dental Suite @ Docklands","address":"Spindrift Avenue 102","postcode":"E14 9WU","phone":"","nhs":false}},{"type":"Feature","geometry":{"type":"Point","coordinates":[-0.01349,51.49528]},"properties":{"name":"Damira Dental Studios","address":"East Ferry Road 145","postcode":"E14 3BQ","phone":"","nhs":false}},{"type":"Feature","geometry":{"type":"Point","coordinates":[-0.01487,51.37979]},"properties":{"name":"White & Co","address":"","postcode":"","phone":"+44 20 8777 1977","nhs":false}},{"type":"Feature","geometry":{"type":"Point","coordinates":[-0.01723,51.6164]},"properties":{"name":"Chingford Dental Care","address":"Chingford Mount Road 252A","postcode":"E4 8JL","phone":"","nhs":false}},{"type":"Feature","geometry":{"type":"Point","coordinates":[-0.37206,51.4156]},"properties":{"name":"Refresh Dental","address":"Station Road 139-141","postcode":"","phone":"","nhs":false}},{"type":"Feature","geometry":{"type":"Point","coordinates":[-0.30703,51.50381]},"properties":{"name":"Dental Ceramic Design","address":"South Ealing Road 20","postcode":"","phone":"","nhs":false}},{"type":"Feature","geometry":{"type":"Point","coordinates":[-0.09295,51.47275]},"properties":{"name":"Dentist By The Green","address":"","postcode":"","phone":"","nhs":false}},{"type":"Feature","geometry":{"type":"Point","coordinates":[-0.03406,51.56718]},"properties":{"name":"Ivy Dentistry and Aesthetics","address":"Lea Bridge Road 167","postcode":"E10 7PN","phone":"","nhs":false}},{"type":"Feature","geometry":{"type":"Point","coordinates":[-0.32514,51.38962]},"properties":{"name":"Thames Dental and Skin","address":"Portsmouth Road","postcode":"KT7 0XX","phone":"+44 20 8398 9466","nhs":false}},{"type":"Feature","geometry":{"type":"Point","coordinates":[-0.32726,51.38954]},"properties":{"name":"Thames Orthodontics","address":"St Leonard's Road 15","postcode":"KT7 0RJ","phone":"+44 20 8191 7723","nhs":false}},{"type":"Feature","geometry":{"type":"Point","coordinates":[-0.14041,51.52341]},"properties":{"name":"Fitzroy Dental Practice","address":"Fitzroy Square 13-14","postcode":"","phone":"","nhs":false}},{"type":"Feature","geometry":{"type":"Point","coordinates":[-0.14,51.51947]},"properties":{"name":"Image Dental Clinic","address":"","postcode":"","phone":"","nhs":false}},{"type":"Feature","geometry":{"type":"Point","coordinates":[0.03413,51.59064]},"properties":{"name":"Bright & White Dental","address":"Chigwell Road 55","postcode":"","phone":"","nhs":false}},{"type":"Feature","geometry":{"type":"Point","coordinates":[-0.27155,51.38798]},"properties":{"name":"Tolworth Rise Practice","address":"Tolworth Rise North 215","postcode":"KT5 9ET","phone":"","nhs":false}},{"type":"Feature","geometry":{"type":"Point","coordinates":[-0.29214,51.3726]},"properties":{"name":"Sedation Solutions","address":"Oakcroft Road 1","postcode":"KT9 1BD","phone":"+44 20 8643 0913","nhs":false}},{"type":"Feature","geometry":{"type":"Point","coordinates":[-0.30573,51.36782]},"properties":{"name":"Chessington Dental Practice","address":"Elm Road 1","postcode":"KT9 1AF","phone":"","nhs":false}},{"type":"Feature","geometry":{"type":"Point","coordinates":[-0.02571,51.49866]},"properties":{"name":"Paediatric and Special Care Community Dental Service","address":"Westferry Road 121","postcode":"E14 8JH","phone":"","nhs":false}},{"type":"Feature","geometry":{"type":"Point","coordinates":[-0.15332,51.54386]},"properties":{"name":"Adelaide Dental Lounge","address":"Regent's Park Road 7","postcode":"","phone":"","nhs":false}},{"type":"Feature","geometry":{"type":"Point","coordinates":[-0.0201,51.50152]},"properties":{"name":"Mouth Dental","address":"Admirals Way 1","postcode":"E14 9SN","phone":"","nhs":false}},{"type":"Feature","geometry":{"type":"Point","coordinates":[-0.16435,51.47227]},"properties":{"name":"Battersea Park Dental","address":"","postcode":"","phone":"","nhs":false}},{"type":"Feature","geometry":{"type":"Point","coordinates":[-0.09566,51.52713]},"properties":{"name":"London Dental Centre","address":"","postcode":"","phone":"","nhs":false}},{"type":"Feature","geometry":{"type":"Point","coordinates":[-0.07046,51.54611]},"properties":{"name":"Bradbury Dental Surgery","address":"Dalston Lane 72","postcode":"","phone":"","nhs":false}},{"type":"Feature","geometry":{"type":"Point","coordinates":[-0.07591,51.54595]},"properties":{"name":"Kingsland Dental Surgery","address":"Kingsland Road 537","postcode":"E8 4AR","phone":"+44 207 254 7520","nhs":false}},{"type":"Feature","geometry":{"type":"Point","coordinates":[0.00238,51.5553]},"properties":{"name":"Community Dental Service","address":"","postcode":"","phone":"","nhs":true}},{"type":"Feature","geometry":{"type":"Point","coordinates":[0.04793,51.55073]},"properties":{"name":"The Dental Practice","address":"Romford Road 620","postcode":"E12 5AQ","phone":"","nhs":false}},{"type":"Feature","geometry":{"type":"Point","coordinates":[0.05406,51.54793]},"properties":{"name":"Church Road Dental Practice","address":"","postcode":"","phone":"","nhs":false}},{"type":"Feature","geometry":{"type":"Point","coordinates":[-0.04302,51.58731]},"properties":{"name":"Jan Dental and Aesthetic Clinic","address":"Green Ferry Way 8","postcode":"E17 6DE","phone":"","nhs":false}},{"type":"Feature","geometry":{"type":"Point","coordinates":[0.05049,51.54217]},"properties":{"name":"Vara Dental Practice","address":"High Street North 290","postcode":"","phone":"","nhs":false}},{"type":"Feature","geometry":{"type":"Point","coordinates":[-0.51113,51.32699]},"properties":{"name":"Sync Dental Pyrford","address":"Coldharbour Road","postcode":"GU22 8SW","phone":"+44 1932 352333","nhs":false}},{"type":"Feature","geometry":{"type":"Point","coordinates":[-0.51459,51.43382]},"properties":{"name":"Clarence Dental Practice","address":"Clarence Street 21a","postcode":"TW18 4SU","phone":"+44 1784 463695","nhs":false}},{"type":"Feature","geometry":{"type":"Point","coordinates":[-0.07737,51.53253]},"properties":{"name":"Cosmo Clinic","address":"Kingsland Road 167","postcode":"","phone":"","nhs":false}},{"type":"Feature","geometry":{"type":"Point","coordinates":[-0.07369,51.53024]},"properties":{"name":"Smilestone Dental","address":"","postcode":"","phone":"","nhs":false}},{"type":"Feature","geometry":{"type":"Point","coordinates":[-0.05416,51.50577]},"properties":{"name":"Complex Smile Implant Centre","address":"New Crane Place 1","postcode":"","phone":"","nhs":false}},{"type":"Feature","geometry":{"type":"Point","coordinates":[-0.02838,51.51213]},"properties":{"name":"E14 Dental Centre","address":"Commercial Road 815","postcode":"","phone":"","nhs":false}},{"type":"Feature","geometry":{"type":"Point","coordinates":[-0.023,51.50757]},"properties":{"name":"Platinum Dental Care","address":"Hertsmere Road 14","postcode":"E14 4AE","phone":"","nhs":false}},{"type":"Feature","geometry":{"type":"Point","coordinates":[-0.01467,51.50426]},"properties":{"name":"Mouth","address":"Churchill Place 2","postcode":"","phone":"","nhs":false}},{"type":"Feature","geometry":{"type":"Point","coordinates":[-0.0186,51.50312]},"properties":{"name":"Smilepod","address":"Bank Street 45","postcode":"","phone":"","nhs":false}},{"type":"Feature","geometry":{"type":"Point","coordinates":[-0.06743,51.50927]},"properties":{"name":"Banning dentist","address":"","postcode":"","phone":"","nhs":false}},{"type":"Feature","geometry":{"type":"Point","coordinates":[-0.03804,51.51837]},"properties":{"name":"Smile Dental Care","address":"Harford Street 115","postcode":"","phone":"","nhs":false}},{"type":"Feature","geometry":{"type":"Point","coordinates":[-0.04505,51.52224]},"properties":{"name":"Mile End Dental Practice","address":"Mile End Road 227","postcode":"E1 4AA","phone":"","nhs":false}},{"type":"Feature","geometry":{"type":"Point","coordinates":[0.01227,51.56957]},"properties":{"name":"Wongs Dental Surgery","address":"High Road Leytonstone 845","postcode":"","phone":"","nhs":false}},{"type":"Feature","geometry":{"type":"Point","coordinates":[-0.05699,51.51949]},"properties":{"name":"Abbey Dental Whitechapel","address":"Whitechapel Road 224","postcode":"","phone":"","nhs":false}},{"type":"Feature","geometry":{"type":"Point","coordinates":[-0.05691,51.51951]},"properties":{"name":"Eastside Dental Practice","address":"Whitechapel Road 222","postcode":"","phone":"","nhs":false}},{"type":"Feature","geometry":{"type":"Point","coordinates":[0.03527,51.53741]},"properties":{"name":"Grove Dental Practice","address":"Plashet Grove 21","postcode":"E6 1AD","phone":"","nhs":false}},{"type":"Feature","geometry":{"type":"Point","coordinates":[0.03466,51.53558]},"properties":{"name":"Upton Park Dentalcare","address":"Green Street 386-388","postcode":"","phone":"","nhs":false}},{"type":"Feature","geometry":{"type":"Point","coordinates":[-0.07863,51.51889]},"properties":{"name":"Smile-Hub SpitalFields","address":"Brushfield Street 8a","postcode":"","phone":"","nhs":false}},{"type":"Feature","geometry":{"type":"Point","coordinates":[-0.05983,51.51678]},"properties":{"name":"The Second Floor Dental Practice","address":"Ashfield Street 43","postcode":"","phone":"","nhs":false}},{"type":"Feature","geometry":{"type":"Point","coordinates":[-0.07597,51.51893]},"properties":{"name":"Impress London","address":"Brushfield Street 54","postcode":"","phone":"","nhs":false}},{"type":"Feature","geometry":{"type":"Point","coordinates":[0.03731,51.54249]},"properties":{"name":"Katherine Dental Care","address":"Katherine Road 394","postcode":"","phone":"","nhs":false}},{"type":"Feature","geometry":{"type":"Point","coordinates":[-0.07443,51.51741]},"properties":{"name":"Alba Dental Care","address":"Toynbee Street 30-32","postcode":"","phone":"","nhs":false}},{"type":"Feature","geometry":{"type":"Point","coordinates":[-0.07435,51.51718]},"properties":{"name":"Fresh Springs Dental Practice","address":"Toynbee Street 40-42","postcode":"","phone":"","nhs":false}},{"type":"Feature","geometry":{"type":"Point","coordinates":[-0.018,51.5062]},"properties":{"name":"Bupa Dental Care","address":"1","postcode":"","phone":"","nhs":false}},{"type":"Feature","geometry":{"type":"Point","coordinates":[-0.01663,51.50495]},"properties":{"name":"Smilepod","address":"North Colonnade 34","postcode":"E14 5HX","phone":"","nhs":false}},{"type":"Feature","geometry":{"type":"Point","coordinates":[-0.06702,51.52606]},"properties":{"name":"AP Dental Practice","address":"Bethnal Green Road 238-240","postcode":"","phone":"","nhs":false}},{"type":"Feature","geometry":{"type":"Point","coordinates":[-0.06652,51.52611]},"properties":{"name":"Vidadent Practice","address":"Bethnal Green Road 252","postcode":"","phone":"","nhs":false}},{"type":"Feature","geometry":{"type":"Point","coordinates":[-0.05896,51.5272]},"properties":{"name":"E2 Dental Practice","address":"Bethnal Green Road 472a","postcode":"","phone":"","nhs":false}},{"type":"Feature","geometry":{"type":"Point","coordinates":[-0.01763,51.49779]},"properties":{"name":"Millharbour Dentistry","address":"Millharbour 41","postcode":"","phone":"","nhs":false}},{"type":"Feature","geometry":{"type":"Point","coordinates":[-0.00527,51.54857]},"properties":{"name":"Student Dental Clinic","address":"","postcode":"","phone":"","nhs":true}},{"type":"Feature","geometry":{"type":"Point","coordinates":[0.02015,51.60024]},"properties":{"name":"Improve Your Smile","address":"High Road 162","postcode":"IG8 9EF","phone":"","nhs":false}},{"type":"Feature","geometry":{"type":"Point","coordinates":[-0.01399,51.46477]},"properties":{"name":"Banning","address":"","postcode":"","phone":"","nhs":false}},{"type":"Feature","geometry":{"type":"Point","coordinates":[-0.09764,51.52051]},"properties":{"name":"Malmin Dental","address":"Aldersgate Street 131","postcode":"","phone":"","nhs":false}},{"type":"Feature","geometry":{"type":"Point","coordinates":[-0.09766,51.52051]},"properties":{"name":"Malmin Orthodontics Barbican","address":"Aldersgate Street 131","postcode":"","phone":"","nhs":false}},{"type":"Feature","geometry":{"type":"Point","coordinates":[-0.09955,51.51931]},"properties":{"name":"Dentistry100","address":"Long Lane 64-65","postcode":"","phone":"","nhs":false}},{"type":"Feature","geometry":{"type":"Point","coordinates":[-0.10792,51.51923]},"properties":{"name":"Hatton Garden Dental Practice","address":"","postcode":"","phone":"","nhs":false}},{"type":"Feature","geometry":{"type":"Point","coordinates":[-0.0954,51.52955]},"properties":{"name":"The London Orthodontic Clinic","address":"","postcode":"","phone":"","nhs":false}},{"type":"Feature","geometry":{"type":"Point","coordinates":[-0.08842,51.52634]},"properties":{"name":"Dental Arts Studio- City Road","address":"City Road 104-122","postcode":"","phone":"","nhs":false}},{"type":"Feature","geometry":{"type":"Point","coordinates":[-0.09083,51.52094]},"properties":{"name":"City Dental Clinic","address":"Chiswell Street 35","postcode":"","phone":"","nhs":false}},{"type":"Feature","geometry":{"type":"Point","coordinates":[-0.08961,51.5208]},"properties":{"name":"Smilepod - Moorgate","address":"Chiswell Street 24","postcode":"","phone":"","nhs":false}},{"type":"Feature","geometry":{"type":"Point","coordinates":[-0.09204,51.52201]},"properties":{"name":"Smileright","address":"Cherry Tree Walk 4b","postcode":"","phone":"","nhs":false}},{"type":"Feature","geometry":{"type":"Point","coordinates":[-0.08715,51.52467]},"properties":{"name":"The Modern Dentist","address":"Leonard Street 1-3","postcode":"EC2A 4AQ","phone":"","nhs":false}},{"type":"Feature","geometry":{"type":"Point","coordinates":[-0.12048,51.52955]},"properties":{"name":"Kings Cross Dental Practice","address":"Gray's Inn Road 285-287","postcode":"WC1X 8QD","phone":"","nhs":false}},{"type":"Feature","geometry":{"type":"Point","coordinates":[-0.08644,51.51683]},"properties":{"name":"Forma Smile","address":"London Wall 65","postcode":"EC2M 5TU","phone":"","nhs":false}},{"type":"Feature","geometry":{"type":"Point","coordinates":[-0.08641,51.51682]},"properties":{"name":"City Dental Studio","address":"London Wall 65","postcode":"EC2M 5TU","phone":"","nhs":false}},{"type":"Feature","geometry":{"type":"Point","coordinates":[-0.08763,51.51792]},"properties":{"name":"ODL Dental Clinic","address":"Finsbury Circus 31","postcode":"EC2M 5SQ","phone":"","nhs":false}},{"type":"Feature","geometry":{"type":"Point","coordinates":[-0.07957,51.51688]},"properties":{"name":"Bupa Dental Care","address":"15","postcode":"EC2M 4YW","phone":"","nhs":false}},{"type":"Feature","geometry":{"type":"Point","coordinates":[-0.08631,51.51674]},"properties":{"name":"Finsbury Dental Care","address":"Throgmorton Avenue 2","postcode":"EC2N 2DG","phone":"","nhs":false}},{"type":"Feature","geometry":{"type":"Point","coordinates":[-0.08601,51.51674]},"properties":{"name":"Bellcourt Dental","address":"Throgmorton Avenue 1","postcode":"","phone":"","nhs":false}},{"type":"Feature","geometry":{"type":"Point","coordinates":[-0.08895,51.51413]},"properties":{"name":"Bank of England Dental Unit","address":"Threadneedle Street","postcode":"EC2R 8AH","phone":"","nhs":false}},{"type":"Feature","geometry":{"type":"Point","coordinates":[-0.07867,51.49456]},"properties":{"name":"Calm Dental","address":"New Tannery Way 2","postcode":"SE1 5ZW","phone":"+44 20 7870 2702","nhs":false}},{"type":"Feature","geometry":{"type":"Point","coordinates":[-0.08615,51.51322]},"properties":{"name":"L&Y Dental","address":"Cornhill 36-38","postcode":"EC3V 3ND","phone":"","nhs":false}},{"type":"Feature","geometry":{"type":"Point","coordinates":[-0.08024,51.51041]},"properties":{"name":"TDSML","address":"Mark Lane 55","postcode":"EC3R 7NE","phone":"","nhs":false}},{"type":"Feature","geometry":{"type":"Point","coordinates":[-0.09268,51.51163]},"properties":{"name":"Smile Tailor","address":"Queen Street 65-66","postcode":"EC4R 1EB","phone":"","nhs":false}},{"type":"Feature","geometry":{"type":"Point","coordinates":[-0.09227,51.5116]},"properties":{"name":"German Dental Clinic","address":"College Hill 1-3","postcode":"EC4R 2RA","phone":"","nhs":false}},{"type":"Feature","geometry":{"type":"Point","coordinates":[-0.0911,51.51126]},"properties":{"name":"Canon Street Dental Centre","address":"Dowgate Hill 6","postcode":"EC4R 2SU","phone":"","nhs":false}},{"type":"Feature","geometry":{"type":"Point","coordinates":[-0.11029,51.51381]},"properties":{"name":"Temple Dental","address":"Fleet Street 29","postcode":"EC4Y 1AA","phone":"","nhs":false}},{"type":"Feature","geometry":{"type":"Point","coordinates":[-0.08841,51.51264]},"properties":{"name":"Clearstone Dental","address":"King William Street 1","postcode":"EC4N 7AR","phone":"","nhs":false}},{"type":"Feature","geometry":{"type":"Point","coordinates":[-0.12007,51.52971]},"properties":{"name":"Dr Clear Aligners","address":"Gray's Inn Road 344","postcode":"WC1X 8QF","phone":"","nhs":false}},{"type":"Feature","geometry":{"type":"Point","coordinates":[-0.12558,51.52612]},"properties":{"name":"Bond Dental","address":"Marchmont Street 96","postcode":"WC1N 1AG","phone":"","nhs":false}},{"type":"Feature","geometry":{"type":"Point","coordinates":[-0.11182,51.51951]},"properties":{"name":"Grays Inn Road Dental Practice","address":"Gray's Inn Road 40","postcode":"WC1X 8LR","phone":"+44 20 7831 8065","nhs":false}},{"type":"Feature","geometry":{"type":"Point","coordinates":[-0.11176,51.51426]},"properties":{"name":"Bell Yard Dental Surgery","address":"Bell Yard 7","postcode":"WC2A 2JR","phone":"","nhs":false}},{"type":"Feature","geometry":{"type":"Point","coordinates":[-0.13479,51.52348]},"properties":{"name":"The Eastman Clinical Suite","address":"University Street 21","postcode":"","phone":"","nhs":false}},{"type":"Feature","geometry":{"type":"Point","coordinates":[-0.12991,51.51529]},"properties":{"name":"Centre Point Dental Practice","address":"Charing Cross Road 132","postcode":"WC2H 0LA","phone":"","nhs":false}},{"type":"Feature","geometry":{"type":"Point","coordinates":[-0.13008,51.51173]},"properties":{"name":"Leicester Square Dental Clinic","address":"Lisle Street 24b","postcode":"WC2H 7BA","phone":"","nhs":false}},{"type":"Feature","geometry":{"type":"Point","coordinates":[-0.26876,51.33337]},"properties":{"name":"Clocktower Dental","address":"","postcode":"","phone":"","nhs":false}},{"type":"Feature","geometry":{"type":"Point","coordinates":[-0.119,51.51828]},"properties":{"name":"Smilepod","address":"Procter Street 16","postcode":"WC1V 6NX","phone":"","nhs":false}},{"type":"Feature","geometry":{"type":"Point","coordinates":[-0.11716,51.51807]},"properties":{"name":"Malmin Dental","address":"High Holborn 79-80","postcode":"WC1V 6LS","phone":"","nhs":false}},{"type":"Feature","geometry":{"type":"Point","coordinates":[-0.11716,51.51809]},"properties":{"name":"Malmin Orthodontics Holborn","address":"High Holborn 79-80","postcode":"WC1V 6LS","phone":"","nhs":false}},{"type":"Feature","geometry":{"type":"Point","coordinates":[-0.12238,51.52787]},"properties":{"name":"EVD Kings Cross","address":"Cromer Street 86","postcode":"WC1H 8DG","phone":"","nhs":false}},{"type":"Feature","geometry":{"type":"Point","coordinates":[-0.12245,51.52789]},"properties":{"name":"Raval Dental Surgery","address":"Cromer Street 86","postcode":"WC1H 8DG","phone":"","nhs":false}},{"type":"Feature","geometry":{"type":"Point","coordinates":[-0.11903,51.52771]},"properties":{"name":"Grays Inn Road Dental Surgery","address":"Gray's Inn Road 231","postcode":"WC1X 8RH","phone":"","nhs":false}},{"type":"Feature","geometry":{"type":"Point","coordinates":[0.10733,51.69655]},"properties":{"name":"Epping Dental","address":"High Street 59","postcode":"CM16 4BA","phone":"","nhs":false}},{"type":"Feature","geometry":{"type":"Point","coordinates":[-0.47156,51.33799]},"properties":{"name":"Surrey Periodontics","address":"High Road 152","postcode":"KT14 7RG","phone":"+44 1932 341415","nhs":false}},{"type":"Feature","geometry":{"type":"Point","coordinates":[-0.09091,51.46375]},"properties":{"name":"Denmark Hill Dental Surgery","address":"Denmark Hill 170a","postcode":"","phone":"+44 20 7738 7812","nhs":false}},{"type":"Feature","geometry":{"type":"Point","coordinates":[-0.10074,51.45448]},"properties":{"name":"Herne Hill Dental Practice","address":"Herne Hill 100","postcode":"","phone":"+44 20 7274 3147","nhs":false}},{"type":"Feature","geometry":{"type":"Point","coordinates":[0.05898,51.58155]},"properties":{"name":"Orthodontic Gallery","address":"Woodford Avenue 128","postcode":"IG2 6XA","phone":"","nhs":false}},{"type":"Feature","geometry":{"type":"Point","coordinates":[-0.12848,51.52802]},"properties":{"name":"The Dental Centre","address":"Euston Road 139","postcode":"NW1 2AA","phone":"","nhs":false}},{"type":"Feature","geometry":{"type":"Point","coordinates":[-0.03643,51.5009]},"properties":{"name":"Surrey Docks Dental Practice","address":"","postcode":"","phone":"","nhs":false}},{"type":"Feature","geometry":{"type":"Point","coordinates":[-0.07691,51.53918]},"properties":{"name":"Dental Beauty Dalston","address":"Kingsland Road 333","postcode":"E8 4DR","phone":"","nhs":false}},{"type":"Feature","geometry":{"type":"Point","coordinates":[-0.27276,51.62627]},"properties":{"name":"EDGE Dental Clinic","address":"","postcode":"","phone":"","nhs":false}},{"type":"Feature","geometry":{"type":"Point","coordinates":[-0.10443,51.49911]},"properties":{"name":"Banning Dental Group","address":"","postcode":"","phone":"","nhs":false}},{"type":"Feature","geometry":{"type":"Point","coordinates":[0.26947,51.43873]},"properties":{"name":"Smiletech","address":"Thames Walk","postcode":"DA9 9SR","phone":"+44 1322 686462","nhs":false}},{"type":"Feature","geometry":{"type":"Point","coordinates":[-0.42437,51.57766]},"properties":{"name":"Damira Dental Studios","address":"","postcode":"","phone":"","nhs":false}},{"type":"Feature","geometry":{"type":"Point","coordinates":[-0.2218,51.60852]},"properties":{"name":"Smiles By Hillside","address":"Bittacy Rise 190","postcode":"","phone":"","nhs":false}},{"type":"Feature","geometry":{"type":"Point","coordinates":[-0.28538,51.58524]},"properties":{"name":"Kenton Dental Centre","address":"Kenton Road 607","postcode":"HA3 9RT","phone":"+442082045511","nhs":false}},{"type":"Feature","geometry":{"type":"Point","coordinates":[-0.16505,51.51521]},"properties":{"name":"Whites Dental","address":"Kendal Street 52B","postcode":"W2 2BP","phone":"+44 20 3576 2325","nhs":false}},{"type":"Feature","geometry":{"type":"Point","coordinates":[-0.09298,51.48839]},"properties":{"name":"Macedent","address":"East Street 66","postcode":"","phone":"","nhs":false}},{"type":"Feature","geometry":{"type":"Point","coordinates":[-0.12543,51.57711]},"properties":{"name":"Crouch End Orthodontics","address":"Crouch End Hill 72","postcode":"N8 8AG","phone":"","nhs":false}},{"type":"Feature","geometry":{"type":"Point","coordinates":[-0.00061,51.44318]},"properties":{"name":"Hillview Dental","address":"","postcode":"","phone":"","nhs":false}},{"type":"Feature","geometry":{"type":"Point","coordinates":[0.0554,51.58044]},"properties":{"name":"Inglehurst Dentist Practice","address":"Redbridge Lane East 51","postcode":"","phone":"+44 20 8551 3550","nhs":false}},{"type":"Feature","geometry":{"type":"Point","coordinates":[-0.1722,51.55479]},"properties":{"name":"Practice on the Hill","address":"Rosslyn Hill 36","postcode":"NW3 1NH","phone":"+44 20 7435 2550","nhs":false}},{"type":"Feature","geometry":{"type":"Point","coordinates":[-0.25641,51.40292]},"properties":{"name":"Love Teeth Dental Practice","address":"","postcode":"","phone":"","nhs":false}},{"type":"Feature","geometry":{"type":"Point","coordinates":[-0.21113,51.47084]},"properties":{"name":"Progressive Dentistry","address":"","postcode":"","phone":"","nhs":false}},{"type":"Feature","geometry":{"type":"Point","coordinates":[-0.38936,51.4406]},"properties":{"name":"The Mount Dental Practice","address":"Hounslow Road, Hanworth 233","postcode":"TW13 6AE","phone":"+44 20 8894 3933","nhs":false}},{"type":"Feature","geometry":{"type":"Point","coordinates":[-0.1242,51.58192]},"properties":{"name":"Angle House Orthodontics","address":"New Road 71","postcode":"N8 7TE","phone":"","nhs":false}},{"type":"Feature","geometry":{"type":"Point","coordinates":[-0.45578,51.37323]},"properties":{"name":"The Specialist Dental Practice","address":"Monument Green 25","postcode":"KT13 8QW","phone":"","nhs":false}},{"type":"Feature","geometry":{"type":"Point","coordinates":[-0.2079,51.57807]},"properties":{"name":"Highfield Avenue Dental","address":"","postcode":"","phone":"+44 20 8458 6568","nhs":false}},{"type":"Feature","geometry":{"type":"Point","coordinates":[-0.3071,51.48354]},"properties":{"name":"Brentford Health and Dental","address":"","postcode":"","phone":"","nhs":false}},{"type":"Feature","geometry":{"type":"Point","coordinates":[-0.30784,51.48588]},"properties":{"name":"The Butts Dental Practice","address":"","postcode":"","phone":"","nhs":false}},{"type":"Feature","geometry":{"type":"Point","coordinates":[-0.38945,51.44051]},"properties":{"name":"Dental Beauty","address":"","postcode":"","phone":"+44 20 8894 6591","nhs":false}},{"type":"Feature","geometry":{"type":"Point","coordinates":[0.32897,51.63049]},"properties":{"name":"The Dental Works Essex","address":"Hutton Road 93-95","postcode":"CM15 8JE","phone":"","nhs":false}},{"type":"Feature","geometry":{"type":"Point","coordinates":[-0.33794,51.60059]},"properties":{"name":"Raeburn Dental Surgery","address":"","postcode":"","phone":"","nhs":false}},{"type":"Feature","geometry":{"type":"Point","coordinates":[-0.33208,51.58122]},"properties":{"name":"Angle House Harrow","address":"","postcode":"","phone":"","nhs":false}},{"type":"Feature","geometry":{"type":"Point","coordinates":[-0.40995,51.60001]},"properties":{"name":"Tiggasmile Northwood","address":"","postcode":"","phone":"+44 1923 829759","nhs":false}},{"type":"Feature","geometry":{"type":"Point","coordinates":[-0.16832,51.51893]},"properties":{"name":"Maison Smile","address":"","postcode":"","phone":"","nhs":false}},{"type":"Feature","geometry":{"type":"Point","coordinates":[-0.2095,51.41119]},"properties":{"name":"Infinitidental Clinic","address":"Merton Hall Road 146","postcode":"SW19 3PZ","phone":"","nhs":false}},{"type":"Feature","geometry":{"type":"Point","coordinates":[-0.303,51.39351]},"properties":{"name":"Smartdontics","address":"Central Parade 8","postcode":"KT6 4PJ","phone":"+44 20 8399 6333","nhs":false}},{"type":"Feature","geometry":{"type":"Point","coordinates":[0.01327,51.40949]},"properties":{"name":"The Buckley Practice","address":"Tweedy Road 31","postcode":"BR1 3PR","phone":"","nhs":false}},{"type":"Feature","geometry":{"type":"Point","coordinates":[-0.02624,51.40775]},"properties":{"name":"Beckenham Smiles","address":"High Street 122-124","postcode":"BR3 1EB","phone":"+44 203 805 2380","nhs":false}},{"type":"Feature","geometry":{"type":"Point","coordinates":[-0.02505,51.40711]},"properties":{"name":"Kelsey Park Dental","address":"Kelsey Park Road 11","postcode":"BR3 6LH","phone":"","nhs":false}},{"type":"Feature","geometry":{"type":"Point","coordinates":[-0.02374,51.4082]},"properties":{"name":"Beckenham Dental Centre","address":"Bromley Road","postcode":"BR3 5JE","phone":"","nhs":false}},{"type":"Feature","geometry":{"type":"Point","coordinates":[0.10565,51.35656]},"properties":{"name":"Chelsfield Dental Practice","address":"Windsor Drive 17","postcode":"BR6 6EY","phone":"","nhs":false}},{"type":"Feature","geometry":{"type":"Point","coordinates":[0.08994,51.35544]},"properties":{"name":"Green Street Green Dental Practice","address":"","postcode":"BR6 6BG","phone":"","nhs":false}},{"type":"Feature","geometry":{"type":"Point","coordinates":[0.01863,51.37918]},"properties":{"name":"The Mary Jones Dental Practice","address":"George Lane 1 Street House","postcode":"BR2 7LQ","phone":"","nhs":false}},{"type":"Feature","geometry":{"type":"Point","coordinates":[0.00984,51.37779]},"properties":{"name":"Hayes Dental Surgery","address":"","postcode":"BR2 7JE","phone":"","nhs":false}},{"type":"Feature","geometry":{"type":"Point","coordinates":[-0.03165,51.40669]},"properties":{"name":"Beckenham Dental Clinic","address":"High Street 233-235","postcode":"BR3 1BN","phone":"","nhs":false}},{"type":"Feature","geometry":{"type":"Point","coordinates":[-0.02856,51.40542]},"properties":{"name":"Finn Dental Specialists Beckenham","address":"Kelsey Lane","postcode":"BR3 3NE","phone":"","nhs":false}},{"type":"Feature","geometry":{"type":"Point","coordinates":[0.01463,51.40459]},"properties":{"name":"Bromley Smiles","address":"High Street","postcode":"BR1 1EZ","phone":"","nhs":false}},{"type":"Feature","geometry":{"type":"Point","coordinates":[0.00384,51.40633]},"properties":{"name":"Premier Dental Clinic","address":"","postcode":"BR2 0DN","phone":"","nhs":false}},{"type":"Feature","geometry":{"type":"Point","coordinates":[0.00306,51.4057]},"properties":{"name":"Shortlands Dental Practice Limited","address":"","postcode":"BR2 0EF","phone":"","nhs":false}},{"type":"Feature","geometry":{"type":"Point","coordinates":[0.00025,51.40627]},"properties":{"name":"Bromley Park Dental & Implant Centre","address":"","postcode":"BR2 0BW","phone":"","nhs":false}},{"type":"Feature","geometry":{"type":"Point","coordinates":[0.17795,51.39526]},"properties":{"name":"Dental Beauty Swanley","address":"","postcode":"BR8 8AE","phone":"","nhs":false}},{"type":"Feature","geometry":{"type":"Point","coordinates":[-0.03246,51.40688]},"properties":{"name":"Bupa Dental Care","address":"","postcode":"BR3 4EP","phone":"","nhs":false}},{"type":"Feature","geometry":{"type":"Point","coordinates":[0.03611,51.3921]},"properties":{"name":"Chatterton Dental Surgery","address":"Chatterton Road","postcode":"BR2 9QQ","phone":"","nhs":false}},{"type":"Feature","geometry":{"type":"Point","coordinates":[0.02058,51.42071]},"properties":{"name":"HB Dental Practice","address":"","postcode":"BR1 5AB","phone":"","nhs":false}},{"type":"Feature","geometry":{"type":"Point","coordinates":[0.0123,51.40695]},"properties":{"name":"Shmile Dental Clinic","address":"High Street","postcode":"BR1 1NZ","phone":"","nhs":false}},{"type":"Feature","geometry":{"type":"Point","coordinates":[0.05038,51.41943]},"properties":{"name":"Chislehurst Dental Care","address":"","postcode":"BR7 5DW","phone":"","nhs":false}},{"type":"Feature","geometry":{"type":"Point","coordinates":[0.06906,51.41527]},"properties":{"name":"Oakmead Dental Care","address":"","postcode":"","phone":"","nhs":false}},{"type":"Feature","geometry":{"type":"Point","coordinates":[0.06908,51.41597]},"properties":{"name":"Oakmead Dental Care","address":"","postcode":"","phone":"","nhs":false}},{"type":"Feature","geometry":{"type":"Point","coordinates":[0.06899,51.41631]},"properties":{"name":"Signature Dental","address":"","postcode":"","phone":"","nhs":false}},{"type":"Feature","geometry":{"type":"Point","coordinates":[0.18257,51.41058]},"properties":{"name":"Hextable Dental Centre","address":"Main Road 15","postcode":"BR8 7RB","phone":"","nhs":false}},{"type":"Feature","geometry":{"type":"Point","coordinates":[-0.02218,51.38468]},"properties":{"name":"Orchard House Dental Practice","address":"","postcode":"","phone":"","nhs":false}},{"type":"Feature","geometry":{"type":"Point","coordinates":[-0.04774,51.41141]},"properties":{"name":"Kent House Dental Clinic","address":"High Street","postcode":"BR3 4RJ","phone":"","nhs":false}},{"type":"Feature","geometry":{"type":"Point","coordinates":[0.07636,51.40911]},"properties":{"name":"Jerry Kwok Dental Surgery","address":"Manor Park Road","postcode":"BR7 5PY","phone":"","nhs":false}},{"type":"Feature","geometry":{"type":"Point","coordinates":[0.10297,51.3793]},"properties":{"name":"MFA Dental Practice","address":"High Street 91a","postcode":"BR6 0LF","phone":"","nhs":false}},{"type":"Feature","geometry":{"type":"Point","coordinates":[0.04536,51.37438]},"properties":{"name":"Smile Dental Practice","address":"","postcode":"","phone":"","nhs":false}},{"type":"Feature","geometry":{"type":"Point","coordinates":[0.10058,51.37684]},"properties":{"name":"Sky Dental Clinic","address":"","postcode":"","phone":"","nhs":false}},{"type":"Feature","geometry":{"type":"Point","coordinates":[0.07162,51.38977]},"properties":{"name":"Petts Wood Orthadontics","address":"","postcode":"","phone":"","nhs":false}},{"type":"Feature","geometry":{"type":"Point","coordinates":[-0.00498,51.36849]},"properties":{"name":"Parkside Dental Practice","address":"","postcode":"","phone":"","nhs":false}},{"type":"Feature","geometry":{"type":"Point","coordinates":[0.00041,51.39149]},"properties":{"name":"Pickhurst Dental Care","address":"","postcode":"","phone":"","nhs":false}},{"type":"Feature","geometry":{"type":"Point","coordinates":[0.09463,51.37256]},"properties":{"name":"Simply Orthodontics","address":"","postcode":"","phone":"","nhs":false}},{"type":"Feature","geometry":{"type":"Point","coordinates":[0.06967,51.42016]},"properties":{"name":"Smile4U-Chislehurst","address":"","postcode":"","phone":"","nhs":false}},{"type":"Feature","geometry":{"type":"Point","coordinates":[0.05599,51.36736]},"properties":{"name":"Royal Dental Care","address":"","postcode":"BR6 8NP","phone":"","nhs":false}},{"type":"Feature","geometry":{"type":"Point","coordinates":[0.0978,51.37258]},"properties":{"name":"The Oaks Dental Surgery","address":"","postcode":"","phone":"","nhs":false}},{"type":"Feature","geometry":{"type":"Point","coordinates":[0.09783,51.37266]},"properties":{"name":"Smilemaker Dental Practice","address":"","postcode":"","phone":"","nhs":false}},{"type":"Feature","geometry":{"type":"Point","coordinates":[-0.03631,51.40828]},"properties":{"name":"Total Orthadontics Beckenham","address":"","postcode":"","phone":"","nhs":false}},{"type":"Feature","geometry":{"type":"Point","coordinates":[-0.18337,51.60797]},"properties":{"name":"{my}dentist","address":"Ballards Lane 200","postcode":"N3 2NA","phone":"","nhs":false}},{"type":"Feature","geometry":{"type":"Point","coordinates":[-0.40671,51.51837]},"properties":{"name":"{my}dentist","address":"Yeading Lane 9","postcode":"UB4 0EL","phone":"","nhs":false}},{"type":"Feature","geometry":{"type":"Point","coordinates":[-0.3625,51.58712]},"properties":{"name":"Imperial Dental Care","address":"Broadwalk, Pinner 29","postcode":"HA2 6ED","phone":"","nhs":false}},{"type":"Feature","geometry":{"type":"Point","coordinates":[-0.05414,51.4389]},"properties":{"name":"London Dental Arts","address":"Dartmouth Road","postcode":"SE23 3TW","phone":"","nhs":false}},{"type":"Feature","geometry":{"type":"Point","coordinates":[0.10943,51.69949]},"properties":{"name":"Crofts Dental Practice","address":"St. John's Road 2","postcode":"CM16 5DN","phone":"","nhs":false}},{"type":"Feature","geometry":{"type":"Point","coordinates":[-0.36211,51.58449]},"properties":{"name":"StarSmiles","address":"Station Road 60A","postcode":"HA2 7SJ","phone":"+44 808 175 3083","nhs":false}},{"type":"Feature","geometry":{"type":"Point","coordinates":[-0.20157,51.65291]},"properties":{"name":"GM Dental & Implant Centre","address":"","postcode":"","phone":"","nhs":false}},{"type":"Feature","geometry":{"type":"Point","coordinates":[-0.12391,51.48244]},"properties":{"name":"Super White","address":"","postcode":"","phone":"","nhs":false}},{"type":"Feature","geometry":{"type":"Point","coordinates":[-0.25442,51.62102]},"properties":{"name":"Apex Dental Care","address":"","postcode":"","phone":"","nhs":false}},{"type":"Feature","geometry":{"type":"Point","coordinates":[-0.25815,51.40653]},"properties":{"name":"Groves Dental Centre","address":"Coombe Road 72","postcode":"KT3 4QS","phone":"+44 20 8949 5252","nhs":false}},{"type":"Feature","geometry":{"type":"Point","coordinates":[-0.45767,51.37321]},"properties":{"name":"MyoDental","address":"High Street 1st floor, 40","postcode":"KT13 8AB","phone":"+44 1932 989785","nhs":false}},{"type":"Feature","geometry":{"type":"Point","coordinates":[-0.14464,51.58938]},"properties":{"name":"No 18 - Dental Surgery","address":"Muswell Hill Broadway 18","postcode":"","phone":"","nhs":false}},{"type":"Feature","geometry":{"type":"Point","coordinates":[-0.01672,51.47656]},"properties":{"name":"Merivale Dental","address":"","postcode":"","phone":"","nhs":false}},{"type":"Feature","geometry":{"type":"Point","coordinates":[-0.09446,51.37657]},"properties":{"name":"Banning Dental","address":"Ruskin Square 1","postcode":"CR0 2WF","phone":"+44 20 3968 0880","nhs":false}},{"type":"Feature","geometry":{"type":"Point","coordinates":[-0.06193,51.34374]},"properties":{"name":"Selsdon Smiles","address":"Addington Road 170","postcode":"CR2 8LB","phone":"+44 20 8159 2899","nhs":false}},{"type":"Feature","geometry":{"type":"Point","coordinates":[-0.26418,51.50663]},"properties":{"name":"Lim Dental Practice","address":"High Street 4","postcode":"W3 6LJ","phone":"+44 20 8992 4208","nhs":false}},{"type":"Feature","geometry":{"type":"Point","coordinates":[0.12948,51.57076]},"properties":{"name":"Chadwell Dental Care","address":"High Road 1215","postcode":"RM6 4AL","phone":"","nhs":false}},{"type":"Feature","geometry":{"type":"Point","coordinates":[0.13809,51.57215]},"properties":{"name":"Chadwell Heath Orthodontic Practice","address":"High Road 165","postcode":"RM6 6NL","phone":"","nhs":false}},{"type":"Feature","geometry":{"type":"Point","coordinates":[0.19035,51.30992]},"properties":{"name":"Otford Dental Surgery","address":"Sevenoaks Road","postcode":"TN14 5PA","phone":"+441959522509","nhs":false}},{"type":"Feature","geometry":{"type":"Point","coordinates":[-0.34743,51.48249]},"properties":{"name":"Osterley Dental Practice","address":"Thornbury Road 153","postcode":"","phone":"+44 20 8569 7744","nhs":false}},{"type":"Feature","geometry":{"type":"Point","coordinates":[-0.31631,51.68261]},"properties":{"name":"The Dental Clinic Radlett","address":"","postcode":"","phone":"","nhs":false}},{"type":"Feature","geometry":{"type":"Point","coordinates":[-0.20337,51.65326]},"properties":{"name":"Wood Street Dental Surgery","address":"","postcode":"","phone":"","nhs":false}},{"type":"Feature","geometry":{"type":"Point","coordinates":[-0.18353,51.58615]},"properties":{"name":"Hampstead Dental Studio","address":"Market Place 7-9","postcode":"","phone":"+44 20 8455 8012","nhs":false}},{"type":"Feature","geometry":{"type":"Point","coordinates":[-0.26008,51.40155]},"properties":{"name":"52 the dental practice","address":"","postcode":"","phone":"","nhs":false}},{"type":"Feature","geometry":{"type":"Point","coordinates":[-0.06493,51.48363]},"properties":{"name":"my dentist","address":"","postcode":"","phone":"","nhs":false}},{"type":"Feature","geometry":{"type":"Point","coordinates":[0.06447,51.49369]},"properties":{"name":"Smile with Pride Dental Care","address":"Woolwich High Street 107B","postcode":"","phone":"+44 20 8854 0725","nhs":false}},{"type":"Feature","geometry":{"type":"Point","coordinates":[-0.42544,51.38626]},"properties":{"name":"Oatlands Dental Lounge","address":"Bridge Street 62-64","postcode":"KT12 1AP","phone":"+44 1932 858686","nhs":false}},{"type":"Feature","geometry":{"type":"Point","coordinates":[-0.09318,51.46007]},"properties":{"name":"Denmark Hill Smiles","address":"Denmark Hill 179","postcode":"","phone":"+44 20 7274 0861","nhs":false}},{"type":"Feature","geometry":{"type":"Point","coordinates":[-0.26582,51.3336]},"properties":{"name":"Alan Wilson Dentistry","address":"High Street 55","postcode":"","phone":"","nhs":false}},{"type":"Feature","geometry":{"type":"Point","coordinates":[-0.2837,51.40732]},"properties":{"name":"Simply Crown & Bridge Dental Laboratory","address":"Cambridge Road 198","postcode":"KT1 3LF","phone":"+44 20 8549 4836","nhs":false}},{"type":"Feature","geometry":{"type":"Point","coordinates":[-0.44482,51.61534]},"properties":{"name":"Mount Vernon Dental Specialists","address":"","postcode":"","phone":"","nhs":false}},{"type":"Feature","geometry":{"type":"Point","coordinates":[-0.11445,51.52264]},"properties":{"name":"Implantcenter Dentistry","address":"Gray's Inn Road 71","postcode":"","phone":"","nhs":false}},{"type":"Feature","geometry":{"type":"Point","coordinates":[0.16863,51.40017]},"properties":{"name":"White Oak Dental Practice","address":"London Road","postcode":"BR8 7AP","phone":"+44 1322662267","nhs":false}},{"type":"Feature","geometry":{"type":"Point","coordinates":[-0.41003,51.37735]},"properties":{"name":"Walton Dental Surgery","address":"Hersham Road 71a","postcode":"KT12 1LL","phone":"+44 1932 225748","nhs":false}},{"type":"Feature","geometry":{"type":"Point","coordinates":[-0.37111,51.41634]},"properties":{"name":"Ashley Dental Centre","address":"Ashley Road 27","postcode":"","phone":"+44 20 8979 1984","nhs":false}},{"type":"Feature","geometry":{"type":"Point","coordinates":[-0.3703,51.41905]},"properties":{"name":"Ivy House Dental Care","address":"Tudor Road 62","postcode":"","phone":"","nhs":false}},{"type":"Feature","geometry":{"type":"Point","coordinates":[-0.07356,51.45752]},"properties":{"name":"Dulwich Dental Office","address":"North Cross Road 43-45","postcode":"SE22 9ET","phone":"+44 20 8693 3339","nhs":false}},{"type":"Feature","geometry":{"type":"Point","coordinates":[-0.07556,51.46053]},"properties":{"name":"Aesthetic Dental Zone","address":"Lordship Lane 2","postcode":"","phone":"+44 20 8299 1434","nhs":false}},{"type":"Feature","geometry":{"type":"Point","coordinates":[-0.30382,51.40487]},"properties":{"name":"Bright Smile","address":"Penhryn Road 17","postcode":"KT1 2BZ","phone":"","nhs":true}},{"type":"Feature","geometry":{"type":"Point","coordinates":[-0.20247,51.53748]},"properties":{"name":"Olsen's Dental Practise","address":"Lonsdale Road 7","postcode":"","phone":"","nhs":false}},{"type":"Feature","geometry":{"type":"Point","coordinates":[-0.30382,51.40506]},"properties":{"name":"Kingston Dental Care","address":"Penhryn Road 13","postcode":"KT1 2BZ","phone":"","nhs":false}},{"type":"Feature","geometry":{"type":"Point","coordinates":[-0.18396,51.64721]},"properties":{"name":"Mona Lisa Smiles","address":"Station Road 83","postcode":"EN5 1PX","phone":"","nhs":false}},{"type":"Feature","geometry":{"type":"Point","coordinates":[-0.07921,51.46155]},"properties":{"name":"Dulwich Dental Centre","address":"Grove Vale 29","postcode":"SE22 8EQ","phone":"","nhs":false}},{"type":"Feature","geometry":{"type":"Point","coordinates":[-0.13461,51.56474]},"properties":{"name":"Smilecare","address":"Junction Road 25","postcode":"N19 5QT","phone":"+44 20 7272 3796","nhs":false}},{"type":"Feature","geometry":{"type":"Point","coordinates":[-0.0702,51.47371]},"properties":{"name":"Peckham Dental Clinic","address":"Peckham High Street 71","postcode":"SE15 5RS","phone":"","nhs":false}},{"type":"Feature","geometry":{"type":"Point","coordinates":[-0.08237,51.5042]},"properties":{"name":"London Bridge Dental Practice","address":"Tooley Street 108-110","postcode":"SE1 2TH","phone":"+44 20 7407 1920","nhs":false}},{"type":"Feature","geometry":{"type":"Point","coordinates":[-0.09062,51.50415]},"properties":{"name":"Bridge Dental","address":"Borough High Street 91","postcode":"SE1 1NL","phone":"","nhs":false}},{"type":"Feature","geometry":{"type":"Point","coordinates":[-0.07545,51.45809]},"properties":{"name":"Dulwich Dental Clinic","address":"Lordship Lane 78","postcode":"","phone":"+44 20 8299 1334","nhs":false}},{"type":"Feature","geometry":{"type":"Point","coordinates":[-0.29823,51.51333]},"properties":{"name":"Ealing Dental Specialists","address":"The Mall 42","postcode":"W5 3TJ","phone":"+44 20 8567 4483","nhs":false}},{"type":"Feature","geometry":{"type":"Point","coordinates":[-0.034,51.68162]},"properties":{"name":"mydentist","address":"","postcode":"EN8 7RU","phone":"","nhs":false}},{"type":"Feature","geometry":{"type":"Point","coordinates":[-0.19268,51.5375]},"properties":{"name":"Shape Dental Clinic","address":"Kilburn High Road 46","postcode":"NW6 4HJ","phone":"+44 20 7624 2434","nhs":false}},{"type":"Feature","geometry":{"type":"Point","coordinates":[-0.16294,51.51376]},"properties":{"name":"Stanhope Place Dental Practice","address":"Stanhope Place 10","postcode":"W2 2HH","phone":"+44 20 7724 7440","nhs":false}},{"type":"Feature","geometry":{"type":"Point","coordinates":[-0.13857,51.49157]},"properties":{"name":"McKennel Dental Practice","address":"Churton Street 21","postcode":"SW1V 2LY","phone":"+44 20 7834 8802","nhs":false}},{"type":"Feature","geometry":{"type":"Point","coordinates":[-0.13095,51.49005]},"properties":{"name":"Millbank Dental","address":"Ponsonby Place 42B","postcode":"","phone":"","nhs":false}},{"type":"Feature","geometry":{"type":"Point","coordinates":[-0.2019,51.4849]},"properties":{"name":"Quality Dental Care","address":"North End Road","postcode":"SW6 1NN","phone":"","nhs":false}},{"type":"Feature","geometry":{"type":"Point","coordinates":[-0.10161,51.52008]},"properties":{"name":"St Clements Dental Care","address":"St. John Street 10","postcode":"EC1M 4AY","phone":"","nhs":false}},{"type":"Feature","geometry":{"type":"Point","coordinates":[-0.19429,51.53998]},"properties":{"name":"Maidavale Dentist","address":"Quex Road 10","postcode":"NW6 4PL","phone":"+44 20 7624 4302","nhs":false}},{"type":"Feature","geometry":{"type":"Point","coordinates":[-0.22944,51.54691]},"properties":{"name":"Willesden Library Dental Clinic","address":"High Road 97a","postcode":"NW10 2SL","phone":"+44 20 8459 6965","nhs":false}},{"type":"Feature","geometry":{"type":"Point","coordinates":[0.14794,51.53955]},"properties":{"name":"Dagenham Dental","address":"Heathway 221","postcode":"","phone":"","nhs":false}},{"type":"Feature","geometry":{"type":"Point","coordinates":[-0.17073,51.55412]},"properties":{"name":"Rosslyn Hill Dental Practise","address":"Rosslyn Hill 18","postcode":"","phone":"","nhs":false}},{"type":"Feature","geometry":{"type":"Point","coordinates":[-0.10075,51.4531]},"properties":{"name":"Half Moon Dental Centre","address":"Half Moon Lane 1-3","postcode":"SE24 9JU","phone":"+44 20 7733 0011","nhs":false}},{"type":"Feature","geometry":{"type":"Point","coordinates":[-0.30625,51.5046]},"properties":{"name":"St Mary's Dental Surgery","address":"St Mary's Road 76","postcode":"W5 5EX","phone":"+44 20 8567 3330","nhs":false}},{"type":"Feature","geometry":{"type":"Point","coordinates":[-0.30575,51.31771]},"properties":{"name":"St Stephens House Surgery Dental Practice","address":"","postcode":"KT21 2DP","phone":"","nhs":false}},{"type":"Feature","geometry":{"type":"Point","coordinates":[0.3057,51.36684]},"properties":{"name":"New Ash Green Dental Centre","address":"Meadow Lane","postcode":"DA3 8PR","phone":"","nhs":false}},{"type":"Feature","geometry":{"type":"Point","coordinates":[0.03864,51.30831]},"properties":{"name":"Smiles Dental Practice","address":"Main Road 196-198","postcode":"TN16 3BB","phone":"","nhs":false}},{"type":"Feature","geometry":{"type":"Point","coordinates":[-0.10194,51.52011]},"properties":{"name":"Zero Seven Dental Practice","address":"St. John Street 7","postcode":"EC1M 4AA","phone":"+44 20 7253 7667","nhs":false}},{"type":"Feature","geometry":{"type":"Point","coordinates":[-0.12546,51.51491]},"properties":{"name":"Endell Street Dental Care","address":"Endell Street 55","postcode":"WC2H 9AJ","phone":"+44 20 7379 7575","nhs":false}},{"type":"Feature","geometry":{"type":"Point","coordinates":[-0.2029,51.48539]},"properties":{"name":"Apple","address":"Lillie Road 94","postcode":"SW6 7SR","phone":"","nhs":false}},{"type":"Feature","geometry":{"type":"Point","coordinates":[-0.44352,51.36705]},"properties":{"name":"Bupa Dental Care","address":"Queens Road 129","postcode":"KT13 9UN","phone":"+44 1932 809565","nhs":false}},{"type":"Feature","geometry":{"type":"Point","coordinates":[-0.207,51.49147]},"properties":{"name":"Bond Dental London (Kensington)","address":"North End Road 151","postcode":"","phone":"","nhs":false}},{"type":"Feature","geometry":{"type":"Point","coordinates":[-0.20615,51.48993]},"properties":{"name":"NHS Dental Practice","address":"North End Road 195","postcode":"","phone":"+44 20 7381 1922","nhs":true}},{"type":"Feature","geometry":{"type":"Point","coordinates":[-0.20367,51.48467]},"properties":{"name":"Wisedentistry","address":"Lillie Road 129","postcode":"SW6 7SX","phone":"","nhs":false}},{"type":"Feature","geometry":{"type":"Point","coordinates":[-0.15069,51.36297]},"properties":{"name":"Manor Dental Care","address":"Manor Road 61","postcode":"SM6 0DE","phone":"+44 20 8669 5399","nhs":false}},{"type":"Feature","geometry":{"type":"Point","coordinates":[-0.13315,51.56629]},"properties":{"name":"Archway Dental Group","address":"St John's Way 34","postcode":"","phone":"","nhs":false}},{"type":"Feature","geometry":{"type":"Point","coordinates":[-0.19214,51.3553]},"properties":{"name":"The White House Dental Surgery","address":"2","postcode":"SM2 6AD","phone":"","nhs":false}},{"type":"Feature","geometry":{"type":"Point","coordinates":[-0.09349,51.51818]},"properties":{"name":"Barbican Dental Practice","address":"Wallside 1","postcode":"EC2Y 8BH","phone":"","nhs":false}},{"type":"Feature","geometry":{"type":"Point","coordinates":[-0.17371,51.63021]},"properties":{"name":"Aaron Marcus Dental surgery","address":"Oakleigh Road North 19","postcode":"N20 9HE","phone":"","nhs":false}},{"type":"Feature","geometry":{"type":"Point","coordinates":[-0.17736,51.36354]},"properties":{"name":"Ringstead Dental Surgery","address":"Ringstead Road 2B","postcode":"SM1 4SE","phone":"+44 20 8770 0784","nhs":false}},{"type":"Feature","geometry":{"type":"Point","coordinates":[-0.15191,51.49411]},"properties":{"name":"Elizabeth Street Dentist","address":"Elizabeth Street 85","postcode":"SW1W 9PG","phone":"","nhs":false}},{"type":"Feature","geometry":{"type":"Point","coordinates":[-0.0195,51.5859]},"properties":{"name":"Dental Surgery","address":"Hoe Street 123","postcode":"","phone":"","nhs":false}},{"type":"Feature","geometry":{"type":"Point","coordinates":[-0.01757,51.58515]},"properties":{"name":"Church Hill Dental Practice","address":"Church Hill 18","postcode":"E17 3AG","phone":"","nhs":false}},{"type":"Feature","geometry":{"type":"Point","coordinates":[0.00857,51.40931]},"properties":{"name":"Coley Kenward & Partners Dental Practice","address":"Blyth Road 18","postcode":"BR1 3RX","phone":"","nhs":false}},{"type":"Feature","geometry":{"type":"Point","coordinates":[-0.06311,51.45413]},"properties":{"name":"East Dulwich Dental Care","address":"Forest Hill Road 4","postcode":"SE22 0RR","phone":"","nhs":false}},{"type":"Feature","geometry":{"type":"Point","coordinates":[-0.07994,51.52705]},"properties":{"name":"Bespoke Dental & Implant Clinic","address":"Old Street 370","postcode":"","phone":"","nhs":false}},{"type":"Feature","geometry":{"type":"Point","coordinates":[-0.08105,51.52671]},"properties":{"name":"EC1 Dental Practice","address":"Old Street 344","postcode":"EC1V 9DS","phone":"","nhs":false}},{"type":"Feature","geometry":{"type":"Point","coordinates":[-0.08051,51.52484]},"properties":{"name":"Dentessentials","address":"Curtain Road 75","postcode":"","phone":"","nhs":false}},{"type":"Feature","geometry":{"type":"Point","coordinates":[-0.21014,51.49399]},"properties":{"name":"Kings Dental Clinic","address":"North End Road 36","postcode":"W14 0SH","phone":"","nhs":false}},{"type":"Feature","geometry":{"type":"Point","coordinates":[-0.19787,51.45689]},"properties":{"name":"mydentist","address":"Wandsworth High Street 203","postcode":"","phone":"","nhs":false}},{"type":"Feature","geometry":{"type":"Point","coordinates":[-0.12456,51.57984]},"properties":{"name":"Crouch Hall Dental Care","address":"Crouch Hall Road","postcode":"","phone":"+44 20 8340 1453","nhs":false}},{"type":"Feature","geometry":{"type":"Point","coordinates":[0.19633,51.5197]},"properties":{"name":"Rayden's Dentist","address":"Upminster Road South","postcode":"RM13 9AB","phone":"","nhs":false}},{"type":"Feature","geometry":{"type":"Point","coordinates":[-0.07876,51.41967]},"properties":{"name":"Crystal Palace Dental Practice","address":"Westow Hill 88","postcode":"SE19 1SB","phone":"+44 20 8761 6252","nhs":false}},{"type":"Feature","geometry":{"type":"Point","coordinates":[-0.14819,51.52229]},"properties":{"name":"128 Harley Street Dental Clinic","address":"Harley Street 128","postcode":"W1G 7JT","phone":"","nhs":false}},{"type":"Feature","geometry":{"type":"Point","coordinates":[-0.08854,51.54475]},"properties":{"name":"Dental Shine","address":"Essex Road 372","postcode":"N1 3PF","phone":"","nhs":false}},{"type":"Feature","geometry":{"type":"Point","coordinates":[-0.02044,51.5873]},"properties":{"name":"Forest Dental Care","address":"Hoe Street 73","postcode":"E17 4SA","phone":"","nhs":false}},{"type":"Feature","geometry":{"type":"Point","coordinates":[-0.10342,51.37354]},"properties":{"name":"Croydon Dental Care","address":"Church Street 60-62","postcode":"CR0 1RB","phone":"","nhs":false}},{"type":"Feature","geometry":{"type":"Point","coordinates":[-0.02773,51.58315]},"properties":{"name":"Dental Design Studio Walthamstow","address":"High Street 129","postcode":"","phone":"","nhs":false}},{"type":"Feature","geometry":{"type":"Point","coordinates":[-0.03272,51.58081]},"properties":{"name":"Abbey Dental Walthamstow","address":"St James's Street 25","postcode":"","phone":"","nhs":false}},{"type":"Feature","geometry":{"type":"Point","coordinates":[-0.1896,51.4598]},"properties":{"name":"Ascherl Ceramics","address":"Old York Road 368","postcode":"SW18 1SP","phone":"","nhs":false}},{"type":"Feature","geometry":{"type":"Point","coordinates":[-0.18977,51.45977]},"properties":{"name":"York Road Dental Practice","address":"Old York Road 370","postcode":"SW18 1SP","phone":"","nhs":false}},{"type":"Feature","geometry":{"type":"Point","coordinates":[-0.18815,51.46024]},"properties":{"name":"The Neem Tree","address":"Old York Road 515","postcode":"SW18 1TF","phone":"","nhs":false}},{"type":"Feature","geometry":{"type":"Point","coordinates":[0.17588,51.39738]},"properties":{"name":"Wyndcot","address":"Birchwood Park Avenue","postcode":"","phone":"","nhs":false}},{"type":"Feature","geometry":{"type":"Point","coordinates":[-0.00313,51.58658]},"properties":{"name":"Wood Street Dental Practice","address":"Wood Street 176","postcode":"","phone":"","nhs":false}},{"type":"Feature","geometry":{"type":"Point","coordinates":[-0.33585,51.55596]},"properties":{"name":"{my}dentist","address":"Greenford Road 1550","postcode":"UB6 0HR","phone":"+44 20 8422 2002","nhs":false}},{"type":"Feature","geometry":{"type":"Point","coordinates":[-0.1086,51.51406]},"properties":{"name":"Ruh Dental","address":"Fleet Street 54","postcode":"","phone":"","nhs":false}},{"type":"Feature","geometry":{"type":"Point","coordinates":[0.16932,51.2852]},"properties":{"name":"Riverhead Dental Practice","address":"","postcode":"","phone":"","nhs":false}},{"type":"Feature","geometry":{"type":"Point","coordinates":[-0.35062,51.53308]},"properties":{"name":"Oldfield Dental Practice","address":"Oldfield Lane South 150","postcode":"UB6 9JX","phone":"","nhs":false}},{"type":"Feature","geometry":{"type":"Point","coordinates":[-0.10357,51.37816]},"properties":{"name":"Derby Road Dental Practice","address":"Derby Road 2a","postcode":"","phone":"","nhs":false}},{"type":"Feature","geometry":{"type":"Point","coordinates":[-0.10348,51.3779]},"properties":{"name":"West Croydon Dental Practice","address":"Derby Road 7","postcode":"CR0 3SE","phone":"","nhs":false}},{"type":"Feature","geometry":{"type":"Point","coordinates":[-0.37224,51.54479]},"properties":{"name":"Mandeville Dental Centre","address":"","postcode":"","phone":"","nhs":false}},{"type":"Feature","geometry":{"type":"Point","coordinates":[-0.35976,51.55432]},"properties":{"name":"Petts Hill Dental Practice","address":"Petts Hill 72","postcode":"","phone":"","nhs":false}},{"type":"Feature","geometry":{"type":"Point","coordinates":[-0.37559,51.5441]},"properties":{"name":"Church End Dental Centre","address":"","postcode":"","phone":"","nhs":false}},{"type":"Feature","geometry":{"type":"Point","coordinates":[-0.14287,51.59246]},"properties":{"name":"Perfect Smile Dental Surgery","address":"Muswell Hill Broadway 438","postcode":"N10 1BS","phone":"+44 20 8883 3286","nhs":false}},{"type":"Feature","geometry":{"type":"Point","coordinates":[-0.0804,51.41771]},"properties":{"name":"The Mindful Dentist","address":"Church Road 73-75","postcode":"","phone":"","nhs":false}},{"type":"Feature","geometry":{"type":"Point","coordinates":[-0.13891,51.53529]},"properties":{"name":"The Dental Practice","address":"Camden High Street 22","postcode":"NW1 0JH","phone":"+44 20 7388 6108","nhs":false}},{"type":"Feature","geometry":{"type":"Point","coordinates":[-0.3217,51.57587]},"properties":{"name":"Northwick Park Dental Practice","address":"","postcode":"","phone":"","nhs":false}},{"type":"Feature","geometry":{"type":"Point","coordinates":[0.17572,51.39613]},"properties":{"name":"Tooth Booth","address":"London Road","postcode":"BR8 7WL","phone":"","nhs":false}},{"type":"Feature","geometry":{"type":"Point","coordinates":[-0.19097,51.54603]},"properties":{"name":"White Rose Dental Studio","address":"West End Lane 92","postcode":"","phone":"+44 20 7372 7800","nhs":false}},{"type":"Feature","geometry":{"type":"Point","coordinates":[0.0622,51.45144]},"properties":{"name":"Eltham Park Dental Practice","address":"Westmount Road 5","postcode":"SE9 1JB","phone":"","nhs":false}},{"type":"Feature","geometry":{"type":"Point","coordinates":[-0.33556,51.59714]},"properties":{"name":"The Clocktower Dental Practice","address":"High Street 132","postcode":"HA3 7AL","phone":"+44 20 8427 1627","nhs":false}},{"type":"Feature","geometry":{"type":"Point","coordinates":[-0.33632,51.5971]},"properties":{"name":"Harrow Smile Clinic","address":"High Street 99","postcode":"HA3 5DL","phone":"","nhs":false}},{"type":"Feature","geometry":{"type":"Point","coordinates":[-0.31527,51.5827]},"properties":{"name":"Central Dental Care","address":"Kenton Road 187","postcode":"","phone":"+44 20 8907 4806","nhs":false}},{"type":"Feature","geometry":{"type":"Point","coordinates":[-0.11294,51.51289]},"properties":{"name":"Your Dental Practice","address":"Essex Street 45","postcode":"WC2R 3JF","phone":"","nhs":false}},{"type":"Feature","geometry":{"type":"Point","coordinates":[0.21917,51.56661]},"properties":{"name":"Best Health Clinics","address":"Billet Lane 58","postcode":"RM11 1XA","phone":"","nhs":false}},{"type":"Feature","geometry":{"type":"Point","coordinates":[-0.2493,51.3639]},"properties":{"name":"Harland and Dear","address":"Newbury Gardens 2","postcode":"","phone":"","nhs":false}},{"type":"Feature","geometry":{"type":"Point","coordinates":[0.02293,51.59179]},"properties":{"name":"Woodbury Practice","address":"Woodford Road 77","postcode":"E18 2EA","phone":"+44 20 8989 2113","nhs":false}},{"type":"Feature","geometry":{"type":"Point","coordinates":[-0.17944,51.45954]},"properties":{"name":"Prodenta Dental Care","address":"227","postcode":"","phone":"","nhs":false}},{"type":"Feature","geometry":{"type":"Point","coordinates":[-0.11791,51.55651]},"properties":{"name":"N7 Dental Care","address":"355","postcode":"","phone":"","nhs":false}},{"type":"Feature","geometry":{"type":"Point","coordinates":[-0.26438,51.46477]},"properties":{"name":"The Park Dental Clinic","address":"Upper Richmond Road West 323","postcode":"SW14 8QR","phone":"+44 20 8876 5088","nhs":false}},{"type":"Feature","geometry":{"type":"Point","coordinates":[-0.20394,51.47188]},"properties":{"name":"Damira","address":"New King's Road 315,317","postcode":"SW6 4RF","phone":"","nhs":false}},{"type":"Feature","geometry":{"type":"Point","coordinates":[-0.30088,51.552]},"properties":{"name":"Central Dental","address":"High Road 555","postcode":"HA0 2DW","phone":"+44 20 8902 9566","nhs":false}},{"type":"Feature","geometry":{"type":"Point","coordinates":[-0.13918,51.51368]},"properties":{"name":"Carnaby Street Dental","address":"","postcode":"","phone":"+44 20 7734 6421","nhs":false}},{"type":"Feature","geometry":{"type":"Point","coordinates":[-0.31492,51.43786]},"properties":{"name":"Perfect Smile Dentist","address":"Ashburnham Road 50","postcode":"TW10 7NF","phone":"+44 20 8948 1675","nhs":false}},{"type":"Feature","geometry":{"type":"Point","coordinates":[0.17713,51.39555]},"properties":{"name":"Dental Beauty","address":"High Street 1","postcode":"","phone":"+44 1322 668150","nhs":false}},{"type":"Feature","geometry":{"type":"Point","coordinates":[-0.0776,51.53]},"properties":{"name":"Hoxton Dental","address":"Kingsland Road 75","postcode":"","phone":"","nhs":false}},{"type":"Feature","geometry":{"type":"Point","coordinates":[-0.01757,51.43563]},"properties":{"name":"Maxident","address":"","postcode":"","phone":"+44 20 8698 0491","nhs":false}},{"type":"Feature","geometry":{"type":"Point","coordinates":[-0.05371,51.43889]},"properties":{"name":"Denistry for You","address":"Dartmouth Road 3","postcode":"","phone":"","nhs":false}},{"type":"Feature","geometry":{"type":"Point","coordinates":[-0.14208,51.54601]},"properties":{"name":"Dental Clinic","address":"Kentish Town Road 173","postcode":"","phone":"","nhs":false}},{"type":"Feature","geometry":{"type":"Point","coordinates":[-0.33457,51.42467]},"properties":{"name":"Park Road Dental Centre","address":"Park Road","postcode":"TW11 0AB","phone":"","nhs":false}},{"type":"Feature","geometry":{"type":"Point","coordinates":[-0.03336,51.68766]},"properties":{"name":"Bupa Dental Care","address":"","postcode":"EN8 7AP","phone":"","nhs":false}},{"type":"Feature","geometry":{"type":"Point","coordinates":[0.0791,51.53787]},"properties":{"name":"East Street Dental Practice","address":"63","postcode":"","phone":"+44 28 8532 7910","nhs":false}},{"type":"Feature","geometry":{"type":"Point","coordinates":[0.07802,51.53793]},"properties":{"name":"Barking Dental Practice","address":"London Road 25-27","postcode":"","phone":"+44 20 8594 2573","nhs":false}},{"type":"Feature","geometry":{"type":"Point","coordinates":[0.08051,51.53686]},"properties":{"name":"Abbey Dental","address":"","postcode":"IG11 7RL","phone":"+44 20 8594 4129","nhs":false}},{"type":"Feature","geometry":{"type":"Point","coordinates":[-0.07764,51.51819]},"properties":{"name":"The Brace Orthodontic Practice","address":"Artillery Passage 15","postcode":"E1 7LJ","phone":"","nhs":false}},{"type":"Feature","geometry":{"type":"Point","coordinates":[0.24732,51.55337]},"properties":{"name":"Corbets Tey Dental Practice","address":"Corbets Tey Road","postcode":"","phone":"+44 1708 227943","nhs":false}},{"type":"Feature","geometry":{"type":"Point","coordinates":[0.25085,51.55644]},"properties":{"name":"St. Mary's Dental Care","address":"St Mary's Lane 163","postcode":"RM14 3BL","phone":"+44 1708 229330","nhs":false}},{"type":"Feature","geometry":{"type":"Point","coordinates":[-0.33326,51.5092]},"properties":{"name":"Hanwell Dental Practice","address":"Uxbridge Road 51","postcode":"W7 3PX","phone":"","nhs":false}},{"type":"Feature","geometry":{"type":"Point","coordinates":[0.2501,51.55752]},"properties":{"name":"Church View Dental Clinic","address":"Station Road","postcode":"","phone":"","nhs":false}},{"type":"Feature","geometry":{"type":"Point","coordinates":[-0.12192,51.47223]},"properties":{"name":"Stockwell Dental Practice","address":"Stockwell Road 9","postcode":"","phone":"+44 20 7274 5678","nhs":false}},{"type":"Feature","geometry":{"type":"Point","coordinates":[-0.37785,51.50746]},"properties":{"name":"White House Dental Practice","address":"","postcode":"","phone":"","nhs":false}},{"type":"Feature","geometry":{"type":"Point","coordinates":[-0.37768,51.50757]},"properties":{"name":"Sterling House Dental College","address":"","postcode":"","phone":"","nhs":false}},{"type":"Feature","geometry":{"type":"Point","coordinates":[-0.17466,51.6988]},"properties":{"name":"Greenleaves Dental Practice","address":"High Street 244-246","postcode":"","phone":"","nhs":false}},{"type":"Feature","geometry":{"type":"Point","coordinates":[-0.14708,51.64817]},"properties":{"name":"Cockfosters Dental Practice","address":"Station Parade, Cockfosters Road 23","postcode":"EN4 0DW","phone":"","nhs":false}},{"type":"Feature","geometry":{"type":"Point","coordinates":[-0.1473,51.6466]},"properties":{"name":"The Smile Studios","address":"","postcode":"","phone":"","nhs":false}},{"type":"Feature","geometry":{"type":"Point","coordinates":[-0.13841,51.5267]},"properties":{"name":"Dental Practice","address":"","postcode":"","phone":"","nhs":false}},{"type":"Feature","geometry":{"type":"Point","coordinates":[-0.14221,51.51957]},"properties":{"name":"K Dental Studios","address":"","postcode":"","phone":"","nhs":false}},{"type":"Feature","geometry":{"type":"Point","coordinates":[-0.1368,51.51911]},"properties":{"name":"London Smiling","address":"Goodge Street 62A","postcode":"","phone":"+44 20 7636 7616","nhs":false}},{"type":"Feature","geometry":{"type":"Point","coordinates":[-0.13689,51.52034]},"properties":{"name":"Dental Spa","address":"","postcode":"","phone":"","nhs":false}},{"type":"Feature","geometry":{"type":"Point","coordinates":[-0.34434,51.44448]},"properties":{"name":"Simply Dental","address":"The Green 106","postcode":"TW2 5AG","phone":"","nhs":false}},{"type":"Feature","geometry":{"type":"Point","coordinates":[-0.46323,51.43304]},"properties":{"name":"Together Dental","address":"Church Road 59-61","postcode":"TW15 2TY","phone":"+44 1784 253021","nhs":false}},{"type":"Feature","geometry":{"type":"Point","coordinates":[-0.168,51.51815]},"properties":{"name":"Cambridge Court Dental","address":"Sussex Gardens 4","postcode":"","phone":"+44 20 7262 3334","nhs":false}},{"type":"Feature","geometry":{"type":"Point","coordinates":[-0.33425,51.44545]},"properties":{"name":"Twickenham Dental Care","address":"Heath Road 90","postcode":"TW1 4BW","phone":"+44 20 8744 1944","nhs":false}},{"type":"Feature","geometry":{"type":"Point","coordinates":[-0.11657,51.53965]},"properties":{"name":"Dental Practice","address":"Caledonian Road 300","postcode":"","phone":"","nhs":false}},{"type":"Feature","geometry":{"type":"Point","coordinates":[-0.20197,51.47226]},"properties":{"name":"Bespoke Dental Fulham","address":"New King's Road 275","postcode":"SW6 4RD","phone":"","nhs":false}},{"type":"Feature","geometry":{"type":"Point","coordinates":[-0.20205,51.4725]},"properties":{"name":"Perfect Smile","address":"New King's Road 74","postcode":"SW6 4LT","phone":"+44 20 7731 1166","nhs":false}},{"type":"Feature","geometry":{"type":"Point","coordinates":[-0.19527,51.51461]},"properties":{"name":"Westbourne Grove Dental Centre","address":"Chepstow Corner 18","postcode":"","phone":"+44 20 7229 1730","nhs":false}},{"type":"Feature","geometry":{"type":"Point","coordinates":[-0.51554,51.43548]},"properties":{"name":"Cygnet Orthodontics","address":"","postcode":"","phone":"","nhs":false}},{"type":"Feature","geometry":{"type":"Point","coordinates":[-0.02855,51.58942]},"properties":{"name":"Elm House Dental","address":"Forest Road 288","postcode":"E17 5JN","phone":"","nhs":false}},{"type":"Feature","geometry":{"type":"Point","coordinates":[-0.03009,51.58765]},"properties":{"name":"Inspire Dental Walthamstow","address":"Palmerston Road 67-69","postcode":"","phone":"","nhs":false}},{"type":"Feature","geometry":{"type":"Point","coordinates":[-0.30192,51.46386]},"properties":{"name":"Perfect Smile","address":"Kew Road","postcode":"TW9 2NQ","phone":"","nhs":false}},{"type":"Feature","geometry":{"type":"Point","coordinates":[-0.3288,51.4483]},"properties":{"name":"W Dental","address":"London Road 46-48","postcode":"TW1 3RJ","phone":"","nhs":false}},{"type":"Feature","geometry":{"type":"Point","coordinates":[-0.33736,51.44506]},"properties":{"name":"Refresh Dental","address":"Heath Road 157","postcode":"TW1 4BH","phone":"","nhs":false}},{"type":"Feature","geometry":{"type":"Point","coordinates":[-0.06353,51.64015]},"properties":{"name":"Trinity Dental","address":"Trinity Avenue 87","postcode":"EN1 1HT","phone":"","nhs":false}},{"type":"Feature","geometry":{"type":"Point","coordinates":[-0.14638,51.59884]},"properties":{"name":"Colney Hatch Dental Practice","address":"Colney Hatch Lane 130","postcode":"N10 1ER","phone":"+44 20 8883 4566","nhs":false}},{"type":"Feature","geometry":{"type":"Point","coordinates":[-0.33152,51.44513]},"properties":{"name":"Richmond Dental Suite","address":"Heath Road 29-31","postcode":"TW1 4AW","phone":"","nhs":false}},{"type":"Feature","geometry":{"type":"Point","coordinates":[-0.50217,51.3916]},"properties":{"name":"The Courtyard Clinic","address":"London Street 30","postcode":"KT16 8AA","phone":"+44 1932 582949","nhs":false}},{"type":"Feature","geometry":{"type":"Point","coordinates":[-0.09838,51.51972]},"properties":{"name":"Barbican Orthodontic Clinic","address":"","postcode":"","phone":"","nhs":false}},{"type":"Feature","geometry":{"type":"Point","coordinates":[0.13289,51.45856]},"properties":{"name":"The Dental Practice Bexleyheath","address":"Broadway 306","postcode":"DA6 8AA","phone":"+44 20 8304 2882","nhs":false}},{"type":"Feature","geometry":{"type":"Point","coordinates":[-0.14088,51.51855]},"properties":{"name":"Vital Europe","address":"Riding House Street 33","postcode":"","phone":"","nhs":false}},{"type":"Feature","geometry":{"type":"Point","coordinates":[-0.14196,51.52112]},"properties":{"name":"The London Smile Clinic","address":"","postcode":"","phone":"","nhs":false}},{"type":"Feature","geometry":{"type":"Point","coordinates":[-0.30644,51.45937]},"properties":{"name":"The Smile Studios: Richmond","address":"Hill Street 5","postcode":"TW9 1SX","phone":"+44 20 8332 6833","nhs":false}},{"type":"Feature","geometry":{"type":"Point","coordinates":[-0.03298,51.44216]},"properties":{"name":"Stanstead Dental Centre","address":"","postcode":"","phone":"","nhs":false}},{"type":"Feature","geometry":{"type":"Point","coordinates":[-0.14135,51.52282]},"properties":{"name":"Maple Dental Clinic","address":"Cleveland Street 102","postcode":"W1T 6NT","phone":"+44 20 3609 2548","nhs":false}},{"type":"Feature","geometry":{"type":"Point","coordinates":[-0.14024,51.52192]},"properties":{"name":"Esthetique","address":"Cleveland Street 74","postcode":"","phone":"+44 20 7631 4444","nhs":false}},{"type":"Feature","geometry":{"type":"Point","coordinates":[-0.08235,51.56126]},"properties":{"name":"Dental Surgery","address":"Stoke Newington Church Street 169","postcode":"","phone":"","nhs":false}},{"type":"Feature","geometry":{"type":"Point","coordinates":[-0.21634,51.41672]},"properties":{"name":"Wimbledon Dental Practice","address":"Worple Road 86","postcode":"SW19 4HZ","phone":"","nhs":false}},{"type":"Feature","geometry":{"type":"Point","coordinates":[-0.0993,51.51578]},"properties":{"name":"Bupa Dental Care","address":"Greyfriars Passage","postcode":"","phone":"","nhs":false}},{"type":"Feature","geometry":{"type":"Point","coordinates":[0.29483,51.52306]},"properties":{"name":"StreetFarm Dental","address":"","postcode":"","phone":"","nhs":false}},{"type":"Feature","geometry":{"type":"Point","coordinates":[-0.31261,51.39253]},"properties":{"name":"Surbiton Dental Office","address":"","postcode":"","phone":"+44 20 8390 3740","nhs":false}},{"type":"Feature","geometry":{"type":"Point","coordinates":[-0.13988,51.49241]},"properties":{"name":"The London Dental Studio","address":"Wilton Road 84","postcode":"SW1V 1DL","phone":"+44 20 7630 0782","nhs":false}},{"type":"Feature","geometry":{"type":"Point","coordinates":[-0.25441,51.59365]},"properties":{"name":"Colindale Dental","address":"Colindale Avenue 49-51","postcode":"","phone":"","nhs":false}},{"type":"Feature","geometry":{"type":"Point","coordinates":[-0.14055,51.53636]},"properties":{"name":"Camden Dental Centre","address":"","postcode":"","phone":"+44 20 7380 0768","nhs":false}},{"type":"Feature","geometry":{"type":"Point","coordinates":[0.16113,51.46033]},"properties":{"name":"Barnehurst Dental Practice","address":"Midfield Parade 1b","postcode":"DA7 6NA","phone":"","nhs":false}},{"type":"Feature","geometry":{"type":"Point","coordinates":[-0.27351,51.46438]},"properties":{"name":"Dental Expressions","address":"Upper Richmond Road West 366","postcode":"SW14 7JU","phone":"","nhs":false}},{"type":"Feature","geometry":{"type":"Point","coordinates":[-0.21982,51.53476]},"properties":{"name":"Kensal Rise Dental & Cosmetic Centre","address":"Chamberlayne Road 98","postcode":"NW10 3JN","phone":"","nhs":false}},{"type":"Feature","geometry":{"type":"Point","coordinates":[-0.2122,51.41974]},"properties":{"name":"Wimbledon Central Dental Practice","address":"Worple Road 55","postcode":"SW19 4LA","phone":"+44 20 8947 2266","nhs":false}},{"type":"Feature","geometry":{"type":"Point","coordinates":[-0.40366,51.65782]},"properties":{"name":"Cassio Road Dental Practice","address":"Cassio Road 102","postcode":"WD18 0QL","phone":"+44 1923 231803","nhs":false}},{"type":"Feature","geometry":{"type":"Point","coordinates":[-0.19751,51.52896]},"properties":{"name":"Dental Surgery","address":"Malvern Road 41","postcode":"NW6 5PS","phone":"","nhs":false}},{"type":"Feature","geometry":{"type":"Point","coordinates":[-0.21852,51.53306]},"properties":{"name":"Angel Dental Implant Centre","address":"Chamberlayne Road 92","postcode":"NW10 3JL","phone":"","nhs":false}},{"type":"Feature","geometry":{"type":"Point","coordinates":[-0.29736,51.46176]},"properties":{"name":"Richmond Orthodontics","address":"Sheen Road","postcode":"TW9 1UF","phone":"+44 20 8940 5106","nhs":false}},{"type":"Feature","geometry":{"type":"Point","coordinates":[-0.10278,51.51329]},"properties":{"name":"Keith Burns Associates","address":"Ludgate Broadway 7","postcode":"","phone":"","nhs":false}},{"type":"Feature","geometry":{"type":"Point","coordinates":[-0.20174,51.54494]},"properties":{"name":"Dental Surgery","address":"Kilburn High Road 341","postcode":"","phone":"","nhs":false}},{"type":"Feature","geometry":{"type":"Point","coordinates":[-0.19136,51.54646]},"properties":{"name":"Perfect Smile","address":"","postcode":"","phone":"","nhs":false}},{"type":"Feature","geometry":{"type":"Point","coordinates":[-0.4035,51.36652]},"properties":{"name":"Windsor House Dental Surgery","address":"Queens Road 20","postcode":"KT12 5LR","phone":"","nhs":false}},{"type":"Feature","geometry":{"type":"Point","coordinates":[-0.13773,51.51533]},"properties":{"name":"Poland Street Dental Care","address":"Poland Street 38","postcode":"","phone":"","nhs":false}},{"type":"Feature","geometry":{"type":"Point","coordinates":[-0.13583,51.51449]},"properties":{"name":"Bupa Dental Care","address":"Berwick Street 73","postcode":"","phone":"+44 20 7437 7140","nhs":false}},{"type":"Feature","geometry":{"type":"Point","coordinates":[-0.13679,51.51394]},"properties":{"name":"Smilepad","address":"Poland Street 56A","postcode":"","phone":"","nhs":false}},{"type":"Feature","geometry":{"type":"Point","coordinates":[-0.20194,51.41926]},"properties":{"name":"Wimbledon Dental Studio","address":"The Broadway 91a","postcode":"SW19 1QE","phone":"","nhs":false}},{"type":"Feature","geometry":{"type":"Point","coordinates":[0.15825,51.46728]},"properties":{"name":"318 Erith Road Dental Practice","address":"Erith Road 318","postcode":"DA7 6HJ","phone":"","nhs":false}},{"type":"Feature","geometry":{"type":"Point","coordinates":[-0.19354,51.41925]},"properties":{"name":"The Wimbledon Dentist","address":"","postcode":"","phone":"","nhs":false}},{"type":"Feature","geometry":{"type":"Point","coordinates":[0.32301,51.47592]},"properties":{"name":"Grays Dental Centre","address":"High Street 63-67","postcode":"RM17 6NX","phone":"+44 1375 382166","nhs":false}},{"type":"Feature","geometry":{"type":"Point","coordinates":[0.007,51.55915]},"properties":{"name":"Leytonstone Dental Centre","address":"High Road Leytonstone 489","postcode":"","phone":"+44 20 8558 8656","nhs":false}},{"type":"Feature","geometry":{"type":"Point","coordinates":[-0.14641,51.57064]},"properties":{"name":"Pond Square Dental","address":"Highgate High Street 26","postcode":"","phone":"","nhs":false}},{"type":"Feature","geometry":{"type":"Point","coordinates":[-0.20178,51.65366]},"properties":{"name":"High Barnet Dental Care","address":"High Street 59","postcode":"EN5 5UR","phone":"+44 20 8275 2980","nhs":false}},{"type":"Feature","geometry":{"type":"Point","coordinates":[-0.40833,51.60213]},"properties":{"name":"Oakdale Dental Practice","address":"Pinner Road 103","postcode":"HA6 1QN","phone":"+44 20 8866 4051","nhs":false}},{"type":"Feature","geometry":{"type":"Point","coordinates":[-0.09195,51.51179]},"properties":{"name":"Bupa Dental Care","address":"Cannon Street 64","postcode":"EC4N 6AE","phone":"","nhs":false}},{"type":"Feature","geometry":{"type":"Point","coordinates":[-0.19996,51.34365]},"properties":{"name":"Belmont Dental Practice","address":"Station Road 14","postcode":"SM2 6BH","phone":"","nhs":false}},{"type":"Feature","geometry":{"type":"Point","coordinates":[0.10071,51.42624]},"properties":{"name":"Dental Haven","address":"Main Road 1","postcode":"DA14 6NF","phone":"","nhs":false}},{"type":"Feature","geometry":{"type":"Point","coordinates":[0.10718,51.42421]},"properties":{"name":"Sidcup Hill Dental Care","address":"Sidcup Hill","postcode":"DA14 6HH","phone":"","nhs":false}},{"type":"Feature","geometry":{"type":"Point","coordinates":[-0.12401,51.51793]},"properties":{"name":"Bloomsbury Dental Practice","address":"Bury Place 7","postcode":"WC1A 2LA","phone":"+44 20 7916 8000","nhs":false}},{"type":"Feature","geometry":{"type":"Point","coordinates":[-0.12419,51.51888]},"properties":{"name":"Museum Dental Suites","address":"Great Russell Street 70","postcode":"","phone":"+44 20 7036 1999","nhs":false}},{"type":"Feature","geometry":{"type":"Point","coordinates":[0.00854,51.51621]},"properties":{"name":"Docklands Dental House","address":"Barking Road 51-53","postcode":"E16 4HB","phone":"+44 20 7511 1234","nhs":false}},{"type":"Feature","geometry":{"type":"Point","coordinates":[0.00827,51.54271]},"properties":{"name":"Wisteria House Dental Practice","address":"Romford Road 55","postcode":"E15 4LY","phone":"","nhs":false}},{"type":"Feature","geometry":{"type":"Point","coordinates":[0.19848,51.5475]},"properties":{"name":"Elm Park Dental Surgery","address":"Rosewood Avenue 28","postcode":"RM12 5LH","phone":"","nhs":false}},{"type":"Feature","geometry":{"type":"Point","coordinates":[0.00622,51.54205]},"properties":{"name":"Stratford Dental","address":"Romford Road 42a","postcode":"E15 4BZ","phone":"","nhs":false}},{"type":"Feature","geometry":{"type":"Point","coordinates":[0.01012,51.54133]},"properties":{"name":"UK Smiles","address":"","postcode":"","phone":"","nhs":false}},{"type":"Feature","geometry":{"type":"Point","coordinates":[-0.50275,51.34722]},"properties":{"name":"New Haw Dental Practice","address":"","postcode":"KT15 3HD","phone":"","nhs":false}},{"type":"Feature","geometry":{"type":"Point","coordinates":[-0.50431,51.33918]},"properties":{"name":"IQ Orthodontics & Dental","address":"","postcode":"","phone":"","nhs":false}},{"type":"Feature","geometry":{"type":"Point","coordinates":[-0.50397,51.33877]},"properties":{"name":"York House Dental Practice","address":"","postcode":"","phone":"","nhs":false}},{"type":"Feature","geometry":{"type":"Point","coordinates":[-0.50613,51.33684]},"properties":{"name":"Coniston Dental Practice","address":"","postcode":"KT14 6HP","phone":"","nhs":false}},{"type":"Feature","geometry":{"type":"Point","coordinates":[-0.22117,51.54722]},"properties":{"name":"Number 1 Dental Clinic","address":"Lydford Road 1","postcode":"NW2 5QY","phone":"","nhs":false}},{"type":"Feature","geometry":{"type":"Point","coordinates":[-0.18621,51.43653]},"properties":{"name":"1a Orthodontics","address":"Freshford Street 1a","postcode":"","phone":"","nhs":false}},{"type":"Feature","geometry":{"type":"Point","coordinates":[-0.18106,51.43302]},"properties":{"name":"Together Dental Wandsworth","address":"Garratt Lane 742","postcode":"SW17 0NN","phone":"","nhs":false}},{"type":"Feature","geometry":{"type":"Point","coordinates":[-0.10616,51.52032]},"properties":{"name":"Malmin Dental","address":"Farringdon Road 47","postcode":"EC1M 3JB","phone":"","nhs":false}},{"type":"Feature","geometry":{"type":"Point","coordinates":[-0.10618,51.52037]},"properties":{"name":"Malmin","address":"Farringdon Road 47","postcode":"","phone":"","nhs":false}},{"type":"Feature","geometry":{"type":"Point","coordinates":[0.19257,51.53382]},"properties":{"name":"Southend Road Dental Surgery","address":"South End Road 166","postcode":"RM13 7XR","phone":"","nhs":false}},{"type":"Feature","geometry":{"type":"Point","coordinates":[-0.29492,51.46202]},"properties":{"name":"Ace Dental Care","address":"Sheen Road 107","postcode":"TW9 1YJ","phone":"+44 20 8940 1416","nhs":false}},{"type":"Feature","geometry":{"type":"Point","coordinates":[-0.29607,51.46187]},"properties":{"name":"Michael T.C. Wong","address":"Sheen Road 79","postcode":"TW9 1YJ","phone":"+44 20 8948 5863","nhs":false}},{"type":"Feature","geometry":{"type":"Point","coordinates":[-0.30051,51.46041]},"properties":{"name":"Roseneath Dental Practice","address":"Mount Ararat Road","postcode":"TW10 6PA","phone":"+44 20 8940 9955","nhs":false}},{"type":"Feature","geometry":{"type":"Point","coordinates":[-0.29817,51.46585]},"properties":{"name":"Kew Road Dental","address":"Kew Road 88","postcode":"TW9 2PQ","phone":"+44 20 3667 6235","nhs":false}},{"type":"Feature","geometry":{"type":"Point","coordinates":[-0.05746,51.53314]},"properties":{"name":"Chrysanth Dental Care","address":"Cambridge Heath Road 493","postcode":"E2 9BU","phone":"+44 20 3620 1113","nhs":false}},{"type":"Feature","geometry":{"type":"Point","coordinates":[-0.28769,51.4815]},"properties":{"name":"Whitehouse Dental","address":"Kew Road 320","postcode":"TW9 3DU","phone":"+44 20 8940 3444","nhs":false}},{"type":"Feature","geometry":{"type":"Point","coordinates":[-0.05654,51.53948]},"properties":{"name":"The Triangle Dental Practice","address":"Mare Street 157","postcode":"","phone":"","nhs":false}},{"type":"Feature","geometry":{"type":"Point","coordinates":[-0.28659,51.47282]},"properties":{"name":"Quintidental","address":"Sandycombe Road 233","postcode":"TW9 2EW","phone":"+44 20 8948 4033","nhs":false}},{"type":"Feature","geometry":{"type":"Point","coordinates":[-0.05557,51.54305]},"properties":{"name":"Dental Surgery","address":"Mare Street 257c","postcode":"E8 3NS","phone":"","nhs":false}},{"type":"Feature","geometry":{"type":"Point","coordinates":[-0.28101,51.47875]},"properties":{"name":"Dr Howard Stean","address":"Mortlake Road 103","postcode":"TW9 4AA","phone":"+44 20 8876 4542","nhs":false}},{"type":"Feature","geometry":{"type":"Point","coordinates":[-0.05593,51.54639]},"properties":{"name":"Hackney Dental Practice","address":"Sylvester Road 2","postcode":"","phone":"","nhs":false}},{"type":"Feature","geometry":{"type":"Point","coordinates":[-0.50462,51.33668]},"properties":{"name":"Centennium House","address":"","postcode":"","phone":"","nhs":false}},{"type":"Feature","geometry":{"type":"Point","coordinates":[-0.05482,51.54864]},"properties":{"name":"E8 Dental Care","address":"Mare Street 380a","postcode":"E8 1HR","phone":"","nhs":false}},{"type":"Feature","geometry":{"type":"Point","coordinates":[-0.05282,51.553]},"properties":{"name":"Lower Clapton Dental Surgery","address":"Lower Clapton Road 84","postcode":"","phone":"+44 20 8985 2490","nhs":false}},{"type":"Feature","geometry":{"type":"Point","coordinates":[-0.05624,51.55536]},"properties":{"name":"Trinity Dental Care","address":"Clarence Road 167","postcode":"","phone":"+44 20 8985 4434","nhs":false}},{"type":"Feature","geometry":{"type":"Point","coordinates":[0.02669,51.57533]},"properties":{"name":"Smile London","address":"Cambridge Park 19","postcode":"E11 2PU","phone":"","nhs":false}},{"type":"Feature","geometry":{"type":"Point","coordinates":[-0.37459,51.60727]},"properties":{"name":"Oradent","address":"Uxbridge Road 463","postcode":"HA5 4JS","phone":"","nhs":false}},{"type":"Feature","geometry":{"type":"Point","coordinates":[-0.13736,51.32132]},"properties":{"name":"Coulsdon Dental Practice","address":"Brighton Road 149","postcode":"CR5 2NH","phone":"","nhs":false}},{"type":"Feature","geometry":{"type":"Point","coordinates":[-0.13984,51.32059]},"properties":{"name":"mydentist","address":"Chipstead Valley Road 48","postcode":"CR5 2RA","phone":"","nhs":false}},{"type":"Feature","geometry":{"type":"Point","coordinates":[-0.02999,51.53278]},"properties":{"name":"Dental Beauty Bow","address":"Roman Road 560","postcode":"E3 5ES","phone":"+44 20 8980 3133","nhs":false}},{"type":"Feature","geometry":{"type":"Point","coordinates":[-0.08738,51.52221]},"properties":{"name":"Moorgate Dental","address":"City Road 16","postcode":"EC1Y 2AA","phone":"","nhs":false}},{"type":"Feature","geometry":{"type":"Point","coordinates":[-0.09679,51.36839]},"properties":{"name":"Park Lane Dental","address":"Park Lane 98","postcode":"CR0 1JB","phone":"","nhs":false}},{"type":"Feature","geometry":{"type":"Point","coordinates":[-0.15521,51.35872]},"properties":{"name":"Dental Surgery","address":"Beddington Gardens 62A","postcode":"SM6 0HW","phone":"","nhs":false}},{"type":"Feature","geometry":{"type":"Point","coordinates":[-0.26156,51.33182]},"properties":{"name":"Bupa Dental Care","address":"","postcode":"","phone":"","nhs":false}},{"type":"Feature","geometry":{"type":"Point","coordinates":[-0.2631,51.33375]},"properties":{"name":"Epsom Orthodontics","address":"","postcode":"","phone":"","nhs":false}},{"type":"Feature","geometry":{"type":"Point","coordinates":[-0.25002,51.33073]},"properties":{"name":"Alexandra Dental Surgery","address":"","postcode":"","phone":"","nhs":false}},{"type":"Feature","geometry":{"type":"Point","coordinates":[-0.14749,51.52073]},"properties":{"name":"Harley Street MD","address":"Harley Street 90","postcode":"","phone":"","nhs":false}},{"type":"Feature","geometry":{"type":"Point","coordinates":[-0.14677,51.51904]},"properties":{"name":"Harley Street Dental Group","address":"Harley Street 52","postcode":"W1G 9PY","phone":"","nhs":false}},{"type":"Feature","geometry":{"type":"Point","coordinates":[-0.14674,51.5179]},"properties":{"name":"Dr Ashok Sethi","address":"Harley Street 33","postcode":"W1G 9QT","phone":"","nhs":false}},{"type":"Feature","geometry":{"type":"Point","coordinates":[-0.14804,51.51836]},"properties":{"name":"19 Wimpole Street Dental Practice","address":"Wimpole Street 19","postcode":"W1G 8GE","phone":"","nhs":false}},{"type":"Feature","geometry":{"type":"Point","coordinates":[-0.14765,51.51972]},"properties":{"name":"75 Harley Street Dental Practice","address":"Harley Street 75","postcode":"W1G 8QL","phone":"","nhs":false}},{"type":"Feature","geometry":{"type":"Point","coordinates":[-0.14898,51.52055]},"properties":{"name":"London Smile Care Dental Clinic","address":"Upper Wimpole Street 2","postcode":"","phone":"","nhs":false}},{"type":"Feature","geometry":{"type":"Point","coordinates":[-0.14905,51.52138]},"properties":{"name":"38 Devonshire Street","address":"Devonshire Street 38","postcode":"W1G 6QB","phone":"+44 20 7935 5354","nhs":false}},{"type":"Feature","geometry":{"type":"Point","coordinates":[-0.14942,51.52156]},"properties":{"name":"Bupa Dental Care","address":"Devonshire Place 1","postcode":"","phone":"","nhs":false}},{"type":"Feature","geometry":{"type":"Point","coordinates":[-0.14917,51.5195]},"properties":{"name":"53 Wimpole Street","address":"Wimpole Street 53","postcode":"W1G 8YH","phone":"","nhs":false}},{"type":"Feature","geometry":{"type":"Point","coordinates":[-0.15796,51.51871]},"properties":{"name":"Bond Dental","address":"Gloucester Place 62","postcode":"W1U 8HW","phone":"","nhs":false}},{"type":"Feature","geometry":{"type":"Point","coordinates":[0.00608,51.63275]},"properties":{"name":"Appoline Dental","address":"Buxton Road 2a","postcode":"E4 7DP","phone":"","nhs":false}},{"type":"Feature","geometry":{"type":"Point","coordinates":[0.00683,51.6145]},"properties":{"name":"Damira Dental Studios","address":"","postcode":"","phone":"","nhs":false}},{"type":"Feature","geometry":{"type":"Point","coordinates":[0.00366,51.60382]},"properties":{"name":"Oak Hill Dental And Implant Centre","address":"Oak Hill 101","postcode":"IG8 9PF","phone":"","nhs":false}},{"type":"Feature","geometry":{"type":"Point","coordinates":[-0.02857,51.61481]},"properties":{"name":"Angle House Orthodontics Chingford","address":"Hall Lane 237","postcode":"","phone":"","nhs":false}},{"type":"Feature","geometry":{"type":"Point","coordinates":[-0.02006,51.61674]},"properties":{"name":"Chingford Mount Dental Practice","address":"Hall Lane 35","postcode":"E4 8HH","phone":"","nhs":false}},{"type":"Feature","geometry":{"type":"Point","coordinates":[-0.23253,51.4859]},"properties":{"name":"Castelnau Dentists","address":"Castelnau 202","postcode":"SW13 9DW","phone":"","nhs":false}},{"type":"Feature","geometry":{"type":"Point","coordinates":[-0.01763,51.61163]},"properties":{"name":"North East London Centre for Dental Development","address":"Chingford Mount Road 114","postcode":"E4 9AA","phone":"","nhs":false}},{"type":"Feature","geometry":{"type":"Point","coordinates":[-0.14616,51.35791]},"properties":{"name":"Bupa Dental Care","address":"Stafford Road 21","postcode":"SM6 9AN","phone":"","nhs":false}},{"type":"Feature","geometry":{"type":"Point","coordinates":[-0.30928,51.45588]},"properties":{"name":"Perfect Smile","address":"Richmond Road 402","postcode":"TW1 2EB","phone":"+44 20 8744 1444","nhs":false}},{"type":"Feature","geometry":{"type":"Point","coordinates":[-0.00811,51.57255]},"properties":{"name":"Leyton Dental Surgery","address":"High Road Leyton 724","postcode":"","phone":"","nhs":false}},{"type":"Feature","geometry":{"type":"Point","coordinates":[-0.00002,51.57129]},"properties":{"name":"Grove Dental Leytonstone","address":"Hainault Road 153","postcode":"","phone":"","nhs":false}},{"type":"Feature","geometry":{"type":"Point","coordinates":[-0.01053,51.56181]},"properties":{"name":"Smile in London","address":"High Road Leyton 399","postcode":"","phone":"","nhs":false}},{"type":"Feature","geometry":{"type":"Point","coordinates":[-0.3109,51.45498]},"properties":{"name":"Toothbeary - My Child's Dentist","address":"Richmond Road 358a","postcode":"TW1 2DU","phone":"+44 20 8831 6870","nhs":false}},{"type":"Feature","geometry":{"type":"Point","coordinates":[-0.31175,51.45507]},"properties":{"name":"Perio & Implant","address":"Richmond Road","postcode":"","phone":"","nhs":false}},{"type":"Feature","geometry":{"type":"Point","coordinates":[-0.32239,51.44948]},"properties":{"name":"Lebanon Park Dental Group","address":"Richmond Road 74","postcode":"TW1 3BE","phone":"+44 20 8892 3903","nhs":false}},{"type":"Feature","geometry":{"type":"Point","coordinates":[-0.33246,51.42699]},"properties":{"name":"Aromaden","address":"High Street 24","postcode":"TW11 8EW","phone":"+44 20 8977 7123","nhs":false}},{"type":"Feature","geometry":{"type":"Point","coordinates":[-0.33518,51.42561]},"properties":{"name":"Causeway Dental Practice","address":"The Causeway","postcode":"","phone":"+44 20 8943 0805","nhs":false}},{"type":"Feature","geometry":{"type":"Point","coordinates":[-0.3368,51.42649]},"properties":{"name":"Church Road Dental Care Centre","address":"Church Road 1","postcode":"TW11 8PF","phone":"","nhs":false}},{"type":"Feature","geometry":{"type":"Point","coordinates":[0.32409,51.44959]},"properties":{"name":"Grove House Orthodontics","address":"","postcode":"DA11 9AX","phone":"+44 1474 358104","nhs":false}},{"type":"Feature","geometry":{"type":"Point","coordinates":[-0.35651,51.42638]},"properties":{"name":"Bupa Dental Care","address":"High Street 127","postcode":"","phone":"","nhs":false}},{"type":"Feature","geometry":{"type":"Point","coordinates":[-0.35895,51.42263]},"properties":{"name":"Diamond Dental Lab","address":"High Street 3","postcode":"","phone":"+44 20 8941 7209","nhs":false}},{"type":"Feature","geometry":{"type":"Point","coordinates":[-0.35871,51.42331]},"properties":{"name":"Bushy Park Family Dental Health Centre","address":"High Street 25","postcode":"TW12 1NB","phone":"+44 20 8941 9090","nhs":false}},{"type":"Feature","geometry":{"type":"Point","coordinates":[-0.04584,51.47461]},"properties":{"name":"Dental Care Centre","address":"","postcode":"","phone":"","nhs":false}},{"type":"Feature","geometry":{"type":"Point","coordinates":[-0.17173,51.51642]},"properties":{"name":"Dentist @ W2","address":"Norfolk Place 3-4","postcode":"","phone":"+44 20 7402 4024","nhs":false}},{"type":"Feature","geometry":{"type":"Point","coordinates":[-0.22182,51.54835]},"properties":{"name":"Icedent","address":"Walm Lane","postcode":"NW2 4RA","phone":"","nhs":false}},{"type":"Feature","geometry":{"type":"Point","coordinates":[-0.19425,51.51549]},"properties":{"name":"Notting Hill Dental Clinic","address":"Hereford Road 45","postcode":"","phone":"","nhs":false}},{"type":"Feature","geometry":{"type":"Point","coordinates":[-0.35813,51.44999]},"properties":{"name":"eye | smile dentists and opticians","address":"","postcode":"","phone":"","nhs":false}},{"type":"Feature","geometry":{"type":"Point","coordinates":[0.07365,51.43657]},"properties":{"name":"Pura Dental Surgery","address":"Ellis Close 431","postcode":"SE9 3UL","phone":"","nhs":false}},{"type":"Feature","geometry":{"type":"Point","coordinates":[0.16263,51.47483]},"properties":{"name":"North Heath Dental","address":"184","postcode":"","phone":"","nhs":false}},{"type":"Feature","geometry":{"type":"Point","coordinates":[0.08876,51.43996]},"properties":{"name":"Sidcup Dental Surgery","address":"Halfway Street 150","postcode":"DA15 8DG","phone":"","nhs":false}},{"type":"Feature","geometry":{"type":"Point","coordinates":[-0.08348,51.42042]},"properties":{"name":"Dentistry on Gipsy Hill","address":"Gipsy Hill 5","postcode":"SE19 1QG","phone":"","nhs":false}},{"type":"Feature","geometry":{"type":"Point","coordinates":[-0.28836,51.47947]},"properties":{"name":"Whitehouse Dental","address":"Princes Road","postcode":"TW9 3HP","phone":"","nhs":false}},{"type":"Feature","geometry":{"type":"Point","coordinates":[-0.18519,51.53765]},"properties":{"name":"smile cliniq","address":"Boundary Road 102","postcode":"NW8 0RH","phone":"","nhs":false}},{"type":"Feature","geometry":{"type":"Point","coordinates":[-0.20308,51.54598]},"properties":{"name":"Inspire Dental Care","address":"Kilburn High Road 385","postcode":"NW6 7QE","phone":"+44 20 7372 3888","nhs":false}},{"type":"Feature","geometry":{"type":"Point","coordinates":[-0.12558,51.5254]},"properties":{"name":"Greg Gossayn Dental Surgery","address":"Marchmont Street 71","postcode":"","phone":"","nhs":false}},{"type":"Feature","geometry":{"type":"Point","coordinates":[-0.19216,51.50338]},"properties":{"name":"Moira Wong Orthodontics","address":"Holland Place 27a","postcode":"","phone":"+44 20 7368 6611","nhs":false}},{"type":"Feature","geometry":{"type":"Point","coordinates":[-0.25872,51.46788]},"properties":{"name":"The Practice at Mortlake","address":"North Worple Way 45","postcode":"SW14 8PZ","phone":"+44 20 8876 5398","nhs":false}},{"type":"Feature","geometry":{"type":"Point","coordinates":[0.03475,51.52974]},"properties":{"name":"The Nightingale Clinic","address":"Barking Road 679","postcode":"E13 9EU","phone":"","nhs":false}},{"type":"Feature","geometry":{"type":"Point","coordinates":[0.15338,51.43805]},"properties":{"name":"Bexley Dental Practice","address":"Vicarage Road 8","postcode":"DA5 2AL","phone":"","nhs":false}},{"type":"Feature","geometry":{"type":"Point","coordinates":[0.23746,51.40735]},"properties":{"name":"Kreate Dental","address":"","postcode":"","phone":"+44 1322 862580","nhs":false}},{"type":"Feature","geometry":{"type":"Point","coordinates":[0.21545,51.44638]},"properties":{"name":"Eclipse Dental","address":"","postcode":"","phone":"","nhs":false}},{"type":"Feature","geometry":{"type":"Point","coordinates":[0.20338,51.44646]},"properties":{"name":"Dartford Road Dental Centre","address":"","postcode":"DA1 3EG","phone":"","nhs":false}},{"type":"Feature","geometry":{"type":"Point","coordinates":[-0.06,51.51455]},"properties":{"name":"Aldgate House Dental Care","address":"","postcode":"","phone":"","nhs":false}},{"type":"Feature","geometry":{"type":"Point","coordinates":[-0.06223,51.51552]},"properties":{"name":"29 New Road Dental Practice","address":"New Road 29","postcode":"","phone":"","nhs":false}},{"type":"Feature","geometry":{"type":"Point","coordinates":[-0.07893,51.51847]},"properties":{"name":"The Whiter Smile","address":"Artillery Lane 9","postcode":"E1 7LP","phone":"","nhs":false}},{"type":"Feature","geometry":{"type":"Point","coordinates":[-0.14139,51.54678]},"properties":{"name":"Ace Dental","address":"Kentish Town Road 158","postcode":"","phone":"+44 20 7485 3711","nhs":false}},{"type":"Feature","geometry":{"type":"Point","coordinates":[-0.07827,51.51816]},"properties":{"name":"Maison Dental City","address":"Widegate Street 22","postcode":"E1 7HP","phone":"","nhs":false}},{"type":"Feature","geometry":{"type":"Point","coordinates":[-0.04906,51.54213]},"properties":{"name":"Dental Surgery","address":"","postcode":"","phone":"+44 20 8985 9828","nhs":false}},{"type":"Feature","geometry":{"type":"Point","coordinates":[-0.04635,51.54452]},"properties":{"name":"Well Street Dental Care","address":"Well Street 220","postcode":"","phone":"+44 20 8533 0626","nhs":false}},{"type":"Feature","geometry":{"type":"Point","coordinates":[-0.14218,51.54221]},"properties":{"name":"Ivy House Dental Practice","address":"Kentish Town Road 51","postcode":"NW1 8NX","phone":"+44 20 7284 1110","nhs":false}},{"type":"Feature","geometry":{"type":"Point","coordinates":[-0.04532,51.55409]},"properties":{"name":"Clapton Dental Surgery","address":"Chatsworth Road 83","postcode":"E5 0LH","phone":"+44 20 8986 5717","nhs":false}},{"type":"Feature","geometry":{"type":"Point","coordinates":[-0.0499,51.41487]},"properties":{"name":"Green Lane Dental Centre","address":"Green Lane 17","postcode":"SE20 7AJ","phone":"","nhs":false}},{"type":"Feature","geometry":{"type":"Point","coordinates":[-0.16976,51.4267]},"properties":{"name":"Broadway Dental Centre","address":"","postcode":"","phone":"+44 2086 729600","nhs":false}},{"type":"Feature","geometry":{"type":"Point","coordinates":[-0.02718,51.53417]},"properties":{"name":"Bow Dental Practice","address":"Roman Road 629-631","postcode":"E3 2RN","phone":"","nhs":false}},{"type":"Feature","geometry":{"type":"Point","coordinates":[-0.04365,51.66499]},"properties":{"name":"Lasalle Dental Practice","address":"Hertford Road","postcode":"EN3 5PT","phone":"","nhs":false}},{"type":"Feature","geometry":{"type":"Point","coordinates":[-0.02987,51.40539]},"properties":{"name":"The Village Dental Practice","address":"Village Way 26","postcode":"BR3 3NP","phone":"","nhs":false}},{"type":"Feature","geometry":{"type":"Point","coordinates":[-0.0148,51.51421]},"properties":{"name":"Chrisp Street Dental Centre","address":"Chrisp Street 89","postcode":"E14 6GG","phone":"","nhs":false}},{"type":"Feature","geometry":{"type":"Point","coordinates":[-0.04633,51.64556]},"properties":{"name":"Enfield Smiles","address":"","postcode":"EN3 4DZ","phone":"","nhs":false}},{"type":"Feature","geometry":{"type":"Point","coordinates":[-0.13056,51.54986]},"properties":{"name":"Brecknock Dental","address":"Brecknock Road 37","postcode":"N7 0BT","phone":"","nhs":false}},{"type":"Feature","geometry":{"type":"Point","coordinates":[-0.1654,51.49564]},"properties":{"name":"Zental Dental Knightsbridge","address":"Walton Street 15-17","postcode":"SW3 2HX","phone":"+44 20 3982 8602","nhs":false}},{"type":"Feature","geometry":{"type":"Point","coordinates":[0.02584,51.54405]},"properties":{"name":"Forest Dental Practice","address":"Upton Lane 76","postcode":"","phone":"","nhs":false}},{"type":"Feature","geometry":{"type":"Point","coordinates":[-0.14078,51.54896]},"properties":{"name":"KT Dental","address":"Kentish Town Road 230-234","postcode":"NW5 2AB","phone":"+44 20 8125 3230","nhs":false}},{"type":"Feature","geometry":{"type":"Point","coordinates":[-0.10657,51.44036]},"properties":{"name":"Oral Smile","address":"Norwood Road 172a","postcode":"","phone":"+44 20 8674 0570","nhs":false}},{"type":"Feature","geometry":{"type":"Point","coordinates":[-0.24404,51.37952]},"properties":{"name":"Love Teeth Kids","address":"Central Road 165","postcode":"KT4 8DS","phone":"","nhs":false}},{"type":"Feature","geometry":{"type":"Point","coordinates":[-0.24096,51.37806]},"properties":{"name":"Smile Dental Implants","address":"Central Road 80","postcode":"KT4 8ER","phone":"","nhs":false}},{"type":"Feature","geometry":{"type":"Point","coordinates":[-0.24172,51.3791]},"properties":{"name":"The Dentist","address":"","postcode":"","phone":"","nhs":false}},{"type":"Feature","geometry":{"type":"Point","coordinates":[-0.44344,51.64672]},"properties":{"name":"Croxley Dental Clinic","address":"Watford Road 138 & 144","postcode":"WD3 3BZ","phone":"","nhs":false}},{"type":"Feature","geometry":{"type":"Point","coordinates":[-0.24089,51.50746]},"properties":{"name":"Ghauri Dental Centre","address":"Wormholt Road 1-5","postcode":"","phone":"","nhs":false}},{"type":"Feature","geometry":{"type":"Point","coordinates":[-0.15479,51.54538]},"properties":{"name":"Albany Dental Centre","address":"Haverstock Hill 50","postcode":"NW3 2BH","phone":"","nhs":false}},{"type":"Feature","geometry":{"type":"Point","coordinates":[-0.23218,51.50646]},"properties":{"name":"Shepherds Bush Dental Care","address":"Uxbridge Road 316","postcode":"W12 7LJ","phone":"+44 20 8749 0171","nhs":false}},{"type":"Feature","geometry":{"type":"Point","coordinates":[0.21067,51.44533]},"properties":{"name":"West Hill Dental Centre","address":"","postcode":"","phone":"","nhs":false}},{"type":"Feature","geometry":{"type":"Point","coordinates":[0.21216,51.44364]},"properties":{"name":"Highfield Dental Centre","address":"","postcode":"DA1 2JS","phone":"","nhs":false}},{"type":"Feature","geometry":{"type":"Point","coordinates":[0.13165,51.45875]},"properties":{"name":"The Dental Practice Bexleyheath","address":"Crook Log 4","postcode":"","phone":"","nhs":false}},{"type":"Feature","geometry":{"type":"Point","coordinates":[-0.30742,51.40356]},"properties":{"name":"Bupa Dental Care","address":"","postcode":"KT1 2LY","phone":"","nhs":false}},{"type":"Feature","geometry":{"type":"Point","coordinates":[0.14614,51.45672]},"properties":{"name":"Zental Dental Bexleyheath","address":"Market Place 4-5","postcode":"DA6 7DU","phone":"+44 20 3982 8602","nhs":false}},{"type":"Feature","geometry":{"type":"Point","coordinates":[0.01457,51.41215]},"properties":{"name":"Premier Orthodontists","address":"","postcode":"","phone":"","nhs":false}},{"type":"Feature","geometry":{"type":"Point","coordinates":[-0.19466,51.69372]},"properties":{"name":"Selbourne Dental Care","address":"Baker Street 32","postcode":"EN6 2EB","phone":"","nhs":false}},{"type":"Feature","geometry":{"type":"Point","coordinates":[0.09828,51.45123]},"properties":{"name":"Dental Elegance","address":"Blackfen Road 178","postcode":"DA15 8PT","phone":"","nhs":false}},{"type":"Feature","geometry":{"type":"Point","coordinates":[0.10171,51.45006]},"properties":{"name":"Smile Sensations","address":"Days Lane 268-270","postcode":"DA15 8PG","phone":"","nhs":false}},{"type":"Feature","geometry":{"type":"Point","coordinates":[-0.42309,51.57339]},"properties":{"name":"just called Dental Surgery","address":"","postcode":"","phone":"+44 1895 672535","nhs":false}},{"type":"Feature","geometry":{"type":"Point","coordinates":[-0.42635,51.57566]},"properties":{"name":"J&R Dental","address":"","postcode":"","phone":"","nhs":false}},{"type":"Feature","geometry":{"type":"Point","coordinates":[-0.21947,51.46112]},"properties":{"name":"Century Dental Clinic","address":"Ravenna Road","postcode":"SW15 6AW","phone":"+44 20 8788 9999","nhs":false}},{"type":"Feature","geometry":{"type":"Point","coordinates":[0.04643,51.55048]},"properties":{"name":"Romford Road Dental Centre","address":"Romford Road 669","postcode":"","phone":"","nhs":false}},{"type":"Feature","geometry":{"type":"Point","coordinates":[-0.23907,51.44896]},"properties":{"name":"Maple Dental Centre","address":"","postcode":"","phone":"","nhs":false}},{"type":"Feature","geometry":{"type":"Point","coordinates":[-0.23854,51.44937]},"properties":{"name":"Roehampton Dental Care","address":"Roehampton Lane","postcode":"","phone":"","nhs":false}},{"type":"Feature","geometry":{"type":"Point","coordinates":[0.10233,51.43426]},"properties":{"name":"Birkbeck Dentistry","address":"Station Road 111","postcode":"DA15 7AJ","phone":"","nhs":false}},{"type":"Feature","geometry":{"type":"Point","coordinates":[0.12119,51.44796]},"properties":{"name":"Sky Dental Clinic","address":"Blendon Road 153","postcode":"DA5 1BT","phone":"","nhs":false}},{"type":"Feature","geometry":{"type":"Point","coordinates":[-0.21616,51.46042]},"properties":{"name":"Bupa Dental Care","address":"Upper Richmond Road 139","postcode":"SW15 2TX","phone":"","nhs":false}},{"type":"Feature","geometry":{"type":"Point","coordinates":[-0.21696,51.46021]},"properties":{"name":"Putney Hill Dental Practice","address":"Putney Hill 9","postcode":"SW15 6BA","phone":"","nhs":false}},{"type":"Feature","geometry":{"type":"Point","coordinates":[-0.21661,51.46247]},"properties":{"name":"The Dentist","address":"Putney High Street 130","postcode":"SW15 1RG","phone":"","nhs":false}},{"type":"Feature","geometry":{"type":"Point","coordinates":[-0.2164,51.46285]},"properties":{"name":"Perfect Smile","address":"Putney High Street 114","postcode":"SW15 1RG","phone":"","nhs":false}},{"type":"Feature","geometry":{"type":"Point","coordinates":[0.02839,51.53731]},"properties":{"name":"Plashet Road Dental Surgery","address":"Plashet Road 78","postcode":"","phone":"","nhs":false}},{"type":"Feature","geometry":{"type":"Point","coordinates":[-0.37543,51.43661]},"properties":{"name":"TW13 Dental","address":"Twickenham Road 160A","postcode":"TW13 6HD","phone":"","nhs":false}},{"type":"Feature","geometry":{"type":"Point","coordinates":[0.05202,51.53827]},"properties":{"name":"Burges Road Dental Practice","address":"Burges Road 2","postcode":"","phone":"","nhs":false}},{"type":"Feature","geometry":{"type":"Point","coordinates":[-0.1382,51.59883]},"properties":{"name":"Muswell Hill Smile","address":"Alexandra Park Road 115","postcode":"N10 2DP","phone":"","nhs":false}},{"type":"Feature","geometry":{"type":"Point","coordinates":[-0.16183,51.54628]},"properties":{"name":"Smile Solutions","address":"England's Lane 24","postcode":"NW3 4TG","phone":"+44 20 7449 1760","nhs":false}},{"type":"Feature","geometry":{"type":"Point","coordinates":[-0.35747,51.45317]},"properties":{"name":"Capital Dental","address":"Nelson Road 117","postcode":"TW2 7AZ","phone":"","nhs":false}},{"type":"Feature","geometry":{"type":"Point","coordinates":[-0.46848,51.51156]},"properties":{"name":"West Drayton & Yiewsley Dental","address":"","postcode":"","phone":"","nhs":false}},{"type":"Feature","geometry":{"type":"Point","coordinates":[0.10212,51.40423]},"properties":{"name":"St Pauls Cray Health Clinic","address":"","postcode":"","phone":"","nhs":false}},{"type":"Feature","geometry":{"type":"Point","coordinates":[0.02219,51.5326]},"properties":{"name":"TLC Dental","address":"Terrace Road 4","postcode":"","phone":"","nhs":false}},{"type":"Feature","geometry":{"type":"Point","coordinates":[-0.28386,51.6939]},"properties":{"name":"Gingerbread House Dental and Health Centre","address":"","postcode":"","phone":"","nhs":false}},{"type":"Feature","geometry":{"type":"Point","coordinates":[-0.1473,51.60004]},"properties":{"name":"Patrick McAnerney Dental Practice","address":"Colney Hatch Lane 166","postcode":"N10 1ET","phone":"+44 20 8883 8959","nhs":false}},{"type":"Feature","geometry":{"type":"Point","coordinates":[-0.14814,51.59112]},"properties":{"name":"The Smile Studios","address":"Fortis Green Road 200","postcode":"N10 3DU","phone":"+44 20 8444 3884","nhs":false}},{"type":"Feature","geometry":{"type":"Point","coordinates":[-0.29862,51.64362]},"properties":{"name":"Cornerhouse Dental Care","address":"","postcode":"WD6 3HJ","phone":"","nhs":false}},{"type":"Feature","geometry":{"type":"Point","coordinates":[0.17198,51.57858]},"properties":{"name":"Essex Family Dental","address":"Mawney Road 57","postcode":"","phone":"","nhs":false}},{"type":"Feature","geometry":{"type":"Point","coordinates":[-0.32166,51.45649]},"properties":{"name":"P. S. Panesar B.D.S Dental Surgery","address":"","postcode":"TW1 1RD","phone":"","nhs":false}},{"type":"Feature","geometry":{"type":"Point","coordinates":[-0.3216,51.45639]},"properties":{"name":"St. Margarets Dental","address":"","postcode":"TW1 1RD","phone":"","nhs":false}},{"type":"Feature","geometry":{"type":"Point","coordinates":[-0.28613,51.47791]},"properties":{"name":"Gardens Dental Centre","address":"Station Approach 7","postcode":"","phone":"+44 20 8940 5071","nhs":false}},{"type":"Feature","geometry":{"type":"Point","coordinates":[-0.2847,51.47648]},"properties":{"name":"Kew Dental Care","address":"North Road 105","postcode":"TW9 4HJ","phone":"+44 20 8878 7833","nhs":false}},{"type":"Feature","geometry":{"type":"Point","coordinates":[-0.13347,51.58672]},"properties":{"name":"Dental Clinic","address":"Park Road 300b","postcode":"N8 8LA","phone":"+442083403877","nhs":false}},{"type":"Feature","geometry":{"type":"Point","coordinates":[-0.36232,51.45977]},"properties":{"name":"The Ivory Clinic","address":"Whitton Road 114","postcode":"TW3 2EP","phone":"","nhs":false}},{"type":"Feature","geometry":{"type":"Point","coordinates":[-0.07762,51.45327]},"properties":{"name":"Dental Beauty","address":"Townley Road 1","postcode":"","phone":"","nhs":false}},{"type":"Feature","geometry":{"type":"Point","coordinates":[-0.39649,51.67807]},"properties":{"name":"The Dental Practice","address":"","postcode":"","phone":"","nhs":false}},{"type":"Feature","geometry":{"type":"Point","coordinates":[-0.14704,51.59267]},"properties":{"name":"Kings Avenue Dental Surgery","address":"Kings Avenue 41","postcode":"N10 1PA","phone":"+44 20 8883 5470","nhs":false}},{"type":"Feature","geometry":{"type":"Point","coordinates":[0.09909,51.37598]},"properties":{"name":"Tooth Club Orpington","address":"High Street 246","postcode":"BR6 0LZ","phone":"","nhs":false}},{"type":"Feature","geometry":{"type":"Point","coordinates":[-0.0134,51.48133]},"properties":{"name":"The Cosmic Dental Gallery","address":"Creek Road 260","postcode":"SE10 9SW","phone":"+44 20 3883 8180","nhs":false}},{"type":"Feature","geometry":{"type":"Point","coordinates":[-0.34313,51.47454]},"properties":{"name":"Oakleigh House Dental Practice","address":"London Road 567","postcode":"TW7 4EJ","phone":"+44 20 8560 4623;+44 20 8560 1759","nhs":false}},{"type":"Feature","geometry":{"type":"Point","coordinates":[-0.12291,51.57971]},"properties":{"name":"Weston Park Dental","address":"Weston Park 8","postcode":"N8 9TJ","phone":"","nhs":false}},{"type":"Feature","geometry":{"type":"Point","coordinates":[-0.22623,51.46828]},"properties":{"name":"The Dental Spa","address":"Lower Richmond Road 201","postcode":"","phone":"","nhs":false}},{"type":"Feature","geometry":{"type":"Point","coordinates":[-0.2197,51.46753]},"properties":{"name":"Dental Surgery","address":"Lower Richmond Road 50","postcode":"SW15 1JT","phone":"+44 20 8780 3433","nhs":false}},{"type":"Feature","geometry":{"type":"Point","coordinates":[-0.28569,51.50177]},"properties":{"name":"Da Vinci Clinic","address":"Gunnersbury Avenue 110","postcode":"W5 4HB","phone":"","nhs":false}},{"type":"Feature","geometry":{"type":"Point","coordinates":[-0.3304,51.44468]},"properties":{"name":"Damira","address":"","postcode":"","phone":"","nhs":false}},{"type":"Feature","geometry":{"type":"Point","coordinates":[0.02334,51.39716]},"properties":{"name":"Bromley Dental Practice","address":"Masons Hill 115","postcode":"BR2 9HT","phone":"","nhs":false}},{"type":"Feature","geometry":{"type":"Point","coordinates":[0.01583,51.40852]},"properties":{"name":"Dr K Brophy Dental Surgery","address":"Tweedy Road 63","postcode":"BR1 3NH","phone":"","nhs":false}},{"type":"Feature","geometry":{"type":"Point","coordinates":[0.02395,51.57994]},"properties":{"name":"Ace Dental","address":"High Street 11","postcode":"E11 2AA","phone":"","nhs":false}},{"type":"Feature","geometry":{"type":"Point","coordinates":[-0.26197,51.61723]},"properties":{"name":"Katz & Madhok","address":"","postcode":"","phone":"","nhs":false}},{"type":"Feature","geometry":{"type":"Point","coordinates":[-0.05864,51.56312]},"properties":{"name":"Ardent Smile","address":"Upper Clapton Road 77","postcode":"E5 9BU","phone":"","nhs":false}},{"type":"Feature","geometry":{"type":"Point","coordinates":[0.03086,51.43247]},"properties":{"name":"First Dental","address":"Marvels Lane 139","postcode":"SE12 9PP","phone":"+44 208 857 8892","nhs":false}},{"type":"Feature","geometry":{"type":"Point","coordinates":[-0.30398,51.44068]},"properties":{"name":"Tudor Lodge Dental Practice","address":"Petersham Road 239","postcode":"TW10 7DA","phone":"+44 20 8940 4747","nhs":false}},{"type":"Feature","geometry":{"type":"Point","coordinates":[0.09399,51.37226]},"properties":{"name":"The Lindens Dental Centre","address":"Station Road 29","postcode":"BR6 0RZ","phone":"","nhs":false}},{"type":"Feature","geometry":{"type":"Point","coordinates":[0.32903,51.48009]},"properties":{"name":"Toothshine Dental Clinic","address":"Orsett Road 126","postcode":"RM17 5ET","phone":"+44 1375 392303","nhs":false}},{"type":"Feature","geometry":{"type":"Point","coordinates":[0.32687,51.47976]},"properties":{"name":"Ice White","address":"Orsett Road 87","postcode":"RM17 5HH","phone":"+44 1375 372111","nhs":false}},{"type":"Feature","geometry":{"type":"Point","coordinates":[0.32365,51.4789]},"properties":{"name":"Essex Dental Laboratory","address":"Brooke Road 5","postcode":"RM17 5BU","phone":"+44 1375 390135","nhs":false}},{"type":"Feature","geometry":{"type":"Point","coordinates":[0.32136,51.47837]},"properties":{"name":"Patient First Dental Practise","address":"London Road 28","postcode":"RM17 5XY","phone":"+44 1375 395264;+44 1375 801284","nhs":false}},{"type":"Feature","geometry":{"type":"Point","coordinates":[0.32145,51.47838]},"properties":{"name":"DentoBeauty Clinic","address":"London Road 26","postcode":"RM17 5XY","phone":"+44 1375 887444","nhs":false}},{"type":"Feature","geometry":{"type":"Point","coordinates":[0.32837,51.47772]},"properties":{"name":"Medic-In","address":"Clarence Road 108","postcode":"RM17 6RA","phone":"+44 1375 408770","nhs":false}},{"type":"Feature","geometry":{"type":"Point","coordinates":[0.32637,51.4801]},"properties":{"name":"Grays Dental Care","address":"Milton Road 12","postcode":"RM17 5EZ","phone":"+44 1375 600397","nhs":false}},{"type":"Feature","geometry":{"type":"Point","coordinates":[0.08225,51.3726]},"properties":{"name":"Highfield Dental","address":"Crofton Road 81","postcode":"BR6 8HU","phone":"+44 1689 823786","nhs":false}},{"type":"Feature","geometry":{"type":"Point","coordinates":[0.08804,51.37254]},"properties":{"name":"Orchard Green Dental Practice","address":"Crofton Road 9","postcode":"BR6 8AE","phone":"","nhs":false}},{"type":"Feature","geometry":{"type":"Point","coordinates":[-0.27189,51.65921]},"properties":{"name":"Harley House Dental Surgery","address":"","postcode":"WD6 5BT","phone":"","nhs":false}},{"type":"Feature","geometry":{"type":"Point","coordinates":[0.21696,51.5738]},"properties":{"name":"Bupa Dental Care","address":"","postcode":"RM11 2BS","phone":"","nhs":false}},{"type":"Feature","geometry":{"type":"Point","coordinates":[0.22002,51.56844]},"properties":{"name":"Goossens & Odendaal","address":"","postcode":"","phone":"","nhs":false}},{"type":"Feature","geometry":{"type":"Point","coordinates":[0.22047,51.56699]},"properties":{"name":"Hornchurch Dental Care","address":"","postcode":"","phone":"","nhs":false}},{"type":"Feature","geometry":{"type":"Point","coordinates":[-0.15873,51.54672]},"properties":{"name":"The London Centre for Cosmetic Dentistry","address":"Haverstock Hill 93","postcode":"NW3 4RL","phone":"+44 20 7722 1235","nhs":false}},{"type":"Feature","geometry":{"type":"Point","coordinates":[0.22092,51.58352]},"properties":{"name":"Ardleigh Green Dental & Implant Clinic","address":"Ardleigh Green Road","postcode":"RM11 2LG","phone":"","nhs":false}},{"type":"Feature","geometry":{"type":"Point","coordinates":[-0.49241,51.30062]},"properties":{"name":"Ripley Dental","address":"High Street","postcode":"GU23 6AQ","phone":"+44 1483 223429","nhs":false}},{"type":"Feature","geometry":{"type":"Point","coordinates":[0.18797,51.57721]},"properties":{"name":"Smile","address":"","postcode":"RM1 3PB","phone":"","nhs":false}},{"type":"Feature","geometry":{"type":"Point","coordinates":[0.18445,51.57292]},"properties":{"name":"mydentist","address":"","postcode":"RM1 1QA","phone":"","nhs":false}},{"type":"Feature","geometry":{"type":"Point","coordinates":[-0.30298,51.51682]},"properties":{"name":"Bupa Dental Care","address":"Mount Park Road 1A","postcode":"W5 2RP","phone":"+44 20 8998 1712","nhs":false}},{"type":"Feature","geometry":{"type":"Point","coordinates":[-0.46131,51.43286]},"properties":{"name":"The Wardle Dental Clinic","address":"Church Road 68","postcode":"TW15 2TW","phone":"+44 1784 252428","nhs":false}},{"type":"Feature","geometry":{"type":"Point","coordinates":[0.0268,51.43952]},"properties":{"name":"Jevington Dental Practice","address":"Jevington Way 71","postcode":"SE12 9NG","phone":"+44 20 8851 4949","nhs":true}},{"type":"Feature","geometry":{"type":"Point","coordinates":[-0.23013,51.36944]},"properties":{"name":"Surrey Dental Spa","address":"London Rd 421","postcode":"SM3 8JN","phone":"+44 20 8404 8080","nhs":false}},{"type":"Feature","geometry":{"type":"Point","coordinates":[-0.01715,51.61666]},"properties":{"name":"Chingford Smile Club","address":"Chingford Mount Road 260-262","postcode":"E4 8JL","phone":"","nhs":false}},{"type":"Feature","geometry":{"type":"Point","coordinates":[-0.13916,51.55617]},"properties":{"name":"Aspire Dental Clinic","address":"Fortess Road 139","postcode":"NW5 2HR","phone":"+44 20 7485 3833","nhs":false}},{"type":"Feature","geometry":{"type":"Point","coordinates":[0.11336,51.38645]},"properties":{"name":"Cray Dental","address":"","postcode":"","phone":"","nhs":false}},{"type":"Feature","geometry":{"type":"Point","coordinates":[-0.00969,51.57365]},"properties":{"name":"Cedars Dental Practice","address":"High Road Leyton 775","postcode":"E10 5AB","phone":"","nhs":false}},{"type":"Feature","geometry":{"type":"Point","coordinates":[0.03327,51.57708]},"properties":{"name":"Wanstead Dental Practice","address":"Nutter Lane 1","postcode":"","phone":"","nhs":false}},{"type":"Feature","geometry":{"type":"Point","coordinates":[-0.41929,51.38639]},"properties":{"name":"Egodent","address":"Church Street 6","postcode":"KT12 2QX","phone":"+44 1932 988460","nhs":false}},{"type":"Feature","geometry":{"type":"Point","coordinates":[0.03842,51.53688]},"properties":{"name":"Mudhar Dental Surgery","address":"Plashet Grove 76","postcode":"","phone":"","nhs":false}},{"type":"Feature","geometry":{"type":"Point","coordinates":[-0.29742,51.51396]},"properties":{"name":"Ladwa Dental Practice","address":"Hamilton Road","postcode":"W5 2EQ","phone":"","nhs":false}},{"type":"Feature","geometry":{"type":"Point","coordinates":[0.30456,51.62218]},"properties":{"name":"Ongar Road Dental Surgery","address":"Ongar Road 16","postcode":"CM15 9AX","phone":"+44 1277 848 777","nhs":false}},{"type":"Feature","geometry":{"type":"Point","coordinates":[0.19138,51.53237]},"properties":{"name":"Paediatric & Special Care Community Dental Service","address":"South End Road 106","postcode":"RM13 7XJ","phone":"","nhs":false}},{"type":"Feature","geometry":{"type":"Point","coordinates":[-0.09357,51.51346]},"properties":{"name":"Bow Lane Dental Group","address":"Bow Lane 2a","postcode":"EC4M 9EE","phone":"","nhs":false}},{"type":"Feature","geometry":{"type":"Point","coordinates":[-0.36034,51.5856]},"properties":{"name":"Harrow Dental Centre","address":"Pinner Road 334","postcode":"HA1 4LB","phone":"","nhs":false}},{"type":"Feature","geometry":{"type":"Point","coordinates":[-0.3622,51.58751]},"properties":{"name":"Pinner Road Dental","address":"Pinner Road 394","postcode":"HA2 6EF","phone":"+44 20 8427 3111","nhs":false}},{"type":"Feature","geometry":{"type":"Point","coordinates":[-0.35889,51.44745]},"properties":{"name":"Dhiman Dental","address":"Percy Road 169","postcode":"TW2 6JS","phone":"+44 20 8894 3141","nhs":false}},{"type":"Feature","geometry":{"type":"Point","coordinates":[-0.35402,51.58319]},"properties":{"name":"Smile Clinic","address":"Pinner Road 218","postcode":"HA1 4JU","phone":"+44 20 8427 9585","nhs":false}},{"type":"Feature","geometry":{"type":"Point","coordinates":[-0.2048,51.57653]},"properties":{"name":"Golders Green Dental Care","address":"Golders Green Road 192","postcode":"","phone":"","nhs":false}}]}