{"type":"FeatureCollection","meta":{"id":"gp-surgeries","generated":"2026-04-06","count":505,"source":"OpenStreetMap via Overpass API","vintage":"OSM snapshot at generation date"},"features":[{"type":"Feature","geometry":{"type":"Point","coordinates":[-0.34558,51.53768]},"properties":{"name":"Greenford Road Medical Centre","address":"","postcode":"","phone":"+44 20 8575 8347","operator":""}},{"type":"Feature","geometry":{"type":"Point","coordinates":[-0.37264,51.56171]},"properties":{"name":"Simpson House Medical Centre","address":"","postcode":"","phone":"","operator":""}},{"type":"Feature","geometry":{"type":"Point","coordinates":[-0.31663,51.53999]},"properties":{"name":"Hillview Surgery","address":"","postcode":"","phone":"","operator":""}},{"type":"Feature","geometry":{"type":"Point","coordinates":[-0.30286,51.5293]},"properties":{"name":"St Mark's Medical Centre","address":"","postcode":"","phone":"+44 20 8810 5545","operator":""}},{"type":"Feature","geometry":{"type":"Point","coordinates":[-0.15133,51.4316]},"properties":{"name":"Macmillan Way Medical Centre","address":"Macmillan Way 103","postcode":"SW17 6AT","phone":"","operator":""}},{"type":"Feature","geometry":{"type":"Point","coordinates":[-0.06425,51.52696]},"properties":{"name":"Bethnal Green Health Centre","address":"","postcode":"","phone":"","operator":""}},{"type":"Feature","geometry":{"type":"Point","coordinates":[-0.05721,51.51995]},"properties":{"name":"Albion Health Centre","address":"","postcode":"","phone":"","operator":""}},{"type":"Feature","geometry":{"type":"Point","coordinates":[-0.12876,51.35699]},"properties":{"name":"Wallington Medical Centre","address":"","postcode":"","phone":"","operator":""}},{"type":"Feature","geometry":{"type":"Point","coordinates":[-0.13367,51.35337]},"properties":{"name":"Manor Practice","address":"Mollison Square 6","postcode":"SM6 9DW","phone":"+44 20 8647 1818","operator":""}},{"type":"Feature","geometry":{"type":"Point","coordinates":[-0.13609,51.46543]},"properties":{"name":"Manor Health Centre","address":"Clapham Manor Street 86","postcode":"","phone":"","operator":""}},{"type":"Feature","geometry":{"type":"Point","coordinates":[-0.01098,51.6354]},"properties":{"name":"Kingshead Medical Practice","address":"Kings Head Hill 178","postcode":"E4 7NX","phone":"","operator":""}},{"type":"Feature","geometry":{"type":"Point","coordinates":[-0.15081,51.35724]},"properties":{"name":"Jubilee Health Centre","address":"Shotfield","postcode":"SM6 0HY","phone":"","operator":""}},{"type":"Feature","geometry":{"type":"Point","coordinates":[-0.17214,51.49866]},"properties":{"name":"Imperial College Health Centre","address":"","postcode":"","phone":"","operator":""}},{"type":"Feature","geometry":{"type":"Point","coordinates":[-0.35595,51.56521]},"properties":{"name":"GP Direct","address":"Eastcote Lane 32A","postcode":"","phone":"","operator":"GP Direct"}},{"type":"Feature","geometry":{"type":"Point","coordinates":[0.03735,51.56113]},"properties":{"name":"Aldersbrook Medical Centre","address":"Aldersbrook Road 65","postcode":"E12 5DL","phone":"","operator":""}},{"type":"Feature","geometry":{"type":"Point","coordinates":[0.00211,51.55544]},"properties":{"name":"Langthorne Health Centre","address":"Langthorne Road 13","postcode":"E11 4HX","phone":"","operator":"Dr Tahir Kiyani"}},{"type":"Feature","geometry":{"type":"Point","coordinates":[-0.12103,51.44398]},"properties":{"name":"Palace Road Surgery","address":"","postcode":"","phone":"+44 20 8674 2083","operator":""}},{"type":"Feature","geometry":{"type":"Point","coordinates":[0.04221,51.42773]},"properties":{"name":"Doctor's Surgery","address":"","postcode":"","phone":"","operator":""}},{"type":"Feature","geometry":{"type":"Point","coordinates":[0.14729,51.45472]},"properties":{"name":"The Albion Surgery","address":"","postcode":"","phone":"","operator":""}},{"type":"Feature","geometry":{"type":"Point","coordinates":[-0.30454,51.55037]},"properties":{"name":"Wembley G.P Surgery","address":"","postcode":"","phone":"","operator":""}},{"type":"Feature","geometry":{"type":"Point","coordinates":[-0.09648,51.53662]},"properties":{"name":"Prebend Street Surgery","address":"","postcode":"","phone":"+44 20 7226 9090","operator":""}},{"type":"Feature","geometry":{"type":"Point","coordinates":[0.00515,51.55497]},"properties":{"name":"Lime Tree Surgery","address":"","postcode":"","phone":"+44 20 8519 9914","operator":""}},{"type":"Feature","geometry":{"type":"Point","coordinates":[-0.02958,51.54527]},"properties":{"name":"Trowbridge Surgery","address":"Merriam Avenue 18","postcode":"E9 5NE","phone":"","operator":""}},{"type":"Feature","geometry":{"type":"Point","coordinates":[-0.09325,51.47424]},"properties":{"name":"Camberwell Green Surgery","address":"","postcode":"","phone":"","operator":""}},{"type":"Feature","geometry":{"type":"Point","coordinates":[0.01971,51.53199]},"properties":{"name":"The Project Surgery","address":"Lettsom Walk 10","postcode":"","phone":"","operator":""}},{"type":"Feature","geometry":{"type":"Point","coordinates":[-0.10562,51.5445]},"properties":{"name":"Islington Central Medical Centre","address":"","postcode":"","phone":"","operator":""}},{"type":"Feature","geometry":{"type":"Point","coordinates":[-0.03877,51.52992]},"properties":{"name":"Grove Road Surgery","address":"","postcode":"","phone":"","operator":""}},{"type":"Feature","geometry":{"type":"Point","coordinates":[-0.03109,51.53221]},"properties":{"name":"St. Stephen's Health Centre","address":"William Place 12","postcode":"E3 5ED","phone":"","operator":""}},{"type":"Feature","geometry":{"type":"Point","coordinates":[-0.10783,51.53472]},"properties":{"name":"Ritchie Street Group Practice","address":"Ritchie Street","postcode":"N1 0DG","phone":"","operator":""}},{"type":"Feature","geometry":{"type":"Point","coordinates":[-0.10828,51.54982]},"properties":{"name":"The Holloway Medical Clinic","address":"","postcode":"","phone":"+44 20 7607 2323","operator":""}},{"type":"Feature","geometry":{"type":"Point","coordinates":[-0.33765,51.58735]},"properties":{"name":"Civic Medical Centre","address":"","postcode":"","phone":"","operator":""}},{"type":"Feature","geometry":{"type":"Point","coordinates":[-0.11747,51.54218]},"properties":{"name":"Caledonian Road Medical Practic","address":"","postcode":"","phone":"","operator":""}},{"type":"Feature","geometry":{"type":"Point","coordinates":[-0.33918,51.4444]},"properties":{"name":"The Green Surgery","address":"The Green 1B","postcode":"TW2 5TU","phone":"","operator":""}},{"type":"Feature","geometry":{"type":"Point","coordinates":[-0.13206,51.51467]},"properties":{"name":"Great Chapel Street Medical Centre","address":"Frith Street 1","postcode":"W1D 3HZ","phone":"+44 20 7437 9360","operator":"Central London Clinical Commissioning Group (NHS)"}},{"type":"Feature","geometry":{"type":"Point","coordinates":[-0.11357,51.55401]},"properties":{"name":"Sobell Medical Centre","address":"Holloway Road 272","postcode":"","phone":"+44 20 7609 3050","operator":""}},{"type":"Feature","geometry":{"type":"Point","coordinates":[-0.35406,51.5718]},"properties":{"name":"Shaftesbury Medical Centre","address":"","postcode":"","phone":"","operator":""}},{"type":"Feature","geometry":{"type":"Point","coordinates":[-0.08619,51.38056]},"properties":{"name":"Dr Shah and Partners","address":"","postcode":"","phone":"","operator":""}},{"type":"Feature","geometry":{"type":"Point","coordinates":[-0.06578,51.4741]},"properties":{"name":"Acorn & Gaumont House Surgery","address":"Peckham High Street 153","postcode":"SE15 5SL","phone":"","operator":""}},{"type":"Feature","geometry":{"type":"Point","coordinates":[-0.04132,51.39929]},"properties":{"name":"Eden Park Surgery","address":"Croydon Road 194","postcode":"BR3 4DQ","phone":"","operator":""}},{"type":"Feature","geometry":{"type":"Point","coordinates":[0.01071,51.51982]},"properties":{"name":"Star Lane Medical Centre","address":"Star Lane 121","postcode":"E16 4QH","phone":"+44 20 7476 4862","operator":""}},{"type":"Feature","geometry":{"type":"Point","coordinates":[-0.08929,51.55715]},"properties":{"name":"Statham Grove Surgery","address":"Statham Grove","postcode":"N16 9DP","phone":"","operator":""}},{"type":"Feature","geometry":{"type":"Point","coordinates":[-0.13652,51.41738]},"properties":{"name":"The Vale Surgery","address":"","postcode":"","phone":"+44 2086 797536","operator":""}},{"type":"Feature","geometry":{"type":"Point","coordinates":[-0.08677,51.53349]},"properties":{"name":"The Hoxton Surgery","address":"Rushton Street 12","postcode":"N1 5DR","phone":"+44 20 3487 0200","operator":""}},{"type":"Feature","geometry":{"type":"Point","coordinates":[0.12368,51.54587]},"properties":{"name":"Porters Avenue Health Centre","address":"Porters Avenue 234","postcode":"","phone":"","operator":""}},{"type":"Feature","geometry":{"type":"Point","coordinates":[-0.10094,51.5357]},"properties":{"name":"St Peters Street Medical Practice","address":"St Peter's Street 16","postcode":"N1 8JG","phone":"+44 844 477 8717","operator":""}},{"type":"Feature","geometry":{"type":"Point","coordinates":[-0.09671,51.4892]},"properties":{"name":"Manor Place Surgery","address":"Manor Place 1","postcode":"SE17 3BD","phone":"","operator":""}},{"type":"Feature","geometry":{"type":"Point","coordinates":[-0.06834,51.60458]},"properties":{"name":"Tottenham Health Centre","address":"","postcode":"","phone":"","operator":""}},{"type":"Feature","geometry":{"type":"Point","coordinates":[-0.06904,51.59619]},"properties":{"name":"Charlton House Medical Centre","address":"High Road 581","postcode":"N17 6SB","phone":"","operator":""}},{"type":"Feature","geometry":{"type":"Point","coordinates":[-0.3589,51.57529]},"properties":{"name":"GP Direct","address":"Welbeck Road 5","postcode":"","phone":"","operator":""}},{"type":"Feature","geometry":{"type":"Point","coordinates":[0.01255,51.42592]},"properties":{"name":"Ashdown Medical Group","address":"","postcode":"","phone":"","operator":""}},{"type":"Feature","geometry":{"type":"Point","coordinates":[-0.01165,51.45795]},"properties":{"name":"Triangle Group Practice","address":"Morley Road 2","postcode":"SE13 6DQ","phone":"","operator":""}},{"type":"Feature","geometry":{"type":"Point","coordinates":[-0.27164,51.49083]},"properties":{"name":"Chiswick Medical Practice (Wellesley Road Site)","address":"","postcode":"","phone":"+44 20 8747 1549","operator":""}},{"type":"Feature","geometry":{"type":"Point","coordinates":[-0.078,51.4891]},"properties":{"name":"The Dun Cow Surgery","address":"Old Kent Road 279","postcode":"SE1 5LU","phone":"","operator":""}},{"type":"Feature","geometry":{"type":"Point","coordinates":[-0.07598,51.51169]},"properties":{"name":"City Of London Medical Centre","address":"","postcode":"","phone":"","operator":""}},{"type":"Feature","geometry":{"type":"Point","coordinates":[-0.07398,51.51335]},"properties":{"name":"Portsoken Health Centre","address":"Little Somerset Street 14","postcode":"","phone":"","operator":"Tower Hamlets NHS"}},{"type":"Feature","geometry":{"type":"Point","coordinates":[0.17378,51.39593]},"properties":{"name":"The Cedars Surgery","address":"London Road","postcode":"BR8 7AH","phone":"","operator":""}},{"type":"Feature","geometry":{"type":"Point","coordinates":[0.18288,51.40907]},"properties":{"name":"Hextable Surgery","address":"Main Road 31A","postcode":"BR8 7RB","phone":"","operator":"Branch of Cedars Surgery, Swanley"}},{"type":"Feature","geometry":{"type":"Point","coordinates":[-0.20098,51.51407]},"properties":{"name":"Westbourne Grove Medical Centre","address":"Westbourne Grove 241","postcode":"","phone":"+44 20 7229 5800","operator":""}},{"type":"Feature","geometry":{"type":"Point","coordinates":[-0.07486,51.49402]},"properties":{"name":"Artesian Health Centre","address":"","postcode":"","phone":"","operator":""}},{"type":"Feature","geometry":{"type":"Point","coordinates":[-0.16215,51.58817]},"properties":{"name":"East Finchley Medical Practice","address":"","postcode":"","phone":"","operator":""}},{"type":"Feature","geometry":{"type":"Point","coordinates":[-0.19304,51.4806]},"properties":{"name":"The Fulham Medical Centre","address":"","postcode":"","phone":"","operator":""}},{"type":"Feature","geometry":{"type":"Point","coordinates":[-0.10232,51.49567]},"properties":{"name":"Princess Street Group Practice","address":"","postcode":"","phone":"","operator":""}},{"type":"Feature","geometry":{"type":"Point","coordinates":[-0.20013,51.48263]},"properties":{"name":"Dr China","address":"North End Road 415","postcode":"","phone":"","operator":""}},{"type":"Feature","geometry":{"type":"Point","coordinates":[-0.08238,51.49039]},"properties":{"name":"East Street Surgery","address":"","postcode":"","phone":"","operator":""}},{"type":"Feature","geometry":{"type":"Point","coordinates":[-0.12293,51.52563]},"properties":{"name":"Bloomsbury Surgery","address":"Handel Street 1","postcode":"WC1N 1PD","phone":"+44 20 7837 8559","operator":"Camden Primary Care Trust"}},{"type":"Feature","geometry":{"type":"Point","coordinates":[-0.2048,51.57635]},"properties":{"name":"The Practice @ 188","address":"","postcode":"","phone":"","operator":""}},{"type":"Feature","geometry":{"type":"Point","coordinates":[-0.08315,51.4974]},"properties":{"name":"Bermondsey & Landowne Medical Mission","address":"","postcode":"","phone":"","operator":""}},{"type":"Feature","geometry":{"type":"Point","coordinates":[-0.19536,51.55216]},"properties":{"name":"Chomley Gardens Surgery","address":"","postcode":"","phone":"","operator":"Dr E Ansell"}},{"type":"Feature","geometry":{"type":"Point","coordinates":[-0.098,51.3507]},"properties":{"name":"Parkside Group Practice","address":"Wyche Grove 27","postcode":"CR2 6EX","phone":"","operator":""}},{"type":"Feature","geometry":{"type":"Point","coordinates":[-0.1742,51.46602]},"properties":{"name":"Clapham Junction Medical Practice","address":"","postcode":"","phone":"","operator":""}},{"type":"Feature","geometry":{"type":"Point","coordinates":[-0.15586,51.37811]},"properties":{"name":"Hackbridge Medical Centre","address":"Spinning Wheel Way","postcode":"","phone":"","operator":""}},{"type":"Feature","geometry":{"type":"Point","coordinates":[-0.16211,51.41023]},"properties":{"name":"Figges Marsh Surgery","address":"London Road 182","postcode":"CR4 3LD","phone":"+44 20 8640 4445","operator":""}},{"type":"Feature","geometry":{"type":"Point","coordinates":[0.02478,51.57843]},"properties":{"name":"Wanstead Place","address":"Wanstead Place 45","postcode":"E11 2SW","phone":"","operator":""}},{"type":"Feature","geometry":{"type":"Point","coordinates":[-0.15093,51.36345]},"properties":{"name":"Park Road Medical Centre","address":"Park Road 1a","postcode":"SM6 8AW","phone":"","operator":""}},{"type":"Feature","geometry":{"type":"Point","coordinates":[-0.1713,51.37197]},"properties":{"name":"The Wrythe Green Surgery","address":"Wrythe Lane","postcode":"SM5 2RE","phone":"","operator":""}},{"type":"Feature","geometry":{"type":"Point","coordinates":[-0.17246,51.54277]},"properties":{"name":"Swiss Cottage Surgery","address":"Winchester Mews 2","postcode":"NW3 3NP","phone":"+44 20 7722 2772","operator":""}},{"type":"Feature","geometry":{"type":"Point","coordinates":[-0.2688,51.51462]},"properties":{"name":"Horn Lane Surgery","address":"","postcode":"","phone":"","operator":""}},{"type":"Feature","geometry":{"type":"Point","coordinates":[-0.17453,51.53286]},"properties":{"name":"St John's Wood Medical Practice","address":"Grove End Road 60","postcode":"NW8 9NH","phone":"","operator":""}},{"type":"Feature","geometry":{"type":"Point","coordinates":[-0.1718,51.48677]},"properties":{"name":"Chelsea Outpatient Centre","address":"King's Road 280","postcode":"","phone":"+44 20 7881 4114","operator":""}},{"type":"Feature","geometry":{"type":"Point","coordinates":[-0.19713,51.49629]},"properties":{"name":"The Abingdon Medical Practice","address":"Earl's Court Road 88-92","postcode":"W8 6EG","phone":"","operator":""}},{"type":"Feature","geometry":{"type":"Point","coordinates":[-0.21532,51.55763]},"properties":{"name":"Cricklewood Health Centre","address":"Cricklewood Lane 2","postcode":"NW2 1DZ","phone":"","operator":""}},{"type":"Feature","geometry":{"type":"Point","coordinates":[0.15867,51.46118]},"properties":{"name":"Lyndhurst Medical Centre","address":"","postcode":"","phone":"","operator":""}},{"type":"Feature","geometry":{"type":"Point","coordinates":[-0.21689,51.55373]},"properties":{"name":"Willesden Green Surgery","address":"","postcode":"","phone":"","operator":""}},{"type":"Feature","geometry":{"type":"Point","coordinates":[-0.21304,51.4816]},"properties":{"name":"Dr Jefferies & Partners","address":"Munster Road 292","postcode":"SW6 6BQ","phone":"+44 20 7385 5728","operator":"NHS"}},{"type":"Feature","geometry":{"type":"Point","coordinates":[-0.39438,51.47663]},"properties":{"name":"Dr TURNER & partner","address":"","postcode":"","phone":"","operator":""}},{"type":"Feature","geometry":{"type":"Point","coordinates":[-0.13076,51.53006]},"properties":{"name":"Sommers Town Medical Centre","address":"Chalton Street 77-83","postcode":"","phone":"","operator":""}},{"type":"Feature","geometry":{"type":"Point","coordinates":[-0.11181,51.61853]},"properties":{"name":"North London Health Centre","address":"Broomfield Avenue","postcode":"N13 4JJ","phone":"","operator":""}},{"type":"Feature","geometry":{"type":"Point","coordinates":[-0.02499,51.45707]},"properties":{"name":"Hilly Fields Group Practice","address":"","postcode":"","phone":"","operator":""}},{"type":"Feature","geometry":{"type":"Point","coordinates":[-0.20381,51.48755]},"properties":{"name":"North End Medical Centre","address":"","postcode":"","phone":"","operator":""}},{"type":"Feature","geometry":{"type":"Point","coordinates":[-0.11987,51.51721]},"properties":{"name":"Weight Medics","address":"Kingsway 88","postcode":"WC2B 6AA","phone":"","operator":"Advanced Weight Solutions Ltd"}},{"type":"Feature","geometry":{"type":"Point","coordinates":[-0.2077,51.49669]},"properties":{"name":"Kensington Park Medical Centre","address":"Russell Road 75","postcode":"","phone":"","operator":"Kensington and Chelsea Primary Care Trust"}},{"type":"Feature","geometry":{"type":"Point","coordinates":[-0.0991,51.57735]},"properties":{"name":"Bridge House Medical Practice","address":"Umfreville Road 96","postcode":"N4 1TL","phone":"+44 20 8482 9697","operator":""}},{"type":"Feature","geometry":{"type":"Point","coordinates":[-0.17591,51.36331]},"properties":{"name":"Sutton Medical Centre","address":"Carshalton Road 181","postcode":"SM1 4NG","phone":"","operator":""}},{"type":"Feature","geometry":{"type":"Point","coordinates":[0.05088,51.44935]},"properties":{"name":"Court Yard Surgery","address":"","postcode":"","phone":"","operator":""}},{"type":"Feature","geometry":{"type":"Point","coordinates":[0.12257,51.49658]},"properties":{"name":"Lakeside Medical Practice","address":"","postcode":"","phone":"","operator":""}},{"type":"Feature","geometry":{"type":"Point","coordinates":[0.02537,51.59332]},"properties":{"name":"ESS Clinic","address":"George Lane 142","postcode":"","phone":"+44 20 8989 2004","operator":""}},{"type":"Feature","geometry":{"type":"Point","coordinates":[-0.08788,51.52923]},"properties":{"name":"Regency Clinic","address":"Nile Street 72","postcode":"","phone":"","operator":""}},{"type":"Feature","geometry":{"type":"Point","coordinates":[0.02571,51.59373]},"properties":{"name":"Southdene Surgery","address":"The Shrubberies","postcode":"","phone":"+44 20 8530 3731","operator":""}},{"type":"Feature","geometry":{"type":"Point","coordinates":[0.02435,51.59476]},"properties":{"name":"The Shrubberies Medical Centre","address":"The Shrubberies 12","postcode":"E18 1BD","phone":"+44 20 8530 4108","operator":""}},{"type":"Feature","geometry":{"type":"Point","coordinates":[0.02445,51.59467]},"properties":{"name":"Lily House Consulting Rooms","address":"The Shrubberies 11","postcode":"E18 1BD","phone":"+44 20 8530 8888","operator":""}},{"type":"Feature","geometry":{"type":"Point","coordinates":[-0.19855,51.5248]},"properties":{"name":"The Elgin Clinic","address":"Elgin Avenue 40","postcode":"W9 3QT","phone":"","operator":""}},{"type":"Feature","geometry":{"type":"Point","coordinates":[-0.0047,51.51238]},"properties":{"name":"The Aberfeldy Practice","address":"Aberfeldy Square 19","postcode":"E14 0XA","phone":"","operator":""}},{"type":"Feature","geometry":{"type":"Point","coordinates":[-0.04894,51.5114]},"properties":{"name":"Cable Street Surgery","address":"Cable Street 445","postcode":"E1W 3DE","phone":"+44 20 7423 9022","operator":""}},{"type":"Feature","geometry":{"type":"Point","coordinates":[-0.17489,51.61706]},"properties":{"name":"The Torrington Park Group Practice","address":"","postcode":"","phone":"","operator":""}},{"type":"Feature","geometry":{"type":"Point","coordinates":[-0.1751,51.61708]},"properties":{"name":"The Torrington Speedwell Practice","address":"","postcode":"","phone":"","operator":""}},{"type":"Feature","geometry":{"type":"Point","coordinates":[-0.09873,51.37058]},"properties":{"name":"Edridge Road Community Health Centre","address":"","postcode":"","phone":"","operator":""}},{"type":"Feature","geometry":{"type":"Point","coordinates":[-0.13989,51.46473]},"properties":{"name":"Grafton Square Surgery","address":"Grafton Square 8B","postcode":"","phone":"+44 20 7622 5642","operator":""}},{"type":"Feature","geometry":{"type":"Point","coordinates":[-0.00728,51.58384]},"properties":{"name":"The Bailey Practice","address":"Shernhall Street 107","postcode":"","phone":"","operator":""}},{"type":"Feature","geometry":{"type":"Point","coordinates":[-0.35047,51.57688]},"properties":{"name":"Saint Peter's Medical Centre","address":"","postcode":"","phone":"","operator":""}},{"type":"Feature","geometry":{"type":"Point","coordinates":[-0.01335,51.55977]},"properties":{"name":"Leyton Healthcare","address":"Oliver Road 75","postcode":"E10 5LG","phone":"+4420 8430 8282","operator":""}},{"type":"Feature","geometry":{"type":"Point","coordinates":[-0.33194,51.55356]},"properties":{"name":"Poland Medical","address":"Whitton Avenue East 364A","postcode":"UB6 0JP","phone":"","operator":""}},{"type":"Feature","geometry":{"type":"Point","coordinates":[-0.35891,51.52569]},"properties":{"name":"Mansell Road Practice","address":"","postcode":"","phone":"","operator":""}},{"type":"Feature","geometry":{"type":"Point","coordinates":[-0.09966,51.58328]},"properties":{"name":"The Old Surgery","address":"Green Lanes 572","postcode":"N8 0RP","phone":"+44 330 053 9499","operator":""}},{"type":"Feature","geometry":{"type":"Point","coordinates":[-0.33274,51.56146]},"properties":{"name":"Lanfranc Medical Centre","address":"","postcode":"","phone":"","operator":""}},{"type":"Feature","geometry":{"type":"Point","coordinates":[-0.0032,51.53732]},"properties":{"name":"Carpenters Practice","address":"High Street 236-252","postcode":"E15 2JA","phone":"+44 20 8534 8057","operator":"Lantern Health"}},{"type":"Feature","geometry":{"type":"Point","coordinates":[-0.11204,51.59899]},"properties":{"name":"Staunton Group Practice","address":"","postcode":"","phone":"","operator":""}},{"type":"Feature","geometry":{"type":"Point","coordinates":[0.05054,51.45736]},"properties":{"name":"Eltham Medical Centre","address":"","postcode":"","phone":"","operator":""}},{"type":"Feature","geometry":{"type":"Point","coordinates":[-0.11406,51.57001]},"properties":{"name":"The 157 Medical Practice","address":"Stroud Green Road 157","postcode":"N4 3PZ","phone":"+44 20 7272 8823","operator":""}},{"type":"Feature","geometry":{"type":"Point","coordinates":[0.1906,51.55288]},"properties":{"name":"Maylands Healthcare","address":"Upper Rainham Road 300","postcode":"RM12 4EQ","phone":"","operator":""}},{"type":"Feature","geometry":{"type":"Point","coordinates":[-0.12523,51.51844]},"properties":{"name":"The Museum Practice","address":"Great Russell Street 58","postcode":"","phone":"","operator":""}},{"type":"Feature","geometry":{"type":"Point","coordinates":[0.0253,51.59254]},"properties":{"name":"Glebelands Practice","address":"Glebelands Avenue 2","postcode":"E18 2AB","phone":"","operator":""}},{"type":"Feature","geometry":{"type":"Point","coordinates":[-0.14346,51.52812]},"properties":{"name":"Hoil Dental","address":"43","postcode":"","phone":"","operator":""}},{"type":"Feature","geometry":{"type":"Point","coordinates":[-0.07873,51.53842]},"properties":{"name":"De Beauvoir Surgery","address":"Hertford Road 22","postcode":"","phone":"","operator":""}},{"type":"Feature","geometry":{"type":"Point","coordinates":[-0.06485,51.52377]},"properties":{"name":"The Blithehale Health Centre","address":"","postcode":"","phone":"","operator":""}},{"type":"Feature","geometry":{"type":"Point","coordinates":[-0.28825,51.41343]},"properties":{"name":"Churchill Medical Centre","address":"","postcode":"","phone":"","operator":""}},{"type":"Feature","geometry":{"type":"Point","coordinates":[-0.31231,51.45533]},"properties":{"name":"Twickenham Park Surgery","address":"Rosslyn Road 17","postcode":"TW1 2AR","phone":"+44 20 8892 1991","operator":""}},{"type":"Feature","geometry":{"type":"Point","coordinates":[-0.19484,51.64948]},"properties":{"name":"Vale Drive Medical Practice","address":"","postcode":"","phone":"","operator":""}},{"type":"Feature","geometry":{"type":"Point","coordinates":[-0.2663,51.52123]},"properties":{"name":"Cloister Road Surgery","address":"Cloister Road 41-43","postcode":"W3 0DF","phone":"+44 20 8992 4331","operator":"National Health Service"}},{"type":"Feature","geometry":{"type":"Point","coordinates":[-0.11514,51.51371]},"properties":{"name":"St Philips Medical Centre","address":"Clement's Inn","postcode":"WC2A 2AZ","phone":"+44 20 7611 5131","operator":"London School of Economics and Political Science (LSE);NHS"}},{"type":"Feature","geometry":{"type":"Point","coordinates":[-0.01486,51.5239]},"properties":{"name":"St Andrews Health Centre","address":"Hannaford Walk 2","postcode":"E3 3FF","phone":"","operator":""}},{"type":"Feature","geometry":{"type":"Point","coordinates":[-0.12695,51.60691]},"properties":{"name":"Bounds Green Group Practice","address":"Gordon Road","postcode":"N11 2PF","phone":"+44 20 8888 1736","operator":""}},{"type":"Feature","geometry":{"type":"Point","coordinates":[-0.37349,51.53299]},"properties":{"name":"Northolt Family Practice","address":"","postcode":"","phone":"","operator":""}},{"type":"Feature","geometry":{"type":"Point","coordinates":[-0.1245,51.48457]},"properties":{"name":"Rebas Medical Clinic","address":"","postcode":"","phone":"","operator":""}},{"type":"Feature","geometry":{"type":"Point","coordinates":[-0.19028,51.36663]},"properties":{"name":"Benhill & Belmont GP Centre","address":"Benhill Avenue 54","postcode":"SM1 4EB","phone":"","operator":""}},{"type":"Feature","geometry":{"type":"Point","coordinates":[-0.36183,51.55586]},"properties":{"name":"The Grove Medical Practice","address":"Danemead Grove 81","postcode":"","phone":"","operator":""}},{"type":"Feature","geometry":{"type":"Point","coordinates":[-0.37975,51.49867]},"properties":{"name":"Southall Medical Centre","address":"Norwood Road 70","postcode":"","phone":"","operator":""}},{"type":"Feature","geometry":{"type":"Point","coordinates":[-0.3637,51.50222]},"properties":{"name":"Waterside Medical Centre","address":"","postcode":"","phone":"","operator":""}},{"type":"Feature","geometry":{"type":"Point","coordinates":[-0.17073,51.46862]},"properties":{"name":"Falcon Road Medical Centre","address":"Falcon Road 47","postcode":"","phone":"","operator":""}},{"type":"Feature","geometry":{"type":"Point","coordinates":[-0.14916,51.47572]},"properties":{"name":"Battersea Medical Centre","address":"","postcode":"","phone":"","operator":""}},{"type":"Feature","geometry":{"type":"Point","coordinates":[-0.16791,51.47161]},"properties":{"name":"Body Logic Health","address":"Battersea Park Road 292","postcode":"","phone":"","operator":""}},{"type":"Feature","geometry":{"type":"Point","coordinates":[-0.15348,51.51254]},"properties":{"name":"Gould Pharmacy","address":"","postcode":"","phone":"","operator":""}},{"type":"Feature","geometry":{"type":"Point","coordinates":[-0.27728,51.54821]},"properties":{"name":"The Law Medical Group Practice","address":"","postcode":"","phone":"","operator":""}},{"type":"Feature","geometry":{"type":"Point","coordinates":[-0.20112,51.47642]},"properties":{"name":"Ashville Surgery","address":"Parsons Green Lane","postcode":"","phone":"","operator":""}},{"type":"Feature","geometry":{"type":"Point","coordinates":[-0.14588,51.49613]},"properties":{"name":"The Belgravia Centre","address":"","postcode":"","phone":"","operator":""}},{"type":"Feature","geometry":{"type":"Point","coordinates":[-0.06156,51.53674]},"properties":{"name":"London Fields Medical Centre","address":"Broadway Market 38-44","postcode":"E8 4QJ","phone":"+44 20 7923 8100","operator":""}},{"type":"Feature","geometry":{"type":"Point","coordinates":[-0.12587,51.5814]},"properties":{"name":"Vale Practice","address":"Park Road 50","postcode":"N8 8SU","phone":"+44 20 8347 3330","operator":""}},{"type":"Feature","geometry":{"type":"Point","coordinates":[-0.31857,51.50458]},"properties":{"name":"Northfields Surgery","address":"","postcode":"","phone":"","operator":""}},{"type":"Feature","geometry":{"type":"Point","coordinates":[-0.08538,51.50571]},"properties":{"name":"Walk in GP Centre","address":"Tooley Street 35","postcode":"SE1 2QJ","phone":"","operator":""}},{"type":"Feature","geometry":{"type":"Point","coordinates":[-0.23314,51.50655]},"properties":{"name":"Shepherds Bush Medical Centre","address":"Uxbridge Road 336","postcode":"W12 8NL","phone":"+44 20 8743 5153","operator":""}},{"type":"Feature","geometry":{"type":"Point","coordinates":[-0.09925,51.45561]},"properties":{"name":"Herne Hill Group Practice","address":"Herne Hill 74","postcode":"SE24 9QP","phone":"+44 20 7274 3314","operator":""}},{"type":"Feature","geometry":{"type":"Point","coordinates":[-0.25214,51.35199]},"properties":{"name":"Fitznells Manor Surgery","address":"Chessington Road 2","postcode":"KT17 1TF","phone":"+44 1372 724434","operator":""}},{"type":"Feature","geometry":{"type":"Point","coordinates":[-0.19832,51.45676]},"properties":{"name":"Triangle Surgery","address":"","postcode":"","phone":"","operator":""}},{"type":"Feature","geometry":{"type":"Point","coordinates":[-0.04729,51.63923]},"properties":{"name":"Nightingale Surgery","address":"","postcode":"","phone":"","operator":""}},{"type":"Feature","geometry":{"type":"Point","coordinates":[0.07917,51.5413]},"properties":{"name":"Abbey Medical Centre","address":"","postcode":"","phone":"","operator":""}},{"type":"Feature","geometry":{"type":"Point","coordinates":[0.07936,51.53562]},"properties":{"name":"The Child & Family Centre","address":"Axe Street 79","postcode":"IG11 7LZ","phone":"","operator":"Concordia Health"}},{"type":"Feature","geometry":{"type":"Point","coordinates":[-0.35477,51.42775]},"properties":{"name":"Hampton Hill Medical Centre","address":"","postcode":"","phone":"","operator":""}},{"type":"Feature","geometry":{"type":"Point","coordinates":[-0.06822,51.50718]},"properties":{"name":"St. Katharine Docks Practice","address":"Thomas More Street 50","postcode":"E1W 1UA","phone":"+44 20 7488 3653","operator":"Dr Sarit Patel"}},{"type":"Feature","geometry":{"type":"Point","coordinates":[-0.21344,51.38438]},"properties":{"name":"The James O'Riordan Medical Centre","address":"Stonecot Hill 70","postcode":"SM3 9HE","phone":"","operator":""}},{"type":"Feature","geometry":{"type":"Point","coordinates":[0.0988,51.53889]},"properties":{"name":"Highgrove Surgery","address":"","postcode":"","phone":"","operator":""}},{"type":"Feature","geometry":{"type":"Point","coordinates":[-0.20367,51.52916]},"properties":{"name":"Shirland Road Medical Centre","address":"Shirland Road 321","postcode":"W9 3JJ","phone":"","operator":""}},{"type":"Feature","geometry":{"type":"Point","coordinates":[-0.30593,51.45859]},"properties":{"name":"Sisu","address":"Hill Street","postcode":"TW9 1SX","phone":"","operator":""}},{"type":"Feature","geometry":{"type":"Point","coordinates":[-0.10053,51.58533]},"properties":{"name":"The Skin Laser & Cosmetic Surgery Clinic","address":"Green Lanes 625","postcode":"N8 0RE","phone":"+44 20 8340 8191","operator":""}},{"type":"Feature","geometry":{"type":"Point","coordinates":[-0.16758,51.41122]},"properties":{"name":"Mitcham Family Practice","address":"Mortimer Road 55","postcode":"CR4 3HS","phone":"+44 20 8648 2432","operator":""}},{"type":"Feature","geometry":{"type":"Point","coordinates":[-0.1096,51.5508]},"properties":{"name":"The Medical Clinic","address":"","postcode":"","phone":"","operator":""}},{"type":"Feature","geometry":{"type":"Point","coordinates":[-0.2419,51.5961]},"properties":{"name":"GP Private","address":"","postcode":"","phone":"+44 20 8200 8222","operator":""}},{"type":"Feature","geometry":{"type":"Point","coordinates":[-0.0934,51.59801]},"properties":{"name":"Westbury Medical Centre","address":"Westbury Avenue 205","postcode":"N22 6RX","phone":"+44 20 8888 3021","operator":""}},{"type":"Feature","geometry":{"type":"Point","coordinates":[0.04534,51.47286]},"properties":{"name":"Rose Valley Medical Centre","address":"Shooters Hill Road 374","postcode":"SE18 4LS","phone":"+44 20 3875 3519","operator":""}},{"type":"Feature","geometry":{"type":"Point","coordinates":[-0.06962,51.5174]},"properties":{"name":"The Spitalfields Practice","address":"Old Montague Street 20","postcode":"E1 5PB","phone":"+44 20 7247 7070","operator":""}},{"type":"Feature","geometry":{"type":"Point","coordinates":[-0.37738,51.60602]},"properties":{"name":"Hatch End Medical Centre","address":"","postcode":"","phone":"","operator":""}},{"type":"Feature","geometry":{"type":"Point","coordinates":[-0.08699,51.53343]},"properties":{"name":"Shoreditch Park Surgery","address":"Rushton Street 10","postcode":"N1 5DR","phone":"+44 20 7739 8525","operator":""}},{"type":"Feature","geometry":{"type":"Point","coordinates":[-0.26039,51.49282]},"properties":{"name":"Holly Road Medical Centre","address":"","postcode":"","phone":"","operator":""}},{"type":"Feature","geometry":{"type":"Point","coordinates":[-0.20881,51.4107]},"properties":{"name":"The Nelson Medical Practice","address":"Kingston Road 220","postcode":"SW20 8DA","phone":"+44 20 3668 3400","operator":""}},{"type":"Feature","geometry":{"type":"Point","coordinates":[-0.2353,51.51121]},"properties":{"name":"Parkview Centre for Health and Wellbeing","address":"Bloemfontein Road 56","postcode":"","phone":"","operator":""}},{"type":"Feature","geometry":{"type":"Point","coordinates":[-0.04907,51.54305]},"properties":{"name":"Elsdale Street Surgery","address":"Elsdale Street 28","postcode":"E9 6QY","phone":"","operator":""}},{"type":"Feature","geometry":{"type":"Point","coordinates":[-0.16479,51.38449]},"properties":{"name":"Wandle Valley Health Centre","address":"","postcode":"","phone":"","operator":""}},{"type":"Feature","geometry":{"type":"Point","coordinates":[-0.19294,51.36548]},"properties":{"name":"The Old Courthouse Surgery","address":"","postcode":"","phone":"","operator":""}},{"type":"Feature","geometry":{"type":"Point","coordinates":[-0.10633,51.43833]},"properties":{"name":"Deerbrook Surgery","address":"Norwood Road 216","postcode":"SE27 9AW","phone":"","operator":""}},{"type":"Feature","geometry":{"type":"Point","coordinates":[-0.10412,51.43589]},"properties":{"name":"The Norwood Surgery","address":"Norwood Road 483","postcode":"SE27 9DJ","phone":"","operator":""}},{"type":"Feature","geometry":{"type":"Point","coordinates":[-0.14524,51.49816]},"properties":{"name":"Westminster Physiotherapy Centre","address":"","postcode":"","phone":"","operator":""}},{"type":"Feature","geometry":{"type":"Point","coordinates":[-0.14859,51.49498]},"properties":{"name":"The Belgravia Surgery","address":"","postcode":"","phone":"","operator":""}},{"type":"Feature","geometry":{"type":"Point","coordinates":[-0.09653,51.48921]},"properties":{"name":"Surgery","address":"","postcode":"","phone":"","operator":""}},{"type":"Feature","geometry":{"type":"Point","coordinates":[-0.01891,51.49953]},"properties":{"name":"SameDayDoctor","address":"Dockyard Lane 56","postcode":"E14 9YX","phone":"","operator":"Sameday Doctor Holdings LLP"}},{"type":"Feature","geometry":{"type":"Point","coordinates":[-0.12473,51.5151]},"properties":{"name":"Covent Garden Medical Centre","address":"Short's Gardens 47","postcode":"","phone":"","operator":""}},{"type":"Feature","geometry":{"type":"Point","coordinates":[-0.17934,51.45989]},"properties":{"name":"St John's Hill Surgery - Begg Practice","address":"Saint John's Hill 162","postcode":"SW11 1SW","phone":"","operator":""}},{"type":"Feature","geometry":{"type":"Point","coordinates":[-0.12077,51.38804]},"properties":{"name":"Thornton Road & Valley Park Surgery","address":"Thornton Road 299","postcode":"CR0 3EW","phone":"","operator":""}},{"type":"Feature","geometry":{"type":"Point","coordinates":[-0.09753,51.3563]},"properties":{"name":"Bluebird care","address":"Brighton Road 183","postcode":"CR2 6EG","phone":"","operator":""}},{"type":"Feature","geometry":{"type":"Point","coordinates":[-0.04272,51.52445]},"properties":{"name":"XX Place Health Centre","address":"Bancroft Road","postcode":"E1 4DG","phone":"","operator":""}},{"type":"Feature","geometry":{"type":"Point","coordinates":[0.00498,51.55389]},"properties":{"name":"High Road Surgery","address":"High Road Leytonstone 287","postcode":"E11 4HH","phone":"","operator":""}},{"type":"Feature","geometry":{"type":"Point","coordinates":[-0.09306,51.38194]},"properties":{"name":"St. James Medical Centre","address":"St James's Road 189a","postcode":"CR0 2BZ","phone":"","operator":""}},{"type":"Feature","geometry":{"type":"Point","coordinates":[-0.24364,51.45538]},"properties":{"name":"Student Medical Centre","address":"","postcode":"","phone":"","operator":""}},{"type":"Feature","geometry":{"type":"Point","coordinates":[-0.09639,51.40414]},"properties":{"name":"Mersham Medical Centre","address":"Norbury Road 30","postcode":"CR7 8JN","phone":"+44 20 8653 1869","operator":""}},{"type":"Feature","geometry":{"type":"Point","coordinates":[-0.22632,51.45736]},"properties":{"name":"Chartfield Surgery","address":"","postcode":"","phone":"","operator":""}},{"type":"Feature","geometry":{"type":"Point","coordinates":[-0.19629,51.35834]},"properties":{"name":"Mulgrave Road Surgery","address":"Mulgrave Road 48","postcode":"SM2 6LX","phone":"+44 20 8407 3600","operator":"NHS"}},{"type":"Feature","geometry":{"type":"Point","coordinates":[-0.06039,51.37647]},"properties":{"name":"Addiscombe Road Surgery","address":"Addiscombe Road 395a","postcode":"CR0 7LJ","phone":"","operator":""}},{"type":"Feature","geometry":{"type":"Point","coordinates":[-0.0437,51.37541]},"properties":{"name":"Shirley Medical Centre","address":"Wickham Road 334","postcode":"CR0 8BH","phone":"","operator":""}},{"type":"Feature","geometry":{"type":"Point","coordinates":[-0.26558,51.58969]},"properties":{"name":"Willow Tree Family Doctors","address":"","postcode":"","phone":"","operator":""}},{"type":"Feature","geometry":{"type":"Point","coordinates":[-0.09498,51.37119]},"properties":{"name":"Friends' Road Medical","address":"Friends' Road 49","postcode":"CR0 1ED","phone":"","operator":""}},{"type":"Feature","geometry":{"type":"Point","coordinates":[-0.03739,51.54732]},"properties":{"name":"Wick Health Centre","address":"Kenworthy Road 10","postcode":"E9 5TD","phone":"+44 20 8986 6341","operator":""}},{"type":"Feature","geometry":{"type":"Point","coordinates":[-0.03502,51.54523]},"properties":{"name":"Hackney Podiatry","address":"Wick Road 265","postcode":"E9 5DG","phone":"","operator":""}},{"type":"Feature","geometry":{"type":"Point","coordinates":[-0.14443,51.52349]},"properties":{"name":"Portland Outpatient Consulting Suites","address":"Great Portland Street 215-217","postcode":"","phone":"","operator":""}},{"type":"Feature","geometry":{"type":"Point","coordinates":[-0.14413,51.52283]},"properties":{"name":"Urgent Care Centre for Children","address":"","postcode":"","phone":"","operator":""}},{"type":"Feature","geometry":{"type":"Point","coordinates":[-0.13346,51.46317]},"properties":{"name":"Clapham Family Practice","address":"","postcode":"","phone":"","operator":""}},{"type":"Feature","geometry":{"type":"Point","coordinates":[0.00175,51.56592]},"properties":{"name":"Hampton Surgery","address":"Pretoria Road 1","postcode":"","phone":"","operator":"Dr A Sudderuddin & Dr S Patel"}},{"type":"Feature","geometry":{"type":"Point","coordinates":[-0.09402,51.63308]},"properties":{"name":"Green Lanes Surgery & Pharmacy","address":"","postcode":"","phone":"","operator":""}},{"type":"Feature","geometry":{"type":"Point","coordinates":[-0.10581,51.62202]},"properties":{"name":"Gillian House Surgery","address":"Greens Lane 457","postcode":"N13 4BS","phone":"","operator":""}},{"type":"Feature","geometry":{"type":"Point","coordinates":[-0.18737,51.43866]},"properties":{"name":"Earlsfield Practice","address":"Steerforth Street 2;4","postcode":"SW18 4HH","phone":"+44 20 8946 5681","operator":""}},{"type":"Feature","geometry":{"type":"Point","coordinates":[-0.06326,51.41313]},"properties":{"name":"Park Practice @ Oaks Medical Centre","address":"","postcode":"","phone":"","operator":""}},{"type":"Feature","geometry":{"type":"Point","coordinates":[-0.12359,51.4726]},"properties":{"name":"Binfield Road General Practice","address":"","postcode":"","phone":"","operator":""}},{"type":"Feature","geometry":{"type":"Point","coordinates":[-0.10679,51.4907]},"properties":{"name":"Hurley Clinic Kennington GP Surgery","address":"","postcode":"","phone":"","operator":""}},{"type":"Feature","geometry":{"type":"Point","coordinates":[-0.32626,51.50376]},"properties":{"name":"Elthorne Park Surgery","address":"","postcode":"","phone":"","operator":""}},{"type":"Feature","geometry":{"type":"Point","coordinates":[-0.19448,51.4751]},"properties":{"name":"Coyne Medical","address":"","postcode":"","phone":"","operator":""}},{"type":"Feature","geometry":{"type":"Point","coordinates":[0.1012,51.37572]},"properties":{"name":"Knoll Medical Practice","address":"Homefield Rise 19","postcode":"BR6 0FE","phone":"","operator":""}},{"type":"Feature","geometry":{"type":"Point","coordinates":[-0.20551,51.52632]},"properties":{"name":"Health Centre","address":"Harrow Road 574","postcode":"W10 4NJ","phone":"","operator":""}},{"type":"Feature","geometry":{"type":"Point","coordinates":[-0.20623,51.52622]},"properties":{"name":"Half Penny Steps Health Centre","address":"Harrow Road 427-429","postcode":"","phone":"+44 20 8962 8700","operator":""}},{"type":"Feature","geometry":{"type":"Point","coordinates":[-0.19093,51.52049]},"properties":{"name":"Health At The Stowe","address":"Harrow Road 260","postcode":"","phone":"","operator":""}},{"type":"Feature","geometry":{"type":"Point","coordinates":[-0.01961,51.50263]},"properties":{"name":"HCA UK at Docklands","address":"Bank Street 40","postcode":"E14 5EE","phone":"+44 20 7516 1999","operator":""}},{"type":"Feature","geometry":{"type":"Point","coordinates":[0.05013,51.53257]},"properties":{"name":"Aspire Medical Centre","address":"Barking Road 269","postcode":"E6 1FL","phone":"","operator":""}},{"type":"Feature","geometry":{"type":"Point","coordinates":[-0.17954,51.51356]},"properties":{"name":"Bayswater Medical Centre","address":"Craven Road 46","postcode":"","phone":"+44 20 3441 3002","operator":""}},{"type":"Feature","geometry":{"type":"Point","coordinates":[-0.09383,51.52422]},"properties":{"name":"London Professional Aesthetics","address":"Whitecross Street 193","postcode":"","phone":"","operator":""}},{"type":"Feature","geometry":{"type":"Point","coordinates":[-0.1683,51.49339]},"properties":{"name":"Eudelo Skin Experience Centre","address":"Sloane Avenue 86","postcode":"","phone":"","operator":""}},{"type":"Feature","geometry":{"type":"Point","coordinates":[-0.1919,51.49941]},"properties":{"name":"Scarsdale Medical Centre","address":"Scarsdale Place 2","postcode":"W8 5SX","phone":"+44 20 7938 1887","operator":""}},{"type":"Feature","geometry":{"type":"Point","coordinates":[-0.27873,51.47952]},"properties":{"name":"Richmond Medical Group","address":"Levett Square","postcode":"TW9 4FF","phone":"+44 20 8876 4442","operator":""}},{"type":"Feature","geometry":{"type":"Point","coordinates":[-0.21035,51.52029]},"properties":{"name":"Chiropractic Alchemy","address":"Saint Lawrence Terrace 32a","postcode":"","phone":"+44 20 8960 5485","operator":""}},{"type":"Feature","geometry":{"type":"Point","coordinates":[-0.20242,51.52219]},"properties":{"name":"Meanwhile Garden Medical Centre","address":"Elkstone Road 1/31","postcode":"","phone":"","operator":""}},{"type":"Feature","geometry":{"type":"Point","coordinates":[-0.2066,51.52401]},"properties":{"name":"The Golborne Medical Centre","address":"Golborne Road 12-16","postcode":"","phone":"+44 20 8964 4801","operator":""}},{"type":"Feature","geometry":{"type":"Point","coordinates":[-0.06062,51.40905]},"properties":{"name":"Anerley Surgery","address":"Anerley Road 224","postcode":"","phone":"+44 20 8659 9343","operator":""}},{"type":"Feature","geometry":{"type":"Point","coordinates":[-0.32058,51.60106]},"properties":{"name":"Belmont Health Centre","address":"","postcode":"","phone":"","operator":""}},{"type":"Feature","geometry":{"type":"Point","coordinates":[-0.3407,51.60269]},"properties":{"name":"Enderley Road Medical Centre","address":"","postcode":"","phone":"","operator":""}},{"type":"Feature","geometry":{"type":"Point","coordinates":[-0.33458,51.51014]},"properties":{"name":"Cuckoo Lane Practice","address":"","postcode":"","phone":"","operator":""}},{"type":"Feature","geometry":{"type":"Point","coordinates":[-0.19211,51.50369]},"properties":{"name":"Kensington Eye centre","address":"Kensington Church Street 37","postcode":"W8 4LL","phone":"+44 20 7937 8282","operator":""}},{"type":"Feature","geometry":{"type":"Point","coordinates":[-0.06687,51.54812]},"properties":{"name":"The Sandringham Practice","address":"Madinah Road 1A","postcode":"E8 1PG","phone":"+44 20 7275 0022","operator":""}},{"type":"Feature","geometry":{"type":"Point","coordinates":[-0.06686,51.54804]},"properties":{"name":"Dalston Practice","address":"Madinah Road 1B","postcode":"E8 1PG","phone":"+44 20 7275 0077","operator":""}},{"type":"Feature","geometry":{"type":"Point","coordinates":[-0.1186,51.52224]},"properties":{"name":"Holborn Medical Centre","address":"Lamb's Conduit Street 64-66","postcode":"","phone":"","operator":""}},{"type":"Feature","geometry":{"type":"Point","coordinates":[-0.0773,51.534]},"properties":{"name":"Whiston Road Surgery","address":"Kingsland Road 219","postcode":"E2 8AN","phone":"+44 20 7739 8625","operator":""}},{"type":"Feature","geometry":{"type":"Point","coordinates":[-0.19676,51.49955]},"properties":{"name":"Kensington Therapy Centre","address":"Kensington High Street 211-213","postcode":"","phone":"","operator":""}},{"type":"Feature","geometry":{"type":"Point","coordinates":[-0.19753,51.49758]},"properties":{"name":"Group Practice","address":"Earl's Court Road 41","postcode":"","phone":"+44 20 7938 5488","operator":""}},{"type":"Feature","geometry":{"type":"Point","coordinates":[-0.1982,51.41756]},"properties":{"name":"Wimbledon Medical Practice","address":"Pelham Road 79","postcode":"SW19 1NX","phone":"+44 20 8542 2827","operator":""}},{"type":"Feature","geometry":{"type":"Point","coordinates":[-0.03327,51.40499]},"properties":{"name":"Elm House Surgery","address":"Croydon Road 379","postcode":"BR3 3FD","phone":"","operator":"NHS Bromley"}},{"type":"Feature","geometry":{"type":"Point","coordinates":[-0.07857,51.5184]},"properties":{"name":"Londoncryo","address":"Artillery Lane 20","postcode":"","phone":"","operator":""}},{"type":"Feature","geometry":{"type":"Point","coordinates":[-0.1779,51.48276]},"properties":{"name":"The Good Practice","address":"King's Road","postcode":"SW10 0LR","phone":"","operator":""}},{"type":"Feature","geometry":{"type":"Point","coordinates":[-0.18312,51.49229]},"properties":{"name":"Chelsea Medical Services","address":"Rosary Gardens 45","postcode":"","phone":"","operator":""}},{"type":"Feature","geometry":{"type":"Point","coordinates":[-0.13581,51.45201]},"properties":{"name":"Clapham Park Group Practice","address":"Rathmell Drive 9A","postcode":"SW4 8JG","phone":"","operator":""}},{"type":"Feature","geometry":{"type":"Point","coordinates":[-0.14266,51.6403]},"properties":{"name":"The Southgate Surgery","address":"Chase Side 270","postcode":"N14 4PR","phone":"","operator":"NHS"}},{"type":"Feature","geometry":{"type":"Point","coordinates":[-0.159,51.49626]},"properties":{"name":"The Sloane Street Surgery","address":"Sloane Street 82","postcode":"","phone":"","operator":""}},{"type":"Feature","geometry":{"type":"Point","coordinates":[-0.15952,51.49825]},"properties":{"name":"51 Sloane Street Clinic","address":"Sloane Street 51","postcode":"","phone":"","operator":""}},{"type":"Feature","geometry":{"type":"Point","coordinates":[-0.17401,51.49488]},"properties":{"name":"The Smart Clinics","address":"Thurloe Place 30","postcode":"","phone":"+44 20 7052 0070","operator":""}},{"type":"Feature","geometry":{"type":"Point","coordinates":[-0.17389,51.49457]},"properties":{"name":"The Spencer Clinic of Trichology","address":"Thurloe Street 31","postcode":"","phone":"+44 20 7584 4255","operator":""}},{"type":"Feature","geometry":{"type":"Point","coordinates":[-0.17335,51.49376]},"properties":{"name":"South Kensington GP Clinic","address":"Pelham Street 2a","postcode":"","phone":"+44 20 7591 1300","operator":""}},{"type":"Feature","geometry":{"type":"Point","coordinates":[-0.08578,51.61719]},"properties":{"name":"Morecambe Surgery","address":"Morecambe Terrace 1","postcode":"N18 1LA","phone":"+44 20 8803 0020","operator":""}},{"type":"Feature","geometry":{"type":"Point","coordinates":[-0.19009,51.48936]},"properties":{"name":"Brompton Medical Centre","address":"Old Brompton Road 237","postcode":"","phone":"+44 20 7373 4102","operator":""}},{"type":"Feature","geometry":{"type":"Point","coordinates":[-0.19184,51.48879]},"properties":{"name":"Earls Court Surgery","address":"Old Brompton Road 269","postcode":"SW5 9JA","phone":"+44 20 7373 0140","operator":""}},{"type":"Feature","geometry":{"type":"Point","coordinates":[-0.14074,51.54914]},"properties":{"name":"Guy Gold Performance Centre","address":"","postcode":"","phone":"+44 20 7018 7180","operator":""}},{"type":"Feature","geometry":{"type":"Point","coordinates":[-0.18484,51.48395]},"properties":{"name":"The Women's Wellness Centre","address":"Fulham Road 274","postcode":"","phone":"+44 20 7751 4488","operator":""}},{"type":"Feature","geometry":{"type":"Point","coordinates":[0.03034,51.50199]},"properties":{"name":"Pontoon Dock Health Centre","address":"Halyard Place","postcode":"E16 2TH","phone":"+44 20 8104 2222","operator":""}},{"type":"Feature","geometry":{"type":"Point","coordinates":[0.02484,51.55139]},"properties":{"name":"E7 Health","address":"Woodgrange Road 121","postcode":"E7 0EP","phone":"","operator":"First 4 Health Group - E7 Health"}},{"type":"Feature","geometry":{"type":"Point","coordinates":[0.0248,51.55111]},"properties":{"name":"The Forest Practice","address":"Woodgrange Road 121","postcode":"E7 0EP","phone":"","operator":""}},{"type":"Feature","geometry":{"type":"Point","coordinates":[-0.25207,51.5065]},"properties":{"name":"The Vale Surgery","address":"The Vale 97","postcode":"W3 7RG","phone":"+44 20 8743 4086","operator":""}},{"type":"Feature","geometry":{"type":"Point","coordinates":[-0.31523,51.50993]},"properties":{"name":"Gordon House Surgery","address":"Mattock Lane 78","postcode":"W13 9NZ","phone":"","operator":""}},{"type":"Feature","geometry":{"type":"Point","coordinates":[-0.1577,51.49206]},"properties":{"name":"Sloane Square Medical","address":"Lower Sloane Street 2","postcode":"","phone":"+44 20 7730 8835","operator":""}},{"type":"Feature","geometry":{"type":"Point","coordinates":[-0.1668,51.48679]},"properties":{"name":"The Chelsea Practice","address":"","postcode":"","phone":"","operator":""}},{"type":"Feature","geometry":{"type":"Point","coordinates":[-0.1665,51.48689]},"properties":{"name":"Violet Melchett Health Centre","address":"Flood Walk 30","postcode":"","phone":"","operator":""}},{"type":"Feature","geometry":{"type":"Point","coordinates":[-0.14625,51.5171]},"properties":{"name":"David Whitehead ENT","address":"Harley Street 9","postcode":"W1G 9QY","phone":"+44 20 7183 0220","operator":""}},{"type":"Feature","geometry":{"type":"Point","coordinates":[-0.04288,51.5484]},"properties":{"name":"The Lea Surgery","address":"","postcode":"","phone":"+44 20 8986 3106","operator":""}},{"type":"Feature","geometry":{"type":"Point","coordinates":[0.00108,51.60806]},"properties":{"name":"Handsworth Medical Practice","address":"Handsworth Avenue","postcode":"E4 9PD","phone":"","operator":""}},{"type":"Feature","geometry":{"type":"Point","coordinates":[-0.16245,51.43429]},"properties":{"name":"Tooting Bec Family Practice","address":"62","postcode":"","phone":"","operator":""}},{"type":"Feature","geometry":{"type":"Point","coordinates":[-0.02476,51.51815]},"properties":{"name":"St Paul's Way Medical Centre","address":"Selsey Street 11","postcode":"E14 7LJ","phone":"","operator":"Bromley by Bow Health"}},{"type":"Feature","geometry":{"type":"Point","coordinates":[-0.22967,51.50197]},"properties":{"name":"Private Walk-In Clinic","address":"Goldhawk Road 108","postcode":"","phone":"+44 20 8746 0830","operator":""}},{"type":"Feature","geometry":{"type":"Point","coordinates":[-0.1616,51.4221]},"properties":{"name":"Tooting South Medical Centre","address":"","postcode":"","phone":"","operator":""}},{"type":"Feature","geometry":{"type":"Point","coordinates":[0.06732,51.41885]},"properties":{"name":"The Chislehurst Medical Practice","address":"","postcode":"","phone":"","operator":""}},{"type":"Feature","geometry":{"type":"Point","coordinates":[-0.20947,51.55152]},"properties":{"name":"Mapesbury Medical Group","address":"Shoot-up Hill 65","postcode":"NW2 3PS","phone":"+44 20 8452 7646","operator":"NHS"}},{"type":"Feature","geometry":{"type":"Point","coordinates":[-0.22316,51.49747]},"properties":{"name":"Brook Green Clinic Osteopath","address":"Shepherds Bush Road 11","postcode":"","phone":"+44 20 7610 5459","operator":""}},{"type":"Feature","geometry":{"type":"Point","coordinates":[-0.22099,51.4983]},"properties":{"name":"Sterndale Surgery","address":"Sterndale Road 74a","postcode":"","phone":"+44 20 7602 3797","operator":""}},{"type":"Feature","geometry":{"type":"Point","coordinates":[-0.26558,51.50168]},"properties":{"name":"Acton Lane Medical Centre","address":"Acton Lane 253","postcode":"W4 5DG","phone":"+44 20 8995 5706","operator":""}},{"type":"Feature","geometry":{"type":"Point","coordinates":[-0.06876,51.51307]},"properties":{"name":"Goodman's Field Medical Practice","address":"Stable Walk 11","postcode":"E1 8ZF","phone":"+44 20 7702 2036","operator":"Operose Health Group"}},{"type":"Feature","geometry":{"type":"Point","coordinates":[-0.1125,51.49562]},"properties":{"name":"Lambeth Walk Group Practice","address":"Lambeth Walk 5","postcode":"SE11 6SP","phone":"","operator":""}},{"type":"Feature","geometry":{"type":"Point","coordinates":[-0.16799,51.45638]},"properties":{"name":"Bolingbroke Medical Centre","address":"Wakehurst Road","postcode":"SW11 6BF","phone":"","operator":"Bolingbroke Medical Centre"}},{"type":"Feature","geometry":{"type":"Point","coordinates":[-0.24865,51.45237]},"properties":{"name":"Daneburgy Avenue Surgery","address":"Danebury Avenue 351","postcode":"SW15 4DU","phone":"","operator":""}},{"type":"Feature","geometry":{"type":"Point","coordinates":[-0.21963,51.42501]},"properties":{"name":"Wimbledon Village Doctor's Surgery","address":"High Street 35A","postcode":"SW19 5BY","phone":"+44 20 8946 4820","operator":""}},{"type":"Feature","geometry":{"type":"Point","coordinates":[0.0557,51.55424]},"properties":{"name":"Sangam Surgery","address":"","postcode":"","phone":"","operator":""}},{"type":"Feature","geometry":{"type":"Point","coordinates":[-0.07516,51.59835]},"properties":{"name":"Castleview Surgery","address":"Lordship Lane 119","postcode":"N17 6XE","phone":"","operator":""}},{"type":"Feature","geometry":{"type":"Point","coordinates":[0.0082,51.55846]},"properties":{"name":"Harrow Road GP Practice","address":"Harrow Road 2-4","postcode":"","phone":"","operator":""}},{"type":"Feature","geometry":{"type":"Point","coordinates":[-0.13297,51.47063]},"properties":{"name":"Springfield Medical Centre","address":"","postcode":"","phone":"","operator":""}},{"type":"Feature","geometry":{"type":"Point","coordinates":[-0.39378,51.47169]},"properties":{"name":"MWH Practice - Hounslow","address":"Vincent Road 1","postcode":"TW4 7LH","phone":"","operator":""}},{"type":"Feature","geometry":{"type":"Point","coordinates":[-0.32557,51.4494]},"properties":{"name":"The York Medical Practice","address":"Oak Lane","postcode":"TW1 3PA","phone":"","operator":""}},{"type":"Feature","geometry":{"type":"Point","coordinates":[-0.37451,51.52154]},"properties":{"name":"St George's Medical Centre","address":"","postcode":"","phone":"","operator":""}},{"type":"Feature","geometry":{"type":"Point","coordinates":[-0.1409,51.59111]},"properties":{"name":"The Muswell Hill Practice","address":"Muswell Hill 54","postcode":"N10 3ST","phone":"+44 20 8365 3303","operator":""}},{"type":"Feature","geometry":{"type":"Point","coordinates":[-0.07006,51.59215]},"properties":{"name":"Bruce Grove Primary Health Care Centre","address":"High Road 461-463","postcode":"N17 6QB","phone":"","operator":""}},{"type":"Feature","geometry":{"type":"Point","coordinates":[0.00922,51.46597]},"properties":{"name":"Lauren Turner Aesthetics","address":"Tranquil Vale 15","postcode":"","phone":"","operator":""}},{"type":"Feature","geometry":{"type":"Point","coordinates":[0.08477,51.53404]},"properties":{"name":"Tulasi Medical Centre","address":"Ripple Road 188","postcode":"IG11 7PR","phone":"","operator":""}},{"type":"Feature","geometry":{"type":"Point","coordinates":[-0.01626,51.47703]},"properties":{"name":"Greenwich Private Doctors","address":"Greenwich High Road 139","postcode":"SE10 8JA","phone":"+44 20 3278 0914","operator":""}},{"type":"Feature","geometry":{"type":"Point","coordinates":[-0.1461,51.51781]},"properties":{"name":"The Harley Street Eye Centre","address":"Harley Street 22A","postcode":"W1G 9BP","phone":"+44 20 3375 2200","operator":""}},{"type":"Feature","geometry":{"type":"Point","coordinates":[-0.11152,51.48736]},"properties":{"name":"DS Beauty Studio","address":"Kennington Road 314","postcode":"SE11 4LD","phone":"","operator":""}},{"type":"Feature","geometry":{"type":"Point","coordinates":[0.05055,51.59084]},"properties":{"name":"Clayhall Group Practice","address":"Clayhall Avenue 14","postcode":"IG5 0LG","phone":"+44 20 8551 3193","operator":""}},{"type":"Feature","geometry":{"type":"Point","coordinates":[-0.14179,51.52944]},"properties":{"name":"Regents Park Practice","address":"","postcode":"","phone":"","operator":""}},{"type":"Feature","geometry":{"type":"Point","coordinates":[-0.27595,51.62165]},"properties":{"name":"EdgCare","address":"Mowbray Road","postcode":"","phone":"","operator":""}},{"type":"Feature","geometry":{"type":"Point","coordinates":[0.06864,51.49023]},"properties":{"name":"Clover Health Centre","address":"","postcode":"","phone":"","operator":""}},{"type":"Feature","geometry":{"type":"Point","coordinates":[-0.0088,51.44493]},"properties":{"name":"Park View Medical Centre","address":"Brownhill Road 186","postcode":"","phone":"","operator":""}},{"type":"Feature","geometry":{"type":"Point","coordinates":[-0.06775,51.39299]},"properties":{"name":"The Enmore Practice","address":"Enmore Road 3","postcode":"SE25 5NT","phone":"","operator":"NHS"}},{"type":"Feature","geometry":{"type":"Point","coordinates":[-0.10299,51.48263]},"properties":{"name":"Penrose Maddock Way","address":"","postcode":"","phone":"","operator":""}},{"type":"Feature","geometry":{"type":"Point","coordinates":[-0.29808,51.53691]},"properties":{"name":"Sudbury & Alperton Medical Centre","address":"Ealing Road 267","postcode":"HA0 1EU","phone":"+44 20 8997 3486","operator":""}},{"type":"Feature","geometry":{"type":"Point","coordinates":[-0.34105,51.58371]},"properties":{"name":"Headstone Road Surgery","address":"","postcode":"","phone":"","operator":""}},{"type":"Feature","geometry":{"type":"Point","coordinates":[0.01706,51.40388]},"properties":{"name":"One Bromley Wellbeing Hub","address":"","postcode":"","phone":"","operator":""}},{"type":"Feature","geometry":{"type":"Point","coordinates":[-0.02007,51.35596]},"properties":{"name":"Fieldway Medical Centre","address":"","postcode":"","phone":"","operator":""}},{"type":"Feature","geometry":{"type":"Point","coordinates":[0.07165,51.38975]},"properties":{"name":"Emma Coleman Skin","address":"Queensway 129","postcode":"BR5 1DG","phone":"","operator":""}},{"type":"Feature","geometry":{"type":"Point","coordinates":[-0.36661,51.47293]},"properties":{"name":"Hounslow Family Practice","address":"Lampton Road 77","postcode":"TW3 4JX","phone":"","operator":""}},{"type":"Feature","geometry":{"type":"Point","coordinates":[-0.04208,51.44241]},"properties":{"name":"Jenner Health Centre","address":"","postcode":"","phone":"","operator":""}},{"type":"Feature","geometry":{"type":"Point","coordinates":[-0.31206,51.35868]},"properties":{"name":"Hook Surgery","address":"","postcode":"","phone":"","operator":""}},{"type":"Feature","geometry":{"type":"Point","coordinates":[-0.13992,51.54616]},"properties":{"name":"James Wigg Group Practice","address":"Bartholomew Road 2","postcode":"NW5 2BX","phone":"+44 20 7428 4555","operator":""}},{"type":"Feature","geometry":{"type":"Point","coordinates":[0.12531,51.57322]},"properties":{"name":"Chadwell Heath Surgery","address":"Chadwell Heath Lane 72","postcode":"RM6 4AF","phone":"","operator":""}},{"type":"Feature","geometry":{"type":"Point","coordinates":[-0.00493,51.44987]},"properties":{"name":"Woodlands Health Centre","address":"Edwin Hall Place 4","postcode":"SE13 6RN","phone":"+44 20 8698 6664","operator":""}},{"type":"Feature","geometry":{"type":"Point","coordinates":[0.035,51.39261]},"properties":{"name":"Dr Vas","address":"","postcode":"","phone":"","operator":""}},{"type":"Feature","geometry":{"type":"Point","coordinates":[-0.00101,51.62012]},"properties":{"name":"Old Church Surgery","address":"Friars Close","postcode":"E4 6UN","phone":"","operator":""}},{"type":"Feature","geometry":{"type":"Point","coordinates":[-0.2924,51.586]},"properties":{"name":"Kenton Clinic","address":"","postcode":"","phone":"+44 2082 042255","operator":""}},{"type":"Feature","geometry":{"type":"Point","coordinates":[-0.37953,51.49986]},"properties":{"name":"Hammond Road Surgery","address":"","postcode":"","phone":"+44 20 8574 5057","operator":""}},{"type":"Feature","geometry":{"type":"Point","coordinates":[-0.12368,51.47711]},"properties":{"name":"South Lambeth Road Practice","address":"","postcode":"","phone":"","operator":""}},{"type":"Feature","geometry":{"type":"Point","coordinates":[0.01987,51.47814]},"properties":{"name":"Blackheath Standard Surgery","address":"Charlton Road 11,13","postcode":"SE3 7HB","phone":"+44 20 8269 2040","operator":""}},{"type":"Feature","geometry":{"type":"Point","coordinates":[-0.17969,51.52562]},"properties":{"name":"Fortes Clinic","address":"Clifton Road 22","postcode":"W9 1ST","phone":"","operator":""}},{"type":"Feature","geometry":{"type":"Point","coordinates":[-0.34008,51.60462]},"properties":{"name":"Poland Medical","address":"","postcode":"","phone":"","operator":""}},{"type":"Feature","geometry":{"type":"Point","coordinates":[-0.30874,51.39146]},"properties":{"name":"London Psychiatric Clinic","address":"Victoria Road 45","postcode":"","phone":"","operator":""}},{"type":"Feature","geometry":{"type":"Point","coordinates":[-0.09984,51.58429]},"properties":{"name":"West Green Surgery","address":"Green Lanes 590-598","postcode":"N8 0RA","phone":"+44 20 8881 9606","operator":""}},{"type":"Feature","geometry":{"type":"Point","coordinates":[-0.0877,51.58144]},"properties":{"name":"St. Ann's Road Surgery","address":"St Ann's Road 256","postcode":"N15 5AZ","phone":"+44 20 8800 4032","operator":""}},{"type":"Feature","geometry":{"type":"Point","coordinates":[-0.14068,51.52622]},"properties":{"name":"eMed","address":"Drummond Street 184","postcode":"NW1 3HP","phone":"","operator":""}},{"type":"Feature","geometry":{"type":"Point","coordinates":[-0.22654,51.50049]},"properties":{"name":"Richford Gate Medical Practice","address":"","postcode":"","phone":"","operator":""}},{"type":"Feature","geometry":{"type":"Point","coordinates":[-0.09426,51.50071]},"properties":{"name":"Tabard","address":"","postcode":"","phone":"","operator":""}},{"type":"Feature","geometry":{"type":"Point","coordinates":[-0.14036,51.51954]},"properties":{"name":"The Plastic Surgery Group","address":"Hanson Street 7","postcode":"W1W 6TE","phone":"","operator":""}},{"type":"Feature","geometry":{"type":"Point","coordinates":[-0.02654,51.47479]},"properties":{"name":"Deptford Surgery","address":"New Cross Road 502,504","postcode":"SE14 6TJ","phone":"+44 20 8694 1331","operator":""}},{"type":"Feature","geometry":{"type":"Point","coordinates":[0.07619,51.54088]},"properties":{"name":"Victoria and Five Elms Medical Centre","address":"Queen's Road 1","postcode":"IG11 8GD","phone":"","operator":""}},{"type":"Feature","geometry":{"type":"Point","coordinates":[-0.14656,51.51704]},"properties":{"name":"The Spine MDT","address":"Harley Street 9","postcode":"W1G 9QY","phone":"+44 20 8088 1222","operator":""}},{"type":"Feature","geometry":{"type":"Point","coordinates":[-0.1841,51.531]},"properties":{"name":"Monet Beauty Clinic","address":"Maida Vale 56","postcode":"","phone":"","operator":""}},{"type":"Feature","geometry":{"type":"Point","coordinates":[-0.13151,51.45956]},"properties":{"name":"Clapham Park Dermatology","address":"Clapham Park Road 160","postcode":"SW4 7DE","phone":"","operator":""}},{"type":"Feature","geometry":{"type":"Point","coordinates":[-0.2203,51.46174]},"properties":{"name":"Putneymead Group Medical Practice","address":"Upper Richmond Road 266","postcode":"SW15 6TQ","phone":"","operator":""}},{"type":"Feature","geometry":{"type":"Point","coordinates":[0.02566,51.57804]},"properties":{"name":"The Evergreen Surgery","address":"High Street","postcode":"E11 2AQ","phone":"","operator":""}},{"type":"Feature","geometry":{"type":"Point","coordinates":[0.00715,51.54217]},"properties":{"name":"Patient First Social Enterprise","address":"Romford Road 50c","postcode":"","phone":"","operator":"Patient First Social Enterprise ltd"}},{"type":"Feature","geometry":{"type":"Point","coordinates":[-0.30507,51.41401]},"properties":{"name":"Kingston Health Centre","address":"Skerne Road 10","postcode":"KT2 5AD","phone":"","operator":""}},{"type":"Feature","geometry":{"type":"Point","coordinates":[-0.28936,51.383]},"properties":{"name":"Red Lion Road Surgery","address":"Red Lion Road 1A","postcode":"KT6 7QG","phone":"","operator":""}},{"type":"Feature","geometry":{"type":"Point","coordinates":[-0.28671,51.38254]},"properties":{"name":"Lambert Sports Clinic","address":"Ewell Road 380","postcode":"KT6 7BE","phone":"","operator":""}},{"type":"Feature","geometry":{"type":"Point","coordinates":[-0.2834,51.41259]},"properties":{"name":"Hanover House","address":"Coombe Road 76","postcode":"KT2 7AZ","phone":"","operator":""}},{"type":"Feature","geometry":{"type":"Point","coordinates":[-0.02503,51.60772]},"properties":{"name":"Ching Way Medical Practice","address":"Ching Way 7","postcode":"E4 8YD","phone":"","operator":""}},{"type":"Feature","geometry":{"type":"Point","coordinates":[-0.11013,51.5892]},"properties":{"name":"Hornsey Wood Green GP Surgery","address":"Turnpike Lane 114","postcode":"N8 0PH","phone":"+44 3300 539 499","operator":""}},{"type":"Feature","geometry":{"type":"Point","coordinates":[-0.05171,51.56479]},"properties":{"name":"The Clapton Surgery","address":"","postcode":"","phone":"","operator":"Dr Sarwat Sharif"}},{"type":"Feature","geometry":{"type":"Point","coordinates":[-0.05184,51.56475]},"properties":{"name":"The Riverside Practice","address":"","postcode":"","phone":"","operator":"Dr Rajiv Goel"}},{"type":"Feature","geometry":{"type":"Point","coordinates":[-0.00292,51.58775]},"properties":{"name":"Dr. Dital Practice","address":"Linford Road 6","postcode":"E17 3LA","phone":"","operator":"Dr. Raghav Prasad Dhital"}},{"type":"Feature","geometry":{"type":"Point","coordinates":[-0.02239,51.61595]},"properties":{"name":"E4 Primary Care Network","address":"York Road 109","postcode":"E4 8LF","phone":"","operator":"E4 Primary Care Network Ltd"}},{"type":"Feature","geometry":{"type":"Point","coordinates":[0.00971,51.54176]},"properties":{"name":"Newham Vicarage Practice","address":"","postcode":"","phone":"","operator":""}},{"type":"Feature","geometry":{"type":"Point","coordinates":[0.00964,51.54187]},"properties":{"name":"The Vicarage Lane Surgery","address":"","postcode":"","phone":"","operator":""}},{"type":"Feature","geometry":{"type":"Point","coordinates":[0.02162,51.59748]},"properties":{"name":"Queen Mary Practice","address":"High Road 114","postcode":"","phone":"","operator":""}},{"type":"Feature","geometry":{"type":"Point","coordinates":[-0.30813,51.39286]},"properties":{"name":"Evesham Terrace","address":"St Andrew's Road","postcode":"KT6 4DS","phone":"","operator":"Churchill Medical Centre"}},{"type":"Feature","geometry":{"type":"Point","coordinates":[-0.14031,51.52345]},"properties":{"name":"Fitzrovia Medical Clinic","address":"Fitzroy Square 13-14","postcode":"","phone":"","operator":""}},{"type":"Feature","geometry":{"type":"Point","coordinates":[-0.02505,51.60769]},"properties":{"name":"GP CTS","address":"Ching Way 7","postcode":"E4 8YD","phone":"","operator":""}},{"type":"Feature","geometry":{"type":"Point","coordinates":[-0.01015,51.58281]},"properties":{"name":"Addison Road Medical Practice","address":"Ravenswood Road 46","postcode":"E17 9LY","phone":"","operator":""}},{"type":"Feature","geometry":{"type":"Point","coordinates":[-0.01008,51.5827]},"properties":{"name":"Comely Bank Health Clinic","address":"Ravenswood Road 46","postcode":"E17 9LY","phone":"","operator":""}},{"type":"Feature","geometry":{"type":"Point","coordinates":[0.02465,51.59451]},"properties":{"name":"Eleos Clinic","address":"The Shrubberies 9","postcode":"E18 1BD","phone":"","operator":""}},{"type":"Feature","geometry":{"type":"Point","coordinates":[0.02533,51.59331]},"properties":{"name":"London Circumcision Centre","address":"George Lane 142","postcode":"","phone":"","operator":"Node Medical Limited"}},{"type":"Feature","geometry":{"type":"Point","coordinates":[-0.274,51.38239]},"properties":{"name":"Sunray Surgery","address":"Warren Drive South 97","postcode":"KT5 9QD","phone":"","operator":""}},{"type":"Feature","geometry":{"type":"Point","coordinates":[-0.30266,51.36843]},"properties":{"name":"Orchard Practice","address":"Orchard Gardens","postcode":"KT9 1AG","phone":"","operator":""}},{"type":"Feature","geometry":{"type":"Point","coordinates":[-0.27703,51.38313]},"properties":{"name":"Transcend Consulting Rooms","address":"Warren Drive North 65","postcode":"KT5 9LG","phone":"","operator":""}},{"type":"Feature","geometry":{"type":"Point","coordinates":[-0.03518,51.58026]},"properties":{"name":"St James Medical Practice","address":"","postcode":"","phone":"","operator":"St James Medical Practice ltd"}},{"type":"Feature","geometry":{"type":"Point","coordinates":[-0.02024,51.49817]},"properties":{"name":"Rejuvence Clinic","address":"30","postcode":"E14 9DQ","phone":"","operator":""}},{"type":"Feature","geometry":{"type":"Point","coordinates":[-0.02571,51.49854]},"properties":{"name":"Barkantine Practice","address":"Westferry Road 121","postcode":"E14 8JH","phone":"","operator":""}},{"type":"Feature","geometry":{"type":"Point","coordinates":[0.01354,51.51203]},"properties":{"name":"St Lukes' Medical Centre","address":"St Luke's Square 2","postcode":"","phone":"","operator":""}},{"type":"Feature","geometry":{"type":"Point","coordinates":[-0.07059,51.54612]},"properties":{"name":"Beechwood Medical Centre","address":"Dalston Lane 86A","postcode":"E8 3AH","phone":"","operator":""}},{"type":"Feature","geometry":{"type":"Point","coordinates":[0.05385,51.54782]},"properties":{"name":"Newham Transitional Practice","address":"","postcode":"","phone":"","operator":"East London NHS Foundation Trust"}},{"type":"Feature","geometry":{"type":"Point","coordinates":[-0.16261,51.51862]},"properties":{"name":"Harley Cosmetics London","address":"78-80 Seymour Pl","postcode":"W1H 2EH","phone":"+44 207 859 4132","operator":""}},{"type":"Feature","geometry":{"type":"Point","coordinates":[0.00191,51.55553]},"properties":{"name":"LL Medical Care","address":"","postcode":"","phone":"","operator":"LL Medical Care ltd"}},{"type":"Feature","geometry":{"type":"Point","coordinates":[0.01353,51.51199]},"properties":{"name":"Carpenter's Practice (St. Luke's Site)","address":"","postcode":"","phone":"","operator":""}},{"type":"Feature","geometry":{"type":"Point","coordinates":[0.00968,51.54182]},"properties":{"name":"Vicarage Lane Transitional Team","address":"","postcode":"","phone":"","operator":""}},{"type":"Feature","geometry":{"type":"Point","coordinates":[0.05401,51.54774]},"properties":{"name":"Carpenters Practice (Church Road)","address":"","postcode":"","phone":"","operator":"AT Medics"}},{"type":"Feature","geometry":{"type":"Point","coordinates":[0.05336,51.54152]},"properties":{"name":"Sangam Surgery (Gladstone Avenue)","address":"Gladstone Avenue 57","postcode":"","phone":"","operator":""}},{"type":"Feature","geometry":{"type":"Point","coordinates":[-0.01575,51.50485]},"properties":{"name":"Sk:n","address":"North Colonnade 34","postcode":"E14 5HX","phone":"","operator":"Lorena Cosmetics Holdings SPV Limited"}},{"type":"Feature","geometry":{"type":"Point","coordinates":[-0.02196,51.50522]},"properties":{"name":"Pure Sports Medicine","address":"Cabot Place Mall","postcode":"","phone":"","operator":""}},{"type":"Feature","geometry":{"type":"Point","coordinates":[-0.04182,51.52907]},"properties":{"name":"Suttons Wharf Health Centre","address":"Palmers Road 26","postcode":"","phone":"","operator":""}},{"type":"Feature","geometry":{"type":"Point","coordinates":[-0.03807,51.51834]},"properties":{"name":"Harford Health Centre","address":"Harford Street 115","postcode":"","phone":"","operator":""}},{"type":"Feature","geometry":{"type":"Point","coordinates":[0.00184,51.55549]},"properties":{"name":"Langthorne Sharma Family Practice","address":"","postcode":"","phone":"","operator":""}},{"type":"Feature","geometry":{"type":"Point","coordinates":[0.05374,51.54771]},"properties":{"name":"Church Road Health","address":"","postcode":"","phone":"","operator":"First 4 Health Group"}},{"type":"Feature","geometry":{"type":"Point","coordinates":[0.04382,51.54005]},"properties":{"name":"Plashet Harmony Practice","address":"Shrewsbury Road","postcode":"","phone":"","operator":""}},{"type":"Feature","geometry":{"type":"Point","coordinates":[-0.05636,51.53128]},"properties":{"name":"The Mission Practice","address":"Cambridge Heath Road 208","postcode":"","phone":"","operator":""}},{"type":"Feature","geometry":{"type":"Point","coordinates":[-0.05525,51.51358]},"properties":{"name":"City Square Medical Group","address":"Deancross Street","postcode":"E1 2QA","phone":"","operator":""}},{"type":"Feature","geometry":{"type":"Point","coordinates":[-0.07827,51.51817]},"properties":{"name":"LSDC Healthcare","address":"Widegate Street 22","postcode":"E1 7HP","phone":"","operator":""}},{"type":"Feature","geometry":{"type":"Point","coordinates":[-0.00547,51.54852]},"properties":{"name":"Liberty Bridge Road Practice","address":"","postcode":"","phone":"","operator":""}},{"type":"Feature","geometry":{"type":"Point","coordinates":[-0.04103,51.52438]},"properties":{"name":"Student Practice","address":"Bancroft Road","postcode":"E1 4DG","phone":"","operator":""}},{"type":"Feature","geometry":{"type":"Point","coordinates":[-0.06641,51.51723]},"properties":{"name":"Dr Mohammad Hossain Howlader","address":"Whitechapel Road 38-44","postcode":"","phone":"","operator":""}},{"type":"Feature","geometry":{"type":"Point","coordinates":[-0.01568,51.50499]},"properties":{"name":"Dr. Wayne Cottrell","address":"North Colonnade 34","postcode":"E14 5HX","phone":"","operator":""}},{"type":"Feature","geometry":{"type":"Point","coordinates":[0.04367,51.53936]},"properties":{"name":"Shrewsbury Road Surgery","address":"","postcode":"","phone":"","operator":""}},{"type":"Feature","geometry":{"type":"Point","coordinates":[-0.01342,51.49523]},"properties":{"name":"Island Health","address":"","postcode":"","phone":"","operator":"Island Health Primary Care Ltd"}},{"type":"Feature","geometry":{"type":"Point","coordinates":[-0.01281,51.51097]},"properties":{"name":"Gough Walk Practice","address":"Newby Place","postcode":"E14 0EY","phone":"","operator":""}},{"type":"Feature","geometry":{"type":"Point","coordinates":[-0.05574,51.53904]},"properties":{"name":"The Greenhouse Practice","address":"Tudor Road 19","postcode":"","phone":"","operator":""}},{"type":"Feature","geometry":{"type":"Point","coordinates":[-0.07294,51.51249]},"properties":{"name":"British Association for Performing Arts Medicine","address":"Mansell Street 63","postcode":"","phone":"","operator":""}},{"type":"Feature","geometry":{"type":"Point","coordinates":[0.0456,51.53137]},"properties":{"name":"The Azad Practice","address":"","postcode":"","phone":"","operator":""}},{"type":"Feature","geometry":{"type":"Point","coordinates":[0.05022,51.53258]},"properties":{"name":"Central Park Surgery","address":"Barking Road 269","postcode":"E6 1FL","phone":"","operator":""}},{"type":"Feature","geometry":{"type":"Point","coordinates":[0.02167,51.59734]},"properties":{"name":"The Elmhurst Practice","address":"High Road 114","postcode":"","phone":"","operator":""}},{"type":"Feature","geometry":{"type":"Point","coordinates":[0.0196,51.60039]},"properties":{"name":"Harley Fitzrovia Health","address":"High Road","postcode":"IG8 9FB","phone":"","operator":""}},{"type":"Feature","geometry":{"type":"Point","coordinates":[-0.09723,51.52104]},"properties":{"name":"Nuffield Health Barbican Medical Centre","address":"","postcode":"","phone":"","operator":"Nuffield Health"}},{"type":"Feature","geometry":{"type":"Point","coordinates":[-0.09816,51.51896]},"properties":{"name":"The Neaman Practice","address":"Half Moon Court 15","postcode":"","phone":"","operator":""}},{"type":"Feature","geometry":{"type":"Point","coordinates":[-0.10592,51.51997]},"properties":{"name":"Numan","address":"Farringdon Road 33","postcode":"","phone":"","operator":"Vir Health Limited"}},{"type":"Feature","geometry":{"type":"Point","coordinates":[-0.11244,51.52085]},"properties":{"name":"2Me Clinic","address":"Portpool Lane","postcode":"","phone":"","operator":"2MeClinic Ltd"}},{"type":"Feature","geometry":{"type":"Point","coordinates":[-0.11246,51.52088]},"properties":{"name":"Med Logistics Properties","address":"","postcode":"","phone":"","operator":""}},{"type":"Feature","geometry":{"type":"Point","coordinates":[-0.08833,51.52669]},"properties":{"name":"Peppy Health","address":"","postcode":"","phone":"","operator":"Peppy Health Limited"}},{"type":"Feature","geometry":{"type":"Point","coordinates":[-0.09106,51.52791]},"properties":{"name":"City Road Medical Centre","address":"City Road 190-196","postcode":"","phone":"","operator":""}},{"type":"Feature","geometry":{"type":"Point","coordinates":[-0.08748,51.52221]},"properties":{"name":"Citydoc Moorgate","address":"City Road 16","postcode":"EC1Y 2AA","phone":"","operator":""}},{"type":"Feature","geometry":{"type":"Point","coordinates":[-0.09387,51.52422]},"properties":{"name":"The General Health Clinic","address":"","postcode":"","phone":"","operator":""}},{"type":"Feature","geometry":{"type":"Point","coordinates":[-0.08728,51.52166]},"properties":{"name":"Pure Sports Medicine","address":"Finsbury Square 12","postcode":"","phone":"","operator":""}},{"type":"Feature","geometry":{"type":"Point","coordinates":[-0.07969,51.5213]},"properties":{"name":"S E I K Psychiatry","address":"","postcode":"","phone":"","operator":"Rose By The Costa Ltd"}},{"type":"Feature","geometry":{"type":"Point","coordinates":[-0.08405,51.5216]},"properties":{"name":"Elite Sports Professional Services","address":"Dysart Street 1","postcode":"EC2A 2BX","phone":"","operator":"Elite Sports Professional Services Limited"}},{"type":"Feature","geometry":{"type":"Point","coordinates":[0.22482,51.60632]},"properties":{"name":"The Robins Surgery","address":"","postcode":"","phone":"","operator":""}},{"type":"Feature","geometry":{"type":"Point","coordinates":[0.22494,51.60616]},"properties":{"name":"Dr B. Saheecha & Dr N. Saheecha","address":"","postcode":"","phone":"","operator":""}},{"type":"Feature","geometry":{"type":"Point","coordinates":[0.22479,51.60649]},"properties":{"name":"Central Park Surgery","address":"","postcode":"","phone":"","operator":""}},{"type":"Feature","geometry":{"type":"Point","coordinates":[0.22501,51.60608]},"properties":{"name":"Abbamoor Surgery","address":"","postcode":"","phone":"","operator":""}},{"type":"Feature","geometry":{"type":"Point","coordinates":[0.21931,51.56648]},"properties":{"name":"Hornchurch Healthcare","address":"Billet Lane 58b","postcode":"RM11 1XA","phone":"","operator":""}},{"type":"Feature","geometry":{"type":"Point","coordinates":[-0.0864,51.51683]},"properties":{"name":"Nomad Health Technologies","address":"London Wall 65","postcode":"EC2M 5TU","phone":"","operator":"Nomad Health Technologies Ltd"}},{"type":"Feature","geometry":{"type":"Point","coordinates":[-0.07938,51.51724]},"properties":{"name":"The Doctors Clinic Group","address":"New Street 7-8","postcode":"","phone":"","operator":"The Doctors Clinic Group Ltd"}},{"type":"Feature","geometry":{"type":"Point","coordinates":[-0.08282,51.51702]},"properties":{"name":"Myo - Suvera","address":"Old Broad Street 69","postcode":"EC2M 1QS","phone":"","operator":"Suvera Ltd"}},{"type":"Feature","geometry":{"type":"Point","coordinates":[-0.08365,51.51674]},"properties":{"name":"Health Management","address":"New Broad Street 64","postcode":"EC2M 1JJ","phone":"","operator":"Health Management Ltd"}},{"type":"Feature","geometry":{"type":"Point","coordinates":[-0.08445,51.517]},"properties":{"name":"Cosmedics City","address":"New Broad Street 42","postcode":"EC2M 1JD","phone":"","operator":""}},{"type":"Feature","geometry":{"type":"Point","coordinates":[-0.08649,51.51622]},"properties":{"name":"Japan Green Medical Centre","address":"Throgmorton Avenue 10","postcode":"","phone":"","operator":"Japan Green Medical Centre Limited"}},{"type":"Feature","geometry":{"type":"Point","coordinates":[-0.08596,51.51582]},"properties":{"name":"London Gynaecology at Austin Friars","address":"Austin Friars 15-18","postcode":"EC2N 2HE","phone":"","operator":"London Gynaecology Limited"}},{"type":"Feature","geometry":{"type":"Point","coordinates":[-0.08972,51.51523]},"properties":{"name":"The Mole Clinic","address":"Moorgate 7","postcode":"EC2R 6AF","phone":"","operator":""}},{"type":"Feature","geometry":{"type":"Point","coordinates":[-0.08889,51.51634]},"properties":{"name":"One5 Health City","address":"30","postcode":"EC2R 6PJ","phone":"","operator":"One5 Health Ltd"}},{"type":"Feature","geometry":{"type":"Point","coordinates":[-0.09091,51.51517]},"properties":{"name":"Bupa Health Centre - Basinghall","address":"Basinghall Street 4","postcode":"EC2V 5BQ","phone":"","operator":"Bupa Occupational Health Limited"}},{"type":"Feature","geometry":{"type":"Point","coordinates":[-0.08972,51.51971]},"properties":{"name":"Nuffield Health Fitness & Wellbeing","address":"Ropemaker Street 1","postcode":"EC2Y 9AW","phone":"","operator":"Nuffield Health"}},{"type":"Feature","geometry":{"type":"Point","coordinates":[-0.08375,51.51046]},"properties":{"name":"Enterprise Health Care","address":"Eastcheap 20","postcode":"EC3M 1EB","phone":"","operator":"Enterprise Healthcare Solutions Ltd"}},{"type":"Feature","geometry":{"type":"Point","coordinates":[-0.08413,51.51252]},"properties":{"name":"The London Migraine Clinic","address":"Bull's Head Passage 2-4","postcode":"","phone":"","operator":"Mountainside Limited"}},{"type":"Feature","geometry":{"type":"Point","coordinates":[-0.08289,51.51258]},"properties":{"name":"Askinology","address":"Leadenhall Market 35-36","postcode":"EC3V 1LR","phone":"","operator":"Kiwi Skin Limited"}},{"type":"Feature","geometry":{"type":"Point","coordinates":[-0.08201,51.50959]},"properties":{"name":"London Bridge Regenerative Clinic","address":"St. Dunstan's Hill 23-26","postcode":"EC3R 8HN","phone":"","operator":""}},{"type":"Feature","geometry":{"type":"Point","coordinates":[-0.08406,51.51007]},"properties":{"name":"Messina Clinic","address":"Lovat Lane 8-9","postcode":"EC3R 8DW","phone":"","operator":"Messina Clinic Limited"}},{"type":"Feature","geometry":{"type":"Point","coordinates":[-0.09268,51.51168]},"properties":{"name":"Andreea Medical","address":"Queen Street 65-66","postcode":"EC4R 1EB","phone":"","operator":"Andreea Medical ltd"}},{"type":"Feature","geometry":{"type":"Point","coordinates":[-0.09231,51.51162]},"properties":{"name":"Derma Revive Skin Clinic","address":"College Hill 1-3","postcode":"EC4R 2RA","phone":"+442035145594","operator":"Derma Revive Skin Clinic ltd"}},{"type":"Feature","geometry":{"type":"Point","coordinates":[-0.09143,51.50968]},"properties":{"name":"Nuffield Health","address":"","postcode":"","phone":"","operator":""}},{"type":"Feature","geometry":{"type":"Point","coordinates":[-0.08716,51.51151]},"properties":{"name":"Fortius Clinic","address":"King William Street 75","postcode":"EC4N 7BE","phone":"","operator":"Fortius London Limited"}},{"type":"Feature","geometry":{"type":"Point","coordinates":[-0.09552,51.51417]},"properties":{"name":"Pure Sports Medicine Limited","address":"Cheapside","postcode":"EC4M 9AF","phone":"","operator":"Pure Sports Medicine Limited"}},{"type":"Feature","geometry":{"type":"Point","coordinates":[-0.1076,51.51435]},"properties":{"name":"Geno Health Clinic","address":"Fleet Street 150","postcode":"EC4A 2DQ","phone":"","operator":"Geno Health Ltd"}},{"type":"Feature","geometry":{"type":"Point","coordinates":[-0.09384,51.51141]},"properties":{"name":"HCA Medical Centre","address":"Garlick Hill 21","postcode":"EC4V 2AU","phone":"","operator":"Roodlane Medical Limited"}},{"type":"Feature","geometry":{"type":"Point","coordinates":[-0.11025,51.51382]},"properties":{"name":"Fleet Street Clinic","address":"Fleet Street 29","postcode":"EC4Y 1AA","phone":"","operator":""}},{"type":"Feature","geometry":{"type":"Point","coordinates":[-0.10874,51.52485]},"properties":{"name":"Dr John Segarajasinghe","address":"Pine Street 17","postcode":"EC1R 0LP","phone":"","operator":""}},{"type":"Feature","geometry":{"type":"Point","coordinates":[-0.10888,51.52491]},"properties":{"name":"Clerkenwell Medical Practice","address":"","postcode":"","phone":"","operator":""}},{"type":"Feature","geometry":{"type":"Point","coordinates":[-0.07933,51.51722]},"properties":{"name":"Samedaydoctor","address":"New Street 8-9","postcode":"","phone":"","operator":"Samedaydoctor City Ltd"}},{"type":"Feature","geometry":{"type":"Point","coordinates":[-0.08642,51.51685]},"properties":{"name":"Broadgate Spine & Joint Clinic","address":"London Wall 65","postcode":"EC2M 5TU","phone":"","operator":"Broadgate Spine & Joint Clinic Limited"}},{"type":"Feature","geometry":{"type":"Point","coordinates":[-0.0864,51.51684]},"properties":{"name":"Medical Prime","address":"London Wall 65","postcode":"EC2M 5TU","phone":"","operator":"Medical Prime Limited"}},{"type":"Feature","geometry":{"type":"Point","coordinates":[-0.12044,51.52949]},"properties":{"name":"The Doctors Clinic","address":"Gray's Inn Road 283","postcode":"","phone":"","operator":"The Doctors Clinic Group Ltd"}},{"type":"Feature","geometry":{"type":"Point","coordinates":[-0.11061,51.52818]},"properties":{"name":"Amwell Group Practice","address":"Naoroji Street 4","postcode":"WC1X 0GB","phone":"","operator":""}},{"type":"Feature","geometry":{"type":"Point","coordinates":[-0.11143,51.51876]},"properties":{"name":"Apricity Fertility","address":"Gray's Inn Road 14","postcode":"WC1X 8HN","phone":"","operator":""}},{"type":"Feature","geometry":{"type":"Point","coordinates":[-0.11197,51.51623]},"properties":{"name":"Pure Sports Medicine","address":"Chancery Lane 36","postcode":"WC2A 1EN","phone":"","operator":"Pure Sports Medicine Limited"}},{"type":"Feature","geometry":{"type":"Point","coordinates":[-0.112,51.51627]},"properties":{"name":"Preventicum UK","address":"Chancery Lane 38","postcode":"WC2A 1EN","phone":"","operator":"Preventicum UK Limited"}},{"type":"Feature","geometry":{"type":"Point","coordinates":[-0.12366,51.50781]},"properties":{"name":"Embankment Place Primary Healthcare","address":"Embankment Place 1","postcode":"WC2N 6RH","phone":"","operator":"Embankment Place Primary Healthcare Limited"}},{"type":"Feature","geometry":{"type":"Point","coordinates":[-0.1173,51.51295]},"properties":{"name":"King's College London NHS Health Centre","address":"Aldwych 30","postcode":"WC2B 4PJ","phone":"","operator":""}},{"type":"Feature","geometry":{"type":"Point","coordinates":[-0.115,51.52328]},"properties":{"name":"Vie Aesthetics Holborn","address":"Gray's Inn Road 95","postcode":"WC1X 8TX","phone":"","operator":"Vie Aesthetics ltd"}},{"type":"Feature","geometry":{"type":"Point","coordinates":[-0.11366,51.51871]},"properties":{"name":"Embla","address":"Fulwood Place 4","postcode":"WC1V 6HZ","phone":"","operator":"Embla Health UK Limited"}},{"type":"Feature","geometry":{"type":"Point","coordinates":[-0.21948,51.50341]},"properties":{"name":"The Bush Doctors","address":"","postcode":"","phone":"","operator":""}},{"type":"Feature","geometry":{"type":"Point","coordinates":[0.13975,51.57224]},"properties":{"name":"Ashton Gardens Surgery","address":"Ashton Gardens","postcode":"RM6 6RT","phone":"","operator":""}},{"type":"Feature","geometry":{"type":"Point","coordinates":[-0.11958,51.51849]},"properties":{"name":"Medpro Aesthetics","address":"Procter Street 25","postcode":"WC1V 6NY","phone":"","operator":"Medpro Aesthetics Ltd"}},{"type":"Feature","geometry":{"type":"Point","coordinates":[-0.11954,51.51842]},"properties":{"name":"Sk:n","address":"Procter Street 25","postcode":"WC1V 6NY","phone":"","operator":"Lasercare Clinics (Harrogate) Limited"}},{"type":"Feature","geometry":{"type":"Point","coordinates":[-0.11563,51.5188]},"properties":{"name":"Dottore London","address":"Hand Court 24-25","postcode":"WC1V 6JF","phone":"","operator":""}},{"type":"Feature","geometry":{"type":"Point","coordinates":[-0.08528,51.51718]},"properties":{"name":"London Wall Clinic","address":"","postcode":"EC2M 5NT","phone":"","operator":"ToHealth Ltd"}},{"type":"Feature","geometry":{"type":"Point","coordinates":[-0.12079,51.51714]},"properties":{"name":"CheqUp HQ","address":"Kingsway 125","postcode":"WC2B 6NH","phone":"","operator":"CheqUp Health Limited"}},{"type":"Feature","geometry":{"type":"Point","coordinates":[-0.12355,51.51481]},"properties":{"name":"NewWoman Health","address":"Shelton Street 71-75","postcode":"WC2H 9JQ","phone":"","operator":"NewWoman Health Ltd"}},{"type":"Feature","geometry":{"type":"Point","coordinates":[0.07716,51.54595]},"properties":{"name":"AT Medics / The Loxford Practice","address":"Ilford Lane 417","postcode":"IG1 2SN","phone":"","operator":""}},{"type":"Feature","geometry":{"type":"Point","coordinates":[-0.12879,51.52725]},"properties":{"name":"MEDii Health","address":"Duke's Road 18","postcode":"WC1H 9PY","phone":"","operator":"MEDII Ltd"}},{"type":"Feature","geometry":{"type":"Point","coordinates":[-0.11242,51.52091]},"properties":{"name":"Medical Health Limited","address":"Portpool Lane 1","postcode":"EC1N 7UU","phone":"","operator":"Medical Health Limited"}},{"type":"Feature","geometry":{"type":"Point","coordinates":[-0.08632,51.51672]},"properties":{"name":"H3 Care","address":"Throgmorton Avenue 2","postcode":"EC2N 2DG","phone":"","operator":"H3 Care Ltd"}},{"type":"Feature","geometry":{"type":"Point","coordinates":[-0.12417,51.47056]},"properties":{"name":"The Grantham Practice","address":"Clapham Road 275-277","postcode":"","phone":"+44 20 7733 6191","operator":""}},{"type":"Feature","geometry":{"type":"Point","coordinates":[-0.13687,51.51569]},"properties":{"name":"AI Beauty Clinic","address":"","postcode":"","phone":"","operator":""}},{"type":"Feature","geometry":{"type":"Point","coordinates":[-0.10164,51.44873]},"properties":{"name":"Brockwel Park Surgery","address":"Norwood Road 117","postcode":"","phone":"","operator":""}},{"type":"Feature","geometry":{"type":"Point","coordinates":[-0.08496,51.55053]},"properties":{"name":"Angel Chiropody & Podiatry","address":"Mildmay Park 89-91","postcode":"N1 4NB","phone":"+44 20 7226 7006","operator":""}},{"type":"Feature","geometry":{"type":"Point","coordinates":[-0.29122,51.62132]},"properties":{"name":"Mulberry Medical Practice","address":"Willow Court 2","postcode":"","phone":"","operator":""}},{"type":"Feature","geometry":{"type":"Point","coordinates":[-0.38752,51.44046]},"properties":{"name":"Mount Medical Centre","address":"Market Parade 7","postcode":"","phone":"","operator":"NHS"}},{"type":"Feature","geometry":{"type":"Point","coordinates":[-0.36489,51.58122]},"properties":{"name":"The Ridgeway Surgery","address":"Imperial Drive 71","postcode":"HA2 7DU","phone":"","operator":""}},{"type":"Feature","geometry":{"type":"Point","coordinates":[-0.02593,51.41028]},"properties":{"name":"Bromleag Care Practice","address":"The Crescent 14","postcode":"BR3 1DU","phone":"","operator":""}},{"type":"Feature","geometry":{"type":"Point","coordinates":[0.09501,51.3822]},"properties":{"name":"Ballater Surgery","address":"Chislehurst Road 108","postcode":"BR6 0DP","phone":"","operator":""}},{"type":"Feature","geometry":{"type":"Point","coordinates":[0.07014,51.35924]},"properties":{"name":"Bank House Surgery","address":"High Street 84","postcode":"BR6 7BA","phone":"","operator":""}},{"type":"Feature","geometry":{"type":"Point","coordinates":[-0.02395,51.4073]},"properties":{"name":"Manor Road Surgery","address":"Manor Road 14","postcode":"BR3 5LE","phone":"","operator":""}},{"type":"Feature","geometry":{"type":"Point","coordinates":[-0.01799,51.40739]},"properties":{"name":"Atwork GP","address":"Westgate Road","postcode":"BR3 5DT","phone":"","operator":""}},{"type":"Feature","geometry":{"type":"Point","coordinates":[-0.02027,51.40708]},"properties":{"name":"Corner Ways Surgery","address":"Manor Road 50","postcode":"BR3 5LG","phone":"","operator":""}},{"type":"Feature","geometry":{"type":"Point","coordinates":[0.0596,51.40005]},"properties":{"name":"DR RAJASUNDARAM","address":"Otford Close","postcode":"BR1 2JQ","phone":"","operator":""}},{"type":"Feature","geometry":{"type":"Point","coordinates":[0.10335,51.35598]},"properties":{"name":"Chelsfield Surgery","address":"Windsor Drive 62","postcode":"BR6 6HD","phone":"","operator":""}},{"type":"Feature","geometry":{"type":"Point","coordinates":[0.00814,51.4299]},"properties":{"name":"Oakview Family Practice","address":"Shroffold Road 190","postcode":"BR1 5NJ","phone":"","operator":""}},{"type":"Feature","geometry":{"type":"Point","coordinates":[0.01574,51.40048]},"properties":{"name":"Dysart Surgery","address":"Ravensbourne Road 13","postcode":"BR1 1HN","phone":"","operator":""}},{"type":"Feature","geometry":{"type":"Point","coordinates":[0.01696,51.41459]},"properties":{"name":"Sundridge Medical Centre","address":"London Lane","postcode":"BR1 4HE","phone":"","operator":""}},{"type":"Feature","geometry":{"type":"Point","coordinates":[0.09,51.35532]},"properties":{"name":"The Family Surgery","address":"","postcode":"BR6 6BG","phone":"","operator":""}},{"type":"Feature","geometry":{"type":"Point","coordinates":[0.09007,51.3542]},"properties":{"name":"Green Street Green Medical Centre","address":"","postcode":"BR6 6BG","phone":"","operator":""}},{"type":"Feature","geometry":{"type":"Point","coordinates":[0.01662,51.37715]},"properties":{"name":"Forge Close Surgery","address":"","postcode":"BR2 7LL","phone":"","operator":""}},{"type":"Feature","geometry":{"type":"Point","coordinates":[0.05789,51.42478]},"properties":{"name":"White Horse Hill","address":"","postcode":"BR7 6DH","phone":"","operator":""}},{"type":"Feature","geometry":{"type":"Point","coordinates":[0.05606,51.42611]},"properties":{"name":"Hill Surgery","address":"","postcode":"BR7 6DH","phone":"","operator":""}},{"type":"Feature","geometry":{"type":"Point","coordinates":[0.09641,51.3686]},"properties":{"name":"Highland Medical Practice","address":"","postcode":"BR6 9NJ","phone":"","operator":""}},{"type":"Feature","geometry":{"type":"Point","coordinates":[-0.03284,51.40492]},"properties":{"name":"Cator Medical Centre","address":"Croydon Road","postcode":"BR3 3FD","phone":"","operator":"Kelsey Healthcare Limited"}},{"type":"Feature","geometry":{"type":"Point","coordinates":[0.00984,51.41479]},"properties":{"name":"London Lane Clinic","address":"London Lane","postcode":"BR1 4HB","phone":"","operator":""}},{"type":"Feature","geometry":{"type":"Point","coordinates":[0.01476,51.4199]},"properties":{"name":"Links Medical Practice","address":"Brook Lane","postcode":"BR1 4PX","phone":"","operator":""}},{"type":"Feature","geometry":{"type":"Point","coordinates":[0.0877,51.37024]},"properties":{"name":"Tubbenden Lane Branch","address":"Tubbenden Lane 7A - 7B","postcode":"BR6 9PN","phone":"","operator":""}},{"type":"Feature","geometry":{"type":"Point","coordinates":[0.01085,51.37799]},"properties":{"name":"Pickhurst Surgery","address":"","postcode":"BR2 7JF","phone":"","operator":""}},{"type":"Feature","geometry":{"type":"Point","coordinates":[0.0264,51.40599]},"properties":{"name":"South View Partnership","address":"","postcode":"BR1 3DR","phone":"","operator":""}},{"type":"Feature","geometry":{"type":"Point","coordinates":[-0.04197,51.39913]},"properties":{"name":"ES11 Ltd","address":"Croydon Road","postcode":"BR3 4DE","phone":"","operator":""}},{"type":"Feature","geometry":{"type":"Point","coordinates":[-0.04363,51.3992]},"properties":{"name":"St James' Practice","address":"Croydon Road","postcode":"BR3 4DG","phone":"","operator":""}},{"type":"Feature","geometry":{"type":"Point","coordinates":[-0.01477,51.37707]},"properties":{"name":"Station Road Surgery","address":"Station Road","postcode":"BR4 0PU","phone":"","operator":""}},{"type":"Feature","geometry":{"type":"Point","coordinates":[0.06408,51.42099]},"properties":{"name":"The Woodlands Practice","address":"Red Hill","postcode":"BR7 6DB","phone":"","operator":""}},{"type":"Feature","geometry":{"type":"Point","coordinates":[-0.01958,51.37699]},"properties":{"name":"The Artemis Clinic","address":"High Street 106-108","postcode":"BR4 0ND","phone":"","operator":""}},{"type":"Feature","geometry":{"type":"Point","coordinates":[-0.02307,51.37683]},"properties":{"name":"Wickham Park Surgery","address":"Manor Road 2","postcode":"BR4 9PS","phone":"","operator":""}},{"type":"Feature","geometry":{"type":"Point","coordinates":[0.07628,51.3853]},"properties":{"name":"The Whitehouse Surgery","address":"Towncourt Lane 123","postcode":"BR5 1EL","phone":"","operator":""}},{"type":"Feature","geometry":{"type":"Point","coordinates":[0.01646,51.40848]},"properties":{"name":"SpaMedica Bromley","address":"Tweedy Road","postcode":"BR1 3WA","phone":"","operator":""}},{"type":"Feature","geometry":{"type":"Point","coordinates":[0.00933,51.40912]},"properties":{"name":"Integura","address":"Blythe Road 7","postcode":"BR1 3RS","phone":"","operator":""}},{"type":"Feature","geometry":{"type":"Point","coordinates":[0.05573,51.40766]},"properties":{"name":"Chislehurst","address":"Chislehurst Road 59","postcode":"BR7 5NP","phone":"","operator":"The South London Private GP Limited"}},{"type":"Feature","geometry":{"type":"Point","coordinates":[-0.40595,51.38076]},"properties":{"name":"The Red Practice Walton","address":"","postcode":"","phone":"","operator":""}},{"type":"Feature","geometry":{"type":"Point","coordinates":[-0.40597,51.38078]},"properties":{"name":"Yellow Practice","address":"","postcode":"","phone":"","operator":""}},{"type":"Feature","geometry":{"type":"Point","coordinates":[-0.40592,51.38075]},"properties":{"name":"The White practice","address":"","postcode":"","phone":"","operator":""}},{"type":"Feature","geometry":{"type":"Point","coordinates":[-0.11863,51.51615]},"properties":{"name":"The Royal College of Radiologists","address":"Lincoln's Inn Fields 63","postcode":"","phone":"","operator":""}},{"type":"Feature","geometry":{"type":"Point","coordinates":[-0.25572,51.39799]},"properties":{"name":"Roselawn Surgery","address":"Malden Road 149","postcode":"KT3 6AA","phone":"","operator":""}},{"type":"Feature","geometry":{"type":"Point","coordinates":[-0.09376,51.56834]},"properties":{"name":"John Scott Health Centre","address":"Green Lanes 220","postcode":"N4 2NU","phone":"+442039946900","operator":""}},{"type":"Feature","geometry":{"type":"Point","coordinates":[-0.02763,51.52756]},"properties":{"name":"Harley Grove Medical Centre","address":"Harley Grove 15","postcode":"","phone":"","operator":""}}]}