{"type":"FeatureCollection","meta":{"id":"gyms","generated":"2026-04-05","count":651,"source":"OpenStreetMap via Overpass API","vintage":"OSM snapshot at generation date"},"features":[{"type":"Feature","geometry":{"type":"Point","coordinates":[-0.18018,51.41419]},"properties":{"name":"David Lloyd Colliers Wood","address":"Chapter Way 29","postcode":"SW19 2RF","sport":""}},{"type":"Feature","geometry":{"type":"Point","coordinates":[-0.06718,51.50778]},"properties":{"name":"Fitness First","address":"Thomas More Square","postcode":"","sport":""}},{"type":"Feature","geometry":{"type":"Point","coordinates":[-0.12786,51.52436]},"properties":{"name":"Bannatyne Health Club","address":"Woburn Place 32","postcode":"WC1H 0JR","sport":"swimming"}},{"type":"Feature","geometry":{"type":"Point","coordinates":[-0.19157,51.48991]},"properties":{"name":"London Lifestyle Academy","address":"Earls Court Square","postcode":"SW5 9DJ","sport":"yoga"}},{"type":"Feature","geometry":{"type":"Point","coordinates":[-0.10883,51.51887]},"properties":{"name":"Gymbox","address":"","postcode":"","sport":""}},{"type":"Feature","geometry":{"type":"Point","coordinates":[-0.07974,51.50523]},"properties":{"name":"Third Space","address":"More London Riverside 2b","postcode":"SE1 2AP","sport":""}},{"type":"Feature","geometry":{"type":"Point","coordinates":[-0.19079,51.53623]},"properties":{"name":"Bannatyne Health Club","address":"Greville Road 4","postcode":"NW6 5HZ","sport":""}},{"type":"Feature","geometry":{"type":"Point","coordinates":[-0.10161,51.53718]},"properties":{"name":"Nuffield Health Fitness & Wellbeing","address":"","postcode":"","sport":""}},{"type":"Feature","geometry":{"type":"Point","coordinates":[-0.17987,51.51919]},"properties":{"name":"Nuffield Health Fitness & Wellbeing","address":"Sheldon Square 2","postcode":"","sport":""}},{"type":"Feature","geometry":{"type":"Point","coordinates":[-0.06843,51.59571]},"properties":{"name":"EasyGym","address":"High Road 570,590","postcode":"N17 9TA","sport":""}},{"type":"Feature","geometry":{"type":"Point","coordinates":[-0.08149,51.50356]},"properties":{"name":"Tokei Centre","address":"Magdalen Street 28","postcode":"SE1 2EN","sport":"martial_arts"}},{"type":"Feature","geometry":{"type":"Point","coordinates":[-0.2191,51.5036]},"properties":{"name":"Fitness First","address":"","postcode":"","sport":""}},{"type":"Feature","geometry":{"type":"Point","coordinates":[-0.10484,51.53115]},"properties":{"name":"Virgin Active","address":"","postcode":"","sport":""}},{"type":"Feature","geometry":{"type":"Point","coordinates":[-0.1181,51.52076]},"properties":{"name":"PureGym","address":"Theobalds Road 84","postcode":"WC1X 8RW","sport":"gym"}},{"type":"Feature","geometry":{"type":"Point","coordinates":[-0.12268,51.58068]},"properties":{"name":"Virgin Active","address":"","postcode":"","sport":""}},{"type":"Feature","geometry":{"type":"Point","coordinates":[-0.07887,51.51271]},"properties":{"name":"Fitness First","address":"Fenchurch Street 106","postcode":"","sport":""}},{"type":"Feature","geometry":{"type":"Point","coordinates":[-0.07625,51.51125]},"properties":{"name":"Fitness First","address":"","postcode":"","sport":""}},{"type":"Feature","geometry":{"type":"Point","coordinates":[-0.11895,51.51784]},"properties":{"name":"GymBox","address":"","postcode":"","sport":""}},{"type":"Feature","geometry":{"type":"Point","coordinates":[-0.0944,51.48567]},"properties":{"name":"The Gym","address":"Walworth Road 332-344","postcode":"SE17 2NA","sport":""}},{"type":"Feature","geometry":{"type":"Point","coordinates":[-0.10114,51.50399]},"properties":{"name":"The Ring","address":"","postcode":"","sport":"boxing"}},{"type":"Feature","geometry":{"type":"Point","coordinates":[-0.09079,51.50083]},"properties":{"name":"PureGym","address":"","postcode":"","sport":""}},{"type":"Feature","geometry":{"type":"Point","coordinates":[-0.21631,51.35818]},"properties":{"name":"The Chatsworth Studio","address":"","postcode":"","sport":"pilates"}},{"type":"Feature","geometry":{"type":"Point","coordinates":[-0.11819,51.52397]},"properties":{"name":"Nuffield Health Fitness & Wellbeing","address":"","postcode":"","sport":""}},{"type":"Feature","geometry":{"type":"Point","coordinates":[-0.18729,51.51073]},"properties":{"name":"Barry's","address":"Queensway 9a","postcode":"W2 4QJ","sport":""}},{"type":"Feature","geometry":{"type":"Point","coordinates":[-0.12499,51.57756]},"properties":{"name":"=Results","address":"Crouch End Hill 56","postcode":"","sport":""}},{"type":"Feature","geometry":{"type":"Point","coordinates":[-0.07456,51.50154]},"properties":{"name":"The Circle Gym and Spa","address":"Queen Elizabeth Street","postcode":"SE1 2JE","sport":"gymnastics;swimming"}},{"type":"Feature","geometry":{"type":"Point","coordinates":[-0.19751,51.48068]},"properties":{"name":"PureGym","address":"Jerdan Place 25","postcode":"SW6 1BE","sport":""}},{"type":"Feature","geometry":{"type":"Point","coordinates":[-0.16952,51.46341]},"properties":{"name":"Fitness First","address":"","postcode":"","sport":"fitness"}},{"type":"Feature","geometry":{"type":"Point","coordinates":[0.1125,51.39227]},"properties":{"name":"Hitio Gym","address":"","postcode":"","sport":""}},{"type":"Feature","geometry":{"type":"Point","coordinates":[-0.12166,51.50971]},"properties":{"name":"Virgin Active","address":"","postcode":"","sport":"fitness"}},{"type":"Feature","geometry":{"type":"Point","coordinates":[-0.19085,51.54774]},"properties":{"name":"Movers and Shapers","address":"","postcode":"","sport":""}},{"type":"Feature","geometry":{"type":"Point","coordinates":[-0.118,51.56327]},"properties":{"name":"Hello Yoga Studio & Fair-Well Shop","address":"","postcode":"","sport":"yoga"}},{"type":"Feature","geometry":{"type":"Point","coordinates":[-0.09704,51.51174]},"properties":{"name":"Fitness First","address":"","postcode":"","sport":""}},{"type":"Feature","geometry":{"type":"Point","coordinates":[-0.21408,51.46033]},"properties":{"name":"PureGym","address":"","postcode":"","sport":""}},{"type":"Feature","geometry":{"type":"Point","coordinates":[-0.38507,51.59542]},"properties":{"name":"Fitness First","address":"","postcode":"","sport":""}},{"type":"Feature","geometry":{"type":"Point","coordinates":[0.0008,51.5423]},"properties":{"name":"PureGym","address":"The Mall","postcode":"","sport":""}},{"type":"Feature","geometry":{"type":"Point","coordinates":[-0.14842,51.55867]},"properties":{"name":"Fit Shape Studio","address":"Grove Terrace 31","postcode":"NW5 1PL","sport":""}},{"type":"Feature","geometry":{"type":"Point","coordinates":[-0.15601,51.51318]},"properties":{"name":"Mayfair Health Club","address":"","postcode":"","sport":""}},{"type":"Feature","geometry":{"type":"Point","coordinates":[-0.00976,51.46271]},"properties":{"name":"PureGym","address":"Lewisham High Street 67-71a","postcode":"SE13 5JX","sport":""}},{"type":"Feature","geometry":{"type":"Point","coordinates":[-0.05917,51.5885]},"properties":{"name":"The Gym","address":"","postcode":"","sport":""}},{"type":"Feature","geometry":{"type":"Point","coordinates":[-0.11142,51.55172]},"properties":{"name":"BodyJunkies","address":"Holloway Road 259","postcode":"","sport":""}},{"type":"Feature","geometry":{"type":"Point","coordinates":[-0.09148,51.50968]},"properties":{"name":"Nuffield Health Fitness & Wellbeing","address":"Cousin Lane","postcode":"EC4R 3XJ","sport":""}},{"type":"Feature","geometry":{"type":"Point","coordinates":[-0.09257,51.51056]},"properties":{"name":"F45 Training","address":"Upper Thames Street 72","postcode":"EC4R 3TA","sport":""}},{"type":"Feature","geometry":{"type":"Point","coordinates":[-0.10108,51.37294]},"properties":{"name":"Virgin Active","address":"","postcode":"","sport":""}},{"type":"Feature","geometry":{"type":"Point","coordinates":[-0.08391,51.52358]},"properties":{"name":"The Vault Gym","address":"","postcode":"","sport":""}},{"type":"Feature","geometry":{"type":"Point","coordinates":[0.0683,51.50682]},"properties":{"name":"Aqua East","address":"","postcode":"","sport":""}},{"type":"Feature","geometry":{"type":"Point","coordinates":[-0.1866,51.43927]},"properties":{"name":"Enhance Fitness","address":"Garratt Lane 593","postcode":"SW18 4ST","sport":""}},{"type":"Feature","geometry":{"type":"Point","coordinates":[-0.2046,51.41976]},"properties":{"name":"Nuffield Health Fitness & Wellbeing","address":"The Broadway 37","postcode":"SW19 1QB","sport":"fitness;swimming"}},{"type":"Feature","geometry":{"type":"Point","coordinates":[-0.17823,51.55656]},"properties":{"name":"Heartcore Hampstead","address":"Hampstead High Street 50","postcode":"NW3 1QG","sport":"pilates"}},{"type":"Feature","geometry":{"type":"Point","coordinates":[-0.10055,51.37126]},"properties":{"name":"F45 Training","address":"High Street 70","postcode":"CR0 1NA","sport":""}},{"type":"Feature","geometry":{"type":"Point","coordinates":[-0.09782,51.373]},"properties":{"name":"MYPT Therapy","address":"St George's Walk 38","postcode":"CR0 1YJ","sport":""}},{"type":"Feature","geometry":{"type":"Point","coordinates":[-0.09794,51.37299]},"properties":{"name":"Reformer Club by MyPT","address":"St George's Walk 36","postcode":"CR0 1YJ","sport":""}},{"type":"Feature","geometry":{"type":"Point","coordinates":[-0.11534,51.46442]},"properties":{"name":"Fitness First","address":"","postcode":"","sport":""}},{"type":"Feature","geometry":{"type":"Point","coordinates":[-0.19472,51.45635]},"properties":{"name":"Nuffield Health Fitness & Wellbeing","address":"","postcode":"","sport":""}},{"type":"Feature","geometry":{"type":"Point","coordinates":[-0.30316,51.41554]},"properties":{"name":"Nuffield Health Fitness & Wellbeing","address":"Richmond Road","postcode":"KT2 5EN","sport":"fitness"}},{"type":"Feature","geometry":{"type":"Point","coordinates":[-0.1081,51.59723]},"properties":{"name":"The Gym","address":"","postcode":"","sport":""}},{"type":"Feature","geometry":{"type":"Point","coordinates":[-0.09765,51.57642]},"properties":{"name":"The Gym","address":"","postcode":"","sport":""}},{"type":"Feature","geometry":{"type":"Point","coordinates":[-0.09951,51.58298]},"properties":{"name":"Legends Gym","address":"Salisbury Promenade 6-9","postcode":"N8 0RX","sport":""}},{"type":"Feature","geometry":{"type":"Point","coordinates":[-0.10766,51.56545]},"properties":{"name":"The Manor LDN","address":"","postcode":"","sport":""}},{"type":"Feature","geometry":{"type":"Point","coordinates":[-0.15852,51.52386]},"properties":{"name":"Total Chi Yoga","address":"Baker Street 243","postcode":"","sport":"yoga"}},{"type":"Feature","geometry":{"type":"Point","coordinates":[-0.12503,51.57706]},"properties":{"name":"3Tribes","address":"","postcode":"","sport":""}},{"type":"Feature","geometry":{"type":"Point","coordinates":[0.05358,51.45022]},"properties":{"name":"MMA Fitness Gym","address":"Passey Place 4","postcode":"","sport":""}},{"type":"Feature","geometry":{"type":"Point","coordinates":[0.1242,51.40842]},"properties":{"name":"Bannatyne Health Club","address":"Sandy Lane","postcode":"BR5 3HY","sport":""}},{"type":"Feature","geometry":{"type":"Point","coordinates":[-0.13481,51.52238]},"properties":{"name":"Fitness First","address":"","postcode":"","sport":""}},{"type":"Feature","geometry":{"type":"Point","coordinates":[-0.10536,51.38057]},"properties":{"name":"The Gym","address":"London Road 99-101","postcode":"","sport":""}},{"type":"Feature","geometry":{"type":"Point","coordinates":[-0.1238,51.50994]},"properties":{"name":"Fitness First","address":"","postcode":"","sport":""}},{"type":"Feature","geometry":{"type":"Point","coordinates":[-0.08403,51.51857]},"properties":{"name":"Fitness First","address":"","postcode":"","sport":"fitness"}},{"type":"Feature","geometry":{"type":"Point","coordinates":[-0.12574,51.49671]},"properties":{"name":"Bannatynes Gym","address":"","postcode":"","sport":""}},{"type":"Feature","geometry":{"type":"Point","coordinates":[-0.1267,51.48521]},"properties":{"name":"The Gym","address":"","postcode":"","sport":""}},{"type":"Feature","geometry":{"type":"Point","coordinates":[-0.1418,51.49757]},"properties":{"name":"PureGym","address":"Bressenden Place","postcode":"SW1E 5BH","sport":""}},{"type":"Feature","geometry":{"type":"Point","coordinates":[-0.04184,51.53215]},"properties":{"name":"PureGym","address":"Grove Road","postcode":"","sport":""}},{"type":"Feature","geometry":{"type":"Point","coordinates":[-0.10229,51.55831]},"properties":{"name":"Fitness First","address":"","postcode":"","sport":""}},{"type":"Feature","geometry":{"type":"Point","coordinates":[-0.07877,51.51699]},"properties":{"name":"Fitness First","address":"","postcode":"","sport":""}},{"type":"Feature","geometry":{"type":"Point","coordinates":[-0.08297,51.51504]},"properties":{"name":"Fitness First","address":"","postcode":"","sport":""}},{"type":"Feature","geometry":{"type":"Point","coordinates":[-0.0863,51.5116]},"properties":{"name":"Cyclebeat","address":"Lombard Court 8","postcode":"","sport":""}},{"type":"Feature","geometry":{"type":"Point","coordinates":[-0.10316,51.53141]},"properties":{"name":"Anytime Fitness","address":"","postcode":"","sport":"fitness"}},{"type":"Feature","geometry":{"type":"Point","coordinates":[-0.1815,51.54803]},"properties":{"name":"Virgin Active","address":"","postcode":"","sport":"fitness"}},{"type":"Feature","geometry":{"type":"Point","coordinates":[-0.12267,51.48825]},"properties":{"name":"Sleven","address":"","postcode":"","sport":""}},{"type":"Feature","geometry":{"type":"Point","coordinates":[-0.08463,51.5113]},"properties":{"name":"Fitness First","address":"","postcode":"","sport":""}},{"type":"Feature","geometry":{"type":"Point","coordinates":[-0.30299,51.51206]},"properties":{"name":"Nuffield Health","address":"","postcode":"","sport":""}},{"type":"Feature","geometry":{"type":"Point","coordinates":[-0.33753,51.50782]},"properties":{"name":"The Abu Halima Centre","address":"Boston Road 31","postcode":"W7 3SH","sport":""}},{"type":"Feature","geometry":{"type":"Point","coordinates":[-0.20618,51.53698]},"properties":{"name":"Fitness First","address":"","postcode":"","sport":""}},{"type":"Feature","geometry":{"type":"Point","coordinates":[-0.18888,51.45688]},"properties":{"name":"F45 Training","address":"","postcode":"","sport":""}},{"type":"Feature","geometry":{"type":"Point","coordinates":[-0.13513,51.51024]},"properties":{"name":"Akasha","address":"","postcode":"","sport":""}},{"type":"Feature","geometry":{"type":"Point","coordinates":[-0.09588,51.37413]},"properties":{"name":"The Gym","address":"George Street","postcode":"CR0 1PE","sport":"fitness"}},{"type":"Feature","geometry":{"type":"Point","coordinates":[-0.2757,51.49484]},"properties":{"name":"Virgin Active","address":"","postcode":"","sport":""}},{"type":"Feature","geometry":{"type":"Point","coordinates":[-0.14045,51.49803]},"properties":{"name":"Fitness First","address":"","postcode":"","sport":""}},{"type":"Feature","geometry":{"type":"Point","coordinates":[0.1743,51.39625]},"properties":{"name":"Total Fitness","address":"London Road","postcode":"","sport":""}},{"type":"Feature","geometry":{"type":"Point","coordinates":[0.17615,51.52366]},"properties":{"name":"Origin Health & Fitness","address":"","postcode":"","sport":"fitness"}},{"type":"Feature","geometry":{"type":"Point","coordinates":[-0.41163,51.44602]},"properties":{"name":"PureGym","address":"High Street","postcode":"TW13 4AU","sport":""}},{"type":"Feature","geometry":{"type":"Point","coordinates":[-0.09035,51.52462]},"properties":{"name":"énergie Fitness","address":"Bunhill Row 60-63","postcode":"EC1Y 8QD","sport":""}},{"type":"Feature","geometry":{"type":"Point","coordinates":[-0.15044,51.51809]},"properties":{"name":"Third Space","address":"Bulstrode Place","postcode":"W1U 2HU","sport":"fitness"}},{"type":"Feature","geometry":{"type":"Point","coordinates":[-0.0904,51.51175]},"properties":{"name":"Virgin Active","address":"Cannon Street 97","postcode":"EC4N 5AE","sport":"fitness"}},{"type":"Feature","geometry":{"type":"Point","coordinates":[-0.14113,51.5205]},"properties":{"name":"Rumble","address":"New Cavendish Street 101-105","postcode":"","sport":""}},{"type":"Feature","geometry":{"type":"Point","coordinates":[-0.12396,51.51394]},"properties":{"name":"Nuffield Health Fitness & Wellbeing","address":"","postcode":"","sport":""}},{"type":"Feature","geometry":{"type":"Point","coordinates":[-0.11873,51.51272]},"properties":{"name":"LA Fitness","address":"","postcode":"","sport":""}},{"type":"Feature","geometry":{"type":"Point","coordinates":[-0.11519,51.5853]},"properties":{"name":"Trinity Fit","address":"Tottenham Lane 92","postcode":"","sport":""}},{"type":"Feature","geometry":{"type":"Point","coordinates":[-0.15828,51.43621]},"properties":{"name":"Fitness First","address":"Balham High Road 279-, 289-291","postcode":"SW17 7BA","sport":""}},{"type":"Feature","geometry":{"type":"Point","coordinates":[-0.10165,51.53662]},"properties":{"name":"MoreYoga","address":"Essex Road 21","postcode":"N1 2SA","sport":"yoga"}},{"type":"Feature","geometry":{"type":"Point","coordinates":[-0.19058,51.53083]},"properties":{"name":"Paddington Recreation Ground Fitness Suite","address":"","postcode":"","sport":""}},{"type":"Feature","geometry":{"type":"Point","coordinates":[-0.08079,51.5175]},"properties":{"name":"Fitness First","address":"","postcode":"","sport":""}},{"type":"Feature","geometry":{"type":"Point","coordinates":[-0.09005,51.52565]},"properties":{"name":"Gym Box","address":"","postcode":"","sport":""}},{"type":"Feature","geometry":{"type":"Point","coordinates":[-0.11282,51.57402]},"properties":{"name":"N4 workout","address":"Ferme Park Road 19","postcode":"N4 4DS","sport":""}},{"type":"Feature","geometry":{"type":"Point","coordinates":[-0.12256,51.53675]},"properties":{"name":"Frame","address":"York Way 1","postcode":"N1C 4AS","sport":""}},{"type":"Feature","geometry":{"type":"Point","coordinates":[-0.32987,51.44966]},"properties":{"name":"Anytime Fitness","address":"London Road","postcode":"","sport":""}},{"type":"Feature","geometry":{"type":"Point","coordinates":[-0.33011,51.44534]},"properties":{"name":"PureGym","address":"Heath Road 1","postcode":"TW1 4AW","sport":""}},{"type":"Feature","geometry":{"type":"Point","coordinates":[-0.12979,51.43287]},"properties":{"name":"Virgin Active","address":"Ockley Road 20","postcode":"SW16 1UB","sport":""}},{"type":"Feature","geometry":{"type":"Point","coordinates":[-0.09746,51.51786]},"properties":{"name":"Virgin Active","address":"Aldersgate Street 200","postcode":"EC1A 4HD","sport":""}},{"type":"Feature","geometry":{"type":"Point","coordinates":[-0.01476,51.46776]},"properties":{"name":"Silkworks Gym","address":"","postcode":"","sport":"fitness"}},{"type":"Feature","geometry":{"type":"Point","coordinates":[-0.07711,51.51452]},"properties":{"name":"PureGym","address":"","postcode":"","sport":"fitness"}},{"type":"Feature","geometry":{"type":"Point","coordinates":[-0.36563,51.4146]},"properties":{"name":"Curves","address":"","postcode":"","sport":""}},{"type":"Feature","geometry":{"type":"Point","coordinates":[-0.05882,51.4178]},"properties":{"name":"Temple of Strength","address":"High Street 21","postcode":"","sport":""}},{"type":"Feature","geometry":{"type":"Point","coordinates":[-0.11716,51.47643]},"properties":{"name":"The Gym","address":"Lett Road 15","postcode":"SW9 0HP","sport":""}},{"type":"Feature","geometry":{"type":"Point","coordinates":[-0.05623,51.42755]},"properties":{"name":"PureGym","address":"Kirkdale 291","postcode":"SE26 4QD","sport":""}},{"type":"Feature","geometry":{"type":"Point","coordinates":[-0.08108,51.64863]},"properties":{"name":"Nuffield Health Fitness & Wellbeing","address":"Sydney Road 52","postcode":"EN2 6SZ","sport":""}},{"type":"Feature","geometry":{"type":"Point","coordinates":[-0.06146,51.49404]},"properties":{"name":"PureGym","address":"","postcode":"","sport":""}},{"type":"Feature","geometry":{"type":"Point","coordinates":[-0.19184,51.53696]},"properties":{"name":"énergie fitness","address":"Kilburn High Road 34a-36","postcode":"NW6 5UA","sport":""}},{"type":"Feature","geometry":{"type":"Point","coordinates":[-0.09833,51.5172]},"properties":{"name":"PureGym","address":"Little Britain 20","postcode":"EC1A 7DH","sport":""}},{"type":"Feature","geometry":{"type":"Point","coordinates":[-0.13152,51.4757]},"properties":{"name":"PureGym","address":"","postcode":"","sport":""}},{"type":"Feature","geometry":{"type":"Point","coordinates":[-0.10747,51.5629]},"properties":{"name":"PureGym","address":"","postcode":"","sport":"gym"}},{"type":"Feature","geometry":{"type":"Point","coordinates":[-0.14539,51.55397]},"properties":{"name":"PureGym","address":"","postcode":"","sport":"fitness"}},{"type":"Feature","geometry":{"type":"Point","coordinates":[-0.11335,51.52632]},"properties":{"name":"Ozone Health and Fitness Club","address":"","postcode":"WC1X 9HX","sport":""}},{"type":"Feature","geometry":{"type":"Point","coordinates":[-0.25658,51.59156]},"properties":{"name":"The Gym","address":"","postcode":"","sport":""}},{"type":"Feature","geometry":{"type":"Point","coordinates":[-0.12679,51.58211]},"properties":{"name":"Rise Crouch End","address":"Park Road 86","postcode":"N8 8JQ","sport":"fitness;exercise;personal_training"}},{"type":"Feature","geometry":{"type":"Point","coordinates":[-0.1223,51.56757]},"properties":{"name":"Mode Personal Training","address":"Hornsey Road 490","postcode":"","sport":""}},{"type":"Feature","geometry":{"type":"Point","coordinates":[-0.01045,51.57394]},"properties":{"name":"Leyton Gym","address":"","postcode":"","sport":""}},{"type":"Feature","geometry":{"type":"Point","coordinates":[-0.11345,51.55207]},"properties":{"name":"Better Gym Holloway","address":"Hornsey Street 5-7","postcode":"","sport":"gym"}},{"type":"Feature","geometry":{"type":"Point","coordinates":[-0.21857,51.53367]},"properties":{"name":"Ellis Stockwell","address":"Chamberlayne Road 69","postcode":"NW10 3ND","sport":""}},{"type":"Feature","geometry":{"type":"Point","coordinates":[-0.19678,51.43345]},"properties":{"name":"Bounce Gym","address":"","postcode":"","sport":"Gym, Rehab, Chiro, Osteo, Physio, Massage,"}},{"type":"Feature","geometry":{"type":"Point","coordinates":[-0.16223,51.64312]},"properties":{"name":"Beyond Move","address":"Cat Hill 9","postcode":"","sport":"pilates"}},{"type":"Feature","geometry":{"type":"Point","coordinates":[-0.14704,51.53972]},"properties":{"name":"Triyoga","address":"Jamestown Road 57","postcode":"NW1 7DB","sport":"yoga"}},{"type":"Feature","geometry":{"type":"Point","coordinates":[-0.21477,51.52588]},"properties":{"name":"Anytime Fitness","address":"Ladbroke Grove 332","postcode":"W10 5AD","sport":""}},{"type":"Feature","geometry":{"type":"Point","coordinates":[-0.17974,51.54232]},"properties":{"name":"Performance RX","address":"Fairfax Road 79-81","postcode":"","sport":""}},{"type":"Feature","geometry":{"type":"Point","coordinates":[-0.14572,51.57691]},"properties":{"name":"Alex Jordan Personal Training","address":"Archway Road 285","postcode":"","sport":""}},{"type":"Feature","geometry":{"type":"Point","coordinates":[-0.12359,51.50925]},"properties":{"name":"Bootcamp Pilates","address":"Strand 55","postcode":"","sport":""}},{"type":"Feature","geometry":{"type":"Point","coordinates":[0.0386,51.50234]},"properties":{"name":"Connaught Heights Gym","address":"2 Agnes George Walk","postcode":"","sport":"fitness"}},{"type":"Feature","geometry":{"type":"Point","coordinates":[-0.35436,51.56418]},"properties":{"name":"MBA Fitness","address":"","postcode":"","sport":"judo"}},{"type":"Feature","geometry":{"type":"Point","coordinates":[-0.19291,51.45625]},"properties":{"name":"Orange Theory Fitness","address":"Garratt Lane 8","postcode":"","sport":""}},{"type":"Feature","geometry":{"type":"Point","coordinates":[-0.16373,51.45388]},"properties":{"name":"Four Sides","address":"","postcode":"","sport":""}},{"type":"Feature","geometry":{"type":"Point","coordinates":[-0.01712,51.5006]},"properties":{"name":"Nuffield Health Fitness & Wellbeing","address":"Marsh Wall 185","postcode":"E14 9SH","sport":""}},{"type":"Feature","geometry":{"type":"Point","coordinates":[-0.17886,51.41573]},"properties":{"name":"The Gym","address":"","postcode":"","sport":""}},{"type":"Feature","geometry":{"type":"Point","coordinates":[0.00916,51.56317]},"properties":{"name":"Studio M","address":"2","postcode":"","sport":"pilates"}},{"type":"Feature","geometry":{"type":"Point","coordinates":[-0.18596,51.59479]},"properties":{"name":"PureGym","address":"","postcode":"","sport":""}},{"type":"Feature","geometry":{"type":"Point","coordinates":[-0.10344,51.49148]},"properties":{"name":"Snap Fitness","address":"","postcode":"","sport":""}},{"type":"Feature","geometry":{"type":"Point","coordinates":[-0.09871,51.4988]},"properties":{"name":"Boxing Gym","address":"","postcode":"","sport":""}},{"type":"Feature","geometry":{"type":"Point","coordinates":[-0.01717,51.46618]},"properties":{"name":"The Gym","address":"","postcode":"","sport":""}},{"type":"Feature","geometry":{"type":"Point","coordinates":[-0.10605,51.43808]},"properties":{"name":"Anytime Fitness","address":"Norwood Road","postcode":"SE27 9AW","sport":""}},{"type":"Feature","geometry":{"type":"Point","coordinates":[-0.12528,51.51336]},"properties":{"name":"Pineapple studios","address":"Langley Street 16","postcode":"","sport":""}},{"type":"Feature","geometry":{"type":"Point","coordinates":[-0.22983,51.57038]},"properties":{"name":"The Gym","address":"Staples Corner","postcode":"NW2 6LW","sport":""}},{"type":"Feature","geometry":{"type":"Point","coordinates":[-0.08806,51.51747]},"properties":{"name":"Light Centre Moorgate","address":"London Wall 114","postcode":"EC2M 5QA","sport":"yoga;pilates"}},{"type":"Feature","geometry":{"type":"Point","coordinates":[-0.27008,51.48917]},"properties":{"name":"West4 Gym","address":"","postcode":"","sport":""}},{"type":"Feature","geometry":{"type":"Point","coordinates":[-0.19716,51.53446]},"properties":{"name":"NXT Phase","address":"Canterbury Road","postcode":"NW6 5ST","sport":""}},{"type":"Feature","geometry":{"type":"Point","coordinates":[-0.03264,51.54421]},"properties":{"name":"My Local Pilates","address":"Cadogan Terrace","postcode":"E9 5EG","sport":"pilates"}},{"type":"Feature","geometry":{"type":"Point","coordinates":[-0.03268,51.54441]},"properties":{"name":"Victoria Park Fitness","address":"Cadogan Terrace","postcode":"E9 5EG","sport":""}},{"type":"Feature","geometry":{"type":"Point","coordinates":[0.09827,51.59892]},"properties":{"name":"Studio23 Gym","address":"Forest Road Unit 4","postcode":"IG6 3HL","sport":""}},{"type":"Feature","geometry":{"type":"Point","coordinates":[0.1008,51.59834]},"properties":{"name":"Syngergy Fitness","address":"Forest Road","postcode":"IG6 3HJ","sport":""}},{"type":"Feature","geometry":{"type":"Point","coordinates":[-0.00233,51.60758]},"properties":{"name":"The Fitness Space","address":"","postcode":"","sport":""}},{"type":"Feature","geometry":{"type":"Point","coordinates":[0.17373,51.58354]},"properties":{"name":"Iron Phoenix CrossFit","address":"Brooklands Approach Unit 3","postcode":"RM1 1DX","sport":""}},{"type":"Feature","geometry":{"type":"Point","coordinates":[-0.12687,51.63326]},"properties":{"name":"ProtoFit","address":"Dennis Parade 9","postcode":"N14 6AA","sport":"fitness"}},{"type":"Feature","geometry":{"type":"Point","coordinates":[-0.03676,51.51245]},"properties":{"name":"PureGym","address":"Commercial Road 600","postcode":"E14 7LB","sport":""}},{"type":"Feature","geometry":{"type":"Point","coordinates":[-0.13726,51.52328]},"properties":{"name":"F45 Training","address":"Tottenham Court Road 114-115","postcode":"","sport":""}},{"type":"Feature","geometry":{"type":"Point","coordinates":[0.0038,51.45852]},"properties":{"name":"Evolve Fitness Studio","address":"Lee High Road 282","postcode":"SE13 5PJ","sport":""}},{"type":"Feature","geometry":{"type":"Point","coordinates":[-0.18608,51.43596]},"properties":{"name":"Beattitude","address":"Garratt Lane 669","postcode":"SW17 0PB","sport":""}},{"type":"Feature","geometry":{"type":"Point","coordinates":[-0.1385,51.51255]},"properties":{"name":"Triyoga","address":"Kingly Court","postcode":"","sport":"fitness;yoga"}},{"type":"Feature","geometry":{"type":"Point","coordinates":[-0.01892,51.44712]},"properties":{"name":"PureGym","address":"","postcode":"","sport":""}},{"type":"Feature","geometry":{"type":"Point","coordinates":[-0.05453,51.54741]},"properties":{"name":"Paper Dress Yoga","address":"Mare Street 352","postcode":"E8 1HR","sport":"yoga"}},{"type":"Feature","geometry":{"type":"Point","coordinates":[-0.11571,51.35659]},"properties":{"name":"Nuffield Health Fitness & Wellbeing","address":"Purley Way 619","postcode":"CR0 4RQ","sport":""}},{"type":"Feature","geometry":{"type":"Point","coordinates":[-0.06715,51.46992]},"properties":{"name":"Yogarise","address":"Rye Lane 133","postcode":"SE15 4ST","sport":"yoga"}},{"type":"Feature","geometry":{"type":"Point","coordinates":[-0.14953,51.35708]},"properties":{"name":"énergie Fitness","address":"","postcode":"","sport":"gym"}},{"type":"Feature","geometry":{"type":"Point","coordinates":[-0.15836,51.58192]},"properties":{"name":"Clean Body Health Personal Training","address":"","postcode":"","sport":""}},{"type":"Feature","geometry":{"type":"Point","coordinates":[-0.33546,51.59497]},"properties":{"name":"The Gym","address":"","postcode":"","sport":""}},{"type":"Feature","geometry":{"type":"Point","coordinates":[-0.08156,51.41823]},"properties":{"name":"Performance 360","address":"","postcode":"","sport":""}},{"type":"Feature","geometry":{"type":"Point","coordinates":[-0.08159,51.41832]},"properties":{"name":"Duke McKenzie Fitness Centre","address":"Victory Place","postcode":"","sport":""}},{"type":"Feature","geometry":{"type":"Point","coordinates":[-0.24479,51.61528]},"properties":{"name":"Anytime Fitness","address":"","postcode":"","sport":""}},{"type":"Feature","geometry":{"type":"Point","coordinates":[-0.14664,51.51253]},"properties":{"name":"The Bath & Racquets Club","address":"Brook's Mews 49","postcode":"","sport":""}},{"type":"Feature","geometry":{"type":"Point","coordinates":[-0.2241,51.49403]},"properties":{"name":"PureGym","address":"Shepherds Bush Road 242","postcode":"","sport":""}},{"type":"Feature","geometry":{"type":"Point","coordinates":[-0.22409,51.49435]},"properties":{"name":"Surge","address":"Shepherds Bush Road 232","postcode":"","sport":"fitness"}},{"type":"Feature","geometry":{"type":"Point","coordinates":[-0.22695,51.53562]},"properties":{"name":"The Dojo","address":"Doyle Gardens","postcode":"NW10 3DA","sport":""}},{"type":"Feature","geometry":{"type":"Point","coordinates":[-0.04745,51.52602]},"properties":{"name":"Neon","address":"Bancroft Road 195","postcode":"","sport":""}},{"type":"Feature","geometry":{"type":"Point","coordinates":[-0.00762,51.54226]},"properties":{"name":"Gymbox","address":"","postcode":"","sport":""}},{"type":"Feature","geometry":{"type":"Point","coordinates":[-0.1178,51.54866]},"properties":{"name":"More Yoga","address":"","postcode":"","sport":""}},{"type":"Feature","geometry":{"type":"Point","coordinates":[-0.28992,51.55392]},"properties":{"name":"Stonebridge Boxing Club","address":"High Road Wembley 388","postcode":"HA9 6AR","sport":"boxing"}},{"type":"Feature","geometry":{"type":"Point","coordinates":[-0.08975,51.51042]},"properties":{"name":"Gymbox","address":"Suffolk Lane 1","postcode":"EC4R 0AT","sport":""}},{"type":"Feature","geometry":{"type":"Point","coordinates":[0.02517,51.48736]},"properties":{"name":"Anytime Fitness","address":"","postcode":"","sport":""}},{"type":"Feature","geometry":{"type":"Point","coordinates":[-0.09809,51.37318]},"properties":{"name":"MYPT Cycle","address":"St George's Walk 35","postcode":"CR0 1YL","sport":"cycling"}},{"type":"Feature","geometry":{"type":"Point","coordinates":[-0.16805,51.46082]},"properties":{"name":"Psycle","address":"","postcode":"","sport":"bicycle"}},{"type":"Feature","geometry":{"type":"Point","coordinates":[0.05621,51.45062]},"properties":{"name":"Snap Fitness","address":"","postcode":"","sport":""}},{"type":"Feature","geometry":{"type":"Point","coordinates":[-0.0912,51.50337]},"properties":{"name":"King’s Sport & Wellness London Bridge","address":"","postcode":"","sport":""}},{"type":"Feature","geometry":{"type":"Point","coordinates":[-0.02556,51.5441]},"properties":{"name":"Yours","address":"Prince Edward Road 3","postcode":"E9 5LX","sport":""}},{"type":"Feature","geometry":{"type":"Point","coordinates":[-0.16512,51.52265]},"properties":{"name":"Indaba Yoga","address":"Hayes Place 18","postcode":"","sport":""}},{"type":"Feature","geometry":{"type":"Point","coordinates":[-0.02595,51.49181]},"properties":{"name":"Odyssey Gym","address":"","postcode":"","sport":""}},{"type":"Feature","geometry":{"type":"Point","coordinates":[-0.14987,51.36066]},"properties":{"name":"Snap Fitness","address":"Manor Road 93b","postcode":"SM6 0AT","sport":""}},{"type":"Feature","geometry":{"type":"Point","coordinates":[-0.14039,51.51772]},"properties":{"name":"FS8","address":"Great Titchfield Street 35","postcode":"","sport":""}},{"type":"Feature","geometry":{"type":"Point","coordinates":[-0.01123,51.54061]},"properties":{"name":"London Aquatics Centre","address":"","postcode":"","sport":""}},{"type":"Feature","geometry":{"type":"Point","coordinates":[-0.1412,51.51958]},"properties":{"name":"Ten Health & Fitness","address":"Great Titchfield Street 83","postcode":"","sport":"fitness"}},{"type":"Feature","geometry":{"type":"Point","coordinates":[0.0271,51.49961]},"properties":{"name":"Royal Wharf Clubhouse","address":"Royal Crest Avenue","postcode":"E16 2TF","sport":"swimming;fitness"}},{"type":"Feature","geometry":{"type":"Point","coordinates":[-0.14419,51.51681]},"properties":{"name":"Barrecore","address":"Cavendish Square 6","postcode":"","sport":""}},{"type":"Feature","geometry":{"type":"Point","coordinates":[-0.36859,51.57903]},"properties":{"name":"Rayners Mead Outdoor Gym","address":"","postcode":"","sport":""}},{"type":"Feature","geometry":{"type":"Point","coordinates":[-0.1571,51.51431]},"properties":{"name":"The Gym Way","address":"Bryanston Street 21","postcode":"","sport":"fitness"}},{"type":"Feature","geometry":{"type":"Point","coordinates":[-0.06894,51.51452]},"properties":{"name":"12 x 3","address":"Alie Street 76","postcode":"E1 8PZ","sport":"boxing"}},{"type":"Feature","geometry":{"type":"Point","coordinates":[-0.22895,51.40974]},"properties":{"name":"Anytime Fitness","address":"Coombe Lane 16","postcode":"SW20 8ND","sport":""}},{"type":"Feature","geometry":{"type":"Point","coordinates":[-0.12536,51.50895]},"properties":{"name":"powerhousefitness.co.uk","address":"","postcode":"","sport":""}},{"type":"Feature","geometry":{"type":"Point","coordinates":[-0.20111,51.36404]},"properties":{"name":"The Saraswati Yoga Studio","address":"Robin Hood Lane 122","postcode":"SM1 2SE","sport":"yoga"}},{"type":"Feature","geometry":{"type":"Point","coordinates":[-0.18209,51.48542]},"properties":{"name":"Anytime Fitness","address":"Fulham Road 222-224","postcode":"","sport":""}},{"type":"Feature","geometry":{"type":"Point","coordinates":[-0.15504,51.51712]},"properties":{"name":"KOBOX","address":"Baker Street 16","postcode":"","sport":"boxing"}},{"type":"Feature","geometry":{"type":"Point","coordinates":[-0.00579,51.5346]},"properties":{"name":"Stratford Padel Club","address":"High Street 221","postcode":"E15 2AE","sport":"padel_tennis"}},{"type":"Feature","geometry":{"type":"Point","coordinates":[-0.13331,51.50848]},"properties":{"name":"PureGym","address":"","postcode":"","sport":""}},{"type":"Feature","geometry":{"type":"Point","coordinates":[-0.15613,51.51863]},"properties":{"name":"Fitness First","address":"Baker Street 55","postcode":"","sport":""}},{"type":"Feature","geometry":{"type":"Point","coordinates":[0.09799,51.37349]},"properties":{"name":"Anytime Fitness","address":"High Street 313","postcode":"BR6 0NN","sport":"gym"}},{"type":"Feature","geometry":{"type":"Point","coordinates":[0.21965,51.44512]},"properties":{"name":"The Gym","address":"","postcode":"","sport":""}},{"type":"Feature","geometry":{"type":"Point","coordinates":[-0.16122,51.52203]},"properties":{"name":"PureGym","address":"Balcombe Street 7","postcode":"","sport":""}},{"type":"Feature","geometry":{"type":"Point","coordinates":[-0.21292,51.40972]},"properties":{"name":"Wimbledon Fitness Centre","address":"Kingston Road 353","postcode":"SW20 8JX","sport":""}},{"type":"Feature","geometry":{"type":"Point","coordinates":[-0.11772,51.5129]},"properties":{"name":"King's Sport Strand Gym","address":"","postcode":"","sport":""}},{"type":"Feature","geometry":{"type":"Point","coordinates":[-0.07568,51.54521]},"properties":{"name":"Anytime Fitness","address":"Kingsland Road 568","postcode":"E8 4AH","sport":""}},{"type":"Feature","geometry":{"type":"Point","coordinates":[-0.1712,51.46876]},"properties":{"name":"énergie Fitness","address":"","postcode":"","sport":""}},{"type":"Feature","geometry":{"type":"Point","coordinates":[-0.23851,51.40056]},"properties":{"name":"Ray Stevens Academy","address":"","postcode":"","sport":"judo"}},{"type":"Feature","geometry":{"type":"Point","coordinates":[-0.32506,51.50968]},"properties":{"name":"Anytime Fitness","address":"Broadway 77-83","postcode":"W13 9BP","sport":""}},{"type":"Feature","geometry":{"type":"Point","coordinates":[-0.09489,51.50507]},"properties":{"name":"F45 Training","address":"","postcode":"","sport":""}},{"type":"Feature","geometry":{"type":"Point","coordinates":[-0.17256,51.54258]},"properties":{"name":"Swiss Cottage Leisure Centre Gym","address":"","postcode":"","sport":""}},{"type":"Feature","geometry":{"type":"Point","coordinates":[-0.17068,51.53331]},"properties":{"name":"1 Rebel","address":"St John's Wood High Street 47-49","postcode":"","sport":""}},{"type":"Feature","geometry":{"type":"Point","coordinates":[-0.12289,51.48719]},"properties":{"name":"F45 Training","address":"","postcode":"","sport":""}},{"type":"Feature","geometry":{"type":"Point","coordinates":[-0.18968,51.50259]},"properties":{"name":"Virgin Active","address":"Old Court Place 17a","postcode":"","sport":"fitness"}},{"type":"Feature","geometry":{"type":"Point","coordinates":[-0.31615,51.51153]},"properties":{"name":"The Gym","address":"","postcode":"","sport":"fitness"}},{"type":"Feature","geometry":{"type":"Point","coordinates":[-0.11759,51.53131]},"properties":{"name":"Anytime Fitness","address":"","postcode":"","sport":""}},{"type":"Feature","geometry":{"type":"Point","coordinates":[-0.20176,51.57451]},"properties":{"name":"CLOSED","address":"","postcode":"","sport":""}},{"type":"Feature","geometry":{"type":"Point","coordinates":[-0.31258,51.49682]},"properties":{"name":"Gym135 Fitness Centre","address":"","postcode":"","sport":""}},{"type":"Feature","geometry":{"type":"Point","coordinates":[-0.18233,51.53509]},"properties":{"name":"Pilates Tonic","address":"Blenheim Terrace 22a","postcode":"","sport":""}},{"type":"Feature","geometry":{"type":"Point","coordinates":[-0.18496,51.53742]},"properties":{"name":"Feel Electric","address":"Boundary Road 91","postcode":"","sport":""}},{"type":"Feature","geometry":{"type":"Point","coordinates":[-0.14688,51.48313]},"properties":{"name":"Boom Cycle","address":"Arches Lane 1-3","postcode":"SW11 8AB","sport":"cycling"}},{"type":"Feature","geometry":{"type":"Point","coordinates":[-0.07651,51.51667]},"properties":{"name":"F45 Training","address":"Middlesex Street 80","postcode":"E1 7EZ","sport":""}},{"type":"Feature","geometry":{"type":"Point","coordinates":[-0.34439,51.58066]},"properties":{"name":"Harrowall","address":"Neptune Road","postcode":"HA1 4HX","sport":"climbing"}},{"type":"Feature","geometry":{"type":"Point","coordinates":[-0.30009,51.46449]},"properties":{"name":"Yogahaven","address":"Kew Road","postcode":"TW9 2NA","sport":"yoga"}},{"type":"Feature","geometry":{"type":"Point","coordinates":[-0.19083,51.3583]},"properties":{"name":"Anytime Fitness","address":"Brighton Road 29","postcode":"SM2 5AJ","sport":""}},{"type":"Feature","geometry":{"type":"Point","coordinates":[-0.03825,51.4907]},"properties":{"name":"More yoga","address":"","postcode":"","sport":"yoga"}},{"type":"Feature","geometry":{"type":"Point","coordinates":[-0.17116,51.51867]},"properties":{"name":"F45 Training","address":"","postcode":"","sport":""}},{"type":"Feature","geometry":{"type":"Point","coordinates":[-0.181,51.46538]},"properties":{"name":"Gym On London","address":"","postcode":"","sport":""}},{"type":"Feature","geometry":{"type":"Point","coordinates":[-0.17946,51.51926]},"properties":{"name":"12x3 Gym","address":"Sheldon Square 19","postcode":"","sport":"boxing"}},{"type":"Feature","geometry":{"type":"Point","coordinates":[-0.12573,51.4698]},"properties":{"name":"Jetts Fitness","address":"Clapham Road 330","postcode":"SW9 9AP","sport":"fitness"}},{"type":"Feature","geometry":{"type":"Point","coordinates":[-0.08056,51.51024]},"properties":{"name":"Third Space","address":"","postcode":"","sport":""}},{"type":"Feature","geometry":{"type":"Point","coordinates":[-0.26646,51.46717]},"properties":{"name":"The Garage Studio","address":"Sheen Lane 55","postcode":"SW14 8AB","sport":"yoga;pilates"}},{"type":"Feature","geometry":{"type":"Point","coordinates":[-0.00379,51.54875]},"properties":{"name":"More Yoga","address":"Liberty Bridge Road 47","postcode":"E15 1FT","sport":"yoga"}},{"type":"Feature","geometry":{"type":"Point","coordinates":[-0.32037,51.4554]},"properties":{"name":"Rize","address":"St Margarets Road 125","postcode":"TW1 1RG","sport":""}},{"type":"Feature","geometry":{"type":"Point","coordinates":[-0.08144,51.47783]},"properties":{"name":"PureGym","address":"Southampton Way 191-199","postcode":"SE5 7EJ","sport":""}},{"type":"Feature","geometry":{"type":"Point","coordinates":[-0.17701,51.61712]},"properties":{"name":"Perfect Timing Academy","address":"High Road","postcode":"","sport":""}},{"type":"Feature","geometry":{"type":"Point","coordinates":[-0.28745,51.48931]},"properties":{"name":"Scott's Personal Training","address":"","postcode":"","sport":"fitness"}},{"type":"Feature","geometry":{"type":"Point","coordinates":[-0.18757,51.51665]},"properties":{"name":"1Rebel Bayswater","address":"Porchester Road 34","postcode":"","sport":""}},{"type":"Feature","geometry":{"type":"Point","coordinates":[-0.40556,51.4442]},"properties":{"name":"The Gym","address":"Browells Lane","postcode":"","sport":""}},{"type":"Feature","geometry":{"type":"Point","coordinates":[-0.07202,51.5133]},"properties":{"name":"Anytime Fitness","address":"Alie Street 18","postcode":"E1 8DE","sport":"weightlifting;gym"}},{"type":"Feature","geometry":{"type":"Point","coordinates":[-0.07468,51.52412]},"properties":{"name":"Psycle","address":"Whitby Street 17-23","postcode":"E1 6JU","sport":""}},{"type":"Feature","geometry":{"type":"Point","coordinates":[-0.19513,51.51571]},"properties":{"name":"Barrecore","address":"Chepstow Road 12","postcode":"","sport":"fitness"}},{"type":"Feature","geometry":{"type":"Point","coordinates":[-0.07251,51.52397]},"properties":{"name":"Triyoga","address":"","postcode":"","sport":"yoga"}},{"type":"Feature","geometry":{"type":"Point","coordinates":[0.02651,51.48927]},"properties":{"name":"PureGym","address":"Gallions Road 7-11","postcode":"SE7 7FA","sport":""}},{"type":"Feature","geometry":{"type":"Point","coordinates":[-0.19009,51.5155]},"properties":{"name":"Psycle","address":"Westbourne Grove 37-41","postcode":"","sport":"cycling"}},{"type":"Feature","geometry":{"type":"Point","coordinates":[-0.19008,51.51293]},"properties":{"name":"PureGym London Bayswater","address":"Moscow Place 6","postcode":"","sport":""}},{"type":"Feature","geometry":{"type":"Point","coordinates":[-0.193,51.5117]},"properties":{"name":"Heartcore","address":"Ossington Street 57","postcode":"","sport":"yoga"}},{"type":"Feature","geometry":{"type":"Point","coordinates":[-0.11541,51.37421]},"properties":{"name":"CroyWall Climbing Centre","address":"Whitestone Way unit 7","postcode":"","sport":""}},{"type":"Feature","geometry":{"type":"Point","coordinates":[-0.10131,51.50413]},"properties":{"name":"Fitness4Less","address":"","postcode":"","sport":""}},{"type":"Feature","geometry":{"type":"Point","coordinates":[-0.22773,51.51409]},"properties":{"name":"The Gym","address":"Wood Lane 195","postcode":"W12 7FQ","sport":""}},{"type":"Feature","geometry":{"type":"Point","coordinates":[-0.22645,51.51387]},"properties":{"name":"F45 Training","address":"Wood Lane 195","postcode":"W12 7TQ","sport":""}},{"type":"Feature","geometry":{"type":"Point","coordinates":[-0.22666,51.51376]},"properties":{"name":"Studio Lagree","address":"Wood Lane 195","postcode":"W12 7TQ","sport":""}},{"type":"Feature","geometry":{"type":"Point","coordinates":[-0.2011,51.51447]},"properties":{"name":"Bodyism","address":"Westbourne Grove 222-224","postcode":"","sport":"fitness"}},{"type":"Feature","geometry":{"type":"Point","coordinates":[0.05556,51.64824]},"properties":{"name":"Bikram Yoga Essex","address":"","postcode":"","sport":"yoga"}},{"type":"Feature","geometry":{"type":"Point","coordinates":[0.05563,51.6482]},"properties":{"name":"Peak Physique Studios","address":"","postcode":"","sport":""}},{"type":"Feature","geometry":{"type":"Point","coordinates":[-0.20384,51.51456]},"properties":{"name":"Form Studios","address":"Lonsdale Road 77a","postcode":"","sport":"fitness"}},{"type":"Feature","geometry":{"type":"Point","coordinates":[-0.20362,51.51752]},"properties":{"name":"Powervibe Fitness Studio","address":"All Saints Road 1","postcode":"","sport":""}},{"type":"Feature","geometry":{"type":"Point","coordinates":[-0.01102,51.52298]},"properties":{"name":"London Aesthetics & Spa","address":"St Leonards Street 84","postcode":"E3 3LR","sport":""}},{"type":"Feature","geometry":{"type":"Point","coordinates":[-0.03943,51.49118]},"properties":{"name":"The London Fit Club","address":"Yeoman Street","postcode":"SE8 5ET","sport":""}},{"type":"Feature","geometry":{"type":"Point","coordinates":[-0.19857,51.49953]},"properties":{"name":"Core Collective","address":"Phillimore Walk 45","postcode":"","sport":""}},{"type":"Feature","geometry":{"type":"Point","coordinates":[-0.21513,51.50998]},"properties":{"name":"Basketball court","address":"","postcode":"","sport":""}},{"type":"Feature","geometry":{"type":"Point","coordinates":[-0.18985,51.50233]},"properties":{"name":"Body Machine","address":"Kensington High Street 42-44","postcode":"","sport":"fitness"}},{"type":"Feature","geometry":{"type":"Point","coordinates":[-0.19099,51.5026]},"properties":{"name":"Barrecore","address":"Kensington Church Street 18","postcode":"","sport":"fitness"}},{"type":"Feature","geometry":{"type":"Point","coordinates":[-0.12415,51.59913]},"properties":{"name":"Flex PT","address":"","postcode":"","sport":""}},{"type":"Feature","geometry":{"type":"Point","coordinates":[-0.2874,51.48615]},"properties":{"name":"Legends Boxing Gym","address":"","postcode":"","sport":""}},{"type":"Feature","geometry":{"type":"Point","coordinates":[-0.19148,51.50115]},"properties":{"name":"Equinox Kensington","address":"Kensington High Street 99","postcode":"","sport":""}},{"type":"Feature","geometry":{"type":"Point","coordinates":[-0.19657,51.45688]},"properties":{"name":"Glove Up","address":"","postcode":"","sport":""}},{"type":"Feature","geometry":{"type":"Point","coordinates":[-0.19267,51.49182]},"properties":{"name":"Soho Gyms","address":"Earl's Court Road 254","postcode":"","sport":"fitness"}},{"type":"Feature","geometry":{"type":"Point","coordinates":[-0.19229,51.4889]},"properties":{"name":"FitStudioZ","address":"Old Brompton Road 280","postcode":"","sport":"fitness"}},{"type":"Feature","geometry":{"type":"Point","coordinates":[-0.08811,51.51703]},"properties":{"name":"PureGym","address":"","postcode":"","sport":""}},{"type":"Feature","geometry":{"type":"Point","coordinates":[-0.11911,51.60638]},"properties":{"name":"Giants Gym","address":"Myddleton Road 127-129","postcode":"N22 8NG","sport":""}},{"type":"Feature","geometry":{"type":"Point","coordinates":[-0.30779,51.51391]},"properties":{"name":"Triyoga","address":"","postcode":"","sport":"yoga"}},{"type":"Feature","geometry":{"type":"Point","coordinates":[-0.30601,51.51411]},"properties":{"name":"Gymbox","address":"","postcode":"","sport":""}},{"type":"Feature","geometry":{"type":"Point","coordinates":[-0.09384,51.57084]},"properties":{"name":"The Gym","address":"Woodberry Down","postcode":"N4 2TG","sport":"gym"}},{"type":"Feature","geometry":{"type":"Point","coordinates":[-0.00423,51.50986]},"properties":{"name":"F45 Training","address":"Clove Crescent 2","postcode":"E14 2BE","sport":"fitness;hiit;athletics"}},{"type":"Feature","geometry":{"type":"Point","coordinates":[0.00929,51.51526]},"properties":{"name":"The Gym","address":"Minnie Baldock Street","postcode":"E16 1YE","sport":"weightlifting;running;gym;gymnasium;powerlifting;prowler"}},{"type":"Feature","geometry":{"type":"Point","coordinates":[-0.14729,51.48341]},"properties":{"name":"BMF","address":"","postcode":"","sport":""}},{"type":"Feature","geometry":{"type":"Point","coordinates":[-0.00022,51.51344]},"properties":{"name":"Oxbow Gym","address":"","postcode":"","sport":""}},{"type":"Feature","geometry":{"type":"Point","coordinates":[-0.17721,51.49386]},"properties":{"name":"Retrofit London","address":"Harrington Road 33","postcode":"","sport":"fitness"}},{"type":"Feature","geometry":{"type":"Point","coordinates":[-0.08829,51.47245]},"properties":{"name":"Zen Yoga","address":"Camberwell Grove 24A","postcode":"SE5 8RE","sport":"yoga"}},{"type":"Feature","geometry":{"type":"Point","coordinates":[-0.07861,51.5305]},"properties":{"name":"New City Fitness","address":"Redvers Street","postcode":"N1 6NE","sport":""}},{"type":"Feature","geometry":{"type":"Point","coordinates":[-0.13266,51.52502]},"properties":{"name":"TeamUCL Gym","address":"Gordon Street 15","postcode":"WC1H 0AH","sport":""}},{"type":"Feature","geometry":{"type":"Point","coordinates":[-0.04762,51.54403]},"properties":{"name":"The Refinery","address":"Collent Street 14","postcode":"E9 6SG","sport":"yoga;pilates"}},{"type":"Feature","geometry":{"type":"Point","coordinates":[-0.12488,51.52424]},"properties":{"name":"The Gym","address":"","postcode":"","sport":""}},{"type":"Feature","geometry":{"type":"Point","coordinates":[-0.13205,51.42606]},"properties":{"name":"The Gym Group","address":"Station Approach 7","postcode":"","sport":""}},{"type":"Feature","geometry":{"type":"Point","coordinates":[-0.16733,51.49834]},"properties":{"name":"Eqvvs Training","address":"Cheval Place 43","postcode":"","sport":"fitness"}},{"type":"Feature","geometry":{"type":"Point","coordinates":[-0.30188,51.46109]},"properties":{"name":"Digme Fitness","address":"Sheen Road 23","postcode":"TW9 1BN","sport":""}},{"type":"Feature","geometry":{"type":"Point","coordinates":[-0.17661,51.48422]},"properties":{"name":"Triyoga","address":"King's Road 372","postcode":"","sport":"yoga"}},{"type":"Feature","geometry":{"type":"Point","coordinates":[0.11756,51.56743]},"properties":{"name":"The Gym","address":"","postcode":"","sport":""}},{"type":"Feature","geometry":{"type":"Point","coordinates":[-0.16055,51.5002]},"properties":{"name":"Core Collective","address":"Pavilion Road 23","postcode":"","sport":"fitness"}},{"type":"Feature","geometry":{"type":"Point","coordinates":[-0.18722,51.49519]},"properties":{"name":"Harbour Club","address":"Cromwell Road 116","postcode":"SW7 4XR","sport":"fitness"}},{"type":"Feature","geometry":{"type":"Point","coordinates":[-0.12458,51.57849]},"properties":{"name":"3Tribes","address":"","postcode":"","sport":""}},{"type":"Feature","geometry":{"type":"Point","coordinates":[-0.16703,51.49358]},"properties":{"name":"Vita Pilates","address":"Ives Street 1a","postcode":"","sport":"pilates"}},{"type":"Feature","geometry":{"type":"Point","coordinates":[-0.18468,51.48405]},"properties":{"name":"Urban Fitness","address":"Fulham Road 270","postcode":"","sport":"fitness"}},{"type":"Feature","geometry":{"type":"Point","coordinates":[-0.18528,51.48298]},"properties":{"name":"Duo Chelsea","address":"Gunter Grove 2a","postcode":"","sport":"fitness"}},{"type":"Feature","geometry":{"type":"Point","coordinates":[-0.05856,51.5444]},"properties":{"name":"Tempo Pilates","address":"Reading Lane","postcode":"","sport":"pilates"}},{"type":"Feature","geometry":{"type":"Point","coordinates":[-0.17655,51.48425]},"properties":{"name":"F45 Training","address":"King's Road 370","postcode":"","sport":""}},{"type":"Feature","geometry":{"type":"Point","coordinates":[-0.17878,51.48719]},"properties":{"name":"Ultimate Performance Chelsea","address":"Fulham Road 293","postcode":"","sport":"fitness"}},{"type":"Feature","geometry":{"type":"Point","coordinates":[0.0222,51.50748]},"properties":{"name":"Residents Gymnasium","address":"","postcode":"","sport":""}},{"type":"Feature","geometry":{"type":"Point","coordinates":[-0.17116,51.49154]},"properties":{"name":"Core Flex Pilates","address":"Pond Place 2","postcode":"","sport":"pilates"}},{"type":"Feature","geometry":{"type":"Point","coordinates":[-0.1586,51.49355]},"properties":{"name":"KXU","address":"Pavilion Road 241","postcode":"","sport":"fitness"}},{"type":"Feature","geometry":{"type":"Point","coordinates":[-0.1579,51.4922]},"properties":{"name":"Vita Boutique Fitness","address":"Sloane Square 31","postcode":"SW1W 8AQ","sport":"fitness;yoga;pilates;cafe"}},{"type":"Feature","geometry":{"type":"Point","coordinates":[0.01876,51.50854]},"properties":{"name":"Resident's Gym","address":"","postcode":"","sport":""}},{"type":"Feature","geometry":{"type":"Point","coordinates":[-0.0802,51.55513]},"properties":{"name":"Yoga Home","address":"Allen Road 14","postcode":"N16 8SD","sport":"yoga"}},{"type":"Feature","geometry":{"type":"Point","coordinates":[-0.03945,51.49371]},"properties":{"name":"Surrey Docks Fitness & Water Sports Centre","address":"Rope Street","postcode":"SE16 7SX","sport":"multi;water_sports;gym"}},{"type":"Feature","geometry":{"type":"Point","coordinates":[-0.00477,51.50682]},"properties":{"name":"Elasko","address":"Fairmont Avenue 4","postcode":"E14 9JB","sport":""}},{"type":"Feature","geometry":{"type":"Point","coordinates":[0.01043,51.37739]},"properties":{"name":"2BX","address":"","postcode":"","sport":""}},{"type":"Feature","geometry":{"type":"Point","coordinates":[-0.12093,51.45334]},"properties":{"name":"Jetts Fitness","address":"Brixton Hill 116 - 120","postcode":"SW2 1SA","sport":"fitness;weightlifting"}},{"type":"Feature","geometry":{"type":"Point","coordinates":[-0.01823,51.61117]},"properties":{"name":"Energie Fitness","address":"","postcode":"","sport":""}},{"type":"Feature","geometry":{"type":"Point","coordinates":[0.00876,51.58632]},"properties":{"name":"Sylvestrian Leisure Centre","address":"","postcode":"","sport":"cricket;soccer;swimming;tennis;netball;hockey;badminton"}},{"type":"Feature","geometry":{"type":"Point","coordinates":[-0.16545,51.42926]},"properties":{"name":"F45 Training","address":"Totterdown Street 20","postcode":"","sport":""}},{"type":"Feature","geometry":{"type":"Point","coordinates":[-0.17107,51.42458]},"properties":{"name":"Anytime Fitness","address":"","postcode":"","sport":""}},{"type":"Feature","geometry":{"type":"Point","coordinates":[-0.16357,51.4236]},"properties":{"name":"Ivengar Yoga Studio","address":"","postcode":"","sport":"yoga"}},{"type":"Feature","geometry":{"type":"Point","coordinates":[-0.10952,51.46074]},"properties":{"name":"Brixton Street Gym","address":"Somerleyton Road 10","postcode":"","sport":""}},{"type":"Feature","geometry":{"type":"Point","coordinates":[-0.10306,51.53006]},"properties":{"name":"The Gym","address":"","postcode":"","sport":""}},{"type":"Feature","geometry":{"type":"Point","coordinates":[-0.21591,51.50868]},"properties":{"name":"Equilibrium","address":"St. Anns Road 27","postcode":"","sport":"pilates;yoga"}},{"type":"Feature","geometry":{"type":"Point","coordinates":[-0.16087,51.42305]},"properties":{"name":"Snap Fitness","address":"","postcode":"","sport":""}},{"type":"Feature","geometry":{"type":"Point","coordinates":[-0.01632,51.5046]},"properties":{"name":"Third Space","address":"Canada Square 16-19","postcode":"E14 5ER","sport":"swimming"}},{"type":"Feature","geometry":{"type":"Point","coordinates":[-0.00412,51.44856]},"properties":{"name":"Anytime Fitness","address":"Birdwood Avenue Unit B, Meridian South","postcode":"SE13 6UR","sport":""}},{"type":"Feature","geometry":{"type":"Point","coordinates":[0.02857,51.53048]},"properties":{"name":"The Compound","address":"Eastern Road 54","postcode":"E13 9HX","sport":"fitness;martial_arts;calisthenics"}},{"type":"Feature","geometry":{"type":"Point","coordinates":[0.02641,51.462]},"properties":{"name":"PureGym","address":"","postcode":"","sport":""}},{"type":"Feature","geometry":{"type":"Point","coordinates":[-0.15708,51.43723]},"properties":{"name":"Revive","address":"","postcode":"","sport":"yoga"}},{"type":"Feature","geometry":{"type":"Point","coordinates":[-0.09836,51.5582]},"properties":{"name":"LIM","address":"","postcode":"","sport":"yoga"}},{"type":"Feature","geometry":{"type":"Point","coordinates":[-0.10362,51.53856]},"properties":{"name":"Third Place Islington","address":"Esther Anne Place 15","postcode":"N1 1UL","sport":""}},{"type":"Feature","geometry":{"type":"Point","coordinates":[-0.10954,51.50386]},"properties":{"name":"PureGym","address":"Brad Street 11-15","postcode":"SE1 8TG","sport":""}},{"type":"Feature","geometry":{"type":"Point","coordinates":[-0.17829,51.41315]},"properties":{"name":"Jetts Fitness","address":"Christchurch Road 118","postcode":"SW19 2PE","sport":""}},{"type":"Feature","geometry":{"type":"Point","coordinates":[-0.25341,51.46776]},"properties":{"name":"Powerwave","address":"Brookfield Mews 9","postcode":"SW13 0DP","sport":"fitness"}},{"type":"Feature","geometry":{"type":"Point","coordinates":[-0.25801,51.50636]},"properties":{"name":"Kiss Gyms","address":"The Vale 195","postcode":"","sport":""}},{"type":"Feature","geometry":{"type":"Point","coordinates":[-0.0065,51.53857]},"properties":{"name":"Gym 1971","address":"Hutchins Close","postcode":"E15 2JE","sport":"fitness"}},{"type":"Feature","geometry":{"type":"Point","coordinates":[-0.09582,51.49372]},"properties":{"name":"More Yoga","address":"","postcode":"","sport":"yoga"}},{"type":"Feature","geometry":{"type":"Point","coordinates":[0.14444,51.45597]},"properties":{"name":"The Gym","address":"","postcode":"","sport":""}},{"type":"Feature","geometry":{"type":"Point","coordinates":[-0.19554,51.36888]},"properties":{"name":"The Gym","address":"","postcode":"","sport":""}},{"type":"Feature","geometry":{"type":"Point","coordinates":[-0.19231,51.36336]},"properties":{"name":"PureGym","address":"","postcode":"","sport":""}},{"type":"Feature","geometry":{"type":"Point","coordinates":[-0.23181,51.49685]},"properties":{"name":"Pilates West","address":"Aldensley Road 53","postcode":"","sport":""}},{"type":"Feature","geometry":{"type":"Point","coordinates":[-0.00821,51.50857]},"properties":{"name":"More Yoga","address":"Arniston Way 10","postcode":"E14 0RE","sport":"yoga"}},{"type":"Feature","geometry":{"type":"Point","coordinates":[0.10166,51.37676]},"properties":{"name":"PureGym","address":"","postcode":"","sport":""}},{"type":"Feature","geometry":{"type":"Point","coordinates":[0.10112,51.37643]},"properties":{"name":"9 Round","address":"","postcode":"","sport":""}},{"type":"Feature","geometry":{"type":"Point","coordinates":[-0.22758,51.4978]},"properties":{"name":"Body & Brain","address":"Hammersmith Grove 101","postcode":"","sport":"yoga"}},{"type":"Feature","geometry":{"type":"Point","coordinates":[-0.01999,51.49953]},"properties":{"name":"Hybrid Fitness (Canary Wharf)","address":"Harbour Way 19","postcode":"E14 9YN","sport":""}},{"type":"Feature","geometry":{"type":"Point","coordinates":[-0.01968,51.49946]},"properties":{"name":"Parkour Generations","address":"Harbour Way 31","postcode":"E14 9ZP","sport":""}},{"type":"Feature","geometry":{"type":"Point","coordinates":[0.00562,51.51238]},"properties":{"name":"London City Island Gym","address":"","postcode":"","sport":""}},{"type":"Feature","geometry":{"type":"Point","coordinates":[-0.22564,51.49391]},"properties":{"name":"Boom Cycle","address":"Hammersmith Grove 10","postcode":"","sport":"fitness"}},{"type":"Feature","geometry":{"type":"Point","coordinates":[-0.22658,51.4994]},"properties":{"name":"Carlson Gracie London","address":"Richford Street 89","postcode":"","sport":"martial_arts"}},{"type":"Feature","geometry":{"type":"Point","coordinates":[-0.04433,51.58696]},"properties":{"name":"F45 Training","address":"Forest Road","postcode":"E17 6ZJ","sport":""}},{"type":"Feature","geometry":{"type":"Point","coordinates":[-0.05749,51.54217]},"properties":{"name":"Hotpod Yoga","address":"Mentmore Terrace 406","postcode":"E8 3PH","sport":"yoga"}},{"type":"Feature","geometry":{"type":"Point","coordinates":[-0.02475,51.47859]},"properties":{"name":"Commando Temple","address":"Resolution Way 16","postcode":"SE8 4NT","sport":""}},{"type":"Feature","geometry":{"type":"Point","coordinates":[-0.25578,51.40251]},"properties":{"name":"Bounce Gym","address":"High Street 30","postcode":"","sport":""}},{"type":"Feature","geometry":{"type":"Point","coordinates":[-0.36531,51.3699]},"properties":{"name":"The F.I.T. Partnership","address":"High Street 50","postcode":"KT10 9QY","sport":""}},{"type":"Feature","geometry":{"type":"Point","coordinates":[0.00786,51.46635]},"properties":{"name":"Blackheath Yoga","address":"Tranquil Vale 35","postcode":"SE3 0BU","sport":"yoga"}},{"type":"Feature","geometry":{"type":"Point","coordinates":[-0.09722,51.4941]},"properties":{"name":"Tempo 301","address":"","postcode":"","sport":"yoga;pilates"}},{"type":"Feature","geometry":{"type":"Point","coordinates":[0.006,51.51269]},"properties":{"name":"Hum Yoga","address":"Lyell Street","postcode":"E14 0SZ","sport":"yoga"}},{"type":"Feature","geometry":{"type":"Point","coordinates":[-0.00457,51.51046]},"properties":{"name":"PureGym","address":"","postcode":"","sport":""}},{"type":"Feature","geometry":{"type":"Point","coordinates":[-0.13579,51.48218]},"properties":{"name":"static","address":"","postcode":"","sport":""}},{"type":"Feature","geometry":{"type":"Point","coordinates":[-0.21919,51.49338]},"properties":{"name":"Kinetic Fitness Studio","address":"Hammersmith Road 166","postcode":"","sport":""}},{"type":"Feature","geometry":{"type":"Point","coordinates":[-0.14265,51.44507]},"properties":{"name":"Grappler's Den","address":"Weir Road","postcode":"SW12 0NE","sport":""}},{"type":"Feature","geometry":{"type":"Point","coordinates":[-0.23299,51.49294]},"properties":{"name":"F45 Training","address":"King Street 150","postcode":"","sport":""}},{"type":"Feature","geometry":{"type":"Point","coordinates":[-0.22104,51.46172]},"properties":{"name":"Daley Fitness","address":"Upper Richmond Road 215","postcode":"SW15 6SY","sport":""}},{"type":"Feature","geometry":{"type":"Point","coordinates":[-0.24686,51.47226]},"properties":{"name":"Re:form","address":"","postcode":"","sport":"pilates"}},{"type":"Feature","geometry":{"type":"Point","coordinates":[-0.34438,51.40183]},"properties":{"name":"Riverside Gym","address":"","postcode":"","sport":""}},{"type":"Feature","geometry":{"type":"Point","coordinates":[-0.02574,51.54225]},"properties":{"name":"The Wick CrossFit","address":"Rothbury Road 17","postcode":"E9 5HA","sport":""}},{"type":"Feature","geometry":{"type":"Point","coordinates":[-0.01814,51.4811]},"properties":{"name":"Meridian Fitness","address":"Creek Road 38","postcode":"SE8 3FN","sport":""}},{"type":"Feature","geometry":{"type":"Point","coordinates":[-0.01591,51.49706]},"properties":{"name":"Nuffield Health Fitness & Wellbeing","address":"Baltimore Wharf 14","postcode":"E14 9FT","sport":"swimming"}},{"type":"Feature","geometry":{"type":"Point","coordinates":[-0.02239,51.58425]},"properties":{"name":"The Gym Group","address":"","postcode":"","sport":"fitness"}},{"type":"Feature","geometry":{"type":"Point","coordinates":[-0.33507,51.50859]},"properties":{"name":"Gold's Gym","address":"","postcode":"","sport":""}},{"type":"Feature","geometry":{"type":"Point","coordinates":[-0.17562,51.63001]},"properties":{"name":"Fit Club","address":"Totteridge Lane 1-3","postcode":"","sport":""}},{"type":"Feature","geometry":{"type":"Point","coordinates":[-0.3827,51.64609]},"properties":{"name":"Anytime Fitness Bushey","address":"Aldenham Road 26-28","postcode":"WD19 4AA","sport":""}},{"type":"Feature","geometry":{"type":"Point","coordinates":[-0.23081,51.58975]},"properties":{"name":"Fitness Pod","address":"","postcode":"","sport":""}},{"type":"Feature","geometry":{"type":"Point","coordinates":[-0.12593,51.56245]},"properties":{"name":"énergie Fitness","address":"","postcode":"","sport":""}},{"type":"Feature","geometry":{"type":"Point","coordinates":[-0.27602,51.64408]},"properties":{"name":"The Farm Gym","address":"","postcode":"","sport":""}},{"type":"Feature","geometry":{"type":"Point","coordinates":[-0.28787,51.46888]},"properties":{"name":"Funk","address":"","postcode":"","sport":"crossfit"}},{"type":"Feature","geometry":{"type":"Point","coordinates":[-0.27017,51.49313]},"properties":{"name":"Snap Fitness","address":"","postcode":"","sport":""}},{"type":"Feature","geometry":{"type":"Point","coordinates":[-0.13813,51.55633]},"properties":{"name":"Down To Earth","address":"Brecknock Road 225","postcode":"N19 5AA","sport":"yoga;pilates"}},{"type":"Feature","geometry":{"type":"Point","coordinates":[0.02955,51.55166]},"properties":{"name":"The Reformery","address":"Avenue Road","postcode":"E7 0LA","sport":"pilates"}},{"type":"Feature","geometry":{"type":"Point","coordinates":[-0.14104,51.59096]},"properties":{"name":"The Good Rooms","address":"","postcode":"","sport":"yoga"}},{"type":"Feature","geometry":{"type":"Point","coordinates":[-0.12611,51.48579]},"properties":{"name":"Embody Wellness","address":"","postcode":"","sport":""}},{"type":"Feature","geometry":{"type":"Point","coordinates":[-0.01672,51.51913]},"properties":{"name":"énergie Fitness","address":"","postcode":"","sport":""}},{"type":"Feature","geometry":{"type":"Point","coordinates":[-0.06708,51.60557]},"properties":{"name":"The Gym","address":"High Road 780","postcode":"N17 0BX","sport":""}},{"type":"Feature","geometry":{"type":"Point","coordinates":[-0.06532,51.51465]},"properties":{"name":"MMA LDN","address":"Commercial Road 88","postcode":"E1 1NU","sport":""}},{"type":"Feature","geometry":{"type":"Point","coordinates":[-0.08052,51.52231]},"properties":{"name":"BLOK Shoreditch","address":"Hearn Street","postcode":"EC2A 3BR","sport":""}},{"type":"Feature","geometry":{"type":"Point","coordinates":[-0.0051,51.53592]},"properties":{"name":"Anytime Fitness","address":"High Street 188","postcode":"","sport":"fitness"}},{"type":"Feature","geometry":{"type":"Point","coordinates":[-0.02487,51.54307]},"properties":{"name":"Hackney Wick Personal Training","address":"White Post Lane 29","postcode":"E9 5EN","sport":""}},{"type":"Feature","geometry":{"type":"Point","coordinates":[-0.07717,51.51879]},"properties":{"name":"Six3Nine","address":"Gun Street 50","postcode":"","sport":""}},{"type":"Feature","geometry":{"type":"Point","coordinates":[-0.17636,51.54459]},"properties":{"name":"Anytime Fitness","address":"","postcode":"","sport":""}},{"type":"Feature","geometry":{"type":"Point","coordinates":[0.06526,51.55543]},"properties":{"name":"The Gym","address":"Romford Road 970","postcode":"","sport":"fitness"}},{"type":"Feature","geometry":{"type":"Point","coordinates":[-0.05442,51.55566]},"properties":{"name":"The Wing Chun School","address":"","postcode":"","sport":""}},{"type":"Feature","geometry":{"type":"Point","coordinates":[-0.36296,51.4707]},"properties":{"name":"The Gym Group - Hounslow","address":"Prince Regent Road","postcode":"TW3 1NL","sport":""}},{"type":"Feature","geometry":{"type":"Point","coordinates":[-0.2545,51.46862]},"properties":{"name":"The Cabin","address":"White Hart Lane 75-77","postcode":"SW13 0PW","sport":""}},{"type":"Feature","geometry":{"type":"Point","coordinates":[-0.08673,51.52183]},"properties":{"name":"Barry's","address":"","postcode":"","sport":""}},{"type":"Feature","geometry":{"type":"Point","coordinates":[-0.17962,51.49359]},"properties":{"name":"Tailored Wellness","address":"Stanhope Gardens 24","postcode":"SW7 5QX","sport":""}},{"type":"Feature","geometry":{"type":"Point","coordinates":[-0.05494,51.54044]},"properties":{"name":"Anytime Fitness","address":"Pemberton Place 8","postcode":"","sport":""}},{"type":"Feature","geometry":{"type":"Point","coordinates":[-0.12618,51.56223]},"properties":{"name":"Energie Wellness Centre","address":"Holloway Road 539","postcode":"","sport":""}},{"type":"Feature","geometry":{"type":"Point","coordinates":[-0.05606,51.54459]},"properties":{"name":"Fit This","address":"","postcode":"","sport":""}},{"type":"Feature","geometry":{"type":"Point","coordinates":[-0.17868,51.54573]},"properties":{"name":"PureGym","address":"","postcode":"","sport":""}},{"type":"Feature","geometry":{"type":"Point","coordinates":[-0.14727,51.58603]},"properties":{"name":"=Results","address":"Muswell Hill Road 53","postcode":"N10 3JB","sport":"fitness"}},{"type":"Feature","geometry":{"type":"Point","coordinates":[-0.01315,51.50201]},"properties":{"name":"Ultimate Performance","address":"Harbour Quay 25","postcode":"E14 9XU","sport":""}},{"type":"Feature","geometry":{"type":"Point","coordinates":[0.00702,51.48621]},"properties":{"name":"Snap Fitness","address":"","postcode":"","sport":""}},{"type":"Feature","geometry":{"type":"Point","coordinates":[-0.08305,51.51777]},"properties":{"name":"JOHN REED Fitness","address":"","postcode":"","sport":""}},{"type":"Feature","geometry":{"type":"Point","coordinates":[-0.02848,51.54453]},"properties":{"name":"Strong + Bendy","address":"","postcode":"","sport":""}},{"type":"Feature","geometry":{"type":"Point","coordinates":[-0.0486,51.49899]},"properties":{"name":"Canada Water Studios","address":"","postcode":"","sport":"yoga;fitness"}},{"type":"Feature","geometry":{"type":"Point","coordinates":[-0.04888,51.49853]},"properties":{"name":"Maple Quays Residents Gym","address":"","postcode":"","sport":""}},{"type":"Feature","geometry":{"type":"Point","coordinates":[0.00577,51.45877]},"properties":{"name":"BASE 13","address":"Lee High Road 227","postcode":"SE13 5PQ","sport":""}},{"type":"Feature","geometry":{"type":"Point","coordinates":[-0.00849,51.53165]},"properties":{"name":"Marchon","address":"Cooperage Yard 1","postcode":"E15 2QR","sport":"fitness;weightlifting"}},{"type":"Feature","geometry":{"type":"Point","coordinates":[0.05444,51.43663]},"properties":{"name":"Coldharbour Leisure Centre","address":"Chapel Farm Road","postcode":"","sport":""}},{"type":"Feature","geometry":{"type":"Point","coordinates":[0.0163,51.40173]},"properties":{"name":"PureGym","address":"High Street 53-57","postcode":"BR1 1TR","sport":"fitness"}},{"type":"Feature","geometry":{"type":"Point","coordinates":[0.07199,51.4913]},"properties":{"name":"PureGym","address":"","postcode":"","sport":""}},{"type":"Feature","geometry":{"type":"Point","coordinates":[0.06384,51.4932]},"properties":{"name":"More Yoga","address":"Hare Street 44","postcode":"SE18 6LZ","sport":"yoga"}},{"type":"Feature","geometry":{"type":"Point","coordinates":[0.06612,51.48922]},"properties":{"name":"Anytime Fitness","address":"","postcode":"","sport":""}},{"type":"Feature","geometry":{"type":"Point","coordinates":[-0.02391,51.4737]},"properties":{"name":"Kindred Yoga","address":"","postcode":"","sport":"yoga"}},{"type":"Feature","geometry":{"type":"Point","coordinates":[-0.3097,51.45568]},"properties":{"name":"Studio 17","address":"Richmond Road","postcode":"TW1 2DY","sport":"yoga"}},{"type":"Feature","geometry":{"type":"Point","coordinates":[0.07321,51.50682]},"properties":{"name":"Phoenix Gym","address":"Basin Approach","postcode":"E16 2QS","sport":""}},{"type":"Feature","geometry":{"type":"Point","coordinates":[-0.15243,51.54424]},"properties":{"name":"Anytime Fitness","address":"","postcode":"","sport":""}},{"type":"Feature","geometry":{"type":"Point","coordinates":[-0.08717,51.55884]},"properties":{"name":"Mudra Yoga","address":"","postcode":"","sport":"yoga"}},{"type":"Feature","geometry":{"type":"Point","coordinates":[-0.08709,51.55877]},"properties":{"name":"pilates living N16","address":"","postcode":"","sport":""}},{"type":"Feature","geometry":{"type":"Point","coordinates":[-0.08686,51.55874]},"properties":{"name":"Lana & Friends","address":"","postcode":"","sport":""}},{"type":"Feature","geometry":{"type":"Point","coordinates":[-0.3256,51.51003]},"properties":{"name":"Energym","address":"","postcode":"","sport":""}},{"type":"Feature","geometry":{"type":"Point","coordinates":[-0.19696,51.55511]},"properties":{"name":"The Gym Group","address":"Fortune Green Road 41","postcode":"NW6 1DR","sport":""}},{"type":"Feature","geometry":{"type":"Point","coordinates":[-0.27212,51.50735]},"properties":{"name":"Anytime Fitness","address":"","postcode":"","sport":""}},{"type":"Feature","geometry":{"type":"Point","coordinates":[0.019,51.47748]},"properties":{"name":"Burn It Fitness","address":"Westcombe Hill 188","postcode":"SE3 7DH","sport":""}},{"type":"Feature","geometry":{"type":"Point","coordinates":[0.00194,51.48443]},"properties":{"name":"One One One Pilates","address":"Trafalgar Road 115a","postcode":"SE10 9TX","sport":"yoga"}},{"type":"Feature","geometry":{"type":"Point","coordinates":[0.1511,51.441]},"properties":{"name":"Pilates Body Studio","address":"Bexley High Street 88","postcode":"","sport":""}},{"type":"Feature","geometry":{"type":"Point","coordinates":[-0.01665,51.47735]},"properties":{"name":"PureGym","address":"Lovibond Lane 6","postcode":"SE10 9FY","sport":""}},{"type":"Feature","geometry":{"type":"Point","coordinates":[-0.01835,51.47621]},"properties":{"name":"PureGym","address":"Greenwich High Road 48-80","postcode":"SE10 8JL","sport":""}},{"type":"Feature","geometry":{"type":"Point","coordinates":[-0.04083,51.5896]},"properties":{"name":"Yonder The Studio","address":"Hookers Road 4-6","postcode":"E17 6DP","sport":"yoga"}},{"type":"Feature","geometry":{"type":"Point","coordinates":[0.0708,51.55689]},"properties":{"name":"The Gym","address":"","postcode":"","sport":""}},{"type":"Feature","geometry":{"type":"Point","coordinates":[-0.13619,51.51973]},"properties":{"name":"Club Q","address":"Charlotte Street 59","postcode":"W1T 4PE","sport":"personal_training"}},{"type":"Feature","geometry":{"type":"Point","coordinates":[0.02094,51.43176]},"properties":{"name":"Anytime Fitness","address":"","postcode":"","sport":""}},{"type":"Feature","geometry":{"type":"Point","coordinates":[-0.13328,51.58738]},"properties":{"name":"Zero Gravity Pilates","address":"Priory Road 183","postcode":"N8 8NB","sport":""}},{"type":"Feature","geometry":{"type":"Point","coordinates":[-0.13317,51.58737]},"properties":{"name":"=Results","address":"Priory Road","postcode":"N8 8NB","sport":""}},{"type":"Feature","geometry":{"type":"Point","coordinates":[-0.10767,51.52226]},"properties":{"name":"PureGym","address":"Clerkenwell Road 122","postcode":"EC1R 5DL","sport":""}},{"type":"Feature","geometry":{"type":"Point","coordinates":[-0.18611,51.43046]},"properties":{"name":"Hybrid Fitness","address":"Plough Lane 83a","postcode":"SW17 0RF","sport":"fitness;gym;squash"}},{"type":"Feature","geometry":{"type":"Point","coordinates":[-0.3354,51.59376]},"properties":{"name":"Anytime Fitness","address":"","postcode":"","sport":""}},{"type":"Feature","geometry":{"type":"Point","coordinates":[-0.01691,51.46471]},"properties":{"name":"Anytime Fitness","address":"","postcode":"","sport":""}},{"type":"Feature","geometry":{"type":"Point","coordinates":[-0.17541,51.61156]},"properties":{"name":"Override Spin Studio","address":"High Road","postcode":"","sport":"spinning"}},{"type":"Feature","geometry":{"type":"Point","coordinates":[-0.0616,51.53577]},"properties":{"name":"Waking Dreams","address":"Ada Street","postcode":"","sport":"yoga"}},{"type":"Feature","geometry":{"type":"Point","coordinates":[-0.1353,51.526]},"properties":{"name":"Anytime Fitness","address":"","postcode":"","sport":""}},{"type":"Feature","geometry":{"type":"Point","coordinates":[-0.02029,51.48034]},"properties":{"name":"More Yoga","address":"","postcode":"","sport":"yoga"}},{"type":"Feature","geometry":{"type":"Point","coordinates":[0.01007,51.54284]},"properties":{"name":"City Boxing Camp","address":"","postcode":"","sport":"boxing"}},{"type":"Feature","geometry":{"type":"Point","coordinates":[-0.12064,51.58173]},"properties":{"name":"PureGym","address":"","postcode":"","sport":""}},{"type":"Feature","geometry":{"type":"Point","coordinates":[0.07338,51.55737]},"properties":{"name":"Nuffield Health Fitness & Wellbeing","address":"Clements Road 68-90","postcode":"IG1 1BP","sport":""}},{"type":"Feature","geometry":{"type":"Point","coordinates":[-0.07479,51.53051]},"properties":{"name":"PureGym","address":"","postcode":"","sport":""}},{"type":"Feature","geometry":{"type":"Point","coordinates":[-0.06572,51.49242]},"properties":{"name":"Crossfit Bermondsey","address":"Southwark Park Road 183-187","postcode":"","sport":"crossfit"}},{"type":"Feature","geometry":{"type":"Point","coordinates":[-0.11244,51.48908]},"properties":{"name":"Oliveira Team Brazilian Jiu Jitsu","address":"Sancroft Street 6","postcode":"SE11 5UD","sport":"jiu-jitsu;boxing;self_defence"}},{"type":"Feature","geometry":{"type":"Point","coordinates":[-0.12147,51.48958]},"properties":{"name":"solo60","address":"Tinworth Street 8","postcode":"SE11 5EJ","sport":""}},{"type":"Feature","geometry":{"type":"Point","coordinates":[-0.13717,51.49685]},"properties":{"name":"Gymbox Victoria","address":"","postcode":"","sport":""}},{"type":"Feature","geometry":{"type":"Point","coordinates":[-0.09802,51.49468]},"properties":{"name":"Gymbox Elephant and Castle","address":"","postcode":"","sport":"fitness;yoga;gymnastics;weightlifting"}},{"type":"Feature","geometry":{"type":"Point","coordinates":[-0.11286,51.47174]},"properties":{"name":"F45 Training","address":"Brixton Road 230","postcode":"SW9 6AH","sport":""}},{"type":"Feature","geometry":{"type":"Point","coordinates":[-0.08648,51.55932]},"properties":{"name":"Hackey Aerial Yoga","address":"","postcode":"","sport":"yoga"}},{"type":"Feature","geometry":{"type":"Point","coordinates":[-0.1074,51.59387]},"properties":{"name":"The Gym","address":"","postcode":"","sport":""}},{"type":"Feature","geometry":{"type":"Point","coordinates":[-0.12574,51.48253]},"properties":{"name":"Crossfit Vauxhaul","address":"","postcode":"","sport":""}},{"type":"Feature","geometry":{"type":"Point","coordinates":[0.02027,51.55418]},"properties":{"name":"E7 Movement","address":"Station Road 368","postcode":"E7 0AB","sport":"yoga;dance;kung_fu"}},{"type":"Feature","geometry":{"type":"Point","coordinates":[0.01533,51.48633]},"properties":{"name":"Novo Armory","address":"","postcode":"","sport":""}},{"type":"Feature","geometry":{"type":"Point","coordinates":[0.08767,51.42305]},"properties":{"name":"Nuffield Health Fitness & Wellbeing","address":"","postcode":"","sport":""}},{"type":"Feature","geometry":{"type":"Point","coordinates":[-0.2981,51.38982]},"properties":{"name":"Fitbox","address":"Ewell Road 118","postcode":"","sport":"fitness"}},{"type":"Feature","geometry":{"type":"Point","coordinates":[-0.14053,51.46357]},"properties":{"name":"YogaHaven","address":"","postcode":"","sport":"yoga"}},{"type":"Feature","geometry":{"type":"Point","coordinates":[-0.03444,51.48211]},"properties":{"name":"BALDR CrossFit","address":"Childers Street 82-84","postcode":"","sport":""}},{"type":"Feature","geometry":{"type":"Point","coordinates":[-0.14815,51.49401]},"properties":{"name":"Psycle","address":"Eccleston Place 27","postcode":"SW1W 9NF","sport":""}},{"type":"Feature","geometry":{"type":"Point","coordinates":[-0.03812,51.51206]},"properties":{"name":"Tai Chi Centre","address":"","postcode":"","sport":"tai-chi"}},{"type":"Feature","geometry":{"type":"Point","coordinates":[0.00554,51.51171]},"properties":{"name":"The Strength Room","address":"","postcode":"","sport":""}},{"type":"Feature","geometry":{"type":"Point","coordinates":[-0.11445,51.48077]},"properties":{"name":"Damos Personal Training","address":"Claylands Road 10","postcode":"SW8 1NY","sport":""}},{"type":"Feature","geometry":{"type":"Point","coordinates":[-0.01053,51.56539]},"properties":{"name":"Pause","address":"","postcode":"","sport":"yoga"}},{"type":"Feature","geometry":{"type":"Point","coordinates":[-0.18725,51.60603]},"properties":{"name":"Park View Healthclubs","address":"","postcode":"","sport":""}},{"type":"Feature","geometry":{"type":"Point","coordinates":[0.01486,51.40493]},"properties":{"name":"GYM BROMLEY","address":"","postcode":"","sport":"fitness"}},{"type":"Feature","geometry":{"type":"Point","coordinates":[-0.00794,51.45315]},"properties":{"name":"The Lane","address":"Hither Green Lane 134","postcode":"","sport":""}},{"type":"Feature","geometry":{"type":"Point","coordinates":[-0.11259,51.58145]},"properties":{"name":"Corehealth","address":"Weston Park 174","postcode":"N8 9PN","sport":"pilates"}},{"type":"Feature","geometry":{"type":"Point","coordinates":[-0.1132,51.55367]},"properties":{"name":"F45 Holloway","address":"Holloway Road 256-258","postcode":"N7 6NE","sport":""}},{"type":"Feature","geometry":{"type":"Point","coordinates":[-0.29999,51.3586]},"properties":{"name":"Patello Brazilian Jiu Jitsu","address":"","postcode":"","sport":""}},{"type":"Feature","geometry":{"type":"Point","coordinates":[-0.21494,51.40598]},"properties":{"name":"Wimbledon Kickboxing and Boxing Club","address":"","postcode":"","sport":""}},{"type":"Feature","geometry":{"type":"Point","coordinates":[-0.17707,51.61261]},"properties":{"name":"PureGym","address":"","postcode":"","sport":""}},{"type":"Feature","geometry":{"type":"Point","coordinates":[-0.09507,51.49401]},"properties":{"name":"Fight City Gym","address":"","postcode":"","sport":""}},{"type":"Feature","geometry":{"type":"Point","coordinates":[0.01972,51.39105]},"properties":{"name":"Nuffield Health Gym","address":"","postcode":"BR2 9EF","sport":""}},{"type":"Feature","geometry":{"type":"Point","coordinates":[0.01822,51.4026]},"properties":{"name":"Bromley Fitness Centre","address":"Elmfield Road 9-13","postcode":"BR1 1LT","sport":""}},{"type":"Feature","geometry":{"type":"Point","coordinates":[-0.0499,51.42578]},"properties":{"name":"The Gym Group","address":"Sydenham Road, SE265QE 74-78","postcode":"SE26 5QE","sport":""}},{"type":"Feature","geometry":{"type":"Point","coordinates":[-0.28039,51.39825]},"properties":{"name":"Pilates in Surbiton","address":"Chiltern Drive 109","postcode":"","sport":""}},{"type":"Feature","geometry":{"type":"Point","coordinates":[-0.10576,51.50799]},"properties":{"name":"Ride Reshape","address":"","postcode":"","sport":""}},{"type":"Feature","geometry":{"type":"Point","coordinates":[-0.34062,51.58069]},"properties":{"name":"The Gym","address":"","postcode":"","sport":""}},{"type":"Feature","geometry":{"type":"Point","coordinates":[-0.01597,51.48055]},"properties":{"name":"Metal5","address":"","postcode":"","sport":""}},{"type":"Feature","geometry":{"type":"Point","coordinates":[-0.12492,51.50717]},"properties":{"name":"The Gym","address":"","postcode":"","sport":""}},{"type":"Feature","geometry":{"type":"Point","coordinates":[-0.09328,51.47265]},"properties":{"name":"The Gym Group","address":"","postcode":"","sport":""}},{"type":"Feature","geometry":{"type":"Point","coordinates":[-0.11881,51.5465]},"properties":{"name":"The Gym","address":"","postcode":"","sport":""}},{"type":"Feature","geometry":{"type":"Point","coordinates":[0.00047,51.54516]},"properties":{"name":"CorePower Yoga","address":"","postcode":"","sport":"yoga"}},{"type":"Feature","geometry":{"type":"Point","coordinates":[-0.04308,51.52321]},"properties":{"name":"QMotion Sport & Fitness Centre","address":"Godward Square 15","postcode":"E1 4FZ","sport":""}},{"type":"Feature","geometry":{"type":"Point","coordinates":[-0.10831,51.61796]},"properties":{"name":"Park View Health Clubs","address":"","postcode":"","sport":""}},{"type":"Feature","geometry":{"type":"Point","coordinates":[-0.12773,51.53671]},"properties":{"name":"Ten","address":"","postcode":"","sport":""}},{"type":"Feature","geometry":{"type":"Point","coordinates":[-0.06026,51.51163]},"properties":{"name":"Grapple Collective","address":"Chapman Street 117","postcode":"E1 2PH","sport":"jiu-jitsu"}},{"type":"Feature","geometry":{"type":"Point","coordinates":[-0.21807,51.46555]},"properties":{"name":"Sivananda Yoga Vedanta Centre","address":"Felsham Road","postcode":"","sport":"yoga"}},{"type":"Feature","geometry":{"type":"Point","coordinates":[-0.02009,51.54505]},"properties":{"name":"The Body People","address":"Copper Street 11","postcode":"E20 3AT","sport":"fitness"}},{"type":"Feature","geometry":{"type":"Point","coordinates":[0.01034,51.52927]},"properties":{"name":"Strength Ambassadors","address":"Holland Road 71","postcode":"E15 3BP","sport":"weightlifting"}},{"type":"Feature","geometry":{"type":"Point","coordinates":[-0.02247,51.54056]},"properties":{"name":"The Island Reformer Pilates","address":"Wyke Road 14","postcode":"","sport":""}},{"type":"Feature","geometry":{"type":"Point","coordinates":[-0.02056,51.43638]},"properties":{"name":"The Gym","address":"","postcode":"","sport":""}},{"type":"Feature","geometry":{"type":"Point","coordinates":[-0.12855,51.43377]},"properties":{"name":"PureGym","address":"Streatham High Road","postcode":"","sport":""}},{"type":"Feature","geometry":{"type":"Point","coordinates":[0.14631,51.53073]},"properties":{"name":"PureGym","address":"Merrielands Crescent Unit 2","postcode":"RM9 6SJ","sport":"fitness"}},{"type":"Feature","geometry":{"type":"Point","coordinates":[-0.19276,51.41516]},"properties":{"name":"Hotpod Yoga South Wimbledon","address":"","postcode":"","sport":"yoga"}},{"type":"Feature","geometry":{"type":"Point","coordinates":[-0.19291,51.41488]},"properties":{"name":"F45 Training","address":"","postcode":"","sport":""}},{"type":"Feature","geometry":{"type":"Point","coordinates":[0.07271,51.38927]},"properties":{"name":"Oakley Fitness","address":"Chatsworth Parade","postcode":"BR5 1DF","sport":""}},{"type":"Feature","geometry":{"type":"Point","coordinates":[-0.09414,51.47454]},"properties":{"name":"PureGym","address":"","postcode":"","sport":""}},{"type":"Feature","geometry":{"type":"Point","coordinates":[-0.33673,51.5803]},"properties":{"name":"Buzz Gym","address":"","postcode":"","sport":""}},{"type":"Feature","geometry":{"type":"Point","coordinates":[-0.0068,51.56945]},"properties":{"name":"Fit As Leyton","address":"","postcode":"","sport":""}},{"type":"Feature","geometry":{"type":"Point","coordinates":[-0.19723,51.55502]},"properties":{"name":"Studio Society","address":"Fortune Green Road 37","postcode":"NW6 1DR","sport":"fitness"}},{"type":"Feature","geometry":{"type":"Point","coordinates":[0.07899,51.53733]},"properties":{"name":"The Gym","address":"East Street","postcode":"IG11 8EQ","sport":""}},{"type":"Feature","geometry":{"type":"Point","coordinates":[-0.30103,51.41]},"properties":{"name":"PureGym","address":"Wheatfield Way 27","postcode":"","sport":""}},{"type":"Feature","geometry":{"type":"Point","coordinates":[-0.30168,51.41015]},"properties":{"name":"The Gym","address":"","postcode":"","sport":""}},{"type":"Feature","geometry":{"type":"Point","coordinates":[-0.28083,51.55997]},"properties":{"name":"El Estudio","address":"","postcode":"","sport":""}},{"type":"Feature","geometry":{"type":"Point","coordinates":[-0.28051,51.55971]},"properties":{"name":"More Yoga","address":"","postcode":"","sport":"yoga"}},{"type":"Feature","geometry":{"type":"Point","coordinates":[0.00842,51.48605]},"properties":{"name":"Novo Gym","address":"","postcode":"SE10 9GB","sport":""}},{"type":"Feature","geometry":{"type":"Point","coordinates":[0.009,51.48579]},"properties":{"name":"MoreYoga","address":"12","postcode":"SE10 9GB","sport":"yoga"}},{"type":"Feature","geometry":{"type":"Point","coordinates":[-0.05837,51.53835]},"properties":{"name":"Basis","address":"","postcode":"","sport":""}},{"type":"Feature","geometry":{"type":"Point","coordinates":[-0.02037,51.54592]},"properties":{"name":"Duffy Boxing","address":"","postcode":"","sport":"boxing"}},{"type":"Feature","geometry":{"type":"Point","coordinates":[-0.06838,51.54828]},"properties":{"name":"Leap Fit","address":"","postcode":"","sport":""}},{"type":"Feature","geometry":{"type":"Point","coordinates":[0.019,51.53098]},"properties":{"name":"The Gym","address":"","postcode":"","sport":""}},{"type":"Feature","geometry":{"type":"Point","coordinates":[-0.15793,51.58189]},"properties":{"name":"FITT Studio","address":"","postcode":"","sport":""}},{"type":"Feature","geometry":{"type":"Point","coordinates":[-0.07863,51.50137]},"properties":{"name":"Gym Nation","address":"Druid Street 26","postcode":"","sport":""}},{"type":"Feature","geometry":{"type":"Point","coordinates":[-0.19285,51.45581]},"properties":{"name":"The Gym","address":"","postcode":"","sport":""}},{"type":"Feature","geometry":{"type":"Point","coordinates":[0.01582,51.50828]},"properties":{"name":"Sculpt & Sweat Studio","address":"","postcode":"","sport":""}},{"type":"Feature","geometry":{"type":"Point","coordinates":[0.072,51.5081]},"properties":{"name":"Pilates Vibes","address":"Silley Weir Promenade 2","postcode":"E16 2AJ","sport":"pilates"}},{"type":"Feature","geometry":{"type":"Point","coordinates":[-0.0965,51.47488]},"properties":{"name":"Level Out","address":"Camberwell Station Road 348","postcode":"","sport":""}},{"type":"Feature","geometry":{"type":"Point","coordinates":[-0.09629,51.47517]},"properties":{"name":"Twist Studios","address":"Camberwell Station Road 344","postcode":"","sport":""}},{"type":"Feature","geometry":{"type":"Point","coordinates":[-0.0574,51.52387]},"properties":{"name":"Strongher Space","address":"Cudworth Street","postcode":"E1 5QU","sport":""}},{"type":"Feature","geometry":{"type":"Point","coordinates":[-0.10025,51.50222]},"properties":{"name":"Train Fitness","address":"","postcode":"","sport":""}},{"type":"Feature","geometry":{"type":"Point","coordinates":[-0.09964,51.50225]},"properties":{"name":"énergie Fitness","address":"","postcode":"","sport":""}},{"type":"Feature","geometry":{"type":"Point","coordinates":[-0.14396,51.53871]},"properties":{"name":"Yoga Base","address":"","postcode":"","sport":"yoga"}},{"type":"Feature","geometry":{"type":"Point","coordinates":[-0.17689,51.51502]},"properties":{"name":"Ultimate Performance","address":"Eastbourne Terrace 50","postcode":"W2 6LG","sport":""}},{"type":"Feature","geometry":{"type":"Point","coordinates":[-0.24792,51.58015]},"properties":{"name":"Old Master Gym","address":"","postcode":"","sport":"martial_arts"}},{"type":"Feature","geometry":{"type":"Point","coordinates":[-0.05449,51.53941]},"properties":{"name":"Xcelerate Gyms","address":"","postcode":"","sport":""}},{"type":"Feature","geometry":{"type":"Point","coordinates":[-0.06906,51.51204]},"properties":{"name":"Urban Fitness","address":"","postcode":"","sport":""}},{"type":"Feature","geometry":{"type":"Point","coordinates":[-0.20762,51.42163]},"properties":{"name":"Anytime Fitness","address":"","postcode":"","sport":""}},{"type":"Feature","geometry":{"type":"Point","coordinates":[-0.08965,51.5862]},"properties":{"name":"Bind Yoga Studio","address":"Vicarage Parade 3","postcode":"N15 3BL","sport":"yoga"}},{"type":"Feature","geometry":{"type":"Point","coordinates":[-0.11571,51.46275]},"properties":{"name":"LevelOut Brixton","address":"","postcode":"","sport":""}},{"type":"Feature","geometry":{"type":"Point","coordinates":[-0.09035,51.57286]},"properties":{"name":"Evoke","address":"Seven Sisters Road Unit A","postcode":"N4 1FS","sport":"yoga"}},{"type":"Feature","geometry":{"type":"Point","coordinates":[-0.06892,51.47084]},"properties":{"name":"The Gym Group","address":"","postcode":"","sport":""}},{"type":"Feature","geometry":{"type":"Point","coordinates":[-0.17145,51.4375]},"properties":{"name":"énergie Fitness","address":"Seacole Walk 15","postcode":"SW17 0ZH","sport":"fitness"}},{"type":"Feature","geometry":{"type":"Point","coordinates":[-0.13099,51.52702]},"properties":{"name":"Barry's","address":"","postcode":"","sport":""}},{"type":"Feature","geometry":{"type":"Point","coordinates":[0.04566,51.51888]},"properties":{"name":"Beckton Park Gym","address":"","postcode":"","sport":""}},{"type":"Feature","geometry":{"type":"Point","coordinates":[-0.1233,51.53773]},"properties":{"name":"Kings Cross Fitness","address":"Harrier Street 1","postcode":"N1C 4EP","sport":""}},{"type":"Feature","geometry":{"type":"Point","coordinates":[-0.13684,51.46202]},"properties":{"name":"Boxit","address":"","postcode":"","sport":""}},{"type":"Feature","geometry":{"type":"Point","coordinates":[-0.11773,51.46054]},"properties":{"name":"Anytime Fitness","address":"","postcode":"","sport":""}},{"type":"Feature","geometry":{"type":"Point","coordinates":[-0.19286,51.53761]},"properties":{"name":"Crossfit Evolving","address":"Kilburn High Road 50-52","postcode":"NW6 4HJ","sport":""}},{"type":"Feature","geometry":{"type":"Point","coordinates":[-0.31935,51.51106]},"properties":{"name":"BSPK Bespoke Fitness","address":"","postcode":"","sport":""}},{"type":"Feature","geometry":{"type":"Point","coordinates":[-0.06964,51.51493]},"properties":{"name":"Blockhouse Gym","address":"Commercial Road 30","postcode":"E1 1NL","sport":""}},{"type":"Feature","geometry":{"type":"Point","coordinates":[-0.1435,51.4803]},"properties":{"name":"Third Space","address":"","postcode":"","sport":""}},{"type":"Feature","geometry":{"type":"Point","coordinates":[-0.1132,51.5927]},"properties":{"name":"The Park Club","address":"Mary Neuner Road 2C","postcode":"N8 0FW","sport":""}},{"type":"Feature","geometry":{"type":"Point","coordinates":[-0.20582,51.44531]},"properties":{"name":"The Gym","address":"Wimbledon Park Road 231","postcode":"SW18 5RJ","sport":""}},{"type":"Feature","geometry":{"type":"Point","coordinates":[-0.1025,51.4654]},"properties":{"name":"Lê Pôle","address":"Hinton Road 1E","postcode":"","sport":""}},{"type":"Feature","geometry":{"type":"Point","coordinates":[-0.00487,51.51]},"properties":{"name":"Parkour Generations","address":"","postcode":"","sport":""}},{"type":"Feature","geometry":{"type":"Point","coordinates":[-0.05879,51.53962]},"properties":{"name":"Bloodline Gym","address":"9-15","postcode":"E8 3SB","sport":""}},{"type":"Feature","geometry":{"type":"Point","coordinates":[-0.05749,51.53921]},"properties":{"name":"F45 Training","address":"Sidworth Street 19","postcode":"","sport":""}},{"type":"Feature","geometry":{"type":"Point","coordinates":[-0.30293,51.51221]},"properties":{"name":"PureGym","address":"","postcode":"","sport":""}},{"type":"Feature","geometry":{"type":"Point","coordinates":[-0.09682,51.50729]},"properties":{"name":"The Font Climbing Centre","address":"","postcode":"","sport":""}},{"type":"Feature","geometry":{"type":"Point","coordinates":[-0.0566,51.53802]},"properties":{"name":"Studio Anatomy","address":"","postcode":"","sport":"pilates"}},{"type":"Feature","geometry":{"type":"Point","coordinates":[0.17343,51.39649]},"properties":{"name":"PureGym","address":"Nightingale Way","postcode":"BR8 7TQ","sport":""}},{"type":"Feature","geometry":{"type":"Point","coordinates":[-0.07069,51.47227]},"properties":{"name":"Flying Fantastic","address":"","postcode":"","sport":""}},{"type":"Feature","geometry":{"type":"Point","coordinates":[-0.12269,51.62365]},"properties":{"name":"Equals Results","address":"Cannon Hill 24","postcode":"N14 6LG","sport":""}},{"type":"Feature","geometry":{"type":"Point","coordinates":[-0.10177,51.45337]},"properties":{"name":"Fison Fitness (Studio 1)","address":"Milkwood Road 280","postcode":"SE24 0EZ","sport":""}},{"type":"Feature","geometry":{"type":"Point","coordinates":[-0.40914,51.44683]},"properties":{"name":"Anytime Fitness","address":"","postcode":"","sport":""}},{"type":"Feature","geometry":{"type":"Point","coordinates":[-0.11244,51.58647]},"properties":{"name":"Fitnastic","address":"Tottenham Lane 44","postcode":"","sport":"gym"}},{"type":"Feature","geometry":{"type":"Point","coordinates":[-0.13695,51.51626]},"properties":{"name":"The Gym Group","address":"Oxford Street 120","postcode":"W1D 1LT","sport":""}},{"type":"Feature","geometry":{"type":"Point","coordinates":[-0.11863,51.58247]},"properties":{"name":"Yoga Centre","address":"","postcode":"","sport":"yoga"}},{"type":"Feature","geometry":{"type":"Point","coordinates":[-0.20564,51.52867]},"properties":{"name":"Jubilee Community Leisure Centre","address":"","postcode":"","sport":""}},{"type":"Feature","geometry":{"type":"Point","coordinates":[-0.15495,51.54239]},"properties":{"name":"Aboxr","address":"Gloucester Avenue 146","postcode":"","sport":""}},{"type":"Feature","geometry":{"type":"Point","coordinates":[-0.30587,51.39264]},"properties":{"name":"The Gym","address":"Victoria Road 15-17","postcode":"","sport":"fitness"}},{"type":"Feature","geometry":{"type":"Point","coordinates":[-0.11099,51.46229]},"properties":{"name":"Hot Yoga Brixton","address":"","postcode":"","sport":"yoga"}},{"type":"Feature","geometry":{"type":"Point","coordinates":[-0.18785,51.50256]},"properties":{"name":"Anytime Fitness","address":"Kensington High Street 2-24","postcode":"W8 4PT","sport":""}},{"type":"Feature","geometry":{"type":"Point","coordinates":[0.01158,51.51078]},"properties":{"name":"Shakti Space","address":"","postcode":"","sport":"yoga"}},{"type":"Feature","geometry":{"type":"Point","coordinates":[-0.07467,51.54577]},"properties":{"name":"Gympods","address":"","postcode":"","sport":""}},{"type":"Feature","geometry":{"type":"Point","coordinates":[-0.19326,51.49657]},"properties":{"name":"The Kensington Studio","address":"Radley Mews 24a","postcode":"","sport":""}},{"type":"Feature","geometry":{"type":"Point","coordinates":[-0.27701,51.5082]},"properties":{"name":"PureGym","address":"","postcode":"","sport":""}},{"type":"Feature","geometry":{"type":"Point","coordinates":[-0.08142,51.49941]},"properties":{"name":"Milo and the Bull","address":"Bermondsey Street 168-170","postcode":"SE1 3TQ","sport":""}},{"type":"Feature","geometry":{"type":"Point","coordinates":[-0.01319,51.55876]},"properties":{"name":"Score Leisure Centre","address":"Coronation Square 2","postcode":"E10 5UN","sport":"basketball;badminton;futsal;pickleball;handball;volleyball;netball;dance;fitness;gymnastics"}},{"type":"Feature","geometry":{"type":"Point","coordinates":[-0.00887,51.54784]},"properties":{"name":"The Gym","address":"Fortunes Walk","postcode":"","sport":""}},{"type":"Feature","geometry":{"type":"Point","coordinates":[-0.12999,51.51463]},"properties":{"name":"Lewis Paris Fitness London Soho","address":"","postcode":"","sport":""}},{"type":"Feature","geometry":{"type":"Point","coordinates":[0.02959,51.5465]},"properties":{"name":"Regal Boxing","address":"Romford Road 346","postcode":"","sport":"boxing"}},{"type":"Feature","geometry":{"type":"Point","coordinates":[-0.09467,51.52693]},"properties":{"name":"G Happy Feet Studios","address":"Ironmonger Row 19-23","postcode":"EC1V 3QW","sport":""}},{"type":"Feature","geometry":{"type":"Point","coordinates":[-0.00978,51.52545]},"properties":{"name":"The Gym","address":"Reed Avenue 24","postcode":"E3 3ZA","sport":""}},{"type":"Feature","geometry":{"type":"Point","coordinates":[-0.00969,51.50281]},"properties":{"name":"In2Sport","address":"","postcode":"","sport":""}},{"type":"Feature","geometry":{"type":"Point","coordinates":[-0.30626,51.46022]},"properties":{"name":"Third Space","address":"","postcode":"","sport":""}},{"type":"Feature","geometry":{"type":"Point","coordinates":[-0.04491,51.54772]},"properties":{"name":"Flo Yoga","address":"Homerton High Street 130","postcode":"","sport":"yoga"}},{"type":"Feature","geometry":{"type":"Point","coordinates":[-0.14296,51.53907]},"properties":{"name":"PureGym","address":"Camden High Street 193-199","postcode":"NW1 7BT","sport":""}},{"type":"Feature","geometry":{"type":"Point","coordinates":[-0.06984,51.53092]},"properties":{"name":"BFT Hackney","address":"Hackney Road 246-252","postcode":"","sport":""}},{"type":"Feature","geometry":{"type":"Point","coordinates":[-0.01275,51.5465]},"properties":{"name":"LevelOut Reformer Pilates","address":"Victory Parade 2-4","postcode":"E20 1FS","sport":"pilates"}},{"type":"Feature","geometry":{"type":"Point","coordinates":[-0.1283,51.63208]},"properties":{"name":"North London Boxing Club","address":"Station Parade 4-6","postcode":"N14 5BJ","sport":"boxing"}},{"type":"Feature","geometry":{"type":"Point","coordinates":[-0.2228,51.48937]},"properties":{"name":"Jetts Fitness","address":"","postcode":"","sport":""}},{"type":"Feature","geometry":{"type":"Point","coordinates":[-0.28657,51.48314]},"properties":{"name":"Cat on the Mat","address":"","postcode":"","sport":"yoga"}},{"type":"Feature","geometry":{"type":"Point","coordinates":[-0.10532,51.53595]},"properties":{"name":"PureGym","address":"Upper St 52","postcode":"N1 0QH","sport":"fitness"}},{"type":"Feature","geometry":{"type":"Point","coordinates":[-0.00648,51.5644]},"properties":{"name":"Pause","address":"","postcode":"","sport":"pilates"}},{"type":"Feature","geometry":{"type":"Point","coordinates":[0.01296,51.51106]},"properties":{"name":"Luv Yourself Space","address":"Hoy Street","postcode":"","sport":"yoga"}},{"type":"Feature","geometry":{"type":"Point","coordinates":[-0.11322,51.58442]},"properties":{"name":"CrossFit North London","address":"Cranford Way","postcode":"N8 9DG","sport":""}},{"type":"Feature","geometry":{"type":"Point","coordinates":[-0.11324,51.58445]},"properties":{"name":"Synergy Studio","address":"Cranford Way","postcode":"N8 9DG","sport":""}},{"type":"Feature","geometry":{"type":"Point","coordinates":[-0.11331,51.58442]},"properties":{"name":"NLSC North London Strength and Conditioning","address":"Cranford Way","postcode":"N8 9DG","sport":""}},{"type":"Feature","geometry":{"type":"Point","coordinates":[-0.07548,51.52964]},"properties":{"name":"Labs fitness","address":"","postcode":"","sport":""}},{"type":"Feature","geometry":{"type":"Point","coordinates":[-0.32861,51.44837]},"properties":{"name":"Heartspace","address":"Katherine Street 46-48","postcode":"","sport":"yoga"}},{"type":"Feature","geometry":{"type":"Point","coordinates":[-0.00853,51.57079]},"properties":{"name":"Anytime Fitness","address":"High Road Leyton 665","postcode":"","sport":""}},{"type":"Feature","geometry":{"type":"Point","coordinates":[-0.08971,51.51972]},"properties":{"name":"Nuffield Health Fitness & Wellbeing","address":"Ropemaker Street 1","postcode":"EC2Y 9AW","sport":""}},{"type":"Feature","geometry":{"type":"Point","coordinates":[-0.02814,51.47509]},"properties":{"name":"Iyengar Yoga Institute","address":"New Cross Road 470","postcode":"","sport":"yoga"}},{"type":"Feature","geometry":{"type":"Point","coordinates":[0.01784,51.38588]},"properties":{"name":"TB Gymfit","address":"Hayes Lane 149","postcode":"BR2 9EJ","sport":"fitness;gym"}},{"type":"Feature","geometry":{"type":"Point","coordinates":[-0.12337,51.52769]},"properties":{"name":"Rebel Studio","address":"","postcode":"","sport":"yoga"}},{"type":"Feature","geometry":{"type":"Point","coordinates":[-0.02592,51.50107]},"properties":{"name":"Delta Fitness","address":"Westferry Road 41","postcode":"E14 8JH","sport":""}},{"type":"Feature","geometry":{"type":"Point","coordinates":[0.07265,51.49291]},"properties":{"name":"Royal Arsenal Gym","address":"Duke of Wellington Avenue","postcode":"SE18 6SS","sport":""}},{"type":"Feature","geometry":{"type":"Point","coordinates":[-0.07512,51.5302]},"properties":{"name":"Reformer LDN","address":"","postcode":"","sport":""}},{"type":"Feature","geometry":{"type":"Point","coordinates":[-0.08891,51.53607]},"properties":{"name":"Hitio","address":"","postcode":"","sport":""}},{"type":"Feature","geometry":{"type":"Point","coordinates":[0.0247,51.47598]},"properties":{"name":"Core Studio","address":"Delacourt Road 7","postcode":"SE3 8XA","sport":""}},{"type":"Feature","geometry":{"type":"Point","coordinates":[-0.03517,51.49252]},"properties":{"name":"Fitness Space Surrey Quays","address":"","postcode":"","sport":""}},{"type":"Feature","geometry":{"type":"Point","coordinates":[-0.03638,51.49225]},"properties":{"name":"Nuforma Pilates","address":"","postcode":"","sport":""}},{"type":"Feature","geometry":{"type":"Point","coordinates":[-0.08314,51.51046]},"properties":{"name":"Roar","address":"","postcode":"","sport":""}},{"type":"Feature","geometry":{"type":"Point","coordinates":[-0.02036,51.53453]},"properties":{"name":"Liquid Movement - Yoga, Sound, Motion","address":"Wick Lane 455","postcode":"E3 2TB","sport":"yoga"}},{"type":"Feature","geometry":{"type":"Point","coordinates":[-0.18934,51.40948]},"properties":{"name":"Gym 1971","address":"","postcode":"","sport":""}},{"type":"Feature","geometry":{"type":"Point","coordinates":[-0.40931,51.60075]},"properties":{"name":"Fit Club","address":"Joel Street","postcode":"","sport":""}},{"type":"Feature","geometry":{"type":"Point","coordinates":[-0.05578,51.54608]},"properties":{"name":"Doom Yoga","address":"","postcode":"","sport":"yoga"}},{"type":"Feature","geometry":{"type":"Point","coordinates":[0.1217,51.49773]},"properties":{"name":"Anytime Fitness","address":"Kite Close 1-3","postcode":"SE2 9FB","sport":""}},{"type":"Feature","geometry":{"type":"Point","coordinates":[-0.22595,51.53345]},"properties":{"name":"Absolute Studios","address":"College Road 77A","postcode":"NW10 5ES","sport":""}},{"type":"Feature","geometry":{"type":"Point","coordinates":[-0.2884,51.48812]},"properties":{"name":"Pilates4U","address":"","postcode":"","sport":"pilates"}},{"type":"Feature","geometry":{"type":"Point","coordinates":[-0.01405,51.46485]},"properties":{"name":"CRANK Lewisham","address":"Loampit Vale Unit 2","postcode":"SE13 7NX","sport":"powerlifting;fitness"}},{"type":"Feature","geometry":{"type":"Point","coordinates":[-0.05005,51.49633]},"properties":{"name":"Canada Water Leisure Centre","address":"Deal Porters Way 7","postcode":"SE16 2AJ","sport":"swimming;basketball;badminton;gymnastics;fitness"}},{"type":"Feature","geometry":{"type":"Point","coordinates":[0.03871,51.53095]},"properties":{"name":"UK Fitness Club","address":"","postcode":"","sport":""}},{"type":"Feature","geometry":{"type":"Point","coordinates":[-0.10139,51.46655]},"properties":{"name":"Equal Fitness","address":"","postcode":"","sport":""}},{"type":"Feature","geometry":{"type":"Point","coordinates":[-0.11594,51.57082]},"properties":{"name":"LeveOut","address":"Crouch Hill 14-16","postcode":"N4 4AU","sport":"pilates"}},{"type":"Feature","geometry":{"type":"Point","coordinates":[-0.11677,51.46643]},"properties":{"name":"Gymnasivm","address":"","postcode":"","sport":""}},{"type":"Feature","geometry":{"type":"Point","coordinates":[0.05384,51.53312]},"properties":{"name":"The Gym","address":"","postcode":"","sport":""}},{"type":"Feature","geometry":{"type":"Point","coordinates":[-0.29632,51.55169]},"properties":{"name":"The Gym Group London Wembley Central","address":"Wembley Central Square Unit 11-12","postcode":"HA9 7AJ","sport":""}},{"type":"Feature","geometry":{"type":"Point","coordinates":[-0.02099,51.5409]},"properties":{"name":"Omega Fitness Lab","address":"131","postcode":"","sport":"pilates"}},{"type":"Feature","geometry":{"type":"Point","coordinates":[-0.02426,51.54037]},"properties":{"name":"ON-U-TRAINING","address":"","postcode":"","sport":""}},{"type":"Feature","geometry":{"type":"Point","coordinates":[-0.02444,51.54009]},"properties":{"name":"Social Yoga","address":"","postcode":"","sport":"yoga"}},{"type":"Feature","geometry":{"type":"Point","coordinates":[-0.11016,51.48027]},"properties":{"name":"PureGym","address":"","postcode":"","sport":""}},{"type":"Feature","geometry":{"type":"Point","coordinates":[-0.06511,51.5083]},"properties":{"name":"E1 CrossFit","address":"Pennington Quay Walk","postcode":"E1W 2BT","sport":""}},{"type":"Feature","geometry":{"type":"Point","coordinates":[-0.10642,51.53252]},"properties":{"name":"Pilates HQ","address":"","postcode":"","sport":""}},{"type":"Feature","geometry":{"type":"Point","coordinates":[-0.24527,51.40089]},"properties":{"name":"Sarah McKenna Pilates","address":"Unit 4c","postcode":"KT3 4PT","sport":"pilates"}},{"type":"Feature","geometry":{"type":"Point","coordinates":[-0.1234,51.56836]},"properties":{"name":"Sol Studio","address":"Fairbridge Road 214","postcode":"","sport":"yoga"}},{"type":"Feature","geometry":{"type":"Point","coordinates":[-0.12193,51.56621]},"properties":{"name":"The Factory","address":"Hornsey Road 407","postcode":"","sport":"yoga;dance"}},{"type":"Feature","geometry":{"type":"Point","coordinates":[-0.24446,51.5969]},"properties":{"name":"Park View healthclubs","address":"","postcode":"","sport":""}},{"type":"Feature","geometry":{"type":"Point","coordinates":[-0.01089,51.50305]},"properties":{"name":"Island Studio","address":"Brannan Street 10","postcode":"E22 3BE","sport":"pilates"}},{"type":"Feature","geometry":{"type":"Point","coordinates":[-0.01274,51.50313]},"properties":{"name":"Third Space","address":"Charter Street 14","postcode":"","sport":""}},{"type":"Feature","geometry":{"type":"Point","coordinates":[-0.15559,51.52068]},"properties":{"name":"BXR","address":"Paddington Street 24","postcode":"W1U 5QY","sport":"boxing;yoga;pilates"}},{"type":"Feature","geometry":{"type":"Point","coordinates":[-0.06511,51.51767]},"properties":{"name":"PureGym","address":"Whitechapel Road 100","postcode":"E1 1JQ","sport":""}},{"type":"Feature","geometry":{"type":"Point","coordinates":[-0.07061,51.51186]},"properties":{"name":"Hybrid Fitness","address":"","postcode":"","sport":""}},{"type":"Feature","geometry":{"type":"Point","coordinates":[-0.08798,51.50513]},"properties":{"name":"Psycle","address":"","postcode":"","sport":""}},{"type":"Feature","geometry":{"type":"Point","coordinates":[-0.02489,51.47861]},"properties":{"name":"Après London","address":"Resolution Way 12","postcode":"SE8 4NT","sport":""}},{"type":"Feature","geometry":{"type":"Point","coordinates":[-0.33244,51.58023]},"properties":{"name":"Lyon Square Gymnasium","address":"","postcode":"","sport":""}},{"type":"Feature","geometry":{"type":"Point","coordinates":[-0.13763,51.51482]},"properties":{"name":"SoulCycle","address":"","postcode":"","sport":"cycling"}},{"type":"Feature","geometry":{"type":"Point","coordinates":[-0.40962,51.59955]},"properties":{"name":"Trojan Fitness","address":"Joel Street 89","postcode":"","sport":""}},{"type":"Feature","geometry":{"type":"Point","coordinates":[-0.10113,51.46566]},"properties":{"name":"The Gym Group","address":"","postcode":"","sport":""}},{"type":"Feature","geometry":{"type":"Point","coordinates":[-0.20958,51.41127]},"properties":{"name":"Explore Pilates","address":"Merton Hall Road 142","postcode":"SW19 3PZ","sport":"pilates"}},{"type":"Feature","geometry":{"type":"Point","coordinates":[-0.36119,51.58636]},"properties":{"name":"The Gym","address":"Pinner Road 354-366","postcode":"HA2 6DZ","sport":""}},{"type":"Feature","geometry":{"type":"Point","coordinates":[0.05103,51.53739]},"properties":{"name":"The Gym Group","address":"","postcode":"","sport":"fitness"}},{"type":"Feature","geometry":{"type":"Point","coordinates":[-0.09663,51.49184]},"properties":{"name":"The Gym Group - Elephant & Castle","address":"Sayer Street 3-9","postcode":"SE17 1FY","sport":""}},{"type":"Feature","geometry":{"type":"Point","coordinates":[-0.25058,51.59532]},"properties":{"name":"PureGym - London Colindale","address":"Charcot Road Unit 1, 14","postcode":"NW9 5HR","sport":""}}]}