{"type":"FeatureCollection","meta":{"id":"parks","generated":"2026-04-05","count":2988,"source":"OpenStreetMap via Overpass API","vintage":"OSM snapshot at generation date"},"features":[{"type":"Feature","geometry":{"type":"Point","coordinates":[-0.08609,51.6625]},"properties":{"name":"St Michael's Green","type":"park","website":""}},{"type":"Feature","geometry":{"type":"Point","coordinates":[-0.06818,51.6488]},"properties":{"name":"Bush Hill Park","type":"park","website":""}},{"type":"Feature","geometry":{"type":"Point","coordinates":[-0.19357,51.59747]},"properties":{"name":"Stephens House & Grounds","type":"park","website":"http://www.stephenshouseandgardens.com/"}},{"type":"Feature","geometry":{"type":"Point","coordinates":[-0.12052,51.64118]},"properties":{"name":"Oakwood Park","type":"park","website":""}},{"type":"Feature","geometry":{"type":"Point","coordinates":[-0.08635,51.64927]},"properties":{"name":"Enfield Town Park","type":"park","website":""}},{"type":"Feature","geometry":{"type":"Point","coordinates":[-0.17028,51.65261]},"properties":{"name":"Victoria Recreation Ground","type":"park","website":""}},{"type":"Feature","geometry":{"type":"Point","coordinates":[-0.22931,51.59564]},"properties":{"name":"Sunnyhill Park","type":"park","website":""}},{"type":"Feature","geometry":{"type":"Point","coordinates":[-0.18268,51.62685]},"properties":{"name":"Whetstone Stray","type":"park","website":""}},{"type":"Feature","geometry":{"type":"Point","coordinates":[-0.00631,51.43447]},"properties":{"name":"School Playing Fields","type":"park","website":""}},{"type":"Feature","geometry":{"type":"Point","coordinates":[-0.01317,51.45317]},"properties":{"name":"Lewisham Park","type":"park","website":""}},{"type":"Feature","geometry":{"type":"Point","coordinates":[-0.17343,51.51589]},"properties":{"name":"Norfolk Square Garden","type":"garden","website":""}},{"type":"Feature","geometry":{"type":"Point","coordinates":[-0.12607,51.52169]},"properties":{"name":"Russell Square","type":"park","website":""}},{"type":"Feature","geometry":{"type":"Point","coordinates":[-0.12902,51.52504]},"properties":{"name":"Tavistock Square","type":"park","website":""}},{"type":"Feature","geometry":{"type":"Point","coordinates":[-0.32045,51.46831]},"properties":{"name":"Isleworth Ait","type":"nature_reserve","website":""}},{"type":"Feature","geometry":{"type":"Point","coordinates":[-0.41122,51.4508]},"properties":{"name":"Glebelands Playing Fields Park","type":"park","website":""}},{"type":"Feature","geometry":{"type":"Point","coordinates":[-0.16247,51.61875]},"properties":{"name":"Friary Park","type":"park","website":""}},{"type":"Feature","geometry":{"type":"Point","coordinates":[-0.38487,51.42085]},"properties":{"name":"Hatherop Park","type":"park","website":""}},{"type":"Feature","geometry":{"type":"Point","coordinates":[-0.36763,51.42097]},"properties":{"name":"Carlisle Park","type":"park","website":""}},{"type":"Feature","geometry":{"type":"Point","coordinates":[-0.34326,51.40697]},"properties":{"name":"Hampton Court Green","type":"park","website":""}},{"type":"Feature","geometry":{"type":"Point","coordinates":[-0.04183,51.6535]},"properties":{"name":"Durants Park","type":"park","website":""}},{"type":"Feature","geometry":{"type":"Point","coordinates":[-0.23613,51.46145]},"properties":{"name":"The Pleasance","type":"park","website":""}},{"type":"Feature","geometry":{"type":"Point","coordinates":[-0.17366,51.69591]},"properties":{"name":"Oakmere Park","type":"park","website":""}},{"type":"Feature","geometry":{"type":"Point","coordinates":[-0.11757,51.61861]},"properties":{"name":"Broomfield Park","type":"park","website":""}},{"type":"Feature","geometry":{"type":"Point","coordinates":[-0.1802,51.50665]},"properties":{"name":"Kensington Gardens","type":"park","website":"https://www.royalparks.org.uk/visit/parks/kensington-gardens"}},{"type":"Feature","geometry":{"type":"Point","coordinates":[-0.23028,51.58903]},"properties":{"name":"Grove Park","type":"park","website":""}},{"type":"Feature","geometry":{"type":"Point","coordinates":[-0.33734,51.40188]},"properties":{"name":"Privy Garden","type":"garden","website":""}},{"type":"Feature","geometry":{"type":"Point","coordinates":[-0.32388,51.40141]},"properties":{"name":"Hampton Court Park","type":"park","website":""}},{"type":"Feature","geometry":{"type":"Point","coordinates":[-0.18877,51.5834]},"properties":{"name":"Big Wood","type":"park","website":""}},{"type":"Feature","geometry":{"type":"Point","coordinates":[-0.19205,51.58605]},"properties":{"name":"Little Wood","type":"nature_reserve","website":""}},{"type":"Feature","geometry":{"type":"Point","coordinates":[-0.16386,51.60081]},"properties":{"name":"St Pancras and Islington Cemetery","type":"park","website":"https://iccslondon.co.uk/the-sites/islington-and-st-pancras-cemetery/"}},{"type":"Feature","geometry":{"type":"Point","coordinates":[-0.15799,51.59714]},"properties":{"name":"Coldfall Wood","type":"nature_reserve","website":"https://www.coldfallwoods.co.uk/"}},{"type":"Feature","geometry":{"type":"Point","coordinates":[-0.27736,51.43339]},"properties":{"name":"Isabella Plantation","type":"garden","website":"https://www.royalparks.org.uk/visit/parks/richmond-park/isabella-plantation"}},{"type":"Feature","geometry":{"type":"Point","coordinates":[-0.30676,51.4671]},"properties":{"name":"Old Deer Park","type":"park","website":""}},{"type":"Feature","geometry":{"type":"Point","coordinates":[-0.23077,51.61359]},"properties":{"name":"Arrandene Open Space","type":"park","website":""}},{"type":"Feature","geometry":{"type":"Point","coordinates":[-0.19771,51.55466]},"properties":{"name":"Fortune Green","type":"park","website":""}},{"type":"Feature","geometry":{"type":"Point","coordinates":[-0.34045,51.55644]},"properties":{"name":"Grove Farm local nature reserve","type":"park","website":""}},{"type":"Feature","geometry":{"type":"Point","coordinates":[-0.22162,51.58113]},"properties":{"name":"Hendon Park","type":"park","website":""}},{"type":"Feature","geometry":{"type":"Point","coordinates":[-0.35171,51.55703]},"properties":{"name":"Wood End East Recreation Ground","type":"park","website":""}},{"type":"Feature","geometry":{"type":"Point","coordinates":[-0.23529,51.55782]},"properties":{"name":"Gladstone Park","type":"park","website":""}},{"type":"Feature","geometry":{"type":"Point","coordinates":[-0.02447,51.43109]},"properties":{"name":"Bellingham Green","type":"park","website":""}},{"type":"Feature","geometry":{"type":"Point","coordinates":[-0.00933,51.44745]},"properties":{"name":"Mountsfield Park","type":"park","website":""}},{"type":"Feature","geometry":{"type":"Point","coordinates":[-0.31206,51.50396]},"properties":{"name":"Lammas Park","type":"park","website":""}},{"type":"Feature","geometry":{"type":"Point","coordinates":[-0.17228,51.70208]},"properties":{"name":"Morven Park","type":"park","website":"https://www.nationaltrust.org.uk/morven-park"}},{"type":"Feature","geometry":{"type":"Point","coordinates":[-0.21074,51.53613]},"properties":{"name":"Queens Park","type":"park","website":"https://www.cityoflondon.gov.uk/things-to-do/green-spaces/queens-park"}},{"type":"Feature","geometry":{"type":"Point","coordinates":[-0.11445,51.51701]},"properties":{"name":"Lincoln's Inn","type":"park","website":""}},{"type":"Feature","geometry":{"type":"Point","coordinates":[-0.15446,51.61954]},"properties":{"name":"Bethune Park","type":"park","website":""}},{"type":"Feature","geometry":{"type":"Point","coordinates":[-0.0574,51.61555]},"properties":{"name":"Craig Park","type":"park","website":""}},{"type":"Feature","geometry":{"type":"Point","coordinates":[-0.06971,51.61764]},"properties":{"name":"Pymmes Park","type":"park","website":""}},{"type":"Feature","geometry":{"type":"Point","coordinates":[-0.15139,51.51151]},"properties":{"name":"Grosvenor Square","type":"park","website":""}},{"type":"Feature","geometry":{"type":"Point","coordinates":[-0.13013,51.51044]},"properties":{"name":"Leicester Square","type":"park","website":""}},{"type":"Feature","geometry":{"type":"Point","coordinates":[-0.16164,51.53906]},"properties":{"name":"Primrose Hill","type":"park","website":""}},{"type":"Feature","geometry":{"type":"Point","coordinates":[-0.16335,51.35649]},"properties":{"name":"Stanley Park","type":"park","website":""}},{"type":"Feature","geometry":{"type":"Point","coordinates":[-0.41334,51.38383]},"properties":{"name":"Elmgrove Recreation Ground","type":"park","website":""}},{"type":"Feature","geometry":{"type":"Point","coordinates":[-0.20022,51.55579]},"properties":{"name":"Hampstead Cemetery","type":"park","website":"https://iccslondon.co.uk/the-sites/hampstead-cemetery/"}},{"type":"Feature","geometry":{"type":"Point","coordinates":[-0.34135,51.57438]},"properties":{"name":"Church Fields","type":"park","website":""}},{"type":"Feature","geometry":{"type":"Point","coordinates":[-0.10651,51.58513]},"properties":{"name":"Fairland Park","type":"park","website":""}},{"type":"Feature","geometry":{"type":"Point","coordinates":[-0.10105,51.57026]},"properties":{"name":"Finsbury Park","type":"park","website":"https://www.haringey.gov.uk/libraries-sport-and-leisure/parks-and-open-spaces/z-parks-and-open-spaces/finsbury-park"}},{"type":"Feature","geometry":{"type":"Point","coordinates":[-0.20576,51.43826]},"properties":{"name":"Wimbledon Park","type":"park","website":"https://www.merton.gov.uk/environment/openspaces/parks/parks_in_the_wimbledon_area/wimbledon-park.htm"}},{"type":"Feature","geometry":{"type":"Point","coordinates":[-0.19081,51.66121]},"properties":{"name":"Monken Hadley Common","type":"park","website":""}},{"type":"Feature","geometry":{"type":"Point","coordinates":[-0.07505,51.6587]},"properties":{"name":"Aldersbrook Avenue Recreation Ground","type":"park","website":""}},{"type":"Feature","geometry":{"type":"Point","coordinates":[-0.15278,51.64067]},"properties":{"name":"Oak Hill Wood Nature Reserve","type":"nature_reserve","website":"https://www.wildlondon.org.uk/reserves/oak-hill-wood"}},{"type":"Feature","geometry":{"type":"Point","coordinates":[-0.15805,51.65385]},"properties":{"name":"Ludgrove Playing Field","type":"park","website":""}},{"type":"Feature","geometry":{"type":"Point","coordinates":[-0.11221,51.57929]},"properties":{"name":"Stationers Park","type":"park","website":"https://new.haringey.gov.uk/leisure-parks-culture/parks-greenspaces/parks-facilities-haringey/stationers-park"}},{"type":"Feature","geometry":{"type":"Point","coordinates":[-0.19949,51.47351]},"properties":{"name":"Parsons Green","type":"park","website":""}},{"type":"Feature","geometry":{"type":"Point","coordinates":[-0.22598,51.53851]},"properties":{"name":"Chelmsford Square Tennis Courts & Gardens","type":"park","website":""}},{"type":"Feature","geometry":{"type":"Point","coordinates":[-0.24021,51.54132]},"properties":{"name":"Roundwood Park","type":"park","website":""}},{"type":"Feature","geometry":{"type":"Point","coordinates":[-0.22835,51.51029]},"properties":{"name":"Hammersmith Park","type":"park","website":"https://www.lbhf.gov.uk/sports-and-parks/parks-and-open-spaces/hammersmith-park"}},{"type":"Feature","geometry":{"type":"Point","coordinates":[-0.22198,51.50425]},"properties":{"name":"Shepherds Bush Green","type":"park","website":""}},{"type":"Feature","geometry":{"type":"Point","coordinates":[-0.41674,51.49012]},"properties":{"name":"Cranford Country Park","type":"park","website":"https://www.hillingdon.gov.uk/article/2846/Cranford-Country-Park"}},{"type":"Feature","geometry":{"type":"Point","coordinates":[-0.30272,51.57059]},"properties":{"name":"Preston Park","type":"park","website":""}},{"type":"Feature","geometry":{"type":"Point","coordinates":[-0.30973,51.50907]},"properties":{"name":"Walpole Park","type":"park","website":""}},{"type":"Feature","geometry":{"type":"Point","coordinates":[-0.32038,51.51014]},"properties":{"name":"Dean Gardens","type":"park","website":""}},{"type":"Feature","geometry":{"type":"Point","coordinates":[-0.20212,51.46905]},"properties":{"name":"Hurlingham Park","type":"park","website":"https://www.lbhf.gov.uk/Directory/Environment_and_Planning/Parks_and_open_spaces/Find_a_park/123512_Hurlingham_Park.asp"}},{"type":"Feature","geometry":{"type":"Point","coordinates":[-0.19429,51.46906]},"properties":{"name":"South Park","type":"park","website":""}},{"type":"Feature","geometry":{"type":"Point","coordinates":[-0.12964,51.52333]},"properties":{"name":"Woburn Square","type":"park","website":""}},{"type":"Feature","geometry":{"type":"Point","coordinates":[-0.13087,51.52426]},"properties":{"name":"Gordon Square","type":"park","website":""}},{"type":"Feature","geometry":{"type":"Point","coordinates":[-0.33176,51.47192]},"properties":{"name":"St. John's Gardens","type":"park","website":""}},{"type":"Feature","geometry":{"type":"Point","coordinates":[-0.13183,51.52659]},"properties":{"name":"Friends House Garden","type":"garden","website":""}},{"type":"Feature","geometry":{"type":"Point","coordinates":[-0.10553,51.49518]},"properties":{"name":"West Square Gardens","type":"park","website":""}},{"type":"Feature","geometry":{"type":"Point","coordinates":[-0.12245,51.52177]},"properties":{"name":"Queen Square Gardens","type":"park","website":""}},{"type":"Feature","geometry":{"type":"Point","coordinates":[-0.1189,51.51919]},"properties":{"name":"Red Lion Square Gardens","type":"park","website":""}},{"type":"Feature","geometry":{"type":"Point","coordinates":[-0.14581,51.50964]},"properties":{"name":"Berkeley Square","type":"park","website":""}},{"type":"Feature","geometry":{"type":"Point","coordinates":[-0.12104,51.50862]},"properties":{"name":"Victoria Embankment Gardens","type":"park","website":"https://www.westminster.gov.uk/parks-and-open-spaces/victoria-embankment-gardens"}},{"type":"Feature","geometry":{"type":"Point","coordinates":[-0.3853,51.45737]},"properties":{"name":"Hounslow Heath","type":"nature_reserve","website":""}},{"type":"Feature","geometry":{"type":"Point","coordinates":[-0.07354,51.46156]},"properties":{"name":"Goose Green","type":"park","website":""}},{"type":"Feature","geometry":{"type":"Point","coordinates":[-0.12225,51.52904]},"properties":{"name":"Argyle Square Gardens","type":"park","website":""}},{"type":"Feature","geometry":{"type":"Point","coordinates":[-0.13718,51.51166]},"properties":{"name":"Golden Square","type":"park","website":""}},{"type":"Feature","geometry":{"type":"Point","coordinates":[-0.12072,51.48747]},"properties":{"name":"Vauxhall Pleasure Gardens","type":"park","website":"https://beta.lambeth.gov.uk/parks/vauxhall-pleasure-gardens"}},{"type":"Feature","geometry":{"type":"Point","coordinates":[-0.11959,51.48832]},"properties":{"name":"Vauxhall Gardens Allotments","type":"garden","website":""}},{"type":"Feature","geometry":{"type":"Point","coordinates":[-0.12338,51.50564]},"properties":{"name":"Whitehall Garden","type":"park","website":""}},{"type":"Feature","geometry":{"type":"Point","coordinates":[-0.12391,51.50392]},"properties":{"name":"Whitehall Garden","type":"park","website":""}},{"type":"Feature","geometry":{"type":"Point","coordinates":[-0.14721,51.49774]},"properties":{"name":"Grosvenor Gardens","type":"park","website":""}},{"type":"Feature","geometry":{"type":"Point","coordinates":[-0.14555,51.49652]},"properties":{"name":"Grosvenor Gardens","type":"park","website":""}},{"type":"Feature","geometry":{"type":"Point","coordinates":[0.1003,51.59271]},"properties":{"name":"Fairlop Waters Country Park","type":"park","website":""}},{"type":"Feature","geometry":{"type":"Point","coordinates":[-0.13449,51.49811]},"properties":{"name":"Christchurch Gardens","type":"park","website":""}},{"type":"Feature","geometry":{"type":"Point","coordinates":[-0.12905,51.49858]},"properties":{"name":"Dean's Yard","type":"park","website":""}},{"type":"Feature","geometry":{"type":"Point","coordinates":[-0.12614,51.49809]},"properties":{"name":"College Green","type":"park","website":""}},{"type":"Feature","geometry":{"type":"Point","coordinates":[-0.12487,51.49646]},"properties":{"name":"Victoria Tower Gardens","type":"park","website":"https://www.royalparks.org.uk/parks/victoria-tower-gardens"}},{"type":"Feature","geometry":{"type":"Point","coordinates":[-0.12805,51.49439]},"properties":{"name":"St John's Gardens","type":"park","website":"https://myparks.westminster.gov.uk/parks/st-johns-gardens-horseferry-road/"}},{"type":"Feature","geometry":{"type":"Point","coordinates":[-0.12794,51.48917]},"properties":{"name":"Riverside Walk Gardens","type":"park","website":""}},{"type":"Feature","geometry":{"type":"Point","coordinates":[-0.12908,51.49146]},"properties":{"name":"Millbank Gardens","type":"park","website":""}},{"type":"Feature","geometry":{"type":"Point","coordinates":[-0.13119,51.49094]},"properties":{"name":"Causton Street Playground","type":"park","website":""}},{"type":"Feature","geometry":{"type":"Point","coordinates":[-0.11689,51.49679]},"properties":{"name":"Archbishop's Park","type":"park","website":"https://beta.lambeth.gov.uk/parks/archbishops-park"}},{"type":"Feature","geometry":{"type":"Point","coordinates":[-0.11878,51.49693]},"properties":{"name":"Lambeth Palace Garden","type":"garden","website":""}},{"type":"Feature","geometry":{"type":"Point","coordinates":[-0.21488,51.56927]},"properties":{"name":"Clitterhouse Playing Fields","type":"park","website":""}},{"type":"Feature","geometry":{"type":"Point","coordinates":[-0.3368,51.5783]},"properties":{"name":"Lowlands Recreation Ground","type":"park","website":""}},{"type":"Feature","geometry":{"type":"Point","coordinates":[-0.33687,51.57702]},"properties":{"name":"The Grove Open Space","type":"park","website":""}},{"type":"Feature","geometry":{"type":"Point","coordinates":[0.07811,51.58772]},"properties":{"name":"Barkingside Recreation Ground","type":"park","website":""}},{"type":"Feature","geometry":{"type":"Point","coordinates":[-0.36375,51.55079]},"properties":{"name":"Mandeville Parkway","type":"park","website":""}},{"type":"Feature","geometry":{"type":"Point","coordinates":[-0.13456,51.51924]},"properties":{"name":"Crabtree Fields","type":"park","website":""}},{"type":"Feature","geometry":{"type":"Point","coordinates":[-0.08967,51.58264]},"properties":{"name":"Chestnuts Park","type":"park","website":""}},{"type":"Feature","geometry":{"type":"Point","coordinates":[-0.08759,51.61875]},"properties":{"name":"Tatem Park","type":"park","website":""}},{"type":"Feature","geometry":{"type":"Point","coordinates":[-0.12491,51.58555]},"properties":{"name":"Priory Park","type":"park","website":"https://new.haringey.gov.uk/leisure-parks-culture/parks-greenspaces/parks-facilities-haringey/priory-park"}},{"type":"Feature","geometry":{"type":"Point","coordinates":[-0.0472,51.62113]},"properties":{"name":"Montagu Recreation Ground","type":"park","website":""}},{"type":"Feature","geometry":{"type":"Point","coordinates":[-0.19148,51.45562]},"properties":{"name":"Garratt Lane Old Burial Ground","type":"park","website":"https://www.wandsworth.gov.uk/leisure-and-culture/parks-and-open-spaces/parks/garratt-lane-old-burial-ground-open-space/"}},{"type":"Feature","geometry":{"type":"Point","coordinates":[0.05706,51.43841]},"properties":{"name":"Fairy Hill Park","type":"park","website":""}},{"type":"Feature","geometry":{"type":"Point","coordinates":[-0.11419,51.52025]},"properties":{"name":"The Walks","type":"garden","website":"https://www.graysinn.org.uk/the-inn/the-estate/the-walks/"}},{"type":"Feature","geometry":{"type":"Point","coordinates":[0.10578,51.43743]},"properties":{"name":"Lamorbey Park","type":"park","website":""}},{"type":"Feature","geometry":{"type":"Point","coordinates":[-0.07583,51.58321]},"properties":{"name":"Brunswick Park","type":"park","website":""}},{"type":"Feature","geometry":{"type":"Point","coordinates":[-0.19267,51.64097]},"properties":{"name":"King George V Playing Fields","type":"park","website":""}},{"type":"Feature","geometry":{"type":"Point","coordinates":[-0.22681,51.57709]},"properties":{"name":"Sturgess Park","type":"park","website":""}},{"type":"Feature","geometry":{"type":"Point","coordinates":[-0.1587,51.37814]},"properties":{"name":"The Green Hackbridge","type":"park","website":""}},{"type":"Feature","geometry":{"type":"Point","coordinates":[-0.14481,51.37308]},"properties":{"name":"Beddington Park","type":"park","website":""}},{"type":"Feature","geometry":{"type":"Point","coordinates":[-0.10351,51.47369]},"properties":{"name":"Myatt's Fields","type":"park","website":"https://www.lambeth.gov.uk/parks/myatts-fields-park"}},{"type":"Feature","geometry":{"type":"Point","coordinates":[-0.13528,51.50718]},"properties":{"name":"St James's Square Gardens","type":"park","website":""}},{"type":"Feature","geometry":{"type":"Point","coordinates":[-0.00806,51.48702]},"properties":{"name":"Island Gardens","type":"park","website":""}},{"type":"Feature","geometry":{"type":"Point","coordinates":[-0.1925,51.55228]},"properties":{"name":"West End Green","type":"park","website":""}},{"type":"Feature","geometry":{"type":"Point","coordinates":[-0.20104,51.5672]},"properties":{"name":"Childs Hill Park","type":"park","website":""}},{"type":"Feature","geometry":{"type":"Point","coordinates":[-0.11813,51.50396]},"properties":{"name":"Jubilee Gardens","type":"park","website":"https://jubileegardens.org.uk/"}},{"type":"Feature","geometry":{"type":"Point","coordinates":[-0.02427,51.66959]},"properties":{"name":"Soham Lane Open Space","type":"park","website":""}},{"type":"Feature","geometry":{"type":"Point","coordinates":[-0.01388,51.66901]},"properties":{"name":"Enfield Island Village Play Area","type":"park","website":""}},{"type":"Feature","geometry":{"type":"Point","coordinates":[-0.21624,51.47106]},"properties":{"name":"Bishop's Park","type":"park","website":""}},{"type":"Feature","geometry":{"type":"Point","coordinates":[-0.194,51.43808]},"properties":{"name":"Durnsford Road Recreation Ground","type":"park","website":""}},{"type":"Feature","geometry":{"type":"Point","coordinates":[-0.18831,51.43587]},"properties":{"name":"Garratt Park","type":"park","website":""}},{"type":"Feature","geometry":{"type":"Point","coordinates":[-0.18326,51.44111]},"properties":{"name":"Swaby Gardens","type":"garden","website":""}},{"type":"Feature","geometry":{"type":"Point","coordinates":[-0.33258,51.55546]},"properties":{"name":"Ridding Lane Open Space","type":"park","website":""}},{"type":"Feature","geometry":{"type":"Point","coordinates":[-0.32113,51.55431]},"properties":{"name":"Maybank Open Space","type":"park","website":""}},{"type":"Feature","geometry":{"type":"Point","coordinates":[-0.12282,51.51892]},"properties":{"name":"Bloomsbury Square Gardens","type":"park","website":"https://cindex.camden.gov.uk/kb5/camden/cd/service.page?id=c_N-L9tmdrs"}},{"type":"Feature","geometry":{"type":"Point","coordinates":[-0.2474,51.60853]},"properties":{"name":"Woodcroft Park","type":"park","website":""}},{"type":"Feature","geometry":{"type":"Point","coordinates":[-0.0644,51.65518]},"properties":{"name":"Enfield Playing Fields","type":"park","website":""}},{"type":"Feature","geometry":{"type":"Point","coordinates":[-0.06045,51.54058]},"properties":{"name":"London Fields","type":"park","website":""}},{"type":"Feature","geometry":{"type":"Point","coordinates":[-0.36267,51.56027]},"properties":{"name":"Alexandra Park","type":"park","website":""}},{"type":"Feature","geometry":{"type":"Point","coordinates":[-0.47221,51.55323]},"properties":{"name":"Uxbridge Common","type":"park","website":""}},{"type":"Feature","geometry":{"type":"Point","coordinates":[-0.22315,51.64374]},"properties":{"name":"Whitings Hill Open Space","type":"park","website":""}},{"type":"Feature","geometry":{"type":"Point","coordinates":[-0.0353,51.44696]},"properties":{"name":"Blythe Hill Fields","type":"park","website":""}},{"type":"Feature","geometry":{"type":"Point","coordinates":[0.00736,51.42694]},"properties":{"name":"Downham Fields","type":"park","website":""}},{"type":"Feature","geometry":{"type":"Point","coordinates":[0.00537,51.4224]},"properties":{"name":"Downham Park","type":"park","website":""}},{"type":"Feature","geometry":{"type":"Point","coordinates":[0.00115,51.43088]},"properties":{"name":"Whitefoot Lane Playing Fields","type":"park","website":""}},{"type":"Feature","geometry":{"type":"Point","coordinates":[-0.16516,51.46892]},"properties":{"name":"Falcon Park","type":"park","website":""}},{"type":"Feature","geometry":{"type":"Point","coordinates":[-0.16615,51.46847]},"properties":{"name":"Shillington Park","type":"park","website":""}},{"type":"Feature","geometry":{"type":"Point","coordinates":[-0.1772,51.46735]},"properties":{"name":"York Gardens","type":"park","website":""}},{"type":"Feature","geometry":{"type":"Point","coordinates":[-0.18808,51.56687]},"properties":{"name":"Golders Hill Park","type":"park","website":""}},{"type":"Feature","geometry":{"type":"Point","coordinates":[-0.18914,51.47355]},"properties":{"name":"William Parnell Park","type":"park","website":""}},{"type":"Feature","geometry":{"type":"Point","coordinates":[-0.11532,51.63293]},"properties":{"name":"Grovelands Park","type":"park","website":""}},{"type":"Feature","geometry":{"type":"Point","coordinates":[-0.03098,51.67831]},"properties":{"name":"Painters Lane Open Space","type":"park","website":""}},{"type":"Feature","geometry":{"type":"Point","coordinates":[-0.04363,51.64499]},"properties":{"name":"Ponders End Park","type":"park","website":""}},{"type":"Feature","geometry":{"type":"Point","coordinates":[-0.08319,51.57698]},"properties":{"name":"Manchester Gardens","type":"park","website":""}},{"type":"Feature","geometry":{"type":"Point","coordinates":[0.32922,51.47895]},"properties":{"name":"Grays Town Park","type":"park","website":""}},{"type":"Feature","geometry":{"type":"Point","coordinates":[-0.20254,51.64963]},"properties":{"name":"Old Courthouse Recreation Ground","type":"park","website":""}},{"type":"Feature","geometry":{"type":"Point","coordinates":[-0.08779,51.56099]},"properties":{"name":"Clissold Park","type":"park","website":"https://hackney.gov.uk/clissold-park"}},{"type":"Feature","geometry":{"type":"Point","coordinates":[-0.07684,51.56436]},"properties":{"name":"Abney Park","type":"nature_reserve","website":""}},{"type":"Feature","geometry":{"type":"Point","coordinates":[0.0011,51.47718]},"properties":{"name":"Greenwich Park","type":"park","website":"https://www.royalparks.org.uk/parks/greenwich-park/"}},{"type":"Feature","geometry":{"type":"Point","coordinates":[-0.18409,51.47988]},"properties":{"name":"Westfield Park","type":"park","website":""}},{"type":"Feature","geometry":{"type":"Point","coordinates":[-0.03925,51.48651]},"properties":{"name":"Deptford Park","type":"park","website":"https://lewisham.gov.uk/inmyarea/openspaces/parks/deptford-park"}},{"type":"Feature","geometry":{"type":"Point","coordinates":[-0.03295,51.48781]},"properties":{"name":"Pepys Park","type":"park","website":""}},{"type":"Feature","geometry":{"type":"Point","coordinates":[-0.3406,51.40217]},"properties":{"name":"Cigarette Island Park","type":"park","website":""}},{"type":"Feature","geometry":{"type":"Point","coordinates":[-0.05491,51.51658]},"properties":{"name":"Sidney Square Gardens","type":"park","website":"https://www.towerhamlets.gov.uk/lgnl/leisure_and_culture/parks_and_open_spaces/Parks-directory/Sidney-Square-Gardens.aspx"}},{"type":"Feature","geometry":{"type":"Point","coordinates":[-0.08212,51.46204]},"properties":{"name":"St Francis Park","type":"park","website":""}},{"type":"Feature","geometry":{"type":"Point","coordinates":[-0.07513,51.4629]},"properties":{"name":"Centre for Wildlife Gardening","type":"park","website":"https://www.wildlondon.org.uk/nature-reserves/centre-wildlife-gardening"}},{"type":"Feature","geometry":{"type":"Point","coordinates":[-0.14812,51.54697]},"properties":{"name":"Talacre Town Green","type":"park","website":""}},{"type":"Feature","geometry":{"type":"Point","coordinates":[-0.13866,51.53311]},"properties":{"name":"Harrington Square Gardens","type":"park","website":""}},{"type":"Feature","geometry":{"type":"Point","coordinates":[-0.16167,51.47184]},"properties":{"name":"Latchmere Recreation Ground","type":"park","website":""}},{"type":"Feature","geometry":{"type":"Point","coordinates":[-0.17523,51.47225]},"properties":{"name":"Fred Wells Gardens","type":"park","website":""}},{"type":"Feature","geometry":{"type":"Point","coordinates":[-0.26761,51.46902]},"properties":{"name":"Mortlake Green","type":"park","website":""}},{"type":"Feature","geometry":{"type":"Point","coordinates":[-0.2771,51.46612]},"properties":{"name":"Tangier Green","type":"park","website":""}},{"type":"Feature","geometry":{"type":"Point","coordinates":[-0.29134,51.42207]},"properties":{"name":"Dinton Field","type":"park","website":""}},{"type":"Feature","geometry":{"type":"Point","coordinates":[-0.2951,51.42374]},"properties":{"name":"Latchmere Rec","type":"park","website":""}},{"type":"Feature","geometry":{"type":"Point","coordinates":[-0.07124,51.47011]},"properties":{"name":"Holly Grove Shrubbery","type":"park","website":""}},{"type":"Feature","geometry":{"type":"Point","coordinates":[-0.29992,51.45241]},"properties":{"name":"Terrace Field","type":"park","website":""}},{"type":"Feature","geometry":{"type":"Point","coordinates":[-0.30104,51.45405]},"properties":{"name":"Terrace Gardens","type":"park","website":""}},{"type":"Feature","geometry":{"type":"Point","coordinates":[-0.34314,51.48297]},"properties":{"name":"Jersey Gardens","type":"park","website":""}},{"type":"Feature","geometry":{"type":"Point","coordinates":[0.19996,51.57111]},"properties":{"name":"Hylands Park","type":"park","website":""}},{"type":"Feature","geometry":{"type":"Point","coordinates":[0.19176,51.58112]},"properties":{"name":"Lodge Farm Park","type":"park","website":""}},{"type":"Feature","geometry":{"type":"Point","coordinates":[-0.37134,51.4742]},"properties":{"name":"Lampton Park","type":"park","website":""}},{"type":"Feature","geometry":{"type":"Point","coordinates":[-0.1222,51.56269]},"properties":{"name":"Landseer Gardens","type":"park","website":""}},{"type":"Feature","geometry":{"type":"Point","coordinates":[-0.15977,51.3812]},"properties":{"name":"Orchard Avenue Recreation Ground","type":"park","website":""}},{"type":"Feature","geometry":{"type":"Point","coordinates":[-0.35523,51.46765]},"properties":{"name":"Inwood Park","type":"park","website":""}},{"type":"Feature","geometry":{"type":"Point","coordinates":[-0.31828,51.55687]},"properties":{"name":"Butlers Green","type":"park","website":""}},{"type":"Feature","geometry":{"type":"Point","coordinates":[0.22932,51.60717]},"properties":{"name":"Central Park","type":"park","website":""}},{"type":"Feature","geometry":{"type":"Point","coordinates":[0.25913,51.59209]},"properties":{"name":"Tyler's Common","type":"park","website":""}},{"type":"Feature","geometry":{"type":"Point","coordinates":[-0.16134,51.36163]},"properties":{"name":"Carshalton Park","type":"park","website":""}},{"type":"Feature","geometry":{"type":"Point","coordinates":[-0.15973,51.41449]},"properties":{"name":"Figges Marsh","type":"park","website":""}},{"type":"Feature","geometry":{"type":"Point","coordinates":[-0.12122,51.4217]},"properties":{"name":"Streatham Common","type":"park","website":"https://beta.lambeth.gov.uk/parks/streatham-common"}},{"type":"Feature","geometry":{"type":"Point","coordinates":[-0.11442,51.41901]},"properties":{"name":"Norwood Grove","type":"park","website":""}},{"type":"Feature","geometry":{"type":"Point","coordinates":[-0.04906,51.42976]},"properties":{"name":"Mayow Park","type":"park","website":""}},{"type":"Feature","geometry":{"type":"Point","coordinates":[-0.36823,51.54286]},"properties":{"name":"Belvue Park","type":"park","website":""}},{"type":"Feature","geometry":{"type":"Point","coordinates":[0.12891,51.48879]},"properties":{"name":"Lesnes Abbey Park","type":"park","website":"https://www.lesnesabbeywoods.org/"}},{"type":"Feature","geometry":{"type":"Point","coordinates":[-0.3443,51.50957]},"properties":{"name":"Brent Meadow","type":"park","website":""}},{"type":"Feature","geometry":{"type":"Point","coordinates":[-0.34907,51.52321]},"properties":{"name":"Bittern's Field","type":"park","website":""}},{"type":"Feature","geometry":{"type":"Point","coordinates":[-0.33981,51.52947]},"properties":{"name":"Pear Tree Park","type":"park","website":""}},{"type":"Feature","geometry":{"type":"Point","coordinates":[-0.32382,51.43485]},"properties":{"name":"Ham Lands","type":"nature_reserve","website":""}},{"type":"Feature","geometry":{"type":"Point","coordinates":[-0.07868,51.44552]},"properties":{"name":"Dulwich Park","type":"park","website":"https://www.southwark.gov.uk/culture-and-sport/parks-and-open-spaces/find-park/dulwich-park"}},{"type":"Feature","geometry":{"type":"Point","coordinates":[-0.34377,51.4721]},"properties":{"name":"Thornbury Playing Fields","type":"park","website":""}},{"type":"Feature","geometry":{"type":"Point","coordinates":[-0.25697,51.34856]},"properties":{"name":"Gibraltar Recreation Ground","type":"park","website":""}},{"type":"Feature","geometry":{"type":"Point","coordinates":[-0.17303,51.49932]},"properties":{"name":"Prince's Gardens","type":"garden","website":""}},{"type":"Feature","geometry":{"type":"Point","coordinates":[-0.25116,51.3341]},"properties":{"name":"Alexandra Park","type":"park","website":""}},{"type":"Feature","geometry":{"type":"Point","coordinates":[0.02189,51.55968]},"properties":{"name":"Wanstead Flats","type":"park","website":""}},{"type":"Feature","geometry":{"type":"Point","coordinates":[0.03866,51.56797]},"properties":{"name":"Wanstead Park","type":"park","website":""}},{"type":"Feature","geometry":{"type":"Point","coordinates":[-0.06248,51.44163]},"properties":{"name":"Sunken Garden","type":"garden","website":""}},{"type":"Feature","geometry":{"type":"Point","coordinates":[-0.10307,51.53615]},"properties":{"name":"Islington Green","type":"park","website":""}},{"type":"Feature","geometry":{"type":"Point","coordinates":[-0.13103,51.47336]},"properties":{"name":"Larkhall Park","type":"park","website":"https://beta.lambeth.gov.uk/parks/larkhall-park"}},{"type":"Feature","geometry":{"type":"Point","coordinates":[-0.37764,51.47361]},"properties":{"name":"Wellington Park","type":"park","website":""}},{"type":"Feature","geometry":{"type":"Point","coordinates":[-0.26795,51.32958]},"properties":{"name":"Rosebery Park","type":"park","website":""}},{"type":"Feature","geometry":{"type":"Point","coordinates":[-0.23168,51.35227]},"properties":{"name":"Warren Farm","type":"nature_reserve","website":""}},{"type":"Feature","geometry":{"type":"Point","coordinates":[-0.23376,51.3577]},"properties":{"name":"Nonsuch Park","type":"park","website":""}},{"type":"Feature","geometry":{"type":"Point","coordinates":[-0.38879,51.47097]},"properties":{"name":"Beaversfield Park","type":"park","website":""}},{"type":"Feature","geometry":{"type":"Point","coordinates":[0.1923,51.5675]},"properties":{"name":"Park Lane Recreation Ground","type":"park","website":""}},{"type":"Feature","geometry":{"type":"Point","coordinates":[-0.14801,51.36615]},"properties":{"name":"St Mary's Field","type":"park","website":""}},{"type":"Feature","geometry":{"type":"Point","coordinates":[-0.15418,51.36713]},"properties":{"name":"Wallington Green","type":"park","website":""}},{"type":"Feature","geometry":{"type":"Point","coordinates":[-0.06525,51.33531]},"properties":{"name":"Birch (Selsdon)","type":"park","website":""}},{"type":"Feature","geometry":{"type":"Point","coordinates":[-0.30375,51.5153]},"properties":{"name":"Haven Green","type":"park","website":""}},{"type":"Feature","geometry":{"type":"Point","coordinates":[-0.30338,51.51556]},"properties":{"name":"Haven Green","type":"park","website":""}},{"type":"Feature","geometry":{"type":"Point","coordinates":[-0.32684,51.47098]},"properties":{"name":"Silverhall Park","type":"park","website":""}},{"type":"Feature","geometry":{"type":"Point","coordinates":[-0.07439,51.5393]},"properties":{"name":"Stonebridge Gardens","type":"park","website":"https://hackney.gov.uk/stonebridge-gardens"}},{"type":"Feature","geometry":{"type":"Point","coordinates":[-0.17619,51.52161]},"properties":{"name":"St Mary's Churchyard","type":"park","website":""}},{"type":"Feature","geometry":{"type":"Point","coordinates":[-0.17404,51.52057]},"properties":{"name":"Paddington Green","type":"park","website":""}},{"type":"Feature","geometry":{"type":"Point","coordinates":[-0.0109,51.55939]},"properties":{"name":"Coronation Gardens","type":"park","website":"https://www.walthamforest.gov.uk/libraries-arts-parks-and-leisure/parks-and-open-spaces/coronation-gardens"}},{"type":"Feature","geometry":{"type":"Point","coordinates":[-0.34138,51.51073]},"properties":{"name":"Conolly Dell","type":"park","website":""}},{"type":"Feature","geometry":{"type":"Point","coordinates":[-0.25407,51.47735]},"properties":{"name":"Dukes Meadows","type":"park","website":""}},{"type":"Feature","geometry":{"type":"Point","coordinates":[-0.06169,51.44219]},"properties":{"name":"Horniman Museum and Gardens","type":"park","website":""}},{"type":"Feature","geometry":{"type":"Point","coordinates":[-0.33944,51.50625]},"properties":{"name":"King George V Playing Field","type":"park","website":""}},{"type":"Feature","geometry":{"type":"Point","coordinates":[-0.07275,51.47101]},"properties":{"name":"William Grigg's Garden","type":"garden","website":""}},{"type":"Feature","geometry":{"type":"Point","coordinates":[-0.08756,51.53841]},"properties":{"name":"Rosemary Gardens","type":"park","website":""}},{"type":"Feature","geometry":{"type":"Point","coordinates":[-0.34045,51.48337]},"properties":{"name":"Jersey Gardens","type":"park","website":""}},{"type":"Feature","geometry":{"type":"Point","coordinates":[-0.19499,51.47643]},"properties":{"name":"Eel Brook Common","type":"park","website":""}},{"type":"Feature","geometry":{"type":"Point","coordinates":[-0.19455,51.40655]},"properties":{"name":"Kendor Gardens","type":"park","website":""}},{"type":"Feature","geometry":{"type":"Point","coordinates":[-0.33222,51.46593]},"properties":{"name":"Redlees Park","type":"park","website":""}},{"type":"Feature","geometry":{"type":"Point","coordinates":[-0.18146,51.43622]},"properties":{"name":"Garratt Green","type":"park","website":""}},{"type":"Feature","geometry":{"type":"Point","coordinates":[-0.23681,51.41373]},"properties":{"name":"Cottenham Park","type":"park","website":""}},{"type":"Feature","geometry":{"type":"Point","coordinates":[0.27849,51.50681]},"properties":{"name":"Dilkes Park","type":"park","website":""}},{"type":"Feature","geometry":{"type":"Point","coordinates":[-0.17159,51.37076]},"properties":{"name":"Wrythe Recreation Ground","type":"park","website":""}},{"type":"Feature","geometry":{"type":"Point","coordinates":[-0.22135,51.35926]},"properties":{"name":"Cheam Park","type":"park","website":""}},{"type":"Feature","geometry":{"type":"Point","coordinates":[-0.22361,51.36233]},"properties":{"name":"Cheam Recreation Ground","type":"park","website":""}},{"type":"Feature","geometry":{"type":"Point","coordinates":[-0.21701,51.36008]},"properties":{"name":"Cheam War Memorial","type":"park","website":""}},{"type":"Feature","geometry":{"type":"Point","coordinates":[-0.21139,51.36292]},"properties":{"name":"Seears Park","type":"park","website":""}},{"type":"Feature","geometry":{"type":"Point","coordinates":[-0.12551,51.57048]},"properties":{"name":"Elthorne Park","type":"park","website":""}},{"type":"Feature","geometry":{"type":"Point","coordinates":[-0.18667,51.40367]},"properties":{"name":"Morden Hall Park","type":"park","website":""}},{"type":"Feature","geometry":{"type":"Point","coordinates":[-0.15975,51.48834]},"properties":{"name":"Burton Court","type":"park","website":""}},{"type":"Feature","geometry":{"type":"Point","coordinates":[-0.35581,51.47394]},"properties":{"name":"Kingsley Park","type":"park","website":""}},{"type":"Feature","geometry":{"type":"Point","coordinates":[-0.06373,51.45809]},"properties":{"name":"The Oval","type":"garden","website":""}},{"type":"Feature","geometry":{"type":"Point","coordinates":[-0.06173,51.45761]},"properties":{"name":"Japanese Garden","type":"garden","website":""}},{"type":"Feature","geometry":{"type":"Point","coordinates":[-0.06042,51.45707]},"properties":{"name":"Sexby Garden","type":"garden","website":""}},{"type":"Feature","geometry":{"type":"Point","coordinates":[-0.05967,51.4572]},"properties":{"name":"American Garden","type":"garden","website":""}},{"type":"Feature","geometry":{"type":"Point","coordinates":[-0.19009,51.36281]},"properties":{"name":"Manor Park","type":"park","website":""}},{"type":"Feature","geometry":{"type":"Point","coordinates":[-0.08225,51.47257]},"properties":{"name":"Lucas Gardens","type":"park","website":""}},{"type":"Feature","geometry":{"type":"Point","coordinates":[-0.08691,51.47251]},"properties":{"name":"St Giles' Churchyard","type":"park","website":""}},{"type":"Feature","geometry":{"type":"Point","coordinates":[-0.05683,51.51661]},"properties":{"name":"Ford Square Gardens","type":"park","website":"https://www.towerhamlets.gov.uk/lgnl/leisure_and_culture/parks_and_open_spaces/Parks-directory/Ford-Square-Gardens.aspx"}},{"type":"Feature","geometry":{"type":"Point","coordinates":[-0.34082,51.53752]},"properties":{"name":"Cayton Green Park","type":"park","website":""}},{"type":"Feature","geometry":{"type":"Point","coordinates":[0.2292,51.56337]},"properties":{"name":"St. Andrew's Park","type":"park","website":""}},{"type":"Feature","geometry":{"type":"Point","coordinates":[-0.08121,51.52773]},"properties":{"name":"Hoxton Square","type":"park","website":""}},{"type":"Feature","geometry":{"type":"Point","coordinates":[-0.06844,51.52913]},"properties":{"name":"Jesus Green","type":"park","website":""}},{"type":"Feature","geometry":{"type":"Point","coordinates":[-0.06644,51.53053]},"properties":{"name":"Ion Square Gardens","type":"park","website":""}},{"type":"Feature","geometry":{"type":"Point","coordinates":[-0.06437,51.52743]},"properties":{"name":"Pollard Square","type":"park","website":""}},{"type":"Feature","geometry":{"type":"Point","coordinates":[-0.05579,51.52776]},"properties":{"name":"Paradise Gardens","type":"park","website":""}},{"type":"Feature","geometry":{"type":"Point","coordinates":[-0.0539,51.55097]},"properties":{"name":"Clapton Square","type":"park","website":"https://hackney.gov.uk/clapton-square"}},{"type":"Feature","geometry":{"type":"Point","coordinates":[-0.03938,51.51362]},"properties":{"name":"York Square Gardens","type":"park","website":""}},{"type":"Feature","geometry":{"type":"Point","coordinates":[-0.04213,51.51614]},"properties":{"name":"Belgrave Open Space","type":"park","website":""}},{"type":"Feature","geometry":{"type":"Point","coordinates":[-0.05405,51.5155]},"properties":{"name":"Jubilee Gardens","type":"park","website":""}},{"type":"Feature","geometry":{"type":"Point","coordinates":[-0.0623,51.55379]},"properties":{"name":"Hackney Downs","type":"park","website":"https://hackney.gov.uk/hackney-downs"}},{"type":"Feature","geometry":{"type":"Point","coordinates":[-0.084,51.52827]},"properties":{"name":"Aske Gardens","type":"park","website":"https://hackney.gov.uk/aske-gardens"}},{"type":"Feature","geometry":{"type":"Point","coordinates":[-0.35592,51.45715]},"properties":{"name":"Murray Park","type":"park","website":""}},{"type":"Feature","geometry":{"type":"Point","coordinates":[-0.40725,51.70012]},"properties":{"name":"Leavesden Country Park (South Side)","type":"park","website":""}},{"type":"Feature","geometry":{"type":"Point","coordinates":[-0.04227,51.54115]},"properties":{"name":"Well Street Common","type":"park","website":"https://hackney.gov.uk/well-street-common"}},{"type":"Feature","geometry":{"type":"Point","coordinates":[-0.06962,51.55312]},"properties":{"name":"Shacklewell Green","type":"park","website":""}},{"type":"Feature","geometry":{"type":"Point","coordinates":[-0.09776,51.59509]},"properties":{"name":"Russell Park","type":"park","website":""}},{"type":"Feature","geometry":{"type":"Point","coordinates":[-0.07481,51.53995]},"properties":{"name":"Stonebridge Common","type":"park","website":""}},{"type":"Feature","geometry":{"type":"Point","coordinates":[-0.19401,51.41184]},"properties":{"name":"Abbey Recreation Ground","type":"park","website":""}},{"type":"Feature","geometry":{"type":"Point","coordinates":[-0.08711,51.60093]},"properties":{"name":"Waltheof Gardens","type":"park","website":""}},{"type":"Feature","geometry":{"type":"Point","coordinates":[-0.07396,51.60023]},"properties":{"name":"Bruce Castle Park","type":"park","website":""}},{"type":"Feature","geometry":{"type":"Point","coordinates":[-0.08737,51.59436]},"properties":{"name":"Lordship Recreation Ground","type":"park","website":""}},{"type":"Feature","geometry":{"type":"Point","coordinates":[-0.16645,51.60995]},"properties":{"name":"Woodhouse Open Space","type":"park","website":""}},{"type":"Feature","geometry":{"type":"Point","coordinates":[-0.18395,51.57435]},"properties":{"name":"Hampstead Heath Extension","type":"park","website":""}},{"type":"Feature","geometry":{"type":"Point","coordinates":[-0.41685,51.65979]},"properties":{"name":"Cassiobury Park","type":"park","website":""}},{"type":"Feature","geometry":{"type":"Point","coordinates":[-0.40336,51.62056]},"properties":{"name":"Oxhey Woods Local Nature Reserve","type":"nature_reserve","website":""}},{"type":"Feature","geometry":{"type":"Point","coordinates":[-0.34118,51.44893]},"properties":{"name":"Craneford Way","type":"park","website":""}},{"type":"Feature","geometry":{"type":"Point","coordinates":[-0.34551,51.44747]},"properties":{"name":"Mereway Nature Reserve","type":"park","website":""}},{"type":"Feature","geometry":{"type":"Point","coordinates":[-0.34911,51.44724]},"properties":{"name":"Kneller Gardens","type":"park","website":""}},{"type":"Feature","geometry":{"type":"Point","coordinates":[-0.35763,51.444]},"properties":{"name":"Crane Park","type":"park","website":""}},{"type":"Feature","geometry":{"type":"Point","coordinates":[-0.3914,51.6451]},"properties":{"name":"Oxhey Park","type":"park","website":""}},{"type":"Feature","geometry":{"type":"Point","coordinates":[-0.38782,51.65999]},"properties":{"name":"Radlett Road Playing fields","type":"park","website":""}},{"type":"Feature","geometry":{"type":"Point","coordinates":[-0.40867,51.6479]},"properties":{"name":"Harwoods Recreation Ground","type":"park","website":""}},{"type":"Feature","geometry":{"type":"Point","coordinates":[-0.12932,51.59322]},"properties":{"name":"Alexandra Park","type":"park","website":""}},{"type":"Feature","geometry":{"type":"Point","coordinates":[-0.34286,51.60679]},"properties":{"name":"Harrow Weald Recreation Ground","type":"park","website":"https://www.harrow.gov.uk/environment-parks/harrow-weald-recreation-ground"}},{"type":"Feature","geometry":{"type":"Point","coordinates":[-0.04515,51.46923]},"properties":{"name":"Telegraph Hill Lower Park","type":"park","website":""}},{"type":"Feature","geometry":{"type":"Point","coordinates":[-0.05699,51.41539]},"properties":{"name":"Penge Recreation Ground","type":"park","website":""}},{"type":"Feature","geometry":{"type":"Point","coordinates":[-0.32619,51.59403]},"properties":{"name":"Byron Recreation Ground","type":"park","website":""}},{"type":"Feature","geometry":{"type":"Point","coordinates":[-0.08943,51.66948]},"properties":{"name":"Hilly Fields","type":"park","website":""}},{"type":"Feature","geometry":{"type":"Point","coordinates":[-0.19199,51.6432]},"properties":{"name":"Barnet Playing Fields","type":"park","website":""}},{"type":"Feature","geometry":{"type":"Point","coordinates":[-0.03505,51.66726]},"properties":{"name":"Albany Park","type":"park","website":""}},{"type":"Feature","geometry":{"type":"Point","coordinates":[-0.20313,51.50278]},"properties":{"name":"Holland Park","type":"park","website":"https://www.rbkc.gov.uk/parks-leisure-and-culture/parks/holland-park"}},{"type":"Feature","geometry":{"type":"Point","coordinates":[-0.05867,51.57073]},"properties":{"name":"Springfield Park","type":"park","website":"https://hackney.gov.uk/springfield-park"}},{"type":"Feature","geometry":{"type":"Point","coordinates":[-0.16981,51.48749]},"properties":{"name":"Dovehouse Green","type":"park","website":"https://www.londonremembers.com/subjects/dovehouse-green"}},{"type":"Feature","geometry":{"type":"Point","coordinates":[-0.13933,51.53859]},"properties":{"name":"St. Martin's Gardens","type":"park","website":""}},{"type":"Feature","geometry":{"type":"Point","coordinates":[-0.22057,51.43079]},"properties":{"name":"Temple grounds","type":"park","website":""}},{"type":"Feature","geometry":{"type":"Point","coordinates":[-0.44015,51.49965]},"properties":{"name":"Pinkwell Park","type":"park","website":""}},{"type":"Feature","geometry":{"type":"Point","coordinates":[0.21519,51.57752]},"properties":{"name":"Haynes Park","type":"park","website":""}},{"type":"Feature","geometry":{"type":"Point","coordinates":[-0.0677,51.53307]},"properties":{"name":"Haggerston Park","type":"park","website":"https://hackney.gov.uk/haggerston-park"}},{"type":"Feature","geometry":{"type":"Point","coordinates":[-0.16907,51.33826]},"properties":{"name":"Oaks Park","type":"park","website":"https://www.sutton.gov.uk/index.aspx?articleid=3874"}},{"type":"Feature","geometry":{"type":"Point","coordinates":[-0.10852,51.49592]},"properties":{"name":"Geraldine Mary Harmsworth Park","type":"park","website":"https://www.southwark.gov.uk/culture-and-sport/parks-and-open-spaces/find-park/geraldine-mary-harmsworth-park"}},{"type":"Feature","geometry":{"type":"Point","coordinates":[-0.38361,51.5356]},"properties":{"name":"Rectory Park","type":"park","website":""}},{"type":"Feature","geometry":{"type":"Point","coordinates":[0.28321,51.47778]},"properties":{"name":"West Thurrock Memorial Gardens","type":"park","website":""}},{"type":"Feature","geometry":{"type":"Point","coordinates":[0.25428,51.4981]},"properties":{"name":"Aveley Recreation Ground","type":"park","website":""}},{"type":"Feature","geometry":{"type":"Point","coordinates":[-0.37586,51.54674]},"properties":{"name":"Islip Manor Park","type":"park","website":""}},{"type":"Feature","geometry":{"type":"Point","coordinates":[-0.38897,51.54778]},"properties":{"name":"Islip Manor Meadows","type":"park","website":"https://www.ealing.gov.uk/info/201134/nature_conservation/634/conservation_sites/4"}},{"type":"Feature","geometry":{"type":"Point","coordinates":[-0.40831,51.52926]},"properties":{"name":"Yeading Brook Meadows","type":"nature_reserve","website":""}},{"type":"Feature","geometry":{"type":"Point","coordinates":[-0.24682,51.49756]},"properties":{"name":"Stamford Brook Common","type":"park","website":"https://www.parksandgardens.org/places/stamford-brook-common"}},{"type":"Feature","geometry":{"type":"Point","coordinates":[-0.25778,51.49564]},"properties":{"name":"Acton Green Common","type":"park","website":""}},{"type":"Feature","geometry":{"type":"Point","coordinates":[-0.25781,51.49417]},"properties":{"name":"Chiswick Back Common","type":"park","website":""}},{"type":"Feature","geometry":{"type":"Point","coordinates":[-0.27058,51.49439]},"properties":{"name":"Gunnersbury Triangle Local Nature Reserve","type":"nature_reserve","website":"https://www.wildlondon.org.uk/nature-reserves/gunnersbury-triangle"}},{"type":"Feature","geometry":{"type":"Point","coordinates":[-0.18184,51.36755]},"properties":{"name":"Benhill Recreation Ground","type":"park","website":""}},{"type":"Feature","geometry":{"type":"Point","coordinates":[-0.09256,51.4749]},"properties":{"name":"Camberwell Green","type":"park","website":""}},{"type":"Feature","geometry":{"type":"Point","coordinates":[-0.12871,51.6259]},"properties":{"name":"Walker Ground","type":"park","website":""}},{"type":"Feature","geometry":{"type":"Point","coordinates":[-0.30377,51.59917]},"properties":{"name":"Centenary Park","type":"park","website":""}},{"type":"Feature","geometry":{"type":"Point","coordinates":[-0.24262,51.61053]},"properties":{"name":"Mill Hill Park","type":"park","website":""}},{"type":"Feature","geometry":{"type":"Point","coordinates":[-0.25152,51.61127]},"properties":{"name":"Lyndhurst Park","type":"park","website":""}},{"type":"Feature","geometry":{"type":"Point","coordinates":[-0.23908,51.61249]},"properties":{"name":"Mill Hill Park","type":"park","website":""}},{"type":"Feature","geometry":{"type":"Point","coordinates":[-0.30302,51.58395]},"properties":{"name":"Woodcock Park","type":"park","website":""}},{"type":"Feature","geometry":{"type":"Point","coordinates":[-0.0693,51.63163]},"properties":{"name":"Churchfield Recreation Ground","type":"park","website":""}},{"type":"Feature","geometry":{"type":"Point","coordinates":[-0.18032,51.37296]},"properties":{"name":"Royston Park","type":"park","website":""}},{"type":"Feature","geometry":{"type":"Point","coordinates":[-0.05518,51.34175]},"properties":{"name":"Selsdon Recreation Ground","type":"park","website":""}},{"type":"Feature","geometry":{"type":"Point","coordinates":[-0.0912,51.36931]},"properties":{"name":"Park Hill Recreation Ground","type":"park","website":""}},{"type":"Feature","geometry":{"type":"Point","coordinates":[-0.04604,51.46715]},"properties":{"name":"Telegraph Hill Upper Park","type":"park","website":""}},{"type":"Feature","geometry":{"type":"Point","coordinates":[-0.14555,51.62891]},"properties":{"name":"Brunswick Park","type":"park","website":""}},{"type":"Feature","geometry":{"type":"Point","coordinates":[-0.25157,51.5791]},"properties":{"name":"West Hendon Playing Fields","type":"park","website":""}},{"type":"Feature","geometry":{"type":"Point","coordinates":[-0.28145,51.54224]},"properties":{"name":"Heather Park Open Space","type":"park","website":""}},{"type":"Feature","geometry":{"type":"Point","coordinates":[-0.26033,51.60596]},"properties":{"name":"Watling Park","type":"park","website":""}},{"type":"Feature","geometry":{"type":"Point","coordinates":[-0.25624,51.59777]},"properties":{"name":"Montrose Playing Fields","type":"park","website":""}},{"type":"Feature","geometry":{"type":"Point","coordinates":[-0.30387,51.54458]},"properties":{"name":"One Tree Hill Open Space","type":"park","website":""}},{"type":"Feature","geometry":{"type":"Point","coordinates":[-0.31067,51.55288]},"properties":{"name":"Barham Park","type":"park","website":""}},{"type":"Feature","geometry":{"type":"Point","coordinates":[-0.31804,51.56483]},"properties":{"name":"Sudbury Court","type":"park","website":""}},{"type":"Feature","geometry":{"type":"Point","coordinates":[-0.05378,51.526]},"properties":{"name":"Bethnal Green Gardens","type":"park","website":"https://www.towerhamlets.gov.uk/lgnl/leisure_and_culture/parks_and_open_spaces/bethnal_green_gardens.aspx"}},{"type":"Feature","geometry":{"type":"Point","coordinates":[-0.37576,51.4549]},"properties":{"name":"Hounslow Heath Open Space","type":"park","website":""}},{"type":"Feature","geometry":{"type":"Point","coordinates":[-0.0597,51.36278]},"properties":{"name":"Addington Hills","type":"park","website":""}},{"type":"Feature","geometry":{"type":"Point","coordinates":[-0.07315,51.36758]},"properties":{"name":"Lloyd Park","type":"park","website":""}},{"type":"Feature","geometry":{"type":"Point","coordinates":[-0.04486,51.52389]},"properties":{"name":"Carlton Square Gardens","type":"park","website":""}},{"type":"Feature","geometry":{"type":"Point","coordinates":[-0.04314,51.5281]},"properties":{"name":"Meath Gardens","type":"park","website":"https://www.towerhamlets.gov.uk/lgnl/leisure_and_culture/parks_and_open_spaces/Meath_gardens.aspx"}},{"type":"Feature","geometry":{"type":"Point","coordinates":[-0.03218,51.52713]},"properties":{"name":"Tredegar Square","type":"park","website":""}},{"type":"Feature","geometry":{"type":"Point","coordinates":[-0.37945,51.46457]},"properties":{"name":"Mid Summer Children's Park","type":"park","website":""}},{"type":"Feature","geometry":{"type":"Point","coordinates":[-0.14487,51.56852]},"properties":{"name":"Waterlow Park","type":"park","website":""}},{"type":"Feature","geometry":{"type":"Point","coordinates":[-0.0068,51.57116]},"properties":{"name":"Abbotts Park","type":"park","website":""}},{"type":"Feature","geometry":{"type":"Point","coordinates":[0.01423,51.37806]},"properties":{"name":"Husseywell Park","type":"park","website":""}},{"type":"Feature","geometry":{"type":"Point","coordinates":[0.18273,51.54176]},"properties":{"name":"Bretons Park","type":"park","website":""}},{"type":"Feature","geometry":{"type":"Point","coordinates":[-0.06312,51.581]},"properties":{"name":"Markfield Park","type":"park","website":"https://www.haringey.gov.uk/libraries-sport-and-leisure/parks-and-open-spaces/z-parks-and-open-spaces/markfield-park"}},{"type":"Feature","geometry":{"type":"Point","coordinates":[0.01942,51.56421]},"properties":{"name":"Wanstead Flats","type":"park","website":""}},{"type":"Feature","geometry":{"type":"Point","coordinates":[0.02754,51.57447]},"properties":{"name":"George Green","type":"park","website":""}},{"type":"Feature","geometry":{"type":"Point","coordinates":[-0.37788,51.58733]},"properties":{"name":"Pinner Village Gardens","type":"park","website":""}},{"type":"Feature","geometry":{"type":"Point","coordinates":[-0.34495,51.58424]},"properties":{"name":"Harrow Recreation Ground","type":"park","website":""}},{"type":"Feature","geometry":{"type":"Point","coordinates":[-0.35573,51.5771]},"properties":{"name":"West Harrow Recreation Ground","type":"park","website":""}},{"type":"Feature","geometry":{"type":"Point","coordinates":[-0.31916,51.5875]},"properties":{"name":"Kenton Recreation Ground","type":"park","website":""}},{"type":"Feature","geometry":{"type":"Point","coordinates":[-0.31647,51.59591]},"properties":{"name":"Priestmead Recreation Ground","type":"park","website":""}},{"type":"Feature","geometry":{"type":"Point","coordinates":[-0.30089,51.60866]},"properties":{"name":"Stanmore Marsh North","type":"park","website":""}},{"type":"Feature","geometry":{"type":"Point","coordinates":[-0.29397,51.61099]},"properties":{"name":"Canons Park","type":"park","website":"https://www.harrow.gov.uk/environment-parks/canons-park/"}},{"type":"Feature","geometry":{"type":"Point","coordinates":[-0.28313,51.61597]},"properties":{"name":"Stonegrove Park","type":"park","website":""}},{"type":"Feature","geometry":{"type":"Point","coordinates":[0.30434,51.47689]},"properties":{"name":"East Street Park","type":"park","website":""}},{"type":"Feature","geometry":{"type":"Point","coordinates":[-0.12025,51.56916]},"properties":{"name":"Grenville Gardens","type":"park","website":""}},{"type":"Feature","geometry":{"type":"Point","coordinates":[-0.09491,51.61025]},"properties":{"name":"Tottenhall Recreation Ground","type":"park","website":""}},{"type":"Feature","geometry":{"type":"Point","coordinates":[-0.03698,51.58546]},"properties":{"name":"Stoneydown Park","type":"park","website":""}},{"type":"Feature","geometry":{"type":"Point","coordinates":[-0.32611,51.45372]},"properties":{"name":"Moormead Park","type":"park","website":""}},{"type":"Feature","geometry":{"type":"Point","coordinates":[-0.06807,51.42964]},"properties":{"name":"Sydenham Wells Park","type":"park","website":""}},{"type":"Feature","geometry":{"type":"Point","coordinates":[0.12185,51.53307]},"properties":{"name":"Castle Green","type":"park","website":""}},{"type":"Feature","geometry":{"type":"Point","coordinates":[-0.09396,51.42493]},"properties":{"name":"Norwood Park","type":"park","website":"https://beta.lambeth.gov.uk/parks/norwood-park"}},{"type":"Feature","geometry":{"type":"Point","coordinates":[-0.09789,51.34958]},"properties":{"name":"South Croydon Recreation Ground","type":"park","website":""}},{"type":"Feature","geometry":{"type":"Point","coordinates":[-0.11892,51.41304]},"properties":{"name":"Norbury Park","type":"park","website":""}},{"type":"Feature","geometry":{"type":"Point","coordinates":[-0.17293,51.41787]},"properties":{"name":"Colliers Wood Recreation Ground","type":"park","website":""}},{"type":"Feature","geometry":{"type":"Point","coordinates":[0.01786,51.5392]},"properties":{"name":"West Ham Park","type":"park","website":""}},{"type":"Feature","geometry":{"type":"Point","coordinates":[-0.17965,51.41864]},"properties":{"name":"Wandle Park","type":"park","website":""}},{"type":"Feature","geometry":{"type":"Point","coordinates":[-0.09598,51.38989]},"properties":{"name":"Whitehorse Road Recreation Ground","type":"park","website":""}},{"type":"Feature","geometry":{"type":"Point","coordinates":[-0.09983,51.38703]},"properties":{"name":"Wilford Road Recreation Ground","type":"park","website":""}},{"type":"Feature","geometry":{"type":"Point","coordinates":[-0.31948,51.4802]},"properties":{"name":"Rose Gardens","type":"park","website":""}},{"type":"Feature","geometry":{"type":"Point","coordinates":[-0.26142,51.47477]},"properties":{"name":"Chiswick Rugby Football Club","type":"park","website":""}},{"type":"Feature","geometry":{"type":"Point","coordinates":[-0.05584,51.38555]},"properties":{"name":"Ashburton Playing Fields","type":"park","website":""}},{"type":"Feature","geometry":{"type":"Point","coordinates":[-0.05468,51.52827]},"properties":{"name":"Museum Gardens","type":"park","website":"https://www.towerhamlets.gov.uk/lgnl/leisure_and_culture/parks_and_open_spaces/Parks-directory/Museum-Gardens.aspx"}},{"type":"Feature","geometry":{"type":"Point","coordinates":[-0.11618,51.52551]},"properties":{"name":"Gray's Inn Gardens","type":"park","website":"https://www.graysinn.org.uk/the-inn/history/the-historic-estate/the-walks/"}},{"type":"Feature","geometry":{"type":"Point","coordinates":[0.03161,51.51035]},"properties":{"name":"Cundy Park","type":"park","website":""}},{"type":"Feature","geometry":{"type":"Point","coordinates":[-0.04561,51.52026]},"properties":{"name":"Beaumont Square Gardens","type":"park","website":""}},{"type":"Feature","geometry":{"type":"Point","coordinates":[-0.10028,51.61376]},"properties":{"name":"Bowes Meadow","type":"park","website":""}},{"type":"Feature","geometry":{"type":"Point","coordinates":[-0.03054,51.39755]},"properties":{"name":"Crease Park","type":"park","website":""}},{"type":"Feature","geometry":{"type":"Point","coordinates":[-0.08842,51.40001]},"properties":{"name":"Whitehorse Meadow","type":"park","website":""}},{"type":"Feature","geometry":{"type":"Point","coordinates":[-0.07828,51.39537]},"properties":{"name":"South Norwood Recreation Ground","type":"park","website":""}},{"type":"Feature","geometry":{"type":"Point","coordinates":[-0.06455,51.40858]},"properties":{"name":"Betts Park","type":"park","website":""}},{"type":"Feature","geometry":{"type":"Point","coordinates":[-0.08634,51.65201]},"properties":{"name":"Library Green","type":"park","website":""}},{"type":"Feature","geometry":{"type":"Point","coordinates":[-0.41335,51.48619]},"properties":{"name":"Avenue Park","type":"park","website":""}},{"type":"Feature","geometry":{"type":"Point","coordinates":[-0.02852,51.60191]},"properties":{"name":"Cheney Row Park","type":"park","website":"https://www.walthamforest.gov.uk/regeneration-and-growth/regeneration-projects-and-developments/regeneration-highams-park/cheney-row-park-higham-hill"}},{"type":"Feature","geometry":{"type":"Point","coordinates":[-0.28841,51.38585]},"properties":{"name":"Alexandra Park","type":"park","website":""}},{"type":"Feature","geometry":{"type":"Point","coordinates":[0.00872,51.49771]},"properties":{"name":"Central Park","type":"park","website":""}},{"type":"Feature","geometry":{"type":"Point","coordinates":[-0.11525,51.54016]},"properties":{"name":"Thornhill Square","type":"park","website":""}},{"type":"Feature","geometry":{"type":"Point","coordinates":[-0.11218,51.54842]},"properties":{"name":"Paradise Park","type":"park","website":""}},{"type":"Feature","geometry":{"type":"Point","coordinates":[0.05975,51.52193]},"properties":{"name":"East Ham Nature Reserve","type":"nature_reserve","website":""}},{"type":"Feature","geometry":{"type":"Point","coordinates":[0.01375,51.48467]},"properties":{"name":"East Greenwich Pleasaunce","type":"park","website":"https://www.royalgreenwich.gov.uk/directory_record/3766/east_greenwich_pleasaunce"}},{"type":"Feature","geometry":{"type":"Point","coordinates":[-0.04146,51.51659]},"properties":{"name":"St Dunstan's Churchyard","type":"park","website":""}},{"type":"Feature","geometry":{"type":"Point","coordinates":[0.10881,51.54488]},"properties":{"name":"Mayesbrook Park","type":"park","website":""}},{"type":"Feature","geometry":{"type":"Point","coordinates":[0.11652,51.56001]},"properties":{"name":"Goodmayes Park","type":"park","website":""}},{"type":"Feature","geometry":{"type":"Point","coordinates":[0.166,51.55837]},"properties":{"name":"Central Park","type":"park","website":""}},{"type":"Feature","geometry":{"type":"Point","coordinates":[0.17747,51.55307]},"properties":{"name":"Eastbrookend Country Park","type":"park","website":""}},{"type":"Feature","geometry":{"type":"Point","coordinates":[-0.21174,51.35924]},"properties":{"name":"Quarry Park","type":"park","website":""}},{"type":"Feature","geometry":{"type":"Point","coordinates":[-0.17735,51.44266]},"properties":{"name":"Godley Gardens","type":"park","website":""}},{"type":"Feature","geometry":{"type":"Point","coordinates":[-0.23945,51.49707]},"properties":{"name":"Ravenscourt Park","type":"park","website":""}},{"type":"Feature","geometry":{"type":"Point","coordinates":[-0.23729,51.51083]},"properties":{"name":"Wormholt Park","type":"park","website":""}},{"type":"Feature","geometry":{"type":"Point","coordinates":[-0.10584,51.56068]},"properties":{"name":"Gillespie Park Nature Reserve","type":"nature_reserve","website":""}},{"type":"Feature","geometry":{"type":"Point","coordinates":[-0.12334,51.54664]},"properties":{"name":"Caledonian Park","type":"park","website":""}},{"type":"Feature","geometry":{"type":"Point","coordinates":[0.26042,51.56782]},"properties":{"name":"Upminster Hall Playing Fields","type":"park","website":""}},{"type":"Feature","geometry":{"type":"Point","coordinates":[0.09028,51.53126]},"properties":{"name":"Greatfields Park","type":"park","website":""}},{"type":"Feature","geometry":{"type":"Point","coordinates":[0.08527,51.5457]},"properties":{"name":"Barking Park","type":"park","website":""}},{"type":"Feature","geometry":{"type":"Point","coordinates":[0.07573,51.53573]},"properties":{"name":"Abbey Green","type":"park","website":""}},{"type":"Feature","geometry":{"type":"Point","coordinates":[-0.22786,51.60172]},"properties":{"name":"Copthall Playing Fields","type":"park","website":""}},{"type":"Feature","geometry":{"type":"Point","coordinates":[-0.03982,51.51628]},"properties":{"name":"Whitehorse Open Space","type":"park","website":""}},{"type":"Feature","geometry":{"type":"Point","coordinates":[-0.05682,51.50796]},"properties":{"name":"Wapping Woods","type":"park","website":""}},{"type":"Feature","geometry":{"type":"Point","coordinates":[-0.21276,51.51057]},"properties":{"name":"Avondale Park","type":"park","website":""}},{"type":"Feature","geometry":{"type":"Point","coordinates":[-0.3594,51.41233]},"properties":{"name":"Garrick's Lawn","type":"garden","website":""}},{"type":"Feature","geometry":{"type":"Point","coordinates":[-0.36897,51.41517]},"properties":{"name":"Hampton Village Green","type":"park","website":""}},{"type":"Feature","geometry":{"type":"Point","coordinates":[-0.12336,51.35476]},"properties":{"name":"Roundshaw Park Playing Fields","type":"park","website":""}},{"type":"Feature","geometry":{"type":"Point","coordinates":[-0.0657,51.38537]},"properties":{"name":"Ashburton Park","type":"park","website":"https://www.croydon.gov.uk/leisure/parksandopenspaces/parksatoz/ashburton-park"}},{"type":"Feature","geometry":{"type":"Point","coordinates":[-0.13437,51.315]},"properties":{"name":"Coulsdon Memorial Ground","type":"park","website":""}},{"type":"Feature","geometry":{"type":"Point","coordinates":[-0.40463,51.4711]},"properties":{"name":"Chester Road Park","type":"park","website":""}},{"type":"Feature","geometry":{"type":"Point","coordinates":[-0.41003,51.46876]},"properties":{"name":"Causeway","type":"nature_reserve","website":""}},{"type":"Feature","geometry":{"type":"Point","coordinates":[-0.25825,51.3278]},"properties":{"name":"Elizabeth Welchman Gardens","type":"park","website":"https://www.epsom-ewell.gov.uk/residents/venues-sport-and-leisure-facilities/parks"}},{"type":"Feature","geometry":{"type":"Point","coordinates":[-0.47059,51.64192]},"properties":{"name":"Rickmansworth Park","type":"park","website":""}},{"type":"Feature","geometry":{"type":"Point","coordinates":[-0.02678,51.49704]},"properties":{"name":"Sir John McDougall Gardens","type":"park","website":""}},{"type":"Feature","geometry":{"type":"Point","coordinates":[-0.01118,51.48978]},"properties":{"name":"Millwall Park","type":"park","website":"https://www.towerhamlets.gov.uk/lgnl/leisure_and_culture/parks_and_open_spaces/Millwall_Park.aspx"}},{"type":"Feature","geometry":{"type":"Point","coordinates":[-0.3521,51.58633]},"properties":{"name":"Old Lyonian Association Sports Ground","type":"park","website":""}},{"type":"Feature","geometry":{"type":"Point","coordinates":[-0.38492,51.5927]},"properties":{"name":"Pinner Memorial Park","type":"park","website":""}},{"type":"Feature","geometry":{"type":"Point","coordinates":[-0.13532,51.3508]},"properties":{"name":"Roundshaw Park","type":"park","website":""}},{"type":"Feature","geometry":{"type":"Point","coordinates":[-0.39708,51.43941]},"properties":{"name":"Hanworth Park","type":"park","website":""}},{"type":"Feature","geometry":{"type":"Point","coordinates":[-0.10046,51.57674]},"properties":{"name":"Railway Fields Nature Reserve","type":"nature_reserve","website":"https://www.haringey.gov.uk/libraries-sport-and-leisure/parks-and-open-spaces/z-parks-and-open-spaces/railway-fields-local-nature-reserve"}},{"type":"Feature","geometry":{"type":"Point","coordinates":[-0.08735,51.4923]},"properties":{"name":"Salisbury Row","type":"park","website":""}},{"type":"Feature","geometry":{"type":"Point","coordinates":[-0.09528,51.57807]},"properties":{"name":"Doncaster Gardens","type":"park","website":""}},{"type":"Feature","geometry":{"type":"Point","coordinates":[-0.10257,51.58861]},"properties":{"name":"Ducketts Common","type":"park","website":""}},{"type":"Feature","geometry":{"type":"Point","coordinates":[-0.10063,51.58815]},"properties":{"name":"Green Gate Common","type":"park","website":""}},{"type":"Feature","geometry":{"type":"Point","coordinates":[-0.2493,51.59412]},"properties":{"name":"Colindale Park","type":"park","website":""}},{"type":"Feature","geometry":{"type":"Point","coordinates":[-0.14365,51.41623]},"properties":{"name":"Eardley Road Sidings Nature Reserve","type":"park","website":"https://beta.lambeth.gov.uk/parks/eardley-road-sidings-nature-reserve"}},{"type":"Feature","geometry":{"type":"Point","coordinates":[-0.14782,51.41203]},"properties":{"name":"Oakleigh Way Recreation Ground","type":"park","website":""}},{"type":"Feature","geometry":{"type":"Point","coordinates":[-0.12769,51.40311]},"properties":{"name":"Pollards Hill","type":"park","website":""}},{"type":"Feature","geometry":{"type":"Point","coordinates":[-0.25983,51.50799]},"properties":{"name":"Acton Park","type":"park","website":"https://www.ealing.gov.uk/info/201136/parks_in_the_borough/661/acton_parks/2"}},{"type":"Feature","geometry":{"type":"Point","coordinates":[-0.26341,51.49541]},"properties":{"name":"Acton Green Common","type":"park","website":""}},{"type":"Feature","geometry":{"type":"Point","coordinates":[-0.24939,51.48946]},"properties":{"name":"Homefield Recreation Ground North","type":"park","website":""}},{"type":"Feature","geometry":{"type":"Point","coordinates":[-0.24401,51.49188]},"properties":{"name":"St. Peter's Square","type":"park","website":""}},{"type":"Feature","geometry":{"type":"Point","coordinates":[-0.07121,51.5291]},"properties":{"name":"Ravenscroft Park","type":"park","website":""}},{"type":"Feature","geometry":{"type":"Point","coordinates":[-0.43064,51.46174]},"properties":{"name":"Cain's Lane Open Space","type":"nature_reserve","website":""}},{"type":"Feature","geometry":{"type":"Point","coordinates":[-0.43802,51.45846]},"properties":{"name":"Two Bridges","type":"nature_reserve","website":""}},{"type":"Feature","geometry":{"type":"Point","coordinates":[-0.2966,51.49229]},"properties":{"name":"Carville Hall Park North","type":"park","website":""}},{"type":"Feature","geometry":{"type":"Point","coordinates":[-0.29088,51.49637]},"properties":{"name":"Gunnersbury Park","type":"park","website":""}},{"type":"Feature","geometry":{"type":"Point","coordinates":[-0.02961,51.4263]},"properties":{"name":"Southend Park","type":"park","website":""}},{"type":"Feature","geometry":{"type":"Point","coordinates":[0.02963,51.47218]},"properties":{"name":"Hervey Road Playing Field","type":"park","website":"https://www.royalgreenwich.gov.uk/directory_record/860689/hervey_road_playing_field"}},{"type":"Feature","geometry":{"type":"Point","coordinates":[-0.34077,51.49795]},"properties":{"name":"Earl of Jersey's Field","type":"park","website":""}},{"type":"Feature","geometry":{"type":"Point","coordinates":[-0.36077,51.50391]},"properties":{"name":"Glade Lane Canalside Park","type":"park","website":""}},{"type":"Feature","geometry":{"type":"Point","coordinates":[-0.28613,51.38625]},"properties":{"name":"Alexandra Millenium Green","type":"park","website":""}},{"type":"Feature","geometry":{"type":"Point","coordinates":[-0.29348,51.40358]},"properties":{"name":"Athelstan Recreation Ground","type":"park","website":""}},{"type":"Feature","geometry":{"type":"Point","coordinates":[0.17236,51.57636]},"properties":{"name":"Cottons Park","type":"park","website":""}},{"type":"Feature","geometry":{"type":"Point","coordinates":[0.17417,51.57556]},"properties":{"name":"Cottons Park","type":"park","website":""}},{"type":"Feature","geometry":{"type":"Point","coordinates":[0.16978,51.59693]},"properties":{"name":"Lawns Park","type":"park","website":""}},{"type":"Feature","geometry":{"type":"Point","coordinates":[0.14272,51.53853]},"properties":{"name":"Goresbrook Park","type":"park","website":""}},{"type":"Feature","geometry":{"type":"Point","coordinates":[0.14109,51.53555]},"properties":{"name":"Goresbrook Park","type":"park","website":""}},{"type":"Feature","geometry":{"type":"Point","coordinates":[-0.09104,51.49023]},"properties":{"name":"Nursery Row Park","type":"park","website":""}},{"type":"Feature","geometry":{"type":"Point","coordinates":[-0.38698,51.4276]},"properties":{"name":"Oak Avenue Nature Reserve","type":"nature_reserve","website":""}},{"type":"Feature","geometry":{"type":"Point","coordinates":[-0.38192,51.43011]},"properties":{"name":"Hampton Common","type":"park","website":""}},{"type":"Feature","geometry":{"type":"Point","coordinates":[-0.27539,51.40737]},"properties":{"name":"Dickerage Recreation Ground","type":"park","website":""}},{"type":"Feature","geometry":{"type":"Point","coordinates":[-0.41439,51.45425]},"properties":{"name":"Glebelands Open Space","type":"park","website":""}},{"type":"Feature","geometry":{"type":"Point","coordinates":[-0.41306,51.45185]},"properties":{"name":"Glebelands Playing Fields Sport Zone","type":"park","website":""}},{"type":"Feature","geometry":{"type":"Point","coordinates":[-0.43932,51.44696]},"properties":{"name":"Bedfont Park","type":"park","website":""}},{"type":"Feature","geometry":{"type":"Point","coordinates":[-0.42754,51.44544]},"properties":{"name":"The Pitts","type":"park","website":""}},{"type":"Feature","geometry":{"type":"Point","coordinates":[-0.0927,51.49315]},"properties":{"name":"Victory Community Park","type":"park","website":""}},{"type":"Feature","geometry":{"type":"Point","coordinates":[-0.22229,51.34288]},"properties":{"name":"Howell Hill Nature Reserve","type":"nature_reserve","website":""}},{"type":"Feature","geometry":{"type":"Point","coordinates":[-0.19807,51.34634]},"properties":{"name":"The Pastures","type":"nature_reserve","website":""}},{"type":"Feature","geometry":{"type":"Point","coordinates":[-0.20885,51.6532]},"properties":{"name":"Ravenscroft Park","type":"park","website":""}},{"type":"Feature","geometry":{"type":"Point","coordinates":[-0.12442,51.34979]},"properties":{"name":"Roundshaw Downs","type":"park","website":""}},{"type":"Feature","geometry":{"type":"Point","coordinates":[0.12901,51.60693]},"properties":{"name":"Hainault Lodge Nature Reserve","type":"nature_reserve","website":""}},{"type":"Feature","geometry":{"type":"Point","coordinates":[0.03411,51.50074]},"properties":{"name":"Thames Barrier Park","type":"park","website":"https://www.london.gov.uk/thames-barrier-park"}},{"type":"Feature","geometry":{"type":"Point","coordinates":[-0.13953,51.56175]},"properties":{"name":"Dartmouth Park","type":"park","website":""}},{"type":"Feature","geometry":{"type":"Point","coordinates":[0.2276,51.57981]},"properties":{"name":"Platford Green","type":"park","website":""}},{"type":"Feature","geometry":{"type":"Point","coordinates":[-0.13804,51.56491]},"properties":{"name":"Girdlestone Park","type":"park","website":""}},{"type":"Feature","geometry":{"type":"Point","coordinates":[-0.13339,51.54687]},"properties":{"name":"Cantelowes Gardens","type":"park","website":""}},{"type":"Feature","geometry":{"type":"Point","coordinates":[-0.28303,51.39936]},"properties":{"name":"Hogsmill STW Nature Reserve","type":"nature_reserve","website":""}},{"type":"Feature","geometry":{"type":"Point","coordinates":[0.2014,51.55756]},"properties":{"name":"Harrow Lodge Park","type":"park","website":""}},{"type":"Feature","geometry":{"type":"Point","coordinates":[-0.37563,51.44335]},"properties":{"name":"Crane Park","type":"park","website":""}},{"type":"Feature","geometry":{"type":"Point","coordinates":[-0.03777,51.57707]},"properties":{"name":"St James Park","type":"park","website":""}},{"type":"Feature","geometry":{"type":"Point","coordinates":[-0.13899,51.46449]},"properties":{"name":"Grafton Square","type":"park","website":"https://beta.lambeth.gov.uk/parks/grafton-square"}},{"type":"Feature","geometry":{"type":"Point","coordinates":[-0.14009,51.46913]},"properties":{"name":"Eden Nature Garden","type":"garden","website":"https://www.edennaturegarden.org/"}},{"type":"Feature","geometry":{"type":"Point","coordinates":[-0.37804,51.4433]},"properties":{"name":"Crane Park Island Nature Reserve","type":"nature_reserve","website":"https://www.wildlondon.org.uk/reserves/crane-park-island"}},{"type":"Feature","geometry":{"type":"Point","coordinates":[-0.33195,51.44052]},"properties":{"name":"Radnor Gardens","type":"park","website":""}},{"type":"Feature","geometry":{"type":"Point","coordinates":[-0.02605,51.61521]},"properties":{"name":"Chase Lane Park","type":"park","website":""}},{"type":"Feature","geometry":{"type":"Point","coordinates":[-0.05881,51.5056]},"properties":{"name":"Wapping Green","type":"park","website":""}},{"type":"Feature","geometry":{"type":"Point","coordinates":[-0.06048,51.50467]},"properties":{"name":"Wapping Gardens","type":"park","website":""}},{"type":"Feature","geometry":{"type":"Point","coordinates":[-0.06174,51.5038]},"properties":{"name":"St John's Churchyard","type":"park","website":""}},{"type":"Feature","geometry":{"type":"Point","coordinates":[-0.20597,51.56827]},"properties":{"name":"Basing Hill Park","type":"park","website":""}},{"type":"Feature","geometry":{"type":"Point","coordinates":[-0.08647,51.51785]},"properties":{"name":"Finsbury Circus Gardens","type":"park","website":"https://www.cityoflondon.gov.uk/things-to-do/city-gardens/find-a-garden/finsbury-circus-gardens"}},{"type":"Feature","geometry":{"type":"Point","coordinates":[-0.37292,51.4477]},"properties":{"name":"Heathfield Recreation Ground","type":"park","website":""}},{"type":"Feature","geometry":{"type":"Point","coordinates":[-0.25097,51.39679]},"properties":{"name":"Cromwell Avenue Open Space","type":"park","website":""}},{"type":"Feature","geometry":{"type":"Point","coordinates":[-0.3093,51.4843]},"properties":{"name":"The Butts","type":"park","website":""}},{"type":"Feature","geometry":{"type":"Point","coordinates":[0.04324,51.48484]},"properties":{"name":"Maryon Wilson Park","type":"park","website":""}},{"type":"Feature","geometry":{"type":"Point","coordinates":[-0.25136,51.40002]},"properties":{"name":"Blagdon Road Recreation Ground","type":"park","website":""}},{"type":"Feature","geometry":{"type":"Point","coordinates":[-0.41712,51.48263]},"properties":{"name":"Berkeley Meadows","type":"park","website":""}},{"type":"Feature","geometry":{"type":"Point","coordinates":[-0.43907,51.48902]},"properties":{"name":"William Byrd Park","type":"park","website":""}},{"type":"Feature","geometry":{"type":"Point","coordinates":[-0.44444,51.48438]},"properties":{"name":"Bolton's Lane Open Space","type":"park","website":""}},{"type":"Feature","geometry":{"type":"Point","coordinates":[-0.31966,51.49515]},"properties":{"name":"Blondin Park Nature Reserve","type":"nature_reserve","website":""}},{"type":"Feature","geometry":{"type":"Point","coordinates":[-0.31833,51.4962]},"properties":{"name":"Blondin Park","type":"park","website":""}},{"type":"Feature","geometry":{"type":"Point","coordinates":[-0.13245,51.5352]},"properties":{"name":"Goldington Crescent Gardens","type":"park","website":""}},{"type":"Feature","geometry":{"type":"Point","coordinates":[-0.03736,51.59743]},"properties":{"name":"Higham Hill Recreation Ground","type":"park","website":""}},{"type":"Feature","geometry":{"type":"Point","coordinates":[-0.11188,51.37476]},"properties":{"name":"Wandle Park","type":"park","website":""}},{"type":"Feature","geometry":{"type":"Point","coordinates":[-0.11083,51.36641]},"properties":{"name":"Duppas Hill Recreation Ground","type":"park","website":""}},{"type":"Feature","geometry":{"type":"Point","coordinates":[0.01374,51.61154]},"properties":{"name":"The Highams Park","type":"park","website":""}},{"type":"Feature","geometry":{"type":"Point","coordinates":[-0.01496,51.62879]},"properties":{"name":"Mansfield Park","type":"park","website":""}},{"type":"Feature","geometry":{"type":"Point","coordinates":[-0.01053,51.6254]},"properties":{"name":"Ridgeway Park","type":"park","website":""}},{"type":"Feature","geometry":{"type":"Point","coordinates":[-0.32668,51.51529]},"properties":{"name":"Drayton Green","type":"park","website":""}},{"type":"Feature","geometry":{"type":"Point","coordinates":[-0.12103,51.52616]},"properties":{"name":"St George's Gardens","type":"park","website":""}},{"type":"Feature","geometry":{"type":"Point","coordinates":[-0.26301,51.62398]},"properties":{"name":"Stoneyfields Park","type":"park","website":""}},{"type":"Feature","geometry":{"type":"Point","coordinates":[-0.20826,51.59884]},"properties":{"name":"Windsor Open Space","type":"park","website":""}},{"type":"Feature","geometry":{"type":"Point","coordinates":[-0.26485,51.49635]},"properties":{"name":"Duke of Sussex Island","type":"park","website":""}},{"type":"Feature","geometry":{"type":"Point","coordinates":[-0.15838,51.37335]},"properties":{"name":"Wilderness Island","type":"nature_reserve","website":""}},{"type":"Feature","geometry":{"type":"Point","coordinates":[-0.41015,51.44471]},"properties":{"name":"Feltham Green","type":"park","website":""}},{"type":"Feature","geometry":{"type":"Point","coordinates":[-0.40278,51.36477]},"properties":{"name":"Vauxmead","type":"park","website":""}},{"type":"Feature","geometry":{"type":"Point","coordinates":[-0.40067,51.36567]},"properties":{"name":"Hersham Green","type":"park","website":""}},{"type":"Feature","geometry":{"type":"Point","coordinates":[-0.40154,51.36277]},"properties":{"name":"Back Green","type":"park","website":""}},{"type":"Feature","geometry":{"type":"Point","coordinates":[-0.41504,51.43551]},"properties":{"name":"Ludlow Road Open Space","type":"park","website":""}},{"type":"Feature","geometry":{"type":"Point","coordinates":[-0.31961,51.49022]},"properties":{"name":"Boston Manor Park","type":"park","website":""}},{"type":"Feature","geometry":{"type":"Point","coordinates":[-0.16976,51.37891]},"properties":{"name":"Limes Green","type":"park","website":""}},{"type":"Feature","geometry":{"type":"Point","coordinates":[-0.16393,51.37726]},"properties":{"name":"Dale Park","type":"park","website":""}},{"type":"Feature","geometry":{"type":"Point","coordinates":[-0.10975,51.50159]},"properties":{"name":"Waterloo Millennium Green","type":"park","website":"https://beta.lambeth.gov.uk/parks/waterloo-millennium-green"}},{"type":"Feature","geometry":{"type":"Point","coordinates":[-0.39418,51.56672]},"properties":{"name":"Queens Walk Children's Playground","type":"park","website":""}},{"type":"Feature","geometry":{"type":"Point","coordinates":[-0.3997,51.5654]},"properties":{"name":"Brook Common","type":"park","website":""}},{"type":"Feature","geometry":{"type":"Point","coordinates":[-0.29474,51.52497]},"properties":{"name":"Hanger Hill Park","type":"park","website":""}},{"type":"Feature","geometry":{"type":"Point","coordinates":[-0.27102,51.5208]},"properties":{"name":"North Acton Playing Field","type":"park","website":""}},{"type":"Feature","geometry":{"type":"Point","coordinates":[-0.25905,51.53225]},"properties":{"name":"Wesley Playing Fields","type":"park","website":""}},{"type":"Feature","geometry":{"type":"Point","coordinates":[-0.24876,51.51091]},"properties":{"name":"Trinity Way Open Space","type":"park","website":""}},{"type":"Feature","geometry":{"type":"Point","coordinates":[-0.22134,51.52384]},"properties":{"name":"Sunbeam Gardens","type":"park","website":""}},{"type":"Feature","geometry":{"type":"Point","coordinates":[-0.22879,51.52315]},"properties":{"name":"Little Wormwood Scrubs","type":"park","website":""}},{"type":"Feature","geometry":{"type":"Point","coordinates":[-0.21985,51.52064]},"properties":{"name":"Kensington Memorial Park","type":"park","website":"https://www.rbkc.gov.uk/leisure-and-culture/parks/kensington-memorial-park"}},{"type":"Feature","geometry":{"type":"Point","coordinates":[-0.42832,51.4424]},"properties":{"name":"Raleigh Park","type":"park","website":""}},{"type":"Feature","geometry":{"type":"Point","coordinates":[-0.41976,51.44382]},"properties":{"name":"Grosvenor Park","type":"park","website":""}},{"type":"Feature","geometry":{"type":"Point","coordinates":[-0.37828,51.42476]},"properties":{"name":"Nursery Green","type":"park","website":""}},{"type":"Feature","geometry":{"type":"Point","coordinates":[-0.30657,51.45618]},"properties":{"name":"Cambridge Gardens","type":"park","website":""}},{"type":"Feature","geometry":{"type":"Point","coordinates":[-0.40842,51.56166]},"properties":{"name":"Bridgwater Road Fields","type":"park","website":""}},{"type":"Feature","geometry":{"type":"Point","coordinates":[-0.20134,51.51612]},"properties":{"name":"Powis Square","type":"park","website":""}},{"type":"Feature","geometry":{"type":"Point","coordinates":[-0.20374,51.51567]},"properties":{"name":"Colville Square Gardens","type":"park","website":""}},{"type":"Feature","geometry":{"type":"Point","coordinates":[-0.19678,51.51815]},"properties":{"name":"St Stephen's Gardens","type":"garden","website":""}},{"type":"Feature","geometry":{"type":"Point","coordinates":[-0.20376,51.52376]},"properties":{"name":"Meanwhile Gardens","type":"park","website":"https://meanwhile-gardens.org.uk/"}},{"type":"Feature","geometry":{"type":"Point","coordinates":[-0.20924,51.52513]},"properties":{"name":"Emslie Horniman Pleasance","type":"garden","website":""}},{"type":"Feature","geometry":{"type":"Point","coordinates":[-0.2246,51.5203]},"properties":{"name":"St. Quintin Gardens","type":"garden","website":""}},{"type":"Feature","geometry":{"type":"Point","coordinates":[0.17494,51.39786]},"properties":{"name":"Bartholomew Way Park","type":"park","website":""}},{"type":"Feature","geometry":{"type":"Point","coordinates":[-0.18727,51.51768]},"properties":{"name":"Porchester Square","type":"garden","website":""}},{"type":"Feature","geometry":{"type":"Point","coordinates":[-0.41452,51.57245]},"properties":{"name":"Shenley Park","type":"park","website":""}},{"type":"Feature","geometry":{"type":"Point","coordinates":[-0.02187,51.51511]},"properties":{"name":"Bartlett Park","type":"park","website":""}},{"type":"Feature","geometry":{"type":"Point","coordinates":[-0.01336,51.5163]},"properties":{"name":"Langdon Park","type":"park","website":""}},{"type":"Feature","geometry":{"type":"Point","coordinates":[-0.39201,51.56789]},"properties":{"name":"Brook Common","type":"park","website":""}},{"type":"Feature","geometry":{"type":"Point","coordinates":[-0.38762,51.56031]},"properties":{"name":"Dean Park","type":"park","website":""}},{"type":"Feature","geometry":{"type":"Point","coordinates":[-0.23256,51.49056]},"properties":{"name":"Furnivall Gardens","type":"park","website":""}},{"type":"Feature","geometry":{"type":"Point","coordinates":[-0.2106,51.39124]},"properties":{"name":"Morden Park","type":"park","website":""}},{"type":"Feature","geometry":{"type":"Point","coordinates":[-0.24841,51.49711]},"properties":{"name":"Land at Prebend Gardens","type":"park","website":""}},{"type":"Feature","geometry":{"type":"Point","coordinates":[-0.29645,51.49063]},"properties":{"name":"Carville Hall Park South","type":"park","website":""}},{"type":"Feature","geometry":{"type":"Point","coordinates":[0.17323,51.4042]},"properties":{"name":"Swanley Park","type":"park","website":"https://www.swanleypark.co.uk/"}},{"type":"Feature","geometry":{"type":"Point","coordinates":[-0.30423,51.48553]},"properties":{"name":"St. Paul's Recreation Ground","type":"park","website":""}},{"type":"Feature","geometry":{"type":"Point","coordinates":[-0.10233,51.52736]},"properties":{"name":"Northampton Square","type":"park","website":""}},{"type":"Feature","geometry":{"type":"Point","coordinates":[-0.29418,51.48994]},"properties":{"name":"Green Dragon Lane Open Space","type":"park","website":""}},{"type":"Feature","geometry":{"type":"Point","coordinates":[0.2547,51.43072]},"properties":{"name":"Darenth Country Park","type":"park","website":""}},{"type":"Feature","geometry":{"type":"Point","coordinates":[-0.09234,51.41729]},"properties":{"name":"Upper Norwood Recreation Ground","type":"park","website":""}},{"type":"Feature","geometry":{"type":"Point","coordinates":[-0.06708,51.4384]},"properties":{"name":"Sydenham Hill Wood","type":"nature_reserve","website":"https://www.wildlondon.org.uk/reserves/sydenham-hill-wood-and-coxs-walk"}},{"type":"Feature","geometry":{"type":"Point","coordinates":[-0.03287,51.50977]},"properties":{"name":"Ropemakers Fields","type":"park","website":""}},{"type":"Feature","geometry":{"type":"Point","coordinates":[-0.13458,51.48704]},"properties":{"name":"St. George's Square","type":"park","website":""}},{"type":"Feature","geometry":{"type":"Point","coordinates":[-0.10113,51.51848]},"properties":{"name":"Smithfield Rotunda Garden","type":"park","website":"https://www.cityoflondon.gov.uk/things-to-do/city-gardens/find-a-garden/smithfield-rotunda-garden"}},{"type":"Feature","geometry":{"type":"Point","coordinates":[-0.0283,51.68448]},"properties":{"name":"Waltham Cross Playing Fields","type":"park","website":""}},{"type":"Feature","geometry":{"type":"Point","coordinates":[-0.03681,51.68252]},"properties":{"name":"Holmesdale Tunnel Open Space","type":"park","website":""}},{"type":"Feature","geometry":{"type":"Point","coordinates":[-0.01614,51.67509]},"properties":{"name":"Rammey Marsh","type":"park","website":""}},{"type":"Feature","geometry":{"type":"Point","coordinates":[-0.24848,51.48835]},"properties":{"name":"Homefield Recreation Ground South","type":"park","website":""}},{"type":"Feature","geometry":{"type":"Point","coordinates":[0.00946,51.42113]},"properties":{"name":"Shaftesbury Park","type":"park","website":""}},{"type":"Feature","geometry":{"type":"Point","coordinates":[-0.40022,51.57543]},"properties":{"name":"Columbia Avenue Recreation Ground","type":"park","website":""}},{"type":"Feature","geometry":{"type":"Point","coordinates":[-0.07779,51.56823]},"properties":{"name":"Allens Garden","type":"park","website":""}},{"type":"Feature","geometry":{"type":"Point","coordinates":[-0.06377,51.45491]},"properties":{"name":"Piermont Green","type":"park","website":""}},{"type":"Feature","geometry":{"type":"Point","coordinates":[-0.44553,51.4424]},"properties":{"name":"Bedfont Lakes Country Park.","type":"park","website":"https://www.bedfontlakes.co.uk/"}},{"type":"Feature","geometry":{"type":"Point","coordinates":[0.00404,51.53302]},"properties":{"name":"Abbey Gardens","type":"garden","website":"https://www.abbeygardens.org/"}},{"type":"Feature","geometry":{"type":"Point","coordinates":[-0.01345,51.52663]},"properties":{"name":"Bromley Recreation Ground","type":"park","website":"https://www.parksandgardens.org/places/bromley-recreation-ground"}},{"type":"Feature","geometry":{"type":"Point","coordinates":[-0.01128,51.49205]},"properties":{"name":"Mudchute Park & Farm","type":"park","website":""}},{"type":"Feature","geometry":{"type":"Point","coordinates":[0.21013,51.43142]},"properties":{"name":"Oakfield Park","type":"park","website":""}},{"type":"Feature","geometry":{"type":"Point","coordinates":[-0.07441,51.56085]},"properties":{"name":"Kynaston Gardens","type":"park","website":"https://hackney.gov.uk/kynaston-gardens"}},{"type":"Feature","geometry":{"type":"Point","coordinates":[-0.08528,51.56055]},"properties":{"name":"Church Street Gardens","type":"park","website":""}},{"type":"Feature","geometry":{"type":"Point","coordinates":[-0.38863,51.65598]},"properties":{"name":"Waterfields Recreation Ground","type":"park","website":""}},{"type":"Feature","geometry":{"type":"Point","coordinates":[-0.00716,51.56117]},"properties":{"name":"Sidmouth Park","type":"park","website":""}},{"type":"Feature","geometry":{"type":"Point","coordinates":[-0.05919,51.51018]},"properties":{"name":"St George's Gardens","type":"park","website":""}},{"type":"Feature","geometry":{"type":"Point","coordinates":[-0.04858,51.509]},"properties":{"name":"King Edward Memorial Park","type":"park","website":"https://www.towerhamlets.gov.uk/lgnl/leisure_and_culture/parks_and_open_spaces/King_Edward_Memorial_Park.aspx"}},{"type":"Feature","geometry":{"type":"Point","coordinates":[-0.06743,51.50451]},"properties":{"name":"Hermitage Riverside Memorial Garden","type":"park","website":""}},{"type":"Feature","geometry":{"type":"Point","coordinates":[-0.12476,51.57028]},"properties":{"name":"Philip Noel-Baker Peace Garden","type":"garden","website":""}},{"type":"Feature","geometry":{"type":"Point","coordinates":[-0.27503,51.3986]},"properties":{"name":"Green Lane Recreation Ground","type":"park","website":""}},{"type":"Feature","geometry":{"type":"Point","coordinates":[-0.10187,51.49279]},"properties":{"name":"St Mary's Churchyard","type":"park","website":""}},{"type":"Feature","geometry":{"type":"Point","coordinates":[-0.10863,51.48771]},"properties":{"name":"Cleaver Square","type":"park","website":"https://www.lambeth.gov.uk/parks/cleaver-square"}},{"type":"Feature","geometry":{"type":"Point","coordinates":[-0.04984,51.57404]},"properties":{"name":"Coppermill Fields","type":"park","website":""}},{"type":"Feature","geometry":{"type":"Point","coordinates":[-0.0331,51.56276]},"properties":{"name":"WaterWorks Centre Field","type":"park","website":"https://www.visitleevalley.org.uk/waterworks"}},{"type":"Feature","geometry":{"type":"Point","coordinates":[-0.28111,51.50874]},"properties":{"name":"Twyford Crescent Gardens","type":"park","website":""}},{"type":"Feature","geometry":{"type":"Point","coordinates":[-0.18396,51.60316]},"properties":{"name":"Victoria Park","type":"park","website":""}},{"type":"Feature","geometry":{"type":"Point","coordinates":[-0.18499,51.60558]},"properties":{"name":"Victoria Park","type":"park","website":""}},{"type":"Feature","geometry":{"type":"Point","coordinates":[-0.17237,51.49712]},"properties":{"name":"John Madejski Garden","type":"garden","website":""}},{"type":"Feature","geometry":{"type":"Point","coordinates":[-0.17845,51.49588]},"properties":{"name":"Wildlife Garden","type":"garden","website":""}},{"type":"Feature","geometry":{"type":"Point","coordinates":[-0.17481,51.49602]},"properties":{"name":"East Lawn","type":"garden","website":""}},{"type":"Feature","geometry":{"type":"Point","coordinates":[-0.2146,51.46632]},"properties":{"name":"Waterman's Green","type":"park","website":""}},{"type":"Feature","geometry":{"type":"Point","coordinates":[-0.0585,51.51309]},"properties":{"name":"Gosling Gardens","type":"park","website":""}},{"type":"Feature","geometry":{"type":"Point","coordinates":[-0.27509,51.48853]},"properties":{"name":"Harvard Hill Recreation Ground","type":"park","website":""}},{"type":"Feature","geometry":{"type":"Point","coordinates":[-0.23762,51.39144]},"properties":{"name":"Sir Joseph Hood Memorial Playing Fields","type":"park","website":""}},{"type":"Feature","geometry":{"type":"Point","coordinates":[-0.01039,51.49703]},"properties":{"name":"St John's Park","type":"park","website":""}},{"type":"Feature","geometry":{"type":"Point","coordinates":[-0.2489,51.35946]},"properties":{"name":"Gurteen Recreation Ground","type":"park","website":""}},{"type":"Feature","geometry":{"type":"Point","coordinates":[-0.20379,51.36854]},"properties":{"name":"Collingwood Recreation Ground","type":"park","website":""}},{"type":"Feature","geometry":{"type":"Point","coordinates":[-0.19523,51.37095]},"properties":{"name":"Sutton Green","type":"park","website":""}},{"type":"Feature","geometry":{"type":"Point","coordinates":[0.01419,51.37647]},"properties":{"name":"The Knoll","type":"park","website":""}},{"type":"Feature","geometry":{"type":"Point","coordinates":[-0.17284,51.39999]},"properties":{"name":"Baron Fields","type":"park","website":""}},{"type":"Feature","geometry":{"type":"Point","coordinates":[-0.2037,51.3881]},"properties":{"name":"Pyl Brook Nature Reserve","type":"nature_reserve","website":""}},{"type":"Feature","geometry":{"type":"Point","coordinates":[-0.23234,51.38561]},"properties":{"name":"Mayflower Park","type":"park","website":""}},{"type":"Feature","geometry":{"type":"Point","coordinates":[-0.04992,51.42088]},"properties":{"name":"Alexandra Recreation Ground","type":"park","website":""}},{"type":"Feature","geometry":{"type":"Point","coordinates":[-0.36814,51.5376]},"properties":{"name":"Smiths Farm","type":"park","website":""}},{"type":"Feature","geometry":{"type":"Point","coordinates":[-0.34208,51.53074]},"properties":{"name":"Perivale Park","type":"park","website":"https://www.ealing.gov.uk/info/201136/parks_in_the_borough/666/perivale_parks"}},{"type":"Feature","geometry":{"type":"Point","coordinates":[-0.33921,51.54443]},"properties":{"name":"Paradise Fields","type":"nature_reserve","website":"https://theealingbeaverproject.com/"}},{"type":"Feature","geometry":{"type":"Point","coordinates":[-0.10938,51.50793]},"properties":{"name":"Bernie Spain Gardens (North Park)","type":"park","website":"https://coinstreet.org/about-us/our-developments/bernie-spain-gardens"}},{"type":"Feature","geometry":{"type":"Point","coordinates":[-0.10894,51.50721]},"properties":{"name":"Bernie Spain Gardens (South Park)","type":"park","website":"https://coinstreet.org/about-us/our-developments/bernie-spain-gardens"}},{"type":"Feature","geometry":{"type":"Point","coordinates":[0.06547,51.52365]},"properties":{"name":"Gooseley Playing Field","type":"park","website":""}},{"type":"Feature","geometry":{"type":"Point","coordinates":[0.0468,51.52399]},"properties":{"name":"Brampton Park","type":"park","website":""}},{"type":"Feature","geometry":{"type":"Point","coordinates":[0.05228,51.52933]},"properties":{"name":"Central Park","type":"park","website":""}},{"type":"Feature","geometry":{"type":"Point","coordinates":[0.03546,51.52765]},"properties":{"name":"Upperton Road Park","type":"park","website":""}},{"type":"Feature","geometry":{"type":"Point","coordinates":[0.00718,51.53832]},"properties":{"name":"Stratford Park","type":"park","website":""}},{"type":"Feature","geometry":{"type":"Point","coordinates":[-0.37482,51.49521]},"properties":{"name":"Wolf Fields Park","type":"park","website":""}},{"type":"Feature","geometry":{"type":"Point","coordinates":[-0.18784,51.35438]},"properties":{"name":"Devonshire Avenue Nature Area","type":"nature_reserve","website":""}},{"type":"Feature","geometry":{"type":"Point","coordinates":[-0.17908,51.36083]},"properties":{"name":"Warren Park","type":"park","website":""}},{"type":"Feature","geometry":{"type":"Point","coordinates":[-0.18283,51.36086]},"properties":{"name":"The Warren","type":"nature_reserve","website":""}},{"type":"Feature","geometry":{"type":"Point","coordinates":[-0.09123,51.41116]},"properties":{"name":"The Lawns","type":"park","website":"https://www.croydon.gov.uk/libraries-leisure-and-culture/parks-and-open-spaces/parks-and-playgrounds/parks-and-playgrounds-directory/the-lawns"}},{"type":"Feature","geometry":{"type":"Point","coordinates":[0.02469,51.61197]},"properties":{"name":"Woodford Green","type":"park","website":""}},{"type":"Feature","geometry":{"type":"Point","coordinates":[-0.27813,51.48771]},"properties":{"name":"Chiswick Village Green","type":"park","website":""}},{"type":"Feature","geometry":{"type":"Point","coordinates":[-0.29396,51.38721]},"properties":{"name":"Fishponds Park","type":"park","website":""}},{"type":"Feature","geometry":{"type":"Point","coordinates":[-0.32621,51.54148]},"properties":{"name":"Horsenden Lower Thrifts Field","type":"park","website":""}},{"type":"Feature","geometry":{"type":"Point","coordinates":[-0.116,51.45994]},"properties":{"name":"St. Matthew's Church Gardens","type":"park","website":"https://beta.lambeth.gov.uk/parks/st-matthews-church-gardens"}},{"type":"Feature","geometry":{"type":"Point","coordinates":[-0.34023,51.40566]},"properties":{"name":"Royal Kitchen Garden","type":"garden","website":""}},{"type":"Feature","geometry":{"type":"Point","coordinates":[-0.38436,51.55057]},"properties":{"name":"Lord Halsbury Memorial Playing Field","type":"park","website":""}},{"type":"Feature","geometry":{"type":"Point","coordinates":[-0.35849,51.53044]},"properties":{"name":"Ravenor Park","type":"park","website":""}},{"type":"Feature","geometry":{"type":"Point","coordinates":[-0.34918,51.51299]},"properties":{"name":"Brent Lodge Park (Bunny Park)","type":"park","website":""}},{"type":"Feature","geometry":{"type":"Point","coordinates":[-0.37507,51.54005]},"properties":{"name":"Northala Fields","type":"park","website":""}},{"type":"Feature","geometry":{"type":"Point","coordinates":[-0.35497,51.53737]},"properties":{"name":"Greenford Lagoons","type":"park","website":""}},{"type":"Feature","geometry":{"type":"Point","coordinates":[-0.14676,51.62123]},"properties":{"name":"New Southgate Recreation Ground","type":"park","website":""}},{"type":"Feature","geometry":{"type":"Point","coordinates":[-0.10238,51.44538]},"properties":{"name":"Peabody Hill Wood","type":"park","website":""}},{"type":"Feature","geometry":{"type":"Point","coordinates":[-0.09004,51.40313]},"properties":{"name":"Grangewood Park","type":"park","website":""}},{"type":"Feature","geometry":{"type":"Point","coordinates":[-0.07841,51.41548]},"properties":{"name":"Fox Hill Playing Field","type":"park","website":""}},{"type":"Feature","geometry":{"type":"Point","coordinates":[0.03036,51.59682]},"properties":{"name":"Elmhurst Gardens","type":"park","website":""}},{"type":"Feature","geometry":{"type":"Point","coordinates":[-0.25216,51.51785]},"properties":{"name":"The Green, East Acton","type":"park","website":""}},{"type":"Feature","geometry":{"type":"Point","coordinates":[-0.23669,51.50268]},"properties":{"name":"Cathnor Park","type":"park","website":""}},{"type":"Feature","geometry":{"type":"Point","coordinates":[-0.22368,51.49921]},"properties":{"name":"Loris Community Garden","type":"garden","website":""}},{"type":"Feature","geometry":{"type":"Point","coordinates":[0.02551,51.59918]},"properties":{"name":"Churchfields","type":"park","website":""}},{"type":"Feature","geometry":{"type":"Point","coordinates":[0.04619,51.60868]},"properties":{"name":"Ray Park","type":"park","website":""}},{"type":"Feature","geometry":{"type":"Point","coordinates":[0.04664,51.61338]},"properties":{"name":"Whitbread Playing Fields","type":"park","website":""}},{"type":"Feature","geometry":{"type":"Point","coordinates":[-0.12312,51.48983]},"properties":{"name":"Albert Embankment Gardens","type":"park","website":"https://beta.lambeth.gov.uk/parks/albert-embankment-gardens"}},{"type":"Feature","geometry":{"type":"Point","coordinates":[-0.06551,51.50456]},"properties":{"name":"Hellings Street Open Space","type":"park","website":""}},{"type":"Feature","geometry":{"type":"Point","coordinates":[-0.17053,51.38695]},"properties":{"name":"Selby Green","type":"park","website":""}},{"type":"Feature","geometry":{"type":"Point","coordinates":[-0.21981,51.49611]},"properties":{"name":"Brook Green","type":"park","website":"https://www.lbhf.gov.uk/sports-and-parks/parks-and-open-spaces/brook-green"}},{"type":"Feature","geometry":{"type":"Point","coordinates":[0.00407,51.55597]},"properties":{"name":"Langthorne Park","type":"park","website":"https://www.walthamforest.gov.uk/libraries-arts-parks-and-leisure/our-parks/langthorne-park"}},{"type":"Feature","geometry":{"type":"Point","coordinates":[0.00559,51.55485]},"properties":{"name":"Jubilee Gardens","type":"park","website":""}},{"type":"Feature","geometry":{"type":"Point","coordinates":[-0.00133,51.55072]},"properties":{"name":"Chandos Road Open Space","type":"park","website":""}},{"type":"Feature","geometry":{"type":"Point","coordinates":[-0.22098,51.31627]},"properties":{"name":"Tattenham Way Recreation Ground","type":"park","website":""}},{"type":"Feature","geometry":{"type":"Point","coordinates":[-0.11319,51.55946]},"properties":{"name":"Kinloch Gardens","type":"park","website":""}},{"type":"Feature","geometry":{"type":"Point","coordinates":[0.01572,51.51187]},"properties":{"name":"Keir Hardie Park","type":"park","website":""}},{"type":"Feature","geometry":{"type":"Point","coordinates":[-0.0834,51.39234]},"properties":{"name":"Heavers Meadow","type":"park","website":""}},{"type":"Feature","geometry":{"type":"Point","coordinates":[-0.24528,51.47266]},"properties":{"name":"Barnes Green","type":"park","website":""}},{"type":"Feature","geometry":{"type":"Point","coordinates":[-0.03211,51.47098]},"properties":{"name":"Luxmore Gardens","type":"park","website":""}},{"type":"Feature","geometry":{"type":"Point","coordinates":[-0.02765,51.47071]},"properties":{"name":"Friendly Gardens","type":"park","website":""}},{"type":"Feature","geometry":{"type":"Point","coordinates":[-0.01983,51.47026]},"properties":{"name":"Brookmill Park","type":"park","website":""}},{"type":"Feature","geometry":{"type":"Point","coordinates":[-0.03625,51.4774]},"properties":{"name":"Fordham Park","type":"park","website":""}},{"type":"Feature","geometry":{"type":"Point","coordinates":[-0.03296,51.4039]},"properties":{"name":"Croydon Road Recreation Ground","type":"park","website":""}},{"type":"Feature","geometry":{"type":"Point","coordinates":[-0.06109,51.46838]},"properties":{"name":"Consort Park","type":"park","website":""}},{"type":"Feature","geometry":{"type":"Point","coordinates":[-0.06115,51.46753]},"properties":{"name":"Dr Harold Moody Park","type":"park","website":"https://www.drharoldmoodyandconsortparks.org/"}},{"type":"Feature","geometry":{"type":"Point","coordinates":[-0.05851,51.46542]},"properties":{"name":"Nunhead Green","type":"park","website":""}},{"type":"Feature","geometry":{"type":"Point","coordinates":[0.02068,51.60613]},"properties":{"name":"The Green","type":"park","website":""}},{"type":"Feature","geometry":{"type":"Point","coordinates":[-0.04349,51.54969]},"properties":{"name":"Homerton Grove","type":"park","website":"https://hackney.gov.uk/homerton-grove"}},{"type":"Feature","geometry":{"type":"Point","coordinates":[-0.0358,51.55388]},"properties":{"name":"Daubeney Fields","type":"park","website":"https://hackney.gov.uk/daubeney-fields"}},{"type":"Feature","geometry":{"type":"Point","coordinates":[-0.12397,51.45355]},"properties":{"name":"Windmill Gardens","type":"park","website":"https://www.brixtonwindmill.org/visit/windmill-gardens/;https://beta.lambeth.gov.uk/parks/windmill-gardens"}},{"type":"Feature","geometry":{"type":"Point","coordinates":[-0.30702,51.45833]},"properties":{"name":"Richmond Riverside","type":"park","website":""}},{"type":"Feature","geometry":{"type":"Point","coordinates":[0.02378,51.50039]},"properties":{"name":"Lyle Park","type":"park","website":""}},{"type":"Feature","geometry":{"type":"Point","coordinates":[0.23412,51.44005]},"properties":{"name":"Hesketh Park","type":"park","website":""}},{"type":"Feature","geometry":{"type":"Point","coordinates":[0.02858,51.51592]},"properties":{"name":"Canning Town Recreation Ground","type":"park","website":""}},{"type":"Feature","geometry":{"type":"Point","coordinates":[0.02373,51.50368]},"properties":{"name":"Britannia Village Green","type":"park","website":""}},{"type":"Feature","geometry":{"type":"Point","coordinates":[-0.084,51.40928]},"properties":{"name":"Beaulieu Heights","type":"park","website":""}},{"type":"Feature","geometry":{"type":"Point","coordinates":[-0.0786,51.50214]},"properties":{"name":"St. John's Churchyard","type":"park","website":""}},{"type":"Feature","geometry":{"type":"Point","coordinates":[-0.08049,51.50003]},"properties":{"name":"Tanner Street Park","type":"park","website":""}},{"type":"Feature","geometry":{"type":"Point","coordinates":[-0.084,51.50089]},"properties":{"name":"Leathermarket Gardens","type":"park","website":""}},{"type":"Feature","geometry":{"type":"Point","coordinates":[-0.03993,51.48342]},"properties":{"name":"Folkestone Gardens","type":"park","website":""}},{"type":"Feature","geometry":{"type":"Point","coordinates":[-0.06369,51.50987]},"properties":{"name":"Swedenborg Gardens","type":"park","website":""}},{"type":"Feature","geometry":{"type":"Point","coordinates":[-0.05631,51.48551]},"properties":{"name":"Bramcote Nature","type":"park","website":""}},{"type":"Feature","geometry":{"type":"Point","coordinates":[-0.07483,51.49486]},"properties":{"name":"Bermondsey Spa Gardens","type":"park","website":""}},{"type":"Feature","geometry":{"type":"Point","coordinates":[-0.06106,51.49179]},"properties":{"name":"Shuttleworth Park","type":"park","website":""}},{"type":"Feature","geometry":{"type":"Point","coordinates":[-0.41619,51.54285]},"properties":{"name":"Ten Acres","type":"nature_reserve","website":""}},{"type":"Feature","geometry":{"type":"Point","coordinates":[-0.08908,51.49861]},"properties":{"name":"Tabard Gardens","type":"park","website":"https://www.southwark.gov.uk/culture-and-sport/parks-and-open-spaces/find-park/tabard-gardens"}},{"type":"Feature","geometry":{"type":"Point","coordinates":[-0.27187,51.51129]},"properties":{"name":"Springfield Gardens","type":"park","website":""}},{"type":"Feature","geometry":{"type":"Point","coordinates":[-0.07227,51.5333]},"properties":{"name":"Weymouth Terrace","type":"park","website":""}},{"type":"Feature","geometry":{"type":"Point","coordinates":[-0.26117,51.5148]},"properties":{"name":"Friars Gardens","type":"park","website":""}},{"type":"Feature","geometry":{"type":"Point","coordinates":[-0.26204,51.51341]},"properties":{"name":"St Dunstans Gardens","type":"park","website":""}},{"type":"Feature","geometry":{"type":"Point","coordinates":[-0.12143,51.44651]},"properties":{"name":"Holmewood Gardens","type":"park","website":"https://beta.lambeth.gov.uk/parks/holmewood-gardens"}},{"type":"Feature","geometry":{"type":"Point","coordinates":[-0.12316,51.44834]},"properties":{"name":"Rush Common","type":"park","website":""}},{"type":"Feature","geometry":{"type":"Point","coordinates":[0.00202,51.5622]},"properties":{"name":"Linear Park","type":"park","website":""}},{"type":"Feature","geometry":{"type":"Point","coordinates":[-0.09169,51.45669]},"properties":{"name":"Sunray Gardens","type":"park","website":""}},{"type":"Feature","geometry":{"type":"Point","coordinates":[-0.43663,51.44284]},"properties":{"name":"Bedfont Lakes Country Park","type":"park","website":"https://inhounslow.com/place/bedfont-lakes-and-country-park/"}},{"type":"Feature","geometry":{"type":"Point","coordinates":[-0.05361,51.45184]},"properties":{"name":"Brenchley Gardens","type":"park","website":""}},{"type":"Feature","geometry":{"type":"Point","coordinates":[-0.05636,51.40936]},"properties":{"name":"Winsford Gardens","type":"park","website":"https://www.pengegreengym.org.uk/"}},{"type":"Feature","geometry":{"type":"Point","coordinates":[-0.13439,51.55285]},"properties":{"name":"Montpelier Gardens","type":"park","website":"https://cindex.camden.gov.uk/kb5/camden/cd/service.page?id=eq_caQXAtfs"}},{"type":"Feature","geometry":{"type":"Point","coordinates":[-0.11866,51.4415]},"properties":{"name":"Palace Road Nature Gardens","type":"park","website":""}},{"type":"Feature","geometry":{"type":"Point","coordinates":[-0.07527,51.38313]},"properties":{"name":"Addiscombe Railway Park","type":"park","website":""}},{"type":"Feature","geometry":{"type":"Point","coordinates":[-0.08586,51.47588]},"properties":{"name":"Brunswick Park","type":"park","website":""}},{"type":"Feature","geometry":{"type":"Point","coordinates":[-0.13878,51.54485]},"properties":{"name":"Rochester Terrace Gardens","type":"park","website":""}},{"type":"Feature","geometry":{"type":"Point","coordinates":[-0.09767,51.37205]},"properties":{"name":"Queen's Gardens","type":"park","website":""}},{"type":"Feature","geometry":{"type":"Point","coordinates":[-0.0625,51.4721]},"properties":{"name":"Cossall Park","type":"park","website":""}},{"type":"Feature","geometry":{"type":"Point","coordinates":[-0.41531,51.53667]},"properties":{"name":"Yeading Brook Meadow","type":"nature_reserve","website":""}},{"type":"Feature","geometry":{"type":"Point","coordinates":[-0.13632,51.53412]},"properties":{"name":"Oakley Square Gardens","type":"park","website":""}},{"type":"Feature","geometry":{"type":"Point","coordinates":[-0.30606,51.4173]},"properties":{"name":"Canbury Gardens","type":"park","website":""}},{"type":"Feature","geometry":{"type":"Point","coordinates":[-0.15177,51.52755]},"properties":{"name":"The Rose Garden","type":"garden","website":""}},{"type":"Feature","geometry":{"type":"Point","coordinates":[-0.15151,51.52917]},"properties":{"name":"St John's Lodge Gardens","type":"garden","website":""}},{"type":"Feature","geometry":{"type":"Point","coordinates":[-0.12001,51.49095]},"properties":{"name":"Pedlar's Park","type":"park","website":"https://beta.lambeth.gov.uk/parks/pedlars-park"}},{"type":"Feature","geometry":{"type":"Point","coordinates":[-0.11933,51.4915]},"properties":{"name":"Pedlar's Park","type":"park","website":"https://beta.lambeth.gov.uk/parks/pedlars-park"}},{"type":"Feature","geometry":{"type":"Point","coordinates":[-0.45575,51.54472]},"properties":{"name":"Hillingdon Court Park","type":"park","website":""}},{"type":"Feature","geometry":{"type":"Point","coordinates":[-0.14263,51.52932]},"properties":{"name":"Cumberland Market","type":"park","website":""}},{"type":"Feature","geometry":{"type":"Point","coordinates":[-0.29524,51.50791]},"properties":{"name":"Warwick Dene","type":"park","website":""}},{"type":"Feature","geometry":{"type":"Point","coordinates":[-0.12926,51.53254]},"properties":{"name":"Purchese Street Open Space","type":"park","website":""}},{"type":"Feature","geometry":{"type":"Point","coordinates":[-0.20987,51.41516]},"properties":{"name":"Dundonald Recreation Ground","type":"park","website":"https://www.merton.gov.uk/leisure-recreation-and-culture/parks-and-open-spaces/parks-and-recreation-grounds/wimbledon/dundonald-recreation-ground"}},{"type":"Feature","geometry":{"type":"Point","coordinates":[-0.08458,51.52711]},"properties":{"name":"Charles Square","type":"park","website":"https://hackney.gov.uk/charles-square"}},{"type":"Feature","geometry":{"type":"Point","coordinates":[0.07381,51.49353]},"properties":{"name":"Wellington Park","type":"park","website":""}},{"type":"Feature","geometry":{"type":"Point","coordinates":[-0.16313,51.53209]},"properties":{"name":"Winter Gardens","type":"garden","website":""}},{"type":"Feature","geometry":{"type":"Point","coordinates":[0.05233,51.33128]},"properties":{"name":"Down House Garden","type":"garden","website":""}},{"type":"Feature","geometry":{"type":"Point","coordinates":[-0.36229,51.42682]},"properties":{"name":"Arundel Close Open Space","type":"park","website":""}},{"type":"Feature","geometry":{"type":"Point","coordinates":[-0.36118,51.42506]},"properties":{"name":"Holly Road Recreation Ground","type":"park","website":""}},{"type":"Feature","geometry":{"type":"Point","coordinates":[-0.30467,51.41027]},"properties":{"name":"Kingston War Memorial Garden","type":"garden","website":""}},{"type":"Feature","geometry":{"type":"Point","coordinates":[-0.22235,51.47064]},"properties":{"name":"Leader's Gardens","type":"park","website":""}},{"type":"Feature","geometry":{"type":"Point","coordinates":[-0.16944,51.52223]},"properties":{"name":"Broadley Street Gardens","type":"park","website":""}},{"type":"Feature","geometry":{"type":"Point","coordinates":[0.06924,51.45578]},"properties":{"name":"Eltham Park South","type":"park","website":""}},{"type":"Feature","geometry":{"type":"Point","coordinates":[-0.04534,51.40508]},"properties":{"name":"Churchfields Recreation Ground","type":"park","website":""}},{"type":"Feature","geometry":{"type":"Point","coordinates":[-0.09814,51.53986]},"properties":{"name":"Astey's Row Rock Garden","type":"garden","website":""}},{"type":"Feature","geometry":{"type":"Point","coordinates":[-0.14205,51.47107]},"properties":{"name":"Heathbrook Park","type":"park","website":""}},{"type":"Feature","geometry":{"type":"Point","coordinates":[0.25736,51.51054]},"properties":{"name":"Usk Road Play Area","type":"park","website":""}},{"type":"Feature","geometry":{"type":"Point","coordinates":[0.2579,51.51849]},"properties":{"name":"The Glade","type":"park","website":""}},{"type":"Feature","geometry":{"type":"Point","coordinates":[-0.09203,51.46553]},"properties":{"name":"Labyrinth Garden","type":"garden","website":""}},{"type":"Feature","geometry":{"type":"Point","coordinates":[-0.10251,51.46938]},"properties":{"name":"Elam Street Open Space","type":"park","website":"https://beta.lambeth.gov.uk/parks/elam-street-open-space"}},{"type":"Feature","geometry":{"type":"Point","coordinates":[-0.10082,51.4608]},"properties":{"name":"Milkwood Community Park","type":"park","website":"https://beta.lambeth.gov.uk/parks/milkwood-community-park"}},{"type":"Feature","geometry":{"type":"Point","coordinates":[-0.05652,51.47808]},"properties":{"name":"Brimmington Park","type":"park","website":""}},{"type":"Feature","geometry":{"type":"Point","coordinates":[-0.27338,51.50187]},"properties":{"name":"Bollo Brook Park","type":"park","website":""}},{"type":"Feature","geometry":{"type":"Point","coordinates":[-0.27734,51.50425]},"properties":{"name":"Mill Hill Gardens","type":"park","website":""}},{"type":"Feature","geometry":{"type":"Point","coordinates":[-0.27461,51.50747]},"properties":{"name":"The Woodlands","type":"park","website":""}},{"type":"Feature","geometry":{"type":"Point","coordinates":[-0.27061,51.50443]},"properties":{"name":"Mill Hill Park","type":"park","website":""}},{"type":"Feature","geometry":{"type":"Point","coordinates":[-0.10564,51.53812]},"properties":{"name":"Gibson Square","type":"park","website":""}},{"type":"Feature","geometry":{"type":"Point","coordinates":[-0.1082,51.53961]},"properties":{"name":"Lonsdale Square Garden","type":"park","website":""}},{"type":"Feature","geometry":{"type":"Point","coordinates":[-0.25763,51.54845]},"properties":{"name":"Gibbons Recreation Ground","type":"park","website":""}},{"type":"Feature","geometry":{"type":"Point","coordinates":[-0.38765,51.61775]},"properties":{"name":"Prestwick Road Meadows","type":"nature_reserve","website":"https://www.threerivers.gov.uk/egcl-page/prestwick-road-meadows"}},{"type":"Feature","geometry":{"type":"Point","coordinates":[-0.24495,51.53293]},"properties":{"name":"Tubbs Road Pocket Park","type":"park","website":""}},{"type":"Feature","geometry":{"type":"Point","coordinates":[-0.28968,51.53615]},"properties":{"name":"Abbey Estate Open Space","type":"park","website":""}},{"type":"Feature","geometry":{"type":"Point","coordinates":[-0.2937,51.54079]},"properties":{"name":"WISE Project","type":"nature_reserve","website":""}},{"type":"Feature","geometry":{"type":"Point","coordinates":[-0.14687,51.40843]},"properties":{"name":"Long Bolstead Recreation Ground","type":"park","website":""}},{"type":"Feature","geometry":{"type":"Point","coordinates":[-0.26068,51.56293]},"properties":{"name":"Quainton Street Open Space","type":"park","website":""}},{"type":"Feature","geometry":{"type":"Point","coordinates":[-0.05991,51.47189]},"properties":{"name":"Kirkwood Nature Reserve","type":"nature_reserve","website":""}},{"type":"Feature","geometry":{"type":"Point","coordinates":[-0.11016,51.54491]},"properties":{"name":"Arundel Square","type":"park","website":""}},{"type":"Feature","geometry":{"type":"Point","coordinates":[-0.1056,51.54504]},"properties":{"name":"Laycock Green","type":"park","website":""}},{"type":"Feature","geometry":{"type":"Point","coordinates":[-0.10848,51.54808]},"properties":{"name":"St Mary Magdalene Gardens","type":"park","website":""}},{"type":"Feature","geometry":{"type":"Point","coordinates":[0.04586,51.54117]},"properties":{"name":"Plashet Park","type":"park","website":""}},{"type":"Feature","geometry":{"type":"Point","coordinates":[-0.11648,51.59635]},"properties":{"name":"Wood Green Common","type":"park","website":""}},{"type":"Feature","geometry":{"type":"Point","coordinates":[-0.21484,51.61069]},"properties":{"name":"Bittacy Hill Park","type":"park","website":""}},{"type":"Feature","geometry":{"type":"Point","coordinates":[-0.0831,51.52425]},"properties":{"name":"Mark Street Gardens","type":"park","website":""}},{"type":"Feature","geometry":{"type":"Point","coordinates":[-0.11067,51.54185]},"properties":{"name":"Barnsbury Square","type":"park","website":""}},{"type":"Feature","geometry":{"type":"Point","coordinates":[-0.2513,51.37631]},"properties":{"name":"Shadbolt Park","type":"park","website":""}},{"type":"Feature","geometry":{"type":"Point","coordinates":[-0.13073,51.48868]},"properties":{"name":"Bessborough Gardens","type":"park","website":"https://www.westminster.gov.uk/parks-and-open-spaces/bessborough-gardens"}},{"type":"Feature","geometry":{"type":"Point","coordinates":[-0.00877,51.50948]},"properties":{"name":"Millennium Green","type":"park","website":""}},{"type":"Feature","geometry":{"type":"Point","coordinates":[-0.17075,51.41251]},"properties":{"name":"Lavender Park","type":"park","website":""}},{"type":"Feature","geometry":{"type":"Point","coordinates":[-0.0628,51.43975]},"properties":{"name":"Horniman Triangle","type":"park","website":""}},{"type":"Feature","geometry":{"type":"Point","coordinates":[-0.23639,51.62185]},"properties":{"name":"The Mill Field","type":"park","website":""}},{"type":"Feature","geometry":{"type":"Point","coordinates":[-0.18423,51.39057]},"properties":{"name":"Moreton Green","type":"park","website":""}},{"type":"Feature","geometry":{"type":"Point","coordinates":[-0.13231,51.49585]},"properties":{"name":"Channel 4 Park","type":"park","website":""}},{"type":"Feature","geometry":{"type":"Point","coordinates":[-0.17025,51.40498]},"properties":{"name":"Miles Road Recreation Ground","type":"park","website":""}},{"type":"Feature","geometry":{"type":"Point","coordinates":[0.01822,51.5506]},"properties":{"name":"Wellington Road Open Space","type":"park","website":""}},{"type":"Feature","geometry":{"type":"Point","coordinates":[0.1177,51.3671]},"properties":{"name":"Goddington Park","type":"park","website":""}},{"type":"Feature","geometry":{"type":"Point","coordinates":[0.11594,51.38012]},"properties":{"name":"Grassmeade Recreation Ground","type":"park","website":""}},{"type":"Feature","geometry":{"type":"Point","coordinates":[-0.11126,51.35311]},"properties":{"name":"Purley Way Playing Fields","type":"park","website":""}},{"type":"Feature","geometry":{"type":"Point","coordinates":[0.02638,51.52688]},"properties":{"name":"Plaistow Park","type":"park","website":""}},{"type":"Feature","geometry":{"type":"Point","coordinates":[-0.27747,51.34267]},"properties":{"name":"Long Grove Park","type":"park","website":""}},{"type":"Feature","geometry":{"type":"Point","coordinates":[-0.27712,51.33464]},"properties":{"name":"West Hill Park","type":"park","website":""}},{"type":"Feature","geometry":{"type":"Point","coordinates":[-0.27321,51.32868]},"properties":{"name":"Abela Green","type":"park","website":""}},{"type":"Feature","geometry":{"type":"Point","coordinates":[0.19636,51.35884]},"properties":{"name":"World Garden","type":"garden","website":""}},{"type":"Feature","geometry":{"type":"Point","coordinates":[-0.01182,51.56978]},"properties":{"name":"Jack Cornwell Park","type":"park","website":""}},{"type":"Feature","geometry":{"type":"Point","coordinates":[0.01701,51.57036]},"properties":{"name":"Henry Reynolds Gardens","type":"park","website":""}},{"type":"Feature","geometry":{"type":"Point","coordinates":[-0.25164,51.35086]},"properties":{"name":"Bourne Hall Park","type":"park","website":""}},{"type":"Feature","geometry":{"type":"Point","coordinates":[0.01969,51.57094]},"properties":{"name":"Wanstead Flats","type":"park","website":""}},{"type":"Feature","geometry":{"type":"Point","coordinates":[-0.27186,51.33067]},"properties":{"name":"Mounthill Gardens","type":"park","website":""}},{"type":"Feature","geometry":{"type":"Point","coordinates":[-0.10526,51.50615]},"properties":{"name":"Christ Church Garden","type":"park","website":""}},{"type":"Feature","geometry":{"type":"Point","coordinates":[-0.4833,51.58938]},"properties":{"name":"Moorhall Recreation Ground","type":"park","website":""}},{"type":"Feature","geometry":{"type":"Point","coordinates":[-0.48804,51.49132]},"properties":{"name":"Harmondsworth Moor","type":"park","website":""}},{"type":"Feature","geometry":{"type":"Point","coordinates":[-0.07876,51.54125]},"properties":{"name":"De Beauvoir Square","type":"park","website":"https://hackney.gov.uk/de-beauvoir-square"}},{"type":"Feature","geometry":{"type":"Point","coordinates":[-0.09536,51.5118]},"properties":{"name":"Cleary Garden","type":"garden","website":""}},{"type":"Feature","geometry":{"type":"Point","coordinates":[-0.09601,51.51311]},"properties":{"name":"Reflection Garden","type":"garden","website":""}},{"type":"Feature","geometry":{"type":"Point","coordinates":[-0.0142,51.57215]},"properties":{"name":"Leyton Manor Park","type":"park","website":""}},{"type":"Feature","geometry":{"type":"Point","coordinates":[-0.25852,51.486]},"properties":{"name":"Southern Walled Garden (Kitchen Garden)","type":"garden","website":""}},{"type":"Feature","geometry":{"type":"Point","coordinates":[-0.10984,51.51619]},"properties":{"name":"St Dunstan-in-the-West Burial Ground","type":"garden","website":""}},{"type":"Feature","geometry":{"type":"Point","coordinates":[0.06588,51.55076]},"properties":{"name":"Little Ilford Park","type":"park","website":""}},{"type":"Feature","geometry":{"type":"Point","coordinates":[0.04118,51.53434]},"properties":{"name":"Priory Park","type":"park","website":""}},{"type":"Feature","geometry":{"type":"Point","coordinates":[-0.24624,51.40402]},"properties":{"name":"Beverley Park","type":"park","website":""}},{"type":"Feature","geometry":{"type":"Point","coordinates":[-0.10095,51.48625]},"properties":{"name":"Pasley Park","type":"park","website":"https://www.greenflagaward.org/park-summary/?park=1694"}},{"type":"Feature","geometry":{"type":"Point","coordinates":[-0.11763,51.52689]},"properties":{"name":"Calthorpe Community Garden","type":"garden","website":"https://www.calthorpecommunitygarden.org.uk/"}},{"type":"Feature","geometry":{"type":"Point","coordinates":[-0.35982,51.4424]},"properties":{"name":"Crane Park","type":"park","website":""}},{"type":"Feature","geometry":{"type":"Point","coordinates":[0.01762,51.52868]},"properties":{"name":"Lister Gardens","type":"park","website":""}},{"type":"Feature","geometry":{"type":"Point","coordinates":[0.11312,51.56765]},"properties":{"name":"Barley Lane Recreation Ground","type":"park","website":"https://visionrcl.org.uk/centre/barley-lane-recreation-ground/"}},{"type":"Feature","geometry":{"type":"Point","coordinates":[-0.15977,51.57066]},"properties":{"name":"Athlone House Garden","type":"garden","website":""}},{"type":"Feature","geometry":{"type":"Point","coordinates":[-0.12134,51.56108]},"properties":{"name":"Royal Northern Gardens","type":"park","website":""}},{"type":"Feature","geometry":{"type":"Point","coordinates":[-0.16135,51.57237]},"properties":{"name":"Staff Yard","type":"nature_reserve","website":""}},{"type":"Feature","geometry":{"type":"Point","coordinates":[-0.11044,51.53896]},"properties":{"name":"Thornhill Road Gardens","type":"park","website":""}},{"type":"Feature","geometry":{"type":"Point","coordinates":[0.06127,51.54467]},"properties":{"name":"Hathaway Crescent Park","type":"park","website":""}},{"type":"Feature","geometry":{"type":"Point","coordinates":[-0.13515,51.5209]},"properties":{"name":"Whitfield Gardens","type":"park","website":""}},{"type":"Feature","geometry":{"type":"Point","coordinates":[-0.06987,51.42148]},"properties":{"name":"Crystal Palace Park","type":"park","website":"https://www.crystalpalaceparktrust.org/"}},{"type":"Feature","geometry":{"type":"Point","coordinates":[-0.33964,51.40481]},"properties":{"name":"The Rose Garden","type":"garden","website":""}},{"type":"Feature","geometry":{"type":"Point","coordinates":[-0.12102,51.53964]},"properties":{"name":"Bingfield Park","type":"park","website":""}},{"type":"Feature","geometry":{"type":"Point","coordinates":[-0.11435,51.54169]},"properties":{"name":"Barnsbury Wood","type":"nature_reserve","website":""}},{"type":"Feature","geometry":{"type":"Point","coordinates":[-0.15131,51.58159]},"properties":{"name":"Highgate Woods Fields","type":"park","website":""}},{"type":"Feature","geometry":{"type":"Point","coordinates":[-0.11847,51.55377]},"properties":{"name":"Penn Road Gardens","type":"park","website":""}},{"type":"Feature","geometry":{"type":"Point","coordinates":[-0.11483,51.55397]},"properties":{"name":"Biddestone Park","type":"park","website":""}},{"type":"Feature","geometry":{"type":"Point","coordinates":[0.16342,51.37771]},"properties":{"name":"Harvest Field Park","type":"park","website":""}},{"type":"Feature","geometry":{"type":"Point","coordinates":[-0.27013,51.58653]},"properties":{"name":"Roe Green Park","type":"park","website":""}},{"type":"Feature","geometry":{"type":"Point","coordinates":[-0.13253,51.52173]},"properties":{"name":"Ridgmount Gardens","type":"garden","website":""}},{"type":"Feature","geometry":{"type":"Point","coordinates":[-0.10706,51.51742]},"properties":{"name":"Gray's Inn Gardens","type":"park","website":"https://www.graysinn.org.uk/the-inn/history/the-historic-estate/the-walks/"}},{"type":"Feature","geometry":{"type":"Point","coordinates":[-0.39318,51.68613]},"properties":{"name":"Stanborough Park","type":"park","website":""}},{"type":"Feature","geometry":{"type":"Point","coordinates":[-0.38032,51.69125]},"properties":{"name":"Garston Park","type":"park","website":""}},{"type":"Feature","geometry":{"type":"Point","coordinates":[0.08138,51.54837]},"properties":{"name":"Loxford Park","type":"park","website":"https://visionrcl.org.uk/centre/loxford-park/"}},{"type":"Feature","geometry":{"type":"Point","coordinates":[-0.07793,51.47933]},"properties":{"name":"Calypso Gardens","type":"park","website":""}},{"type":"Feature","geometry":{"type":"Point","coordinates":[-0.16408,51.5723]},"properties":{"name":"Kitchen Garden","type":"garden","website":""}},{"type":"Feature","geometry":{"type":"Point","coordinates":[-0.10217,51.53713]},"properties":{"name":"Andersons Square","type":"park","website":""}},{"type":"Feature","geometry":{"type":"Point","coordinates":[-0.11037,51.53123]},"properties":{"name":"Claremont Square","type":"garden","website":""}},{"type":"Feature","geometry":{"type":"Point","coordinates":[-0.11491,51.53193]},"properties":{"name":"Joseph Grimaldi Park","type":"park","website":""}},{"type":"Feature","geometry":{"type":"Point","coordinates":[-0.11657,51.51627]},"properties":{"name":"Lincoln's Inn Fields","type":"park","website":"https://cindex.camden.gov.uk/kb5/camden/cd/service.page?id=t8cFNT7Mne8"}},{"type":"Feature","geometry":{"type":"Point","coordinates":[0.06534,51.53532]},"properties":{"name":"Barking Road Recreation Ground","type":"park","website":""}},{"type":"Feature","geometry":{"type":"Point","coordinates":[-0.10399,51.54007]},"properties":{"name":"Battishill Street Gardens","type":"garden","website":""}},{"type":"Feature","geometry":{"type":"Point","coordinates":[-0.11071,51.54797]},"properties":{"name":"Martin Luther King Adventure Playground","type":"park","website":""}},{"type":"Feature","geometry":{"type":"Point","coordinates":[0.01579,51.49501]},"properties":{"name":"Greenwich Peninsula Ecology Park","type":"nature_reserve","website":"https://www.tcv.org.uk/greenwichpeninsula/"}},{"type":"Feature","geometry":{"type":"Point","coordinates":[-0.09768,51.58542]},"properties":{"name":"Stanley Road Open Space","type":"park","website":""}},{"type":"Feature","geometry":{"type":"Point","coordinates":[-0.09586,51.58629]},"properties":{"name":"Stanley Culross Open Space","type":"park","website":""}},{"type":"Feature","geometry":{"type":"Point","coordinates":[-0.11804,51.56637]},"properties":{"name":"Wray Crescent","type":"park","website":"https://www.islington.gov.uk/physical-activity-parks-and-trees/parks-and-green-space/your-local-parks/wray-crescent"}},{"type":"Feature","geometry":{"type":"Point","coordinates":[-0.08648,51.50169]},"properties":{"name":"Guy Street Park","type":"park","website":""}},{"type":"Feature","geometry":{"type":"Point","coordinates":[-0.05996,51.49012]},"properties":{"name":"Galleywall Nature Reserve","type":"nature_reserve","website":""}},{"type":"Feature","geometry":{"type":"Point","coordinates":[-0.05774,51.49236]},"properties":{"name":"Aspinden Road Nature Garden","type":"garden","website":""}},{"type":"Feature","geometry":{"type":"Point","coordinates":[-0.06286,51.4798]},"properties":{"name":"Bird-in-Bush Park","type":"park","website":""}},{"type":"Feature","geometry":{"type":"Point","coordinates":[-0.03978,51.50197]},"properties":{"name":"Stave Hill Ecology Park","type":"park","website":""}},{"type":"Feature","geometry":{"type":"Point","coordinates":[-0.04,51.41427]},"properties":{"name":"Cator Park","type":"park","website":""}},{"type":"Feature","geometry":{"type":"Point","coordinates":[-0.03737,51.50601]},"properties":{"name":"Lavender Pond Nature Park","type":"nature_reserve","website":""}},{"type":"Feature","geometry":{"type":"Point","coordinates":[0.06934,51.55319]},"properties":{"name":"Uphall Recreation Ground","type":"park","website":"https://my.redbridge.gov.uk/map/parks-and-open-spaces/uphall-recreation-ground"}},{"type":"Feature","geometry":{"type":"Point","coordinates":[-0.48048,51.60468]},"properties":{"name":"Harefield Village Green","type":"park","website":""}},{"type":"Feature","geometry":{"type":"Point","coordinates":[-0.15478,51.52093]},"properties":{"name":"Paddington Street Gardens North","type":"park","website":"https://www.westminster.gov.uk/leisure-libraries-and-community/parks-and-open-spaces/pocket-parks#paddington-street-gardens-north"}},{"type":"Feature","geometry":{"type":"Point","coordinates":[-0.10705,51.50567]},"properties":{"name":"Hatfields Green","type":"park","website":"https://beta.lambeth.gov.uk/parks/hatfields-green"}},{"type":"Feature","geometry":{"type":"Point","coordinates":[0.00421,51.53567]},"properties":{"name":"Sandal Street Play Area","type":"park","website":""}},{"type":"Feature","geometry":{"type":"Point","coordinates":[0.22113,51.44068]},"properties":{"name":"Central Park","type":"park","website":""}},{"type":"Feature","geometry":{"type":"Point","coordinates":[-0.10967,51.53486]},"properties":{"name":"Culpeper Community Garden","type":"garden","website":"https://www.culpeper.org.uk/"}},{"type":"Feature","geometry":{"type":"Point","coordinates":[-0.10955,51.53456]},"properties":{"name":"Culpeper Park","type":"park","website":""}},{"type":"Feature","geometry":{"type":"Point","coordinates":[0.02849,51.42822]},"properties":{"name":"Chinbrook Meadows","type":"park","website":""}},{"type":"Feature","geometry":{"type":"Point","coordinates":[-0.02038,51.59401]},"properties":{"name":"Lloyd Park","type":"park","website":"https://www.walthamforest.gov.uk/libraries-arts-parks-and-leisure/parks-and-open-spaces/lloyd-park"}},{"type":"Feature","geometry":{"type":"Point","coordinates":[0.00546,51.45612]},"properties":{"name":"Manor House Gardens","type":"park","website":""}},{"type":"Feature","geometry":{"type":"Point","coordinates":[-0.29035,51.46849]},"properties":{"name":"Raleigh Road Recreation Ground","type":"park","website":""}},{"type":"Feature","geometry":{"type":"Point","coordinates":[0.09743,51.38492]},"properties":{"name":"Poverest Park","type":"park","website":""}},{"type":"Feature","geometry":{"type":"Point","coordinates":[-0.11534,51.58712]},"properties":{"name":"St Mary's Churchyard Hornsey","type":"park","website":""}},{"type":"Feature","geometry":{"type":"Point","coordinates":[-0.12787,51.58692]},"properties":{"name":"Priory Common","type":"park","website":""}},{"type":"Feature","geometry":{"type":"Point","coordinates":[-0.18835,51.48818]},"properties":{"name":"Redcliffe Square Gardens","type":"park","website":"https://www.rbkc.gov.uk/leisure-and-culture/parks/redcliffe-square-gardens"}},{"type":"Feature","geometry":{"type":"Point","coordinates":[-0.32353,51.44747]},"properties":{"name":"York House Gardens","type":"park","website":""}},{"type":"Feature","geometry":{"type":"Point","coordinates":[-0.11195,51.48139]},"properties":{"name":"St Mark's Churchyard","type":"park","website":"https://beta.lambeth.gov.uk/parks/st-marks-churchyard"}},{"type":"Feature","geometry":{"type":"Point","coordinates":[-0.09372,51.52213]},"properties":{"name":"Fortune Street Park","type":"park","website":""}},{"type":"Feature","geometry":{"type":"Point","coordinates":[-0.35147,51.63507]},"properties":{"name":"Hill Mead Nature Park","type":"nature_reserve","website":""}},{"type":"Feature","geometry":{"type":"Point","coordinates":[-0.37809,51.61067]},"properties":{"name":"Shaftesbury Playing Fields","type":"park","website":""}},{"type":"Feature","geometry":{"type":"Point","coordinates":[-0.20241,51.40323]},"properties":{"name":"Mostyn Gardens","type":"park","website":""}},{"type":"Feature","geometry":{"type":"Point","coordinates":[-0.30446,51.39552]},"properties":{"name":"Claremont Gardens","type":"park","website":""}},{"type":"Feature","geometry":{"type":"Point","coordinates":[-0.34607,51.63611]},"properties":{"name":"Mary Forsdyke Gardens","type":"garden","website":""}},{"type":"Feature","geometry":{"type":"Point","coordinates":[-0.26151,51.6002]},"properties":{"name":"Silk Stream Park","type":"park","website":""}},{"type":"Feature","geometry":{"type":"Point","coordinates":[-0.24776,51.60204]},"properties":{"name":"Grahame Park Open Space","type":"park","website":""}},{"type":"Feature","geometry":{"type":"Point","coordinates":[-0.13161,51.55963]},"properties":{"name":"Foxham Gardens","type":"park","website":"https://www.fieldsintrust.org/FieldSite/Foxham-Gardens"}},{"type":"Feature","geometry":{"type":"Point","coordinates":[-0.09637,51.52065]},"properties":{"name":"Beech Gardens","type":"garden","website":""}},{"type":"Feature","geometry":{"type":"Point","coordinates":[0.00734,51.51946]},"properties":{"name":"Star Park","type":"park","website":""}},{"type":"Feature","geometry":{"type":"Point","coordinates":[0.00776,51.51686]},"properties":{"name":"Malmesbury Road Park","type":"park","website":""}},{"type":"Feature","geometry":{"type":"Point","coordinates":[-0.09237,51.53583]},"properties":{"name":"Arlington Square","type":"park","website":""}},{"type":"Feature","geometry":{"type":"Point","coordinates":[-0.09894,51.52732]},"properties":{"name":"King Square Gardens","type":"park","website":"https://www.islington.gov.uk/physical-activity-parks-and-trees/parks-and-green-space/your-local-parks/kings-square-gardens"}},{"type":"Feature","geometry":{"type":"Point","coordinates":[-0.12407,51.5645]},"properties":{"name":"Cornwallis Square","type":"park","website":""}},{"type":"Feature","geometry":{"type":"Point","coordinates":[-0.21506,51.51667]},"properties":{"name":"Maxilla Walk","type":"park","website":""}},{"type":"Feature","geometry":{"type":"Point","coordinates":[-0.09438,51.52593]},"properties":{"name":"St Luke's Garden","type":"park","website":""}},{"type":"Feature","geometry":{"type":"Point","coordinates":[-0.09313,51.52618]},"properties":{"name":"Radnor Street Open Space","type":"park","website":""}},{"type":"Feature","geometry":{"type":"Point","coordinates":[-0.10225,51.48713]},"properties":{"name":"Walworth Garden","type":"garden","website":"https://walworthgarden.org.uk/"}},{"type":"Feature","geometry":{"type":"Point","coordinates":[-0.09983,51.48914]},"properties":{"name":"Pullens Open Space","type":"park","website":""}},{"type":"Feature","geometry":{"type":"Point","coordinates":[-0.21741,51.5087]},"properties":{"name":"Norland North Open Space","type":"park","website":""}},{"type":"Feature","geometry":{"type":"Point","coordinates":[-0.19884,51.42232]},"properties":{"name":"South Park Gardens","type":"park","website":"https://www.merton.gov.uk/environment/openspaces/parks/parks_in_the_wimbledon_area/southparkgardens.htm"}},{"type":"Feature","geometry":{"type":"Point","coordinates":[-0.10698,51.41555]},"properties":{"name":"Biggin Woods","type":"park","website":""}},{"type":"Feature","geometry":{"type":"Point","coordinates":[0.01254,51.4033]},"properties":{"name":"Church House Gardens","type":"park","website":""}},{"type":"Feature","geometry":{"type":"Point","coordinates":[-0.19356,51.53412]},"properties":{"name":"Cambridge Gardens","type":"park","website":""}},{"type":"Feature","geometry":{"type":"Point","coordinates":[-0.2351,51.47415]},"properties":{"name":"Barn Elms Playing Fields","type":"park","website":"https://www.bestfields.co.uk/"}},{"type":"Feature","geometry":{"type":"Point","coordinates":[-0.22831,51.47367]},"properties":{"name":"Barn Elms Sports Centre","type":"park","website":"https://www.wandsworth.gov.uk/leisure-and-culture/sports-and-leisure-venues/leisure-centres/barn-elms-sports-centre/"}},{"type":"Feature","geometry":{"type":"Point","coordinates":[-0.20595,51.58183]},"properties":{"name":"Princes Park","type":"park","website":"https://www.barnet.gov.uk/directories/parks/princes-park"}},{"type":"Feature","geometry":{"type":"Point","coordinates":[-0.1249,51.49394]},"properties":{"name":"Victoria Tower Gardens South","type":"park","website":""}},{"type":"Feature","geometry":{"type":"Point","coordinates":[-0.35911,51.64856]},"properties":{"name":"Moatfield Recreation Ground","type":"park","website":""}},{"type":"Feature","geometry":{"type":"Point","coordinates":[-0.16749,51.56735]},"properties":{"name":"Hampstead Heath Woods","type":"nature_reserve","website":""}},{"type":"Feature","geometry":{"type":"Point","coordinates":[-0.28249,51.62611]},"properties":{"name":"Edgwarebury Park","type":"park","website":""}},{"type":"Feature","geometry":{"type":"Point","coordinates":[0.04433,51.45038]},"properties":{"name":"Queenscroft Recreation Ground","type":"park","website":""}},{"type":"Feature","geometry":{"type":"Point","coordinates":[-0.07605,51.47621]},"properties":{"name":"Central Venture Park","type":"park","website":""}},{"type":"Feature","geometry":{"type":"Point","coordinates":[-0.07205,51.47782]},"properties":{"name":"Jowett Street Park","type":"park","website":""}},{"type":"Feature","geometry":{"type":"Point","coordinates":[0.09454,51.40975]},"properties":{"name":"Scadbury Park","type":"park","website":""}},{"type":"Feature","geometry":{"type":"Point","coordinates":[0.11036,51.43155]},"properties":{"name":"Waring Park","type":"park","website":""}},{"type":"Feature","geometry":{"type":"Point","coordinates":[0.02081,51.41855]},"properties":{"name":"Kings Meadow","type":"park","website":""}},{"type":"Feature","geometry":{"type":"Point","coordinates":[-0.2067,51.40936]},"properties":{"name":"John Innes Park","type":"park","website":""}},{"type":"Feature","geometry":{"type":"Point","coordinates":[-0.27217,51.32366]},"properties":{"name":"Woodcote Millennium Green","type":"park","website":"http://www.woodcotemillenniumgreen.org.uk/"}},{"type":"Feature","geometry":{"type":"Point","coordinates":[-0.37041,51.64984]},"properties":{"name":"Bushey Manor Field","type":"park","website":""}},{"type":"Feature","geometry":{"type":"Point","coordinates":[-0.16041,51.58563]},"properties":{"name":"Cherry Tree Wood","type":"park","website":""}},{"type":"Feature","geometry":{"type":"Point","coordinates":[0.01408,51.5238]},"properties":{"name":"Hermit Road Recreational Ground","type":"park","website":""}},{"type":"Feature","geometry":{"type":"Point","coordinates":[-0.37606,51.40169]},"properties":{"name":"Grovelands Recreation Ground","type":"park","website":""}},{"type":"Feature","geometry":{"type":"Point","coordinates":[-0.02565,51.53462]},"properties":{"name":"Lefevre Park","type":"park","website":""}},{"type":"Feature","geometry":{"type":"Point","coordinates":[-0.01803,51.52984]},"properties":{"name":"Grove Hall Park","type":"park","website":""}},{"type":"Feature","geometry":{"type":"Point","coordinates":[0.04867,51.44684]},"properties":{"name":"Eltham Palace","type":"garden","website":""}},{"type":"Feature","geometry":{"type":"Point","coordinates":[-0.22371,51.48813]},"properties":{"name":"Frank Banfield Park","type":"park","website":""}},{"type":"Feature","geometry":{"type":"Point","coordinates":[-0.10405,51.52098]},"properties":{"name":"St Johns Garden","type":"park","website":""}},{"type":"Feature","geometry":{"type":"Point","coordinates":[-0.05298,51.54862]},"properties":{"name":"The Walled Garden","type":"park","website":""}},{"type":"Feature","geometry":{"type":"Point","coordinates":[-0.09326,51.54178]},"properties":{"name":"Annette Gardens","type":"park","website":""}},{"type":"Feature","geometry":{"type":"Point","coordinates":[-0.17835,51.47966]},"properties":{"name":"Cremorne Gardens","type":"park","website":""}},{"type":"Feature","geometry":{"type":"Point","coordinates":[-0.0208,51.47958]},"properties":{"name":"Ferrant Park","type":"park","website":""}},{"type":"Feature","geometry":{"type":"Point","coordinates":[-0.42373,51.5178]},"properties":{"name":"Barra Hall Park","type":"park","website":""}},{"type":"Feature","geometry":{"type":"Point","coordinates":[-0.43022,51.51091]},"properties":{"name":"Lake Farm Country Park","type":"park","website":""}},{"type":"Feature","geometry":{"type":"Point","coordinates":[-0.3907,51.44682]},"properties":{"name":"Leitrim Park","type":"park","website":""}},{"type":"Feature","geometry":{"type":"Point","coordinates":[-0.23223,51.50373]},"properties":{"name":"Godolphin Garden","type":"park","website":"https://hcga.org.uk/gardens/godolphin-garden/"}},{"type":"Feature","geometry":{"type":"Point","coordinates":[-0.43893,51.52462]},"properties":{"name":"Hayes End Community Park","type":"park","website":""}},{"type":"Feature","geometry":{"type":"Point","coordinates":[-0.0193,51.51596]},"properties":{"name":"Brabazon Green","type":"park","website":""}},{"type":"Feature","geometry":{"type":"Point","coordinates":[-0.39975,51.5092]},"properties":{"name":"Minet Country Park","type":"park","website":""}},{"type":"Feature","geometry":{"type":"Point","coordinates":[-0.02443,51.48445]},"properties":{"name":"Twinkle Park","type":"park","website":""}},{"type":"Feature","geometry":{"type":"Point","coordinates":[-0.20845,51.5185]},"properties":{"name":"Portobello Green","type":"park","website":""}},{"type":"Feature","geometry":{"type":"Point","coordinates":[-0.05316,51.54898]},"properties":{"name":"Hackney Church Gardens","type":"garden","website":"https://hackney.gov.uk/st-johns-churchyard"}},{"type":"Feature","geometry":{"type":"Point","coordinates":[0.26851,51.44917]},"properties":{"name":"Worcester Park","type":"park","website":""}},{"type":"Feature","geometry":{"type":"Point","coordinates":[-0.16936,51.48963]},"properties":{"name":"St Luke's Gardens","type":"park","website":""}},{"type":"Feature","geometry":{"type":"Point","coordinates":[0.29192,51.45131]},"properties":{"name":"Ingress Abbey Heritage Park","type":"park","website":""}},{"type":"Feature","geometry":{"type":"Point","coordinates":[-0.14378,51.51393]},"properties":{"name":"Hanover Square","type":"park","website":""}},{"type":"Feature","geometry":{"type":"Point","coordinates":[-0.15006,51.50931]},"properties":{"name":"Mount Street Gardens","type":"park","website":""}},{"type":"Feature","geometry":{"type":"Point","coordinates":[0.22403,51.44371]},"properties":{"name":"St Edmund's Pleasance","type":"park","website":""}},{"type":"Feature","geometry":{"type":"Point","coordinates":[-0.22596,51.49165]},"properties":{"name":"Saint Paul's Green","type":"garden","website":""}},{"type":"Feature","geometry":{"type":"Point","coordinates":[0.05782,51.33754]},"properties":{"name":"Downe Recreation Ground","type":"park","website":""}},{"type":"Feature","geometry":{"type":"Point","coordinates":[0.00438,51.62579]},"properties":{"name":"Pimp Hall Nature Reserve","type":"nature_reserve","website":""}},{"type":"Feature","geometry":{"type":"Point","coordinates":[0.00566,51.62499]},"properties":{"name":"Pimp Hall Park","type":"park","website":""}},{"type":"Feature","geometry":{"type":"Point","coordinates":[-0.11074,51.59929]},"properties":{"name":"King George VI Memorial Garden","type":"park","website":""}},{"type":"Feature","geometry":{"type":"Point","coordinates":[-0.10752,51.59896]},"properties":{"name":"Cranbrook Park","type":"park","website":""}},{"type":"Feature","geometry":{"type":"Point","coordinates":[-0.10891,51.60185]},"properties":{"name":"Riversdale Gardens","type":"park","website":""}},{"type":"Feature","geometry":{"type":"Point","coordinates":[-0.06962,51.58319]},"properties":{"name":"Rangemoor Road Open Space","type":"park","website":""}},{"type":"Feature","geometry":{"type":"Point","coordinates":[0.11716,51.45511]},"properties":{"name":"Danson Park","type":"park","website":""}},{"type":"Feature","geometry":{"type":"Point","coordinates":[-0.08447,51.4267]},"properties":{"name":"Long Meadow","type":"park","website":""}},{"type":"Feature","geometry":{"type":"Point","coordinates":[-0.07865,51.57713]},"properties":{"name":"Paignton Park","type":"park","website":"https://www.haringey.gov.uk/libraries-sport-and-leisure/parks-and-open-spaces/z-parks-and-open-spaces/paignton-park"}},{"type":"Feature","geometry":{"type":"Point","coordinates":[-0.00861,51.33728]},"properties":{"name":"Milne Park","type":"park","website":""}},{"type":"Feature","geometry":{"type":"Point","coordinates":[-0.14828,51.6136]},"properties":{"name":"Friern Park","type":"park","website":"https://www.barnet.gov.uk/directories/parks/friern-park"}},{"type":"Feature","geometry":{"type":"Point","coordinates":[-0.07651,51.5205]},"properties":{"name":"Elder Gardens","type":"park","website":""}},{"type":"Feature","geometry":{"type":"Point","coordinates":[0.09294,51.46661]},"properties":{"name":"Shoulder of Mutton Green","type":"park","website":""}},{"type":"Feature","geometry":{"type":"Point","coordinates":[-0.14125,51.58951]},"properties":{"name":"Parkland Walk Local Nature Reserve","type":"nature_reserve","website":""}},{"type":"Feature","geometry":{"type":"Point","coordinates":[0.15959,51.48738]},"properties":{"name":"Franks Park","type":"park","website":""}},{"type":"Feature","geometry":{"type":"Point","coordinates":[-0.45485,51.56112]},"properties":{"name":"Swakeleys Park","type":"park","website":""}},{"type":"Feature","geometry":{"type":"Point","coordinates":[-0.09387,51.53215]},"properties":{"name":"Shepherdess Walk Park","type":"park","website":"https://hackney.gov.uk/shepherdess-walk"}},{"type":"Feature","geometry":{"type":"Point","coordinates":[-0.30312,51.50092]},"properties":{"name":"Village Park Rec.","type":"park","website":""}},{"type":"Feature","geometry":{"type":"Point","coordinates":[-0.25993,51.45783]},"properties":{"name":"Palewell Fields and Common","type":"park","website":""}},{"type":"Feature","geometry":{"type":"Point","coordinates":[-0.03958,51.4267]},"properties":{"name":"Home Park","type":"park","website":""}},{"type":"Feature","geometry":{"type":"Point","coordinates":[-0.12718,51.56365]},"properties":{"name":"Davenant Road Park","type":"park","website":""}},{"type":"Feature","geometry":{"type":"Point","coordinates":[-0.09711,51.53854]},"properties":{"name":"Dibden Street Triangle","type":"park","website":""}},{"type":"Feature","geometry":{"type":"Point","coordinates":[-0.09314,51.54004]},"properties":{"name":"Morton Road Park","type":"park","website":""}},{"type":"Feature","geometry":{"type":"Point","coordinates":[0.10077,51.44278]},"properties":{"name":"Willersley Park","type":"park","website":""}},{"type":"Feature","geometry":{"type":"Point","coordinates":[0.12197,51.44276]},"properties":{"name":"Riverside West","type":"park","website":""}},{"type":"Feature","geometry":{"type":"Point","coordinates":[-0.05379,51.53591]},"properties":{"name":"Christchurch Square","type":"garden","website":""}},{"type":"Feature","geometry":{"type":"Point","coordinates":[-0.10239,51.51317]},"properties":{"name":"Churchyard of St. Ann Blackfriars","type":"park","website":""}},{"type":"Feature","geometry":{"type":"Point","coordinates":[0.17897,51.45214]},"properties":{"name":"Waterside Gardens","type":"park","website":""}},{"type":"Feature","geometry":{"type":"Point","coordinates":[0.16046,51.44682]},"properties":{"name":"Hall Place Gardens","type":"garden","website":""}},{"type":"Feature","geometry":{"type":"Point","coordinates":[0.12662,51.42649]},"properties":{"name":"Footscray Meadows","type":"park","website":""}},{"type":"Feature","geometry":{"type":"Point","coordinates":[-0.18136,51.52137]},"properties":{"name":"Rembrandt Gardens","type":"park","website":""}},{"type":"Feature","geometry":{"type":"Point","coordinates":[-0.13249,51.51228]},"properties":{"name":"St Anne's Churchyard","type":"park","website":"https://www.westminster.gov.uk/westminster-parks-and-open-spaces/st-annes-churchyard"}},{"type":"Feature","geometry":{"type":"Point","coordinates":[-0.11205,51.52059]},"properties":{"name":"Verulam Gardens","type":"garden","website":""}},{"type":"Feature","geometry":{"type":"Point","coordinates":[-0.18247,51.64445]},"properties":{"name":"Greenhill Gardens","type":"park","website":""}},{"type":"Feature","geometry":{"type":"Point","coordinates":[-0.05158,51.6137]},"properties":{"name":"Kenninghall Open Space","type":"park","website":""}},{"type":"Feature","geometry":{"type":"Point","coordinates":[-0.01388,51.41872]},"properties":{"name":"Beckenham Place Park","type":"park","website":""}},{"type":"Feature","geometry":{"type":"Point","coordinates":[-0.03915,51.41828]},"properties":{"name":"River Pool Walkway Open Space","type":"park","website":""}},{"type":"Feature","geometry":{"type":"Point","coordinates":[-0.18449,51.59444]},"properties":{"name":"Marie Curie Cancer Care Garden of Hope","type":"park","website":""}},{"type":"Feature","geometry":{"type":"Point","coordinates":[-0.30606,51.41078]},"properties":{"name":"Kingston Churchyard","type":"garden","website":""}},{"type":"Feature","geometry":{"type":"Point","coordinates":[-0.12716,51.58506]},"properties":{"name":"Philosopher's Garden Picnic Area","type":"garden","website":""}},{"type":"Feature","geometry":{"type":"Point","coordinates":[-0.27661,51.55362]},"properties":{"name":"Sherrins Farm Open Space","type":"park","website":""}},{"type":"Feature","geometry":{"type":"Point","coordinates":[-0.26892,51.54986]},"properties":{"name":"Brent River Park","type":"park","website":"https://www.ealing.gov.uk/info/201134/nature_conservation/634/conservation_sites/2"}},{"type":"Feature","geometry":{"type":"Point","coordinates":[-0.15807,51.60133]},"properties":{"name":"Muswell Hill Playing Fields","type":"park","website":""}},{"type":"Feature","geometry":{"type":"Point","coordinates":[-0.12861,51.51466]},"properties":{"name":"Phoenix Garden","type":"garden","website":""}},{"type":"Feature","geometry":{"type":"Point","coordinates":[-0.11219,51.34227]},"properties":{"name":"Rotary Field","type":"park","website":""}},{"type":"Feature","geometry":{"type":"Point","coordinates":[0.33707,51.43067]},"properties":{"name":"Wombwell Park","type":"park","website":""}},{"type":"Feature","geometry":{"type":"Point","coordinates":[-0.07473,51.59878]},"properties":{"name":"Garden of Remembrance","type":"garden","website":""}},{"type":"Feature","geometry":{"type":"Point","coordinates":[-0.06447,51.59754]},"properties":{"name":"Hartington Park","type":"park","website":""}},{"type":"Feature","geometry":{"type":"Point","coordinates":[-0.09456,51.50314]},"properties":{"name":"Red Cross Garden","type":"park","website":""}},{"type":"Feature","geometry":{"type":"Point","coordinates":[-0.09316,51.50395]},"properties":{"name":"Crossbones Graveyard","type":"garden","website":""}},{"type":"Feature","geometry":{"type":"Point","coordinates":[-0.19757,51.51744]},"properties":{"name":"Shrewsbury Gardens","type":"garden","website":""}},{"type":"Feature","geometry":{"type":"Point","coordinates":[-0.01415,51.46331]},"properties":{"name":"Cornmill Gardens","type":"park","website":""}},{"type":"Feature","geometry":{"type":"Point","coordinates":[-0.09885,51.5394]},"properties":{"name":"Pleasant Place Garden","type":"park","website":""}},{"type":"Feature","geometry":{"type":"Point","coordinates":[-0.13085,51.56957]},"properties":{"name":"Hillside Park","type":"park","website":""}},{"type":"Feature","geometry":{"type":"Point","coordinates":[-0.12739,51.57101]},"properties":{"name":"Sunnyside Community Gardens","type":"garden","website":""}},{"type":"Feature","geometry":{"type":"Point","coordinates":[-0.12216,51.5367]},"properties":{"name":"York Way Gardens","type":"garden","website":""}},{"type":"Feature","geometry":{"type":"Point","coordinates":[-0.1178,51.53624]},"properties":{"name":"Edward Square","type":"park","website":""}},{"type":"Feature","geometry":{"type":"Point","coordinates":[-0.05185,51.41149]},"properties":{"name":"Royston Playing Field","type":"park","website":""}},{"type":"Feature","geometry":{"type":"Point","coordinates":[-0.31344,51.49903]},"properties":{"name":"Bramley Road Open Space","type":"park","website":""}},{"type":"Feature","geometry":{"type":"Point","coordinates":[-0.30598,51.50176]},"properties":{"name":"Maytrees Rest Gardens","type":"park","website":""}},{"type":"Feature","geometry":{"type":"Point","coordinates":[-0.30916,51.50596]},"properties":{"name":"Lammas Enclosure","type":"park","website":""}},{"type":"Feature","geometry":{"type":"Point","coordinates":[-0.05941,51.503]},"properties":{"name":"Waterside Gardens","type":"park","website":""}},{"type":"Feature","geometry":{"type":"Point","coordinates":[-0.0218,51.4022]},"properties":{"name":"Kelsey Park","type":"park","website":""}},{"type":"Feature","geometry":{"type":"Point","coordinates":[-0.03072,51.48849]},"properties":{"name":"Upper Pepys Park","type":"park","website":""}},{"type":"Feature","geometry":{"type":"Point","coordinates":[-0.32239,51.52304]},"properties":{"name":"Cleveland Park","type":"park","website":""}},{"type":"Feature","geometry":{"type":"Point","coordinates":[-0.09614,51.49763]},"properties":{"name":"Newington Gardens","type":"park","website":""}},{"type":"Feature","geometry":{"type":"Point","coordinates":[-0.13413,51.48555]},"properties":{"name":"Pimlico Gardens","type":"park","website":""}},{"type":"Feature","geometry":{"type":"Point","coordinates":[-0.09319,51.49735]},"properties":{"name":"Dickens' Fields","type":"park","website":"https://www.southwark.gov.uk/info/461/a_to_z_of_parks/1295/dickens_square"}},{"type":"Feature","geometry":{"type":"Point","coordinates":[0.01372,51.44135]},"properties":{"name":"Northbrook Park","type":"park","website":""}},{"type":"Feature","geometry":{"type":"Point","coordinates":[0.06295,51.39247]},"properties":{"name":"Jubilee Country Park","type":"park","website":""}},{"type":"Feature","geometry":{"type":"Point","coordinates":[-0.31203,51.50455]},"properties":{"name":"Play Service Nature Area","type":"nature_reserve","website":""}},{"type":"Feature","geometry":{"type":"Point","coordinates":[-0.46192,51.52987]},"properties":{"name":"The Grove Nature Reserve","type":"nature_reserve","website":"https://www.wildlondon.org.uk/nature-reserves/the-grove"}},{"type":"Feature","geometry":{"type":"Point","coordinates":[0.06775,51.49002]},"properties":{"name":"General Gordon Square","type":"park","website":"https://www.visitgreenwich.org.uk/things-to-do/general-gordon-square-p1397841"}},{"type":"Feature","geometry":{"type":"Point","coordinates":[-0.32475,51.43042]},"properties":{"name":"Manor Road Recreation Ground","type":"park","website":""}},{"type":"Feature","geometry":{"type":"Point","coordinates":[-0.28122,51.58682]},"properties":{"name":"Leybourne Road Park","type":"park","website":"https://www.brent.gov.uk/services-for-residents/culture-leisure-and-parks/parks-and-allotments/park-finder/leybourne-road/"}},{"type":"Feature","geometry":{"type":"Point","coordinates":[0.02225,51.40315]},"properties":{"name":"Bromley Palace Park","type":"park","website":""}},{"type":"Feature","geometry":{"type":"Point","coordinates":[-0.10635,51.52859]},"properties":{"name":"Spa Green","type":"garden","website":""}},{"type":"Feature","geometry":{"type":"Point","coordinates":[-0.08481,51.41676]},"properties":{"name":"Westow Park","type":"park","website":""}},{"type":"Feature","geometry":{"type":"Point","coordinates":[-0.4848,51.54712]},"properties":{"name":"Fassnidge Park","type":"park","website":""}},{"type":"Feature","geometry":{"type":"Point","coordinates":[-0.25868,51.65009]},"properties":{"name":"Ripon Park","type":"park","website":""}},{"type":"Feature","geometry":{"type":"Point","coordinates":[-0.25152,51.65444]},"properties":{"name":"Tempsford Green","type":"park","website":""}},{"type":"Feature","geometry":{"type":"Point","coordinates":[-0.25883,51.65538]},"properties":{"name":"King George Playing Field","type":"park","website":""}},{"type":"Feature","geometry":{"type":"Point","coordinates":[-0.26992,51.66251]},"properties":{"name":"Meadow Park","type":"park","website":""}},{"type":"Feature","geometry":{"type":"Point","coordinates":[-0.27499,51.6703]},"properties":{"name":"Thirskcliffe Nature Park","type":"park","website":""}},{"type":"Feature","geometry":{"type":"Point","coordinates":[-0.11189,51.50456]},"properties":{"name":"St. John's Church Gardens","type":"park","website":"https://beta.lambeth.gov.uk/parks/st-johns-church-gardens"}},{"type":"Feature","geometry":{"type":"Point","coordinates":[0.15787,51.53615]},"properties":{"name":"Old Dagenham Park","type":"park","website":""}},{"type":"Feature","geometry":{"type":"Point","coordinates":[0.13649,51.53607]},"properties":{"name":"Goresbrook Park","type":"park","website":""}},{"type":"Feature","geometry":{"type":"Point","coordinates":[0.13603,51.55742]},"properties":{"name":"Valence Park","type":"park","website":""}},{"type":"Feature","geometry":{"type":"Point","coordinates":[-0.20856,51.49134]},"properties":{"name":"Gwendwr Gardens","type":"park","website":""}},{"type":"Feature","geometry":{"type":"Point","coordinates":[0.16251,51.53925]},"properties":{"name":"Dagenham Village Churchyard","type":"nature_reserve","website":""}},{"type":"Feature","geometry":{"type":"Point","coordinates":[0.04853,51.45656]},"properties":{"name":"Well Hall Pleasaunce","type":"park","website":""}},{"type":"Feature","geometry":{"type":"Point","coordinates":[0.04072,51.45818]},"properties":{"name":"Briset Park","type":"park","website":"https://www.royalgreenwich.gov.uk/directory_record/3761/briset_road_park"}},{"type":"Feature","geometry":{"type":"Point","coordinates":[0.03286,51.46106]},"properties":{"name":"Birdbrook Nature Reserve","type":"nature_reserve","website":""}},{"type":"Feature","geometry":{"type":"Point","coordinates":[0.03194,51.46444]},"properties":{"name":"Kidbrooke Green Park","type":"park","website":""}},{"type":"Feature","geometry":{"type":"Point","coordinates":[-0.05181,51.49701]},"properties":{"name":"King George's Park","type":"park","website":""}},{"type":"Feature","geometry":{"type":"Point","coordinates":[-0.05332,51.49744]},"properties":{"name":"Neptune Street Park","type":"park","website":""}},{"type":"Feature","geometry":{"type":"Point","coordinates":[-0.03437,51.50387]},"properties":{"name":"Pearsons Park","type":"park","website":""}},{"type":"Feature","geometry":{"type":"Point","coordinates":[-0.05196,51.47517]},"properties":{"name":"Hatcham Gardens","type":"park","website":""}},{"type":"Feature","geometry":{"type":"Point","coordinates":[-0.30221,51.45241]},"properties":{"name":"Buccleuch Gardens","type":"park","website":""}},{"type":"Feature","geometry":{"type":"Point","coordinates":[-0.16402,51.46516]},"properties":{"name":"Lavender Gardens","type":"park","website":""}},{"type":"Feature","geometry":{"type":"Point","coordinates":[0.05871,51.51089]},"properties":{"name":"New Beckton Park","type":"park","website":""}},{"type":"Feature","geometry":{"type":"Point","coordinates":[-0.06048,51.53642]},"properties":{"name":"Broadway Market Green","type":"park","website":"https://hackney.gov.uk/broadway-market-green"}},{"type":"Feature","geometry":{"type":"Point","coordinates":[-0.17713,51.58365]},"properties":{"name":"Lyttelton Playing Fields","type":"park","website":""}},{"type":"Feature","geometry":{"type":"Point","coordinates":[-0.18375,51.55139]},"properties":{"name":"Camden Arts Centre","type":"garden","website":""}},{"type":"Feature","geometry":{"type":"Point","coordinates":[-0.04407,51.46121]},"properties":{"name":"Frendsbury Gardens","type":"garden","website":""}},{"type":"Feature","geometry":{"type":"Point","coordinates":[-0.09823,51.51307]},"properties":{"name":"Carter Lane Gardens","type":"park","website":""}},{"type":"Feature","geometry":{"type":"Point","coordinates":[0.0545,51.47707]},"properties":{"name":"Woolwich Common","type":"park","website":""}},{"type":"Feature","geometry":{"type":"Point","coordinates":[-0.03817,51.55477]},"properties":{"name":"Melbourne Green","type":"park","website":""}},{"type":"Feature","geometry":{"type":"Point","coordinates":[-0.01658,51.50996]},"properties":{"name":"Poplar Recreation Ground","type":"park","website":""}},{"type":"Feature","geometry":{"type":"Point","coordinates":[-0.00417,51.51491]},"properties":{"name":"Leven Road Open Space","type":"park","website":""}},{"type":"Feature","geometry":{"type":"Point","coordinates":[-0.00231,51.5139]},"properties":{"name":"Braithwaite Park","type":"park","website":""}},{"type":"Feature","geometry":{"type":"Point","coordinates":[-0.00547,51.51482]},"properties":{"name":"Aberfeldy Millennium Green","type":"park","website":""}},{"type":"Feature","geometry":{"type":"Point","coordinates":[-0.0305,51.51534]},"properties":{"name":"Brickfield Gardens","type":"park","website":""}},{"type":"Feature","geometry":{"type":"Point","coordinates":[-0.02088,51.52141]},"properties":{"name":"Clara Grant Green","type":"park","website":""}},{"type":"Feature","geometry":{"type":"Point","coordinates":[-0.02123,51.51835]},"properties":{"name":"Furze Green","type":"park","website":""}},{"type":"Feature","geometry":{"type":"Point","coordinates":[-0.02033,51.52248]},"properties":{"name":"Chiltern Green","type":"park","website":""}},{"type":"Feature","geometry":{"type":"Point","coordinates":[-0.01597,51.52321]},"properties":{"name":"Prospect Park","type":"park","website":""}},{"type":"Feature","geometry":{"type":"Point","coordinates":[-0.08272,51.61438]},"properties":{"name":"Wilbury Open Space","type":"park","website":""}},{"type":"Feature","geometry":{"type":"Point","coordinates":[-0.0716,51.58757]},"properties":{"name":"Tottenham Green","type":"park","website":""}},{"type":"Feature","geometry":{"type":"Point","coordinates":[0.13147,51.57503]},"properties":{"name":"St. Chad's Park","type":"park","website":""}},{"type":"Feature","geometry":{"type":"Point","coordinates":[-0.01961,51.52365]},"properties":{"name":"Rounton Park","type":"park","website":""}},{"type":"Feature","geometry":{"type":"Point","coordinates":[-0.08519,51.5515]},"properties":{"name":"Newington Green","type":"park","website":""}},{"type":"Feature","geometry":{"type":"Point","coordinates":[0.11374,51.52188]},"properties":{"name":"Ripple Nature Reserve","type":"nature_reserve","website":"https://www.lbbd.gov.uk/services/ripple-nature-reserve"}},{"type":"Feature","geometry":{"type":"Point","coordinates":[-0.27692,51.43861]},"properties":{"name":"Richmond Park","type":"park","website":""}},{"type":"Feature","geometry":{"type":"Point","coordinates":[-0.07253,51.53966]},"properties":{"name":"Albion Square Gardens","type":"park","website":"https://hackney.gov.uk/albion-square"}},{"type":"Feature","geometry":{"type":"Point","coordinates":[-0.07709,51.52684]},"properties":{"name":"St Leonard's Churchyard","type":"park","website":""}},{"type":"Feature","geometry":{"type":"Point","coordinates":[-0.01293,51.52838]},"properties":{"name":"St. Leonard's Priory Park","type":"park","website":""}},{"type":"Feature","geometry":{"type":"Point","coordinates":[-0.04006,51.52048]},"properties":{"name":"Shandy Park","type":"park","website":""}},{"type":"Feature","geometry":{"type":"Point","coordinates":[0.04783,51.50203]},"properties":{"name":"Tate Park","type":"park","website":""}},{"type":"Feature","geometry":{"type":"Point","coordinates":[0.08698,51.53692]},"properties":{"name":"Essex Road Gardens","type":"park","website":""}},{"type":"Feature","geometry":{"type":"Point","coordinates":[-0.07569,51.63353]},"properties":{"name":"Bury Lodge Park","type":"park","website":""}},{"type":"Feature","geometry":{"type":"Point","coordinates":[-0.05624,51.52275]},"properties":{"name":"St. Bartholomew's Gardens","type":"park","website":"https://www.towerhamlets.gov.uk/lgnl/leisure_and_culture/parks_and_open_spaces/Parks-directory/St.-Bartholomews-Gardens.aspx"}},{"type":"Feature","geometry":{"type":"Point","coordinates":[-0.03276,51.50179]},"properties":{"name":"Durand's Wharf","type":"park","website":""}},{"type":"Feature","geometry":{"type":"Point","coordinates":[-0.07295,51.51407]},"properties":{"name":"Braham Street Park","type":"park","website":""}},{"type":"Feature","geometry":{"type":"Point","coordinates":[-0.12032,51.30842]},"properties":{"name":"Grange Park","type":"park","website":""}},{"type":"Feature","geometry":{"type":"Point","coordinates":[-0.12604,51.31487]},"properties":{"name":"Bleakfield Shaw","type":"park","website":""}},{"type":"Feature","geometry":{"type":"Point","coordinates":[-0.02731,51.47141]},"properties":{"name":"Deptford Railway Meadow","type":"nature_reserve","website":""}},{"type":"Feature","geometry":{"type":"Point","coordinates":[-0.07039,51.50963]},"properties":{"name":"Royal Mint Green","type":"park","website":""}},{"type":"Feature","geometry":{"type":"Point","coordinates":[-0.07482,51.5093]},"properties":{"name":"Tower Bridge Piazza","type":"park","website":""}},{"type":"Feature","geometry":{"type":"Point","coordinates":[-0.06866,51.48919]},"properties":{"name":"Paterson Park","type":"park","website":""}},{"type":"Feature","geometry":{"type":"Point","coordinates":[-0.07555,51.50993]},"properties":{"name":"Tower Hill Garden","type":"park","website":"https://www.cityoflondon.gov.uk/things-to-do/city-gardens/find-a-garden/tower-hill-garden"}},{"type":"Feature","geometry":{"type":"Point","coordinates":[-0.12172,51.52447]},"properties":{"name":"Brunswick Square Gardens","type":"park","website":""}},{"type":"Feature","geometry":{"type":"Point","coordinates":[-0.11999,51.5244]},"properties":{"name":"Coram's Fields","type":"park","website":"https://coramsfields.org/"}},{"type":"Feature","geometry":{"type":"Point","coordinates":[0.02664,51.388]},"properties":{"name":"Norman Park","type":"park","website":""}},{"type":"Feature","geometry":{"type":"Point","coordinates":[-0.0521,51.54398]},"properties":{"name":"Shore Gardens","type":"park","website":"https://hackney.gov.uk/shore-gardens"}},{"type":"Feature","geometry":{"type":"Point","coordinates":[-0.10928,51.56002]},"properties":{"name":"Islington Road Gardens","type":"park","website":""}},{"type":"Feature","geometry":{"type":"Point","coordinates":[-0.1503,51.4917]},"properties":{"name":"Ebury Square Gardens","type":"park","website":""}},{"type":"Feature","geometry":{"type":"Point","coordinates":[0.25445,51.5561]},"properties":{"name":"Clockhouse Gardens","type":"park","website":""}},{"type":"Feature","geometry":{"type":"Point","coordinates":[0.2454,51.54287]},"properties":{"name":"Parklands","type":"park","website":""}},{"type":"Feature","geometry":{"type":"Point","coordinates":[0.27915,51.56566]},"properties":{"name":"Cranham Brickfields","type":"park","website":""}},{"type":"Feature","geometry":{"type":"Point","coordinates":[-0.51322,51.29098]},"properties":{"name":"Send Marsh Green","type":"park","website":""}},{"type":"Feature","geometry":{"type":"Point","coordinates":[-0.37828,51.35628]},"properties":{"name":"National Trust - Claremont Landscape Gardens","type":"garden","website":""}},{"type":"Feature","geometry":{"type":"Point","coordinates":[-0.1034,51.50295]},"properties":{"name":"Nelson Square","type":"park","website":""}},{"type":"Feature","geometry":{"type":"Point","coordinates":[-0.14535,51.54255]},"properties":{"name":"Castlehaven Open Space","type":"park","website":""}},{"type":"Feature","geometry":{"type":"Point","coordinates":[-0.18692,51.58575]},"properties":{"name":"Northway Gardens","type":"park","website":""}},{"type":"Feature","geometry":{"type":"Point","coordinates":[-0.43916,51.67929]},"properties":{"name":"Walled Garden","type":"garden","website":""}},{"type":"Feature","geometry":{"type":"Point","coordinates":[0.19111,51.54972]},"properties":{"name":"The Glens","type":"park","website":"https://www.havering.gov.uk/info/20037/parks/252/play_areas_and_outdoor_gyms"}},{"type":"Feature","geometry":{"type":"Point","coordinates":[0.16579,51.58512]},"properties":{"name":"King George's Playing Fields","type":"park","website":""}},{"type":"Feature","geometry":{"type":"Point","coordinates":[-0.02173,51.55491]},"properties":{"name":"East Marsh","type":"park","website":""}},{"type":"Feature","geometry":{"type":"Point","coordinates":[-0.17179,51.4828]},"properties":{"name":"Roper's Garden","type":"park","website":""}},{"type":"Feature","geometry":{"type":"Point","coordinates":[-0.16426,51.48065]},"properties":{"name":"Herb Garden","type":"garden","website":""}},{"type":"Feature","geometry":{"type":"Point","coordinates":[-0.16215,51.48059]},"properties":{"name":"Old English Garden","type":"garden","website":""}},{"type":"Feature","geometry":{"type":"Point","coordinates":[-0.00244,51.45576]},"properties":{"name":"Manor Park","type":"park","website":""}},{"type":"Feature","geometry":{"type":"Point","coordinates":[0.10198,51.57358]},"properties":{"name":"Seven Kings Park","type":"park","website":""}},{"type":"Feature","geometry":{"type":"Point","coordinates":[0.00403,51.38366]},"properties":{"name":"Pickhurst Green","type":"park","website":""}},{"type":"Feature","geometry":{"type":"Point","coordinates":[0.09926,51.48935]},"properties":{"name":"Plumstead Gardens","type":"park","website":""}},{"type":"Feature","geometry":{"type":"Point","coordinates":[-0.14913,51.57061]},"properties":{"name":"Pond Square","type":"park","website":""}},{"type":"Feature","geometry":{"type":"Point","coordinates":[0.30005,51.60386]},"properties":{"name":"Warley Playing Fields","type":"park","website":""}},{"type":"Feature","geometry":{"type":"Point","coordinates":[0.10584,51.38031]},"properties":{"name":"Priory Gardens","type":"park","website":""}},{"type":"Feature","geometry":{"type":"Point","coordinates":[-0.3889,51.41835]},"properties":{"name":"Kempton Nature Reserve","type":"nature_reserve","website":""}},{"type":"Feature","geometry":{"type":"Point","coordinates":[-0.39192,51.42534]},"properties":{"name":"Kempton Nature Reserve","type":"nature_reserve","website":""}},{"type":"Feature","geometry":{"type":"Point","coordinates":[-0.3105,51.39318]},"properties":{"name":"Saint Andrew's Square","type":"park","website":""}},{"type":"Feature","geometry":{"type":"Point","coordinates":[-0.10383,51.53244]},"properties":{"name":"Duncan Terrace Gardens","type":"garden","website":""}},{"type":"Feature","geometry":{"type":"Point","coordinates":[-0.10289,51.53378]},"properties":{"name":"Colebrooke Row Gardens","type":"garden","website":""}},{"type":"Feature","geometry":{"type":"Point","coordinates":[-0.09828,51.53169]},"properties":{"name":"Graham Street Park","type":"park","website":""}},{"type":"Feature","geometry":{"type":"Point","coordinates":[0.03334,51.50106]},"properties":{"name":"Green Dock","type":"garden","website":""}},{"type":"Feature","geometry":{"type":"Point","coordinates":[-0.0965,51.53968]},"properties":{"name":"Tibby Place","type":"park","website":""}},{"type":"Feature","geometry":{"type":"Point","coordinates":[-0.18716,51.64837]},"properties":{"name":"Highlands Gardens","type":"park","website":""}},{"type":"Feature","geometry":{"type":"Point","coordinates":[-0.12741,51.56677]},"properties":{"name":"Scholefield Road Open Space","type":"park","website":""}},{"type":"Feature","geometry":{"type":"Point","coordinates":[-0.1275,51.57085]},"properties":{"name":"Dog Free Zone","type":"garden","website":""}},{"type":"Feature","geometry":{"type":"Point","coordinates":[-0.09269,51.53827]},"properties":{"name":"Basire Street Playground","type":"park","website":""}},{"type":"Feature","geometry":{"type":"Point","coordinates":[0.29473,51.40009]},"properties":{"name":"Longfield Community Park","type":"park","website":""}},{"type":"Feature","geometry":{"type":"Point","coordinates":[-0.19411,51.55138]},"properties":{"name":"Mill Lane Open Space","type":"park","website":""}},{"type":"Feature","geometry":{"type":"Point","coordinates":[-0.0888,51.50341]},"properties":{"name":"Memorial Gardens","type":"garden","website":""}},{"type":"Feature","geometry":{"type":"Point","coordinates":[-0.0917,51.5015]},"properties":{"name":"St George's Churchyard Gardens","type":"park","website":""}},{"type":"Feature","geometry":{"type":"Point","coordinates":[0.09194,51.55691]},"properties":{"name":"South Park","type":"park","website":""}},{"type":"Feature","geometry":{"type":"Point","coordinates":[-0.18796,51.53544]},"properties":{"name":"Greville Place Nature Reserve","type":"nature_reserve","website":"https://cindex.camden.gov.uk/kb5/camden/cd/service.page?id=7_LINagMBWA"}},{"type":"Feature","geometry":{"type":"Point","coordinates":[-0.21469,51.52906]},"properties":{"name":"Queen's Park Court Communal Gardens","type":"park","website":""}},{"type":"Feature","geometry":{"type":"Point","coordinates":[-0.10193,51.50384]},"properties":{"name":"Arch 21","type":"garden","website":""}},{"type":"Feature","geometry":{"type":"Point","coordinates":[-0.07594,51.48606]},"properties":{"name":"Cobourg Road Nature Reserve","type":"nature_reserve","website":""}},{"type":"Feature","geometry":{"type":"Point","coordinates":[-0.20834,51.53454]},"properties":{"name":"Quiet Garden","type":"garden","website":""}},{"type":"Feature","geometry":{"type":"Point","coordinates":[-0.11312,51.49261]},"properties":{"name":"Lambeth Walk Doorstep Green","type":"park","website":"https://beta.lambeth.gov.uk/parks/lambeth-walk-doorstep-green"}},{"type":"Feature","geometry":{"type":"Point","coordinates":[-0.19048,51.51721]},"properties":{"name":"Westbourne Gardens","type":"garden","website":""}},{"type":"Feature","geometry":{"type":"Point","coordinates":[-0.09638,51.48466]},"properties":{"name":"Pelier Park","type":"park","website":""}},{"type":"Feature","geometry":{"type":"Point","coordinates":[-0.14145,51.54212]},"properties":{"name":"Camden Gardens","type":"park","website":"https://www.camden.gov.uk/"}},{"type":"Feature","geometry":{"type":"Point","coordinates":[-0.15521,51.54112]},"properties":{"name":"Chalcot Square Gardens","type":"park","website":"https://cindex.camden.gov.uk/kb5/camden/cd/service.page?id=xLNilsHsOdM"}},{"type":"Feature","geometry":{"type":"Point","coordinates":[-0.09208,51.48742]},"properties":{"name":"Faraday Gardens","type":"park","website":""}},{"type":"Feature","geometry":{"type":"Point","coordinates":[-0.18871,51.41996]},"properties":{"name":"Haydons Road Recreation Ground","type":"park","website":""}},{"type":"Feature","geometry":{"type":"Point","coordinates":[-0.16755,51.52602]},"properties":{"name":"Tresham Gardens","type":"park","website":""}},{"type":"Feature","geometry":{"type":"Point","coordinates":[-0.05381,51.4715]},"properties":{"name":"St Mary Frobisher Park","type":"park","website":""}},{"type":"Feature","geometry":{"type":"Point","coordinates":[-0.16809,51.55291]},"properties":{"name":"Hampstead Green","type":"park","website":""}},{"type":"Feature","geometry":{"type":"Point","coordinates":[-0.30553,51.52332]},"properties":{"name":"Montpelier Park","type":"park","website":""}},{"type":"Feature","geometry":{"type":"Point","coordinates":[-0.40626,51.57783]},"properties":{"name":"Warrender Park","type":"park","website":""}},{"type":"Feature","geometry":{"type":"Point","coordinates":[-0.20526,51.51885]},"properties":{"name":"Tavistock Road Gardens","type":"park","website":""}},{"type":"Feature","geometry":{"type":"Point","coordinates":[-0.04174,51.69164]},"properties":{"name":"Cedars Park","type":"park","website":""}},{"type":"Feature","geometry":{"type":"Point","coordinates":[-0.30521,51.45699]},"properties":{"name":"Rotary Gardens","type":"park","website":"https://www.richmond.gov.uk/services/parks_and_open_spaces/find_a_park/rotary_gardens"}},{"type":"Feature","geometry":{"type":"Point","coordinates":[-0.19823,51.53148]},"properties":{"name":"South Kilburn Open Space","type":"park","website":""}},{"type":"Feature","geometry":{"type":"Point","coordinates":[-0.04082,51.51116]},"properties":{"name":"St James' Gardens","type":"park","website":""}},{"type":"Feature","geometry":{"type":"Point","coordinates":[-0.04787,51.51428]},"properties":{"name":"Arbour Square Gardens","type":"park","website":"https://www.towerhamlets.gov.uk/lgnl/leisure_and_culture/parks_and_open_spaces/Parks-directory/Arbour-Square-Gardens.aspx"}},{"type":"Feature","geometry":{"type":"Point","coordinates":[-0.18169,51.4721]},"properties":{"name":"Sensory Gardens","type":"park","website":""}},{"type":"Feature","geometry":{"type":"Point","coordinates":[-0.20666,51.48464]},"properties":{"name":"Normand Park","type":"park","website":""}},{"type":"Feature","geometry":{"type":"Point","coordinates":[-0.1705,51.49833]},"properties":{"name":"Holy Trinity Churchyard","type":"garden","website":""}},{"type":"Feature","geometry":{"type":"Point","coordinates":[-0.16866,51.40213]},"properties":{"name":"Vestry Green","type":"park","website":""}},{"type":"Feature","geometry":{"type":"Point","coordinates":[-0.11215,51.49292]},"properties":{"name":"Lambeth Walk Doorstep Green","type":"park","website":"https://www.lambeth.gov.uk/parks/lambeth-walk-doorstep-green"}},{"type":"Feature","geometry":{"type":"Point","coordinates":[-0.11905,51.49331]},"properties":{"name":"Old Paradise Gardens","type":"park","website":"https://www.lambethvillage.co.uk/old_paradise_garden/"}},{"type":"Feature","geometry":{"type":"Point","coordinates":[-0.05198,51.67423]},"properties":{"name":"Elsinge Golden Jubilee Park","type":"park","website":""}},{"type":"Feature","geometry":{"type":"Point","coordinates":[-0.05263,51.66701]},"properties":{"name":"Hoe Lane Space","type":"park","website":""}},{"type":"Feature","geometry":{"type":"Point","coordinates":[-0.49816,51.63356]},"properties":{"name":"Mill End Community Wildlife Area","type":"nature_reserve","website":""}},{"type":"Feature","geometry":{"type":"Point","coordinates":[-0.18322,51.47102]},"properties":{"name":"Imperial Park","type":"park","website":""}},{"type":"Feature","geometry":{"type":"Point","coordinates":[-0.19611,51.56301]},"properties":{"name":"Elm Park","type":"park","website":"https://www.barnet.gov.uk/directories/parks/elm-park"}},{"type":"Feature","geometry":{"type":"Point","coordinates":[-0.05872,51.47639]},"properties":{"name":"Kings Grove Community Garden","type":"garden","website":""}},{"type":"Feature","geometry":{"type":"Point","coordinates":[-0.20948,51.49454]},"properties":{"name":"Marcus Garvey Park","type":"park","website":""}},{"type":"Feature","geometry":{"type":"Point","coordinates":[0.19562,51.54049]},"properties":{"name":"Beaumont Green Field","type":"park","website":""}},{"type":"Feature","geometry":{"type":"Point","coordinates":[-0.23373,51.38428]},"properties":{"name":"Amphitheatre","type":"park","website":""}},{"type":"Feature","geometry":{"type":"Point","coordinates":[-0.13361,51.56566]},"properties":{"name":"Archway Corner","type":"park","website":""}},{"type":"Feature","geometry":{"type":"Point","coordinates":[-0.13423,51.56703]},"properties":{"name":"Archway Park","type":"park","website":""}},{"type":"Feature","geometry":{"type":"Point","coordinates":[-0.15314,51.52654]},"properties":{"name":"Japanese Garden","type":"garden","website":""}},{"type":"Feature","geometry":{"type":"Point","coordinates":[-0.09329,51.50215]},"properties":{"name":"Little Dorrit Park","type":"park","website":""}},{"type":"Feature","geometry":{"type":"Point","coordinates":[-0.07228,51.47264]},"properties":{"name":"Bellenden Road Nature Garden","type":"nature_reserve","website":"https://www.wildlondon.org.uk/reserves/bellenden-road"}},{"type":"Feature","geometry":{"type":"Point","coordinates":[-0.11052,51.52678]},"properties":{"name":"Wilmington Square","type":"park","website":""}},{"type":"Feature","geometry":{"type":"Point","coordinates":[-0.08601,51.53461]},"properties":{"name":"Shoreditch Park","type":"park","website":"https://hackney.gov.uk/shoreditch-park"}},{"type":"Feature","geometry":{"type":"Point","coordinates":[-0.18658,51.46154]},"properties":{"name":"Bramford Gardens","type":"park","website":"https://www.wandsworth.gov.uk/leisure-and-culture/parks-and-open-spaces/parks/bramford-gardens/"}},{"type":"Feature","geometry":{"type":"Point","coordinates":[-0.2797,51.45907]},"properties":{"name":"East Sheen Common","type":"park","website":""}},{"type":"Feature","geometry":{"type":"Point","coordinates":[-0.0312,51.49026]},"properties":{"name":"Aragon Gardens","type":"park","website":""}},{"type":"Feature","geometry":{"type":"Point","coordinates":[-0.03241,51.48986]},"properties":{"name":"Admiralty Square","type":"park","website":""}},{"type":"Feature","geometry":{"type":"Point","coordinates":[-0.0329,51.49275]},"properties":{"name":"Saint George's Square","type":"park","website":""}},{"type":"Feature","geometry":{"type":"Point","coordinates":[-0.1733,51.54338]},"properties":{"name":"Swiss Cottage Open Space","type":"park","website":""}},{"type":"Feature","geometry":{"type":"Point","coordinates":[-0.03046,51.51173]},"properties":{"name":"St Anne's Churchyard","type":"park","website":""}},{"type":"Feature","geometry":{"type":"Point","coordinates":[-0.05448,51.54211]},"properties":{"name":"St Thomas's Square","type":"park","website":"https://www.hackney.gov.uk/libraries-parks-and-leisure/parks-and-green-spaces/parks-list/st-thomass-square-gardens"}},{"type":"Feature","geometry":{"type":"Point","coordinates":[0.33902,51.4372]},"properties":{"name":"Northfleet Urban Country Park","type":"park","website":""}},{"type":"Feature","geometry":{"type":"Point","coordinates":[-0.22571,51.6401]},"properties":{"name":"Whitings Hill Wood","type":"park","website":""}},{"type":"Feature","geometry":{"type":"Point","coordinates":[-0.09776,51.50315]},"properties":{"name":"Copperfield Street Community Garden","type":"garden","website":""}},{"type":"Feature","geometry":{"type":"Point","coordinates":[-0.24103,51.64553]},"properties":{"name":"Rowley Lodge Field","type":"park","website":""}},{"type":"Feature","geometry":{"type":"Point","coordinates":[-0.24239,51.6546]},"properties":{"name":"Arkley Open Space","type":"park","website":""}},{"type":"Feature","geometry":{"type":"Point","coordinates":[-0.23579,51.65175]},"properties":{"name":"Arkley Rise Estate Open Space","type":"park","website":""}},{"type":"Feature","geometry":{"type":"Point","coordinates":[-0.23546,51.65737]},"properties":{"name":"Arkley Lane Open Space","type":"park","website":""}},{"type":"Feature","geometry":{"type":"Point","coordinates":[-0.22939,51.65493]},"properties":{"name":"Arkley Lane Pastures","type":"park","website":""}},{"type":"Feature","geometry":{"type":"Point","coordinates":[-0.21581,51.66015]},"properties":{"name":"Byng Road Playing Fields","type":"park","website":""}},{"type":"Feature","geometry":{"type":"Point","coordinates":[-0.13103,51.52876]},"properties":{"name":"Catholic Central Library Gardens","type":"park","website":""}},{"type":"Feature","geometry":{"type":"Point","coordinates":[-0.18619,51.4814]},"properties":{"name":"Kings Chelsea Garden","type":"garden","website":""}},{"type":"Feature","geometry":{"type":"Point","coordinates":[-0.14517,51.49734]},"properties":{"name":"The Goring Hotel Gardens","type":"garden","website":""}},{"type":"Feature","geometry":{"type":"Point","coordinates":[-0.0613,51.55687]},"properties":{"name":"Nightingale Community Garden","type":"garden","website":""}},{"type":"Feature","geometry":{"type":"Point","coordinates":[-0.14794,51.46927]},"properties":{"name":"Montefiore Gardens","type":"park","website":""}},{"type":"Feature","geometry":{"type":"Point","coordinates":[-0.21517,51.5621]},"properties":{"name":"Millennium Green","type":"park","website":""}},{"type":"Feature","geometry":{"type":"Point","coordinates":[-0.11753,51.45744]},"properties":{"name":"Rush Common Woodland Walk","type":"park","website":""}},{"type":"Feature","geometry":{"type":"Point","coordinates":[-0.30728,51.5105]},"properties":{"name":"Walled Garden","type":"garden","website":""}},{"type":"Feature","geometry":{"type":"Point","coordinates":[-0.02059,51.33838]},"properties":{"name":"Hutchinson's Bank","type":"nature_reserve","website":""}},{"type":"Feature","geometry":{"type":"Point","coordinates":[-0.16923,51.48318]},"properties":{"name":"Chelsea Embankment Gardens","type":"garden","website":""}},{"type":"Feature","geometry":{"type":"Point","coordinates":[-0.06768,51.48146]},"properties":{"name":"Leyton Square","type":"park","website":""}},{"type":"Feature","geometry":{"type":"Point","coordinates":[-0.12585,51.49984]},"properties":{"name":"Cromwell Green","type":"garden","website":""}},{"type":"Feature","geometry":{"type":"Point","coordinates":[-0.12782,51.49911]},"properties":{"name":"Cloister Garth","type":"garden","website":""}},{"type":"Feature","geometry":{"type":"Point","coordinates":[-0.1929,51.50196]},"properties":{"name":"St Mary Abbots Gardens","type":"park","website":""}},{"type":"Feature","geometry":{"type":"Point","coordinates":[-0.44405,51.5271]},"properties":{"name":"Connaught Recreation Ground","type":"park","website":""}},{"type":"Feature","geometry":{"type":"Point","coordinates":[-0.47342,51.50168]},"properties":{"name":"The Closes Recreation Ground","type":"park","website":""}},{"type":"Feature","geometry":{"type":"Point","coordinates":[-0.18261,51.42302]},"properties":{"name":"Wandle Meadow Nature Park","type":"park","website":""}},{"type":"Feature","geometry":{"type":"Point","coordinates":[0.15,51.46184]},"properties":{"name":"Russell Park","type":"park","website":""}},{"type":"Feature","geometry":{"type":"Point","coordinates":[0.15495,51.46739]},"properties":{"name":"Bursted Woods","type":"park","website":""}},{"type":"Feature","geometry":{"type":"Point","coordinates":[-0.14769,51.55731]},"properties":{"name":"Highgate Enclosures","type":"park","website":""}},{"type":"Feature","geometry":{"type":"Point","coordinates":[-0.09562,51.51613]},"properties":{"name":"St John Zachary","type":"garden","website":""}},{"type":"Feature","geometry":{"type":"Point","coordinates":[-0.09616,51.51641]},"properties":{"name":"St Anne & St Agnes","type":"park","website":""}},{"type":"Feature","geometry":{"type":"Point","coordinates":[-0.11968,51.49493]},"properties":{"name":"Knot Garden","type":"garden","website":""}},{"type":"Feature","geometry":{"type":"Point","coordinates":[-0.00037,51.53406]},"properties":{"name":"Channelsea Path","type":"park","website":""}},{"type":"Feature","geometry":{"type":"Point","coordinates":[0.04029,51.5136]},"properties":{"name":"King George V Park","type":"park","website":""}},{"type":"Feature","geometry":{"type":"Point","coordinates":[-0.16866,51.46606]},"properties":{"name":"Falcon Glade","type":"park","website":""}},{"type":"Feature","geometry":{"type":"Point","coordinates":[-0.40424,51.58236]},"properties":{"name":"Enigma Square","type":"park","website":""}},{"type":"Feature","geometry":{"type":"Point","coordinates":[0.1508,51.53221]},"properties":{"name":"King George's Field","type":"park","website":""}},{"type":"Feature","geometry":{"type":"Point","coordinates":[-0.00409,51.53303]},"properties":{"name":"Greenway","type":"park","website":""}},{"type":"Feature","geometry":{"type":"Point","coordinates":[-0.32346,51.44681]},"properties":{"name":"York House Gardens","type":"park","website":""}},{"type":"Feature","geometry":{"type":"Point","coordinates":[-0.14293,51.6294]},"properties":{"name":"Brunswick Park","type":"park","website":""}},{"type":"Feature","geometry":{"type":"Point","coordinates":[-0.33495,51.39541]},"properties":{"name":"Summer Road Recreation Ground","type":"park","website":""}},{"type":"Feature","geometry":{"type":"Point","coordinates":[-0.08213,51.59349]},"properties":{"name":"Memorial Gardens","type":"park","website":""}},{"type":"Feature","geometry":{"type":"Point","coordinates":[-0.07301,51.48333]},"properties":{"name":"Wildflower meadow","type":"nature_reserve","website":""}},{"type":"Feature","geometry":{"type":"Point","coordinates":[-0.11071,51.51266]},"properties":{"name":"Elm Court","type":"garden","website":""}},{"type":"Feature","geometry":{"type":"Point","coordinates":[0.18805,51.56567]},"properties":{"name":"Haveringwell Memorial","type":"park","website":""}},{"type":"Feature","geometry":{"type":"Point","coordinates":[-0.17324,51.51168]},"properties":{"name":"Victoria Border","type":"garden","website":""}},{"type":"Feature","geometry":{"type":"Point","coordinates":[-0.07065,51.37765]},"properties":{"name":"Addiscombe Recreation Ground","type":"park","website":""}},{"type":"Feature","geometry":{"type":"Point","coordinates":[-0.07357,51.54675]},"properties":{"name":"Dalston Eastern Curve Garden","type":"garden","website":"https://dalstongarden.org/"}},{"type":"Feature","geometry":{"type":"Point","coordinates":[0.18508,51.5645]},"properties":{"name":"Grenfell Park","type":"park","website":""}},{"type":"Feature","geometry":{"type":"Point","coordinates":[-0.46718,51.54247]},"properties":{"name":"Dowding Park","type":"park","website":""}},{"type":"Feature","geometry":{"type":"Point","coordinates":[0.18523,51.58133]},"properties":{"name":"Coronation Gardens","type":"garden","website":""}},{"type":"Feature","geometry":{"type":"Point","coordinates":[-0.27719,51.3984]},"properties":{"name":"Rose Walk Nature Reserve","type":"nature_reserve","website":""}},{"type":"Feature","geometry":{"type":"Point","coordinates":[-0.27353,51.39267]},"properties":{"name":"Elmbridge Meadows Nature Reserve","type":"nature_reserve","website":""}},{"type":"Feature","geometry":{"type":"Point","coordinates":[-0.2789,51.39401]},"properties":{"name":"Berrylands Nature Reserve","type":"nature_reserve","website":""}},{"type":"Feature","geometry":{"type":"Point","coordinates":[-0.02431,51.52502]},"properties":{"name":"Archibald Open Space","type":"park","website":""}},{"type":"Feature","geometry":{"type":"Point","coordinates":[-0.00425,51.52339]},"properties":{"name":"Gas Light and Coke Company Memorial Garden","type":"park","website":""}},{"type":"Feature","geometry":{"type":"Point","coordinates":[-0.12483,51.52509]},"properties":{"name":"Marchmont Community Garden","type":"garden","website":""}},{"type":"Feature","geometry":{"type":"Point","coordinates":[-0.20825,51.37796]},"properties":{"name":"Kimpton Linear Park","type":"park","website":""}},{"type":"Feature","geometry":{"type":"Point","coordinates":[-0.12361,51.52705]},"properties":{"name":"Bramber Green","type":"park","website":""}},{"type":"Feature","geometry":{"type":"Point","coordinates":[0.00915,51.68578]},"properties":{"name":"Larsens Recreation Ground","type":"park","website":""}},{"type":"Feature","geometry":{"type":"Point","coordinates":[-0.00132,51.68868]},"properties":{"name":"Rose Garden","type":"garden","website":""}},{"type":"Feature","geometry":{"type":"Point","coordinates":[-0.3594,51.38725]},"properties":{"name":"Emberside Recreation Ground","type":"park","website":""}},{"type":"Feature","geometry":{"type":"Point","coordinates":[-0.30772,51.31623]},"properties":{"name":"Ashtead Common","type":"park","website":""}},{"type":"Feature","geometry":{"type":"Point","coordinates":[0.07639,51.52846]},"properties":{"name":"Cuckold Haven Nature Reserve","type":"nature_reserve","website":""}},{"type":"Feature","geometry":{"type":"Point","coordinates":[-0.10632,51.63135]},"properties":{"name":"Woodcroft Wildspace","type":"park","website":""}},{"type":"Feature","geometry":{"type":"Point","coordinates":[-0.01868,51.50335]},"properties":{"name":"Jubilee Park","type":"park","website":""}},{"type":"Feature","geometry":{"type":"Point","coordinates":[-0.28511,51.47106]},"properties":{"name":"North Sheen Recreation Ground","type":"park","website":""}},{"type":"Feature","geometry":{"type":"Point","coordinates":[-0.11562,51.4379]},"properties":{"name":"Hillside Gardens Park","type":"park","website":"https://www.lambeth.gov.uk/parks/hillside-gardens-park"}},{"type":"Feature","geometry":{"type":"Point","coordinates":[-0.27072,51.36094]},"properties":{"name":"gadesden road park","type":"park","website":""}},{"type":"Feature","geometry":{"type":"Point","coordinates":[-0.08165,51.51225]},"properties":{"name":"Fen Court","type":"garden","website":"https://www.cityoflondon.gov.uk/things-to-do/green-spaces/city-gardens/visitor-information/Pages/Fen-Court.aspx"}},{"type":"Feature","geometry":{"type":"Point","coordinates":[0.03676,51.31373]},"properties":{"name":"Biggin Hill Recreation Ground","type":"park","website":""}},{"type":"Feature","geometry":{"type":"Point","coordinates":[-0.07752,51.50983]},"properties":{"name":"Trinity Square Gardens","type":"park","website":"https://www.towerhamlets.gov.uk/lgnl/leisure_and_culture/parks_and_open_spaces/Trinity_Square_Gardens.aspx"}},{"type":"Feature","geometry":{"type":"Point","coordinates":[-0.47534,51.31253]},"properties":{"name":"Bowes-Lyon Rose Garden","type":"garden","website":""}},{"type":"Feature","geometry":{"type":"Point","coordinates":[0.06184,51.36746]},"properties":{"name":"Tugmutton Common","type":"park","website":""}},{"type":"Feature","geometry":{"type":"Point","coordinates":[-0.17106,51.50776]},"properties":{"name":"The Allotment","type":"garden","website":"https://www.royalparks.org.uk/visit/parks/kensington-gardens/allotment"}},{"type":"Feature","geometry":{"type":"Point","coordinates":[0.02039,51.53775]},"properties":{"name":"Ornamental Gardens","type":"garden","website":""}},{"type":"Feature","geometry":{"type":"Point","coordinates":[-0.20029,51.49242]},"properties":{"name":"Cluny Mews Gardens","type":"garden","website":""}},{"type":"Feature","geometry":{"type":"Point","coordinates":[-0.21552,51.49315]},"properties":{"name":"Saint Paul's Gardens and Open Space","type":"garden","website":""}},{"type":"Feature","geometry":{"type":"Point","coordinates":[-0.17277,51.50282]},"properties":{"name":"Hyde Park Enclosed Garden","type":"park","website":""}},{"type":"Feature","geometry":{"type":"Point","coordinates":[-0.01817,51.54049]},"properties":{"name":"Great British Garden","type":"garden","website":""}},{"type":"Feature","geometry":{"type":"Point","coordinates":[-0.13109,51.61901]},"properties":{"name":"Arnos Park","type":"park","website":"https://friendsofarnospark.wordpress.com/"}},{"type":"Feature","geometry":{"type":"Point","coordinates":[-0.23361,51.63205]},"properties":{"name":"Totteridge Fields Nature Reserve","type":"nature_reserve","website":""}},{"type":"Feature","geometry":{"type":"Point","coordinates":[0.29332,51.61605]},"properties":{"name":"La Plata Woods","type":"park","website":""}},{"type":"Feature","geometry":{"type":"Point","coordinates":[0.29063,51.62025]},"properties":{"name":"St Faith's Country Park","type":"park","website":""}},{"type":"Feature","geometry":{"type":"Point","coordinates":[0.06005,51.58493]},"properties":{"name":"Clayhall Park","type":"park","website":"https://visionrcl.org.uk/centre/clayhall-park/"}},{"type":"Feature","geometry":{"type":"Point","coordinates":[-0.10262,51.52321]},"properties":{"name":"Saint John's Churchyard","type":"park","website":""}},{"type":"Feature","geometry":{"type":"Point","coordinates":[-0.15177,51.52256]},"properties":{"name":"Saint Marylebone Parish Church Gardens","type":"garden","website":""}},{"type":"Feature","geometry":{"type":"Point","coordinates":[-0.24632,51.6345]},"properties":{"name":"Moat Mount Open Space","type":"nature_reserve","website":""}},{"type":"Feature","geometry":{"type":"Point","coordinates":[-0.14503,51.51651]},"properties":{"name":"Cavendish Square","type":"park","website":""}},{"type":"Feature","geometry":{"type":"Point","coordinates":[-0.16209,51.37548]},"properties":{"name":"The Spinney Local Nature Reserve","type":"nature_reserve","website":""}},{"type":"Feature","geometry":{"type":"Point","coordinates":[-0.51327,51.41915]},"properties":{"name":"Truss's Island","type":"park","website":""}},{"type":"Feature","geometry":{"type":"Point","coordinates":[-0.29231,51.3274]},"properties":{"name":"Epsom Common","type":"nature_reserve","website":""}},{"type":"Feature","geometry":{"type":"Point","coordinates":[-0.19847,51.54378]},"properties":{"name":"Kilburn Grange Park","type":"park","website":""}},{"type":"Feature","geometry":{"type":"Point","coordinates":[0.19089,51.31103]},"properties":{"name":"Palace Green","type":"park","website":""}},{"type":"Feature","geometry":{"type":"Point","coordinates":[-0.15463,51.36902]},"properties":{"name":"Elm Grove","type":"park","website":""}},{"type":"Feature","geometry":{"type":"Point","coordinates":[0.31057,51.61742]},"properties":{"name":"Shenfield Common","type":"park","website":""}},{"type":"Feature","geometry":{"type":"Point","coordinates":[-0.20144,51.65331]},"properties":{"name":"St John the Baptist Church","type":"garden","website":""}},{"type":"Feature","geometry":{"type":"Point","coordinates":[-0.08146,51.63741]},"properties":{"name":"Bush Hill Gardens","type":"park","website":"http://www.enfield.gov.uk/directory_record/5834/bush_hill_gardens"}},{"type":"Feature","geometry":{"type":"Point","coordinates":[-0.1686,51.37123]},"properties":{"name":"Wrythe Green","type":"park","website":""}},{"type":"Feature","geometry":{"type":"Point","coordinates":[-0.08975,51.54757]},"properties":{"name":"St Paul's Shrubbery","type":"park","website":""}},{"type":"Feature","geometry":{"type":"Point","coordinates":[-0.09117,51.54754]},"properties":{"name":"Northampton Park Triangle","type":"park","website":""}},{"type":"Feature","geometry":{"type":"Point","coordinates":[-0.10103,51.52546]},"properties":{"name":"Compton Park","type":"park","website":""}},{"type":"Feature","geometry":{"type":"Point","coordinates":[-0.10108,51.57005]},"properties":{"name":"McKenzie Flower Garden","type":"garden","website":""}},{"type":"Feature","geometry":{"type":"Point","coordinates":[-0.41492,51.32799]},"properties":{"name":"Leg O'Mutton Field","type":"park","website":""}},{"type":"Feature","geometry":{"type":"Point","coordinates":[-0.08145,51.38481]},"properties":{"name":"Dartnell Road Wayside Amenity Area","type":"park","website":""}},{"type":"Feature","geometry":{"type":"Point","coordinates":[-0.19383,51.65616]},"properties":{"name":"King George's Playing Fields","type":"park","website":""}},{"type":"Feature","geometry":{"type":"Point","coordinates":[-0.3822,51.36197]},"properties":{"name":"West End Green","type":"park","website":""}},{"type":"Feature","geometry":{"type":"Point","coordinates":[-0.23093,51.42349]},"properties":{"name":"Cannizaro Park","type":"park","website":"https://www.merton.gov.uk/environment/openspaces/parks/parks_in_the_wimbledon_area/cannizaro_park.htm"}},{"type":"Feature","geometry":{"type":"Point","coordinates":[-0.15412,51.5199]},"properties":{"name":"Paddington Street Gardens South","type":"park","website":"https://www.westminster.gov.uk/parks-and-open-spaces/paddington-street-gardens-south"}},{"type":"Feature","geometry":{"type":"Point","coordinates":[-0.17229,51.49565]},"properties":{"name":"Yalta Memorial Garden","type":"garden","website":""}},{"type":"Feature","geometry":{"type":"Point","coordinates":[-0.06945,51.52234]},"properties":{"name":"Allen Gardens","type":"park","website":"https://www.towerhamlets.gov.uk/lgnl/leisure_and_culture/parks_and_open_spaces/Parks-directory/Allen-Gardens.aspx"}},{"type":"Feature","geometry":{"type":"Point","coordinates":[-0.19855,51.54859]},"properties":{"name":"Maygrove Peace Park","type":"park","website":""}},{"type":"Feature","geometry":{"type":"Point","coordinates":[-0.15942,51.40154]},"properties":{"name":"Three Kings Piece","type":"park","website":""}},{"type":"Feature","geometry":{"type":"Point","coordinates":[-0.46937,51.43744]},"properties":{"name":"Scott Freeman Garden","type":"garden","website":""}},{"type":"Feature","geometry":{"type":"Point","coordinates":[0.06634,51.49973]},"properties":{"name":"Royal Victoria Gardens","type":"park","website":""}},{"type":"Feature","geometry":{"type":"Point","coordinates":[-0.15967,51.50428]},"properties":{"name":"The Dell","type":"garden","website":""}},{"type":"Feature","geometry":{"type":"Point","coordinates":[-0.09242,51.51794]},"properties":{"name":"St Alphage Gardens","type":"garden","website":""}},{"type":"Feature","geometry":{"type":"Point","coordinates":[-0.09249,51.51808]},"properties":{"name":"Salters' Garden","type":"garden","website":""}},{"type":"Feature","geometry":{"type":"Point","coordinates":[-0.1702,51.38964]},"properties":{"name":"Poulter Park","type":"park","website":""}},{"type":"Feature","geometry":{"type":"Point","coordinates":[-0.19055,51.53027]},"properties":{"name":"Paddington Recreation Ground","type":"park","website":""}},{"type":"Feature","geometry":{"type":"Point","coordinates":[-0.19542,51.52446]},"properties":{"name":"Edbrooke Road Gardens","type":"park","website":""}},{"type":"Feature","geometry":{"type":"Point","coordinates":[-0.19796,51.52637]},"properties":{"name":"Tamplin Mews Gardens","type":"park","website":"https://www.westminster.gov.uk/my-parks/parks/tamplin-mews-open-space/"}},{"type":"Feature","geometry":{"type":"Point","coordinates":[-0.08206,51.48815]},"properties":{"name":"Surrey Square Park","type":"park","website":""}},{"type":"Feature","geometry":{"type":"Point","coordinates":[-0.10374,51.35267]},"properties":{"name":"Haling Grove","type":"park","website":""}},{"type":"Feature","geometry":{"type":"Point","coordinates":[-0.16899,51.50825]},"properties":{"name":"Bird Sanctuary","type":"garden","website":""}},{"type":"Feature","geometry":{"type":"Point","coordinates":[-0.06141,51.67461]},"properties":{"name":"Myddelton House Gardens","type":"garden","website":"https://www.visitleevalley.org.uk/myddelton-house-gardens"}},{"type":"Feature","geometry":{"type":"Point","coordinates":[-0.33567,51.41683]},"properties":{"name":"Bushy Park","type":"park","website":""}},{"type":"Feature","geometry":{"type":"Point","coordinates":[-0.4192,51.65573]},"properties":{"name":"Ring Around Park","type":"park","website":""}},{"type":"Feature","geometry":{"type":"Point","coordinates":[-0.40333,51.58677]},"properties":{"name":"Eastcote House Gardens","type":"park","website":""}},{"type":"Feature","geometry":{"type":"Point","coordinates":[-0.05693,51.58504]},"properties":{"name":"Armadale Green","type":"park","website":""}},{"type":"Feature","geometry":{"type":"Point","coordinates":[-0.50771,51.34761]},"properties":{"name":"Woodham Lodge Open Space","type":"park","website":""}},{"type":"Feature","geometry":{"type":"Point","coordinates":[-0.00546,51.54689]},"properties":{"name":"Mirabelle Gardens","type":"park","website":""}},{"type":"Feature","geometry":{"type":"Point","coordinates":[-0.1049,51.53066]},"properties":{"name":"Owens Field","type":"park","website":""}},{"type":"Feature","geometry":{"type":"Point","coordinates":[-0.09213,51.5109]},"properties":{"name":"Whittington Garden","type":"garden","website":""}},{"type":"Feature","geometry":{"type":"Point","coordinates":[-0.11287,51.5112]},"properties":{"name":"Victoria Embankment Gardens","type":"park","website":""}},{"type":"Feature","geometry":{"type":"Point","coordinates":[-0.1181,51.40703]},"properties":{"name":"Norbury Hall Park","type":"park","website":""}},{"type":"Feature","geometry":{"type":"Point","coordinates":[-0.28642,51.66843]},"properties":{"name":"Brook Meadow","type":"park","website":""}},{"type":"Feature","geometry":{"type":"Point","coordinates":[-0.49946,51.42735]},"properties":{"name":"Staines Park","type":"park","website":"https://stainespark.co.uk/about"}},{"type":"Feature","geometry":{"type":"Point","coordinates":[-0.51605,51.44653]},"properties":{"name":"Staines Moor","type":"nature_reserve","website":""}},{"type":"Feature","geometry":{"type":"Point","coordinates":[0.03781,51.48051]},"properties":{"name":"Charlton House Gardens","type":"garden","website":""}},{"type":"Feature","geometry":{"type":"Point","coordinates":[0.04391,51.4805]},"properties":{"name":"Charlton Park","type":"park","website":"https://www.royalgreenwich.gov.uk/directory_record/3763/charlton_park"}},{"type":"Feature","geometry":{"type":"Point","coordinates":[-0.41061,51.40702]},"properties":{"name":"Sunbury Park & Orchard Meadow","type":"park","website":""}},{"type":"Feature","geometry":{"type":"Point","coordinates":[-0.03098,51.4848]},"properties":{"name":"Sayes Court Park","type":"park","website":"https://lewisham.gov.uk/inmyarea/openspaces/parks/sayes-court"}},{"type":"Feature","geometry":{"type":"Point","coordinates":[0.02872,51.5813]},"properties":{"name":"Nightingale Green","type":"park","website":""}},{"type":"Feature","geometry":{"type":"Point","coordinates":[-0.31428,51.42023]},"properties":{"name":"Langdon Park","type":"park","website":""}},{"type":"Feature","geometry":{"type":"Point","coordinates":[-0.09469,51.53587]},"properties":{"name":"Union Square","type":"park","website":""}},{"type":"Feature","geometry":{"type":"Point","coordinates":[-0.09155,51.54509]},"properties":{"name":"Nightingale Park","type":"park","website":""}},{"type":"Feature","geometry":{"type":"Point","coordinates":[-0.41195,51.4095]},"properties":{"name":"Hawke Park","type":"park","website":""}},{"type":"Feature","geometry":{"type":"Point","coordinates":[-0.40566,51.4108]},"properties":{"name":"Hawke Park","type":"park","website":""}},{"type":"Feature","geometry":{"type":"Point","coordinates":[-0.0931,51.51647]},"properties":{"name":"Church Yard of St Mary Aldermanbury","type":"park","website":""}},{"type":"Feature","geometry":{"type":"Point","coordinates":[-0.24831,51.50232]},"properties":{"name":"Wendell Park","type":"park","website":""}},{"type":"Feature","geometry":{"type":"Point","coordinates":[-0.30461,51.46237]},"properties":{"name":"Little Green","type":"park","website":""}},{"type":"Feature","geometry":{"type":"Point","coordinates":[-0.33246,51.50144]},"properties":{"name":"Elthorne Park","type":"park","website":""}},{"type":"Feature","geometry":{"type":"Point","coordinates":[-0.12926,51.42339]},"properties":{"name":"Streatham Memorial Garden","type":"park","website":""}},{"type":"Feature","geometry":{"type":"Point","coordinates":[-0.06384,51.34833]},"properties":{"name":"Clears Croft","type":"park","website":""}},{"type":"Feature","geometry":{"type":"Point","coordinates":[0.01624,51.48022]},"properties":{"name":"Mycenae Gardens","type":"garden","website":"https://mycenaegardens.org.uk/"}},{"type":"Feature","geometry":{"type":"Point","coordinates":[-0.36178,51.40879]},"properties":{"name":"Hurst Park","type":"park","website":""}},{"type":"Feature","geometry":{"type":"Point","coordinates":[-0.04636,51.51778]},"properties":{"name":"Stepney Green Park","type":"park","website":"https://www.towerhamlets.gov.uk/lgnl/leisure_and_culture/parks_and_open_spaces/Stepney_Green_Park.aspx"}},{"type":"Feature","geometry":{"type":"Point","coordinates":[-0.05815,51.35448]},"properties":{"name":"Bramley Bank","type":"nature_reserve","website":"https://www.wildlondon.org.uk/nature-reserves/bramley-bank"}},{"type":"Feature","geometry":{"type":"Point","coordinates":[-0.06851,51.36145]},"properties":{"name":"Coombe Wood","type":"garden","website":""}},{"type":"Feature","geometry":{"type":"Point","coordinates":[-0.05656,51.35697]},"properties":{"name":"Heathfield","type":"park","website":""}},{"type":"Feature","geometry":{"type":"Point","coordinates":[-0.17868,51.39682]},"properties":{"name":"Ravensbury Park","type":"park","website":""}},{"type":"Feature","geometry":{"type":"Point","coordinates":[-0.09771,51.51682]},"properties":{"name":"Postman's Park","type":"park","website":""}},{"type":"Feature","geometry":{"type":"Point","coordinates":[-0.04898,51.48273]},"properties":{"name":"Bridgehouse Meadows","type":"park","website":""}},{"type":"Feature","geometry":{"type":"Point","coordinates":[0.08743,51.57491]},"properties":{"name":"Ilford War Memorial Gardens","type":"park","website":""}},{"type":"Feature","geometry":{"type":"Point","coordinates":[-0.4239,51.38286]},"properties":{"name":"Ashley Park Open Space","type":"park","website":""}},{"type":"Feature","geometry":{"type":"Point","coordinates":[-0.03463,51.37323]},"properties":{"name":"Millers Pond","type":"park","website":""}},{"type":"Feature","geometry":{"type":"Point","coordinates":[-0.02876,51.3649]},"properties":{"name":"Shirley Heath","type":"park","website":""}},{"type":"Feature","geometry":{"type":"Point","coordinates":[0.03505,51.59338]},"properties":{"name":"Oakdale Play Area","type":"park","website":""}},{"type":"Feature","geometry":{"type":"Point","coordinates":[-0.34649,51.38327]},"properties":{"name":"Weston Green","type":"park","website":""}},{"type":"Feature","geometry":{"type":"Point","coordinates":[0.06726,51.57284]},"properties":{"name":"Kitchen Garden","type":"garden","website":""}},{"type":"Feature","geometry":{"type":"Point","coordinates":[0.06772,51.57258]},"properties":{"name":"Rose Garden","type":"garden","website":""}},{"type":"Feature","geometry":{"type":"Point","coordinates":[0.06748,51.5727]},"properties":{"name":"Old English Garden","type":"garden","website":""}},{"type":"Feature","geometry":{"type":"Point","coordinates":[-0.18929,51.65]},"properties":{"name":"New Barnet Reservoir","type":"park","website":""}},{"type":"Feature","geometry":{"type":"Point","coordinates":[-0.00946,51.51494]},"properties":{"name":"Jolly's Green","type":"park","website":""}},{"type":"Feature","geometry":{"type":"Point","coordinates":[-0.32823,51.4454]},"properties":{"name":"Diamond Jubilee Gardens","type":"park","website":""}},{"type":"Feature","geometry":{"type":"Point","coordinates":[-0.09402,51.4321]},"properties":{"name":"Vale Street MUGA","type":"park","website":"https://beta.lambeth.gov.uk/parks/vale-street-muga"}},{"type":"Feature","geometry":{"type":"Point","coordinates":[-0.11786,51.43052]},"properties":{"name":"Valley Road playing fields","type":"park","website":"https://beta.lambeth.gov.uk/parks/valley-road-playing-fields"}},{"type":"Feature","geometry":{"type":"Point","coordinates":[-0.10335,51.42487]},"properties":{"name":"Tivoli Park","type":"park","website":"https://beta.lambeth.gov.uk/parks/tivoli-park"}},{"type":"Feature","geometry":{"type":"Point","coordinates":[-0.10775,51.40784]},"properties":{"name":"Green Lane Sports Ground","type":"park","website":"https://www.croydon.gov.uk/libraries-leisure-and-culture/parks-and-open-spaces/parks-and-playgrounds/parks-and-playgrounds-directory/green-lane-sports-ground"}},{"type":"Feature","geometry":{"type":"Point","coordinates":[-0.10815,51.40177]},"properties":{"name":"Thornton Heath Recreation Ground","type":"park","website":""}},{"type":"Feature","geometry":{"type":"Point","coordinates":[0.05189,51.4699]},"properties":{"name":"Eltham Common","type":"park","website":""}},{"type":"Feature","geometry":{"type":"Point","coordinates":[0.33936,51.28643]},"properties":{"name":"Great Comp Garden","type":"garden","website":"https://greatcompgarden.co.uk/"}},{"type":"Feature","geometry":{"type":"Point","coordinates":[-0.31465,51.38897]},"properties":{"name":"Victoria Park","type":"park","website":""}},{"type":"Feature","geometry":{"type":"Point","coordinates":[-0.07901,51.51024]},"properties":{"name":"Seething Lane Garden","type":"park","website":"https://www.cityoflondon.gov.uk/things-to-do/city-gardens/find-a-garden/seething-lane-garden"}},{"type":"Feature","geometry":{"type":"Point","coordinates":[-0.13438,51.31328]},"properties":{"name":"Chaldon Way Gardens","type":"garden","website":""}},{"type":"Feature","geometry":{"type":"Point","coordinates":[-0.1042,51.29722]},"properties":{"name":"Coulsdon Common","type":"park","website":""}},{"type":"Feature","geometry":{"type":"Point","coordinates":[-0.11297,51.31157]},"properties":{"name":"Dollypers Hill Nature Reserve","type":"nature_reserve","website":""}},{"type":"Feature","geometry":{"type":"Point","coordinates":[-0.137,51.30674]},"properties":{"name":"Farthing Downs","type":"park","website":""}},{"type":"Feature","geometry":{"type":"Point","coordinates":[-0.1287,51.30429]},"properties":{"name":"New Hill","type":"park","website":""}},{"type":"Feature","geometry":{"type":"Point","coordinates":[-0.02093,51.59151]},"properties":{"name":"William Morris Garden","type":"garden","website":""}},{"type":"Feature","geometry":{"type":"Point","coordinates":[0.21567,51.51976]},"properties":{"name":"Spring Farm Park","type":"park","website":""}},{"type":"Feature","geometry":{"type":"Point","coordinates":[-0.15644,51.4482]},"properties":{"name":"Nightingale Square","type":"park","website":""}},{"type":"Feature","geometry":{"type":"Point","coordinates":[0.23667,51.53695]},"properties":{"name":"Bonnetts Wood","type":"park","website":""}},{"type":"Feature","geometry":{"type":"Point","coordinates":[0.22795,51.54865]},"properties":{"name":"Ingrebourne Valley Local Nature Reserve","type":"nature_reserve","website":""}},{"type":"Feature","geometry":{"type":"Point","coordinates":[-0.16096,51.45952]},"properties":{"name":"Worcester Gardens","type":"garden","website":""}},{"type":"Feature","geometry":{"type":"Point","coordinates":[-0.01794,51.50476]},"properties":{"name":"Canada Square Park","type":"park","website":""}},{"type":"Feature","geometry":{"type":"Point","coordinates":[0.2456,51.50768]},"properties":{"name":"Kennington Park","type":"park","website":""}},{"type":"Feature","geometry":{"type":"Point","coordinates":[0.2447,51.52349]},"properties":{"name":"Cely Woods","type":"park","website":""}},{"type":"Feature","geometry":{"type":"Point","coordinates":[-0.03727,51.35635]},"properties":{"name":"Addington Park","type":"park","website":""}},{"type":"Feature","geometry":{"type":"Point","coordinates":[-0.12943,51.52029]},"properties":{"name":"Malet Street Gardens","type":"garden","website":""}},{"type":"Feature","geometry":{"type":"Point","coordinates":[-0.10351,51.43281]},"properties":{"name":"St Luke's Memorial Garden","type":"park","website":""}},{"type":"Feature","geometry":{"type":"Point","coordinates":[-0.08821,51.4826]},"properties":{"name":"Wildflowers","type":"nature_reserve","website":""}},{"type":"Feature","geometry":{"type":"Point","coordinates":[-0.34765,51.38172]},"properties":{"name":"Weston Green","type":"park","website":""}},{"type":"Feature","geometry":{"type":"Point","coordinates":[-0.34743,51.38241]},"properties":{"name":"Weston Green","type":"park","website":""}},{"type":"Feature","geometry":{"type":"Point","coordinates":[-0.34753,51.38088]},"properties":{"name":"Weston Green","type":"park","website":""}},{"type":"Feature","geometry":{"type":"Point","coordinates":[-0.08977,51.50594]},"properties":{"name":"Southwark Cathedral Precinct","type":"garden","website":""}},{"type":"Feature","geometry":{"type":"Point","coordinates":[-0.02038,51.59586]},"properties":{"name":"Aveling Fields","type":"park","website":""}},{"type":"Feature","geometry":{"type":"Point","coordinates":[-0.09713,51.52598]},"properties":{"name":"Dance Square","type":"garden","website":""}},{"type":"Feature","geometry":{"type":"Point","coordinates":[-0.24924,51.43588]},"properties":{"name":"Richardson Evans Memorial Playing Fields","type":"park","website":""}},{"type":"Feature","geometry":{"type":"Point","coordinates":[-0.13504,51.57947]},"properties":{"name":"Shepherds Hill Gardens","type":"park","website":""}},{"type":"Feature","geometry":{"type":"Point","coordinates":[-0.14411,51.61039]},"properties":{"name":"Friern Bridge Open Space","type":"park","website":""}},{"type":"Feature","geometry":{"type":"Point","coordinates":[-0.13929,51.61266]},"properties":{"name":"Millennium Green","type":"park","website":""}},{"type":"Feature","geometry":{"type":"Point","coordinates":[-0.13898,51.61366]},"properties":{"name":"High Road Open Space","type":"park","website":""}},{"type":"Feature","geometry":{"type":"Point","coordinates":[-0.20008,51.44649]},"properties":{"name":"Coronation Gardens","type":"park","website":""}},{"type":"Feature","geometry":{"type":"Point","coordinates":[0.21823,51.44219]},"properties":{"name":"Rose Garden","type":"garden","website":""}},{"type":"Feature","geometry":{"type":"Point","coordinates":[0.21864,51.44286]},"properties":{"name":"Formal Gardens","type":"garden","website":""}},{"type":"Feature","geometry":{"type":"Point","coordinates":[-0.43193,51.40164]},"properties":{"name":"Upper Halliford Green","type":"park","website":""}},{"type":"Feature","geometry":{"type":"Point","coordinates":[-0.44994,51.39575]},"properties":{"name":"Communal Garden","type":"park","website":""}},{"type":"Feature","geometry":{"type":"Point","coordinates":[-0.44891,51.3869]},"properties":{"name":"Point Meadow","type":"park","website":""}},{"type":"Feature","geometry":{"type":"Point","coordinates":[-0.29427,51.39017]},"properties":{"name":"Middle Green","type":"park","website":""}},{"type":"Feature","geometry":{"type":"Point","coordinates":[-0.40167,51.38661]},"properties":{"name":"Fishmore Park","type":"park","website":""}},{"type":"Feature","geometry":{"type":"Point","coordinates":[0.06367,51.50711]},"properties":{"name":"The Green","type":"park","website":""}},{"type":"Feature","geometry":{"type":"Point","coordinates":[-0.15577,51.504]},"properties":{"name":"The Rose Garden","type":"garden","website":""}},{"type":"Feature","geometry":{"type":"Point","coordinates":[-0.1751,51.59557]},"properties":{"name":"Oak Lane Open Space","type":"park","website":""}},{"type":"Feature","geometry":{"type":"Point","coordinates":[-0.02284,51.50179]},"properties":{"name":"Erebus Gardens","type":"park","website":""}},{"type":"Feature","geometry":{"type":"Point","coordinates":[-0.17414,51.50352]},"properties":{"name":"\"Berlin Wall\"","type":"garden","website":""}},{"type":"Feature","geometry":{"type":"Point","coordinates":[-0.15924,51.50301]},"properties":{"name":"Mountbatten Copse","type":"garden","website":""}},{"type":"Feature","geometry":{"type":"Point","coordinates":[-0.15192,51.60119]},"properties":{"name":"Halliwick Recreation Ground","type":"park","website":""}},{"type":"Feature","geometry":{"type":"Point","coordinates":[-0.00765,51.49151]},"properties":{"name":"Manchester Estate Gardens","type":"park","website":"https://londongardenstrust.org/log2022/gardens/Manchester.html"}},{"type":"Feature","geometry":{"type":"Point","coordinates":[-0.02025,51.49849]},"properties":{"name":"Indescon Square","type":"park","website":""}},{"type":"Feature","geometry":{"type":"Point","coordinates":[-0.41353,51.33241]},"properties":{"name":"Cobham Recreation Ground","type":"park","website":""}},{"type":"Feature","geometry":{"type":"Point","coordinates":[0.00397,51.51261]},"properties":{"name":"Bow Creek Ecology Park","type":"park","website":"https://www.visitleevalley.org.uk/bow-creek-and-east-india-dock-basin"}},{"type":"Feature","geometry":{"type":"Point","coordinates":[-0.12773,51.63177]},"properties":{"name":"Southgate Pocket Park","type":"garden","website":""}},{"type":"Feature","geometry":{"type":"Point","coordinates":[-0.09484,51.32439]},"properties":{"name":"Riddlesdown","type":"park","website":""}},{"type":"Feature","geometry":{"type":"Point","coordinates":[-0.07965,51.31893]},"properties":{"name":"Sanderstead to Whyteleafe Countryside Area","type":"nature_reserve","website":""}},{"type":"Feature","geometry":{"type":"Point","coordinates":[-0.07602,51.31176]},"properties":{"name":"Whyteleafe Recreation Ground","type":"park","website":""}},{"type":"Feature","geometry":{"type":"Point","coordinates":[-0.37701,51.35038]},"properties":{"name":"Esher Common","type":"nature_reserve","website":""}},{"type":"Feature","geometry":{"type":"Point","coordinates":[-0.11615,51.52844]},"properties":{"name":"Friedrick Street Garden","type":"park","website":""}},{"type":"Feature","geometry":{"type":"Point","coordinates":[0.07541,51.44829]},"properties":{"name":"Avery Hill Park","type":"park","website":""}},{"type":"Feature","geometry":{"type":"Point","coordinates":[0.07069,51.46488]},"properties":{"name":"Oxleas Meadow","type":"park","website":""}},{"type":"Feature","geometry":{"type":"Point","coordinates":[0.07722,51.47561]},"properties":{"name":"Shrewsbury Park","type":"park","website":""}},{"type":"Feature","geometry":{"type":"Point","coordinates":[0.04241,51.47566]},"properties":{"name":"Hornfair Park","type":"park","website":"https://www.royalgreenwich.gov.uk/directory_record/3774/hornfair_park"}},{"type":"Feature","geometry":{"type":"Point","coordinates":[-0.03843,51.47085]},"properties":{"name":"Brockley Nature Reserve","type":"nature_reserve","website":"https://www.wildlondon.org.uk/reserves/new-cross-gate-cutting"}},{"type":"Feature","geometry":{"type":"Point","coordinates":[-0.02734,51.52295]},"properties":{"name":"Tower Hamlets Cemetery Park","type":"nature_reserve","website":"https://fothcp.org/"}},{"type":"Feature","geometry":{"type":"Point","coordinates":[0.00288,51.55974]},"properties":{"name":"Cathall Green","type":"park","website":""}},{"type":"Feature","geometry":{"type":"Point","coordinates":[-0.09987,51.59117]},"properties":{"name":"Graham Green","type":"park","website":""}},{"type":"Feature","geometry":{"type":"Point","coordinates":[-0.12084,51.45218]},"properties":{"name":"Pencil Park","type":"park","website":""}},{"type":"Feature","geometry":{"type":"Point","coordinates":[-0.12198,51.45027]},"properties":{"name":"Rush Common","type":"park","website":""}},{"type":"Feature","geometry":{"type":"Point","coordinates":[-0.34443,51.50591]},"properties":{"name":"Brent River Park","type":"park","website":""}},{"type":"Feature","geometry":{"type":"Point","coordinates":[-0.34214,51.50345]},"properties":{"name":"St Margaret's Open Space","type":"park","website":""}},{"type":"Feature","geometry":{"type":"Point","coordinates":[0.02916,51.33767]},"properties":{"name":"Leaves Green","type":"park","website":""}},{"type":"Feature","geometry":{"type":"Point","coordinates":[0.0241,51.50772]},"properties":{"name":"Royal Victoria Square","type":"park","website":""}},{"type":"Feature","geometry":{"type":"Point","coordinates":[-0.04791,51.39454]},"properties":{"name":"Elmers End Recreation Ground","type":"park","website":""}},{"type":"Feature","geometry":{"type":"Point","coordinates":[-0.35093,51.37331]},"properties":{"name":"Littleworth Common","type":"park","website":""}},{"type":"Feature","geometry":{"type":"Point","coordinates":[-0.38002,51.50249]},"properties":{"name":"Manor House Grounds (Phoola Walla Park)","type":"park","website":""}},{"type":"Feature","geometry":{"type":"Point","coordinates":[-0.27831,51.40398]},"properties":{"name":"Kingston Road Recreation Ground","type":"park","website":""}},{"type":"Feature","geometry":{"type":"Point","coordinates":[-0.17748,51.49569]},"properties":{"name":"West Lawn","type":"garden","website":""}},{"type":"Feature","geometry":{"type":"Point","coordinates":[-0.32964,51.44677]},"properties":{"name":"Holly Road Garden","type":"park","website":""}},{"type":"Feature","geometry":{"type":"Point","coordinates":[-0.0019,51.50164]},"properties":{"name":"Northern Ecology Area","type":"nature_reserve","website":""}},{"type":"Feature","geometry":{"type":"Point","coordinates":[-0.02287,51.5098]},"properties":{"name":"Pennyfields Park","type":"park","website":""}},{"type":"Feature","geometry":{"type":"Point","coordinates":[0.0425,51.36053]},"properties":{"name":"South Park","type":"park","website":""}},{"type":"Feature","geometry":{"type":"Point","coordinates":[-0.33648,51.37933]},"properties":{"name":"Lynwood Road Recreation Ground","type":"park","website":""}},{"type":"Feature","geometry":{"type":"Point","coordinates":[-0.03242,51.51207]},"properties":{"name":"Rectory Gardens","type":"park","website":""}},{"type":"Feature","geometry":{"type":"Point","coordinates":[0.18528,51.59877]},"properties":{"name":"Rise Park","type":"park","website":""}},{"type":"Feature","geometry":{"type":"Point","coordinates":[-0.37851,51.50544]},"properties":{"name":"Southall Train Crash Memorial Garden","type":"garden","website":""}},{"type":"Feature","geometry":{"type":"Point","coordinates":[-0.25731,51.63928]},"properties":{"name":"Scratchwood Park","type":"park","website":""}},{"type":"Feature","geometry":{"type":"Point","coordinates":[-0.25649,51.63966]},"properties":{"name":"Scratchwood Park","type":"park","website":""}},{"type":"Feature","geometry":{"type":"Point","coordinates":[-0.27864,51.6405]},"properties":{"name":"Deacons Hill Open Space","type":"park","website":""}},{"type":"Feature","geometry":{"type":"Point","coordinates":[-0.29503,51.63874]},"properties":{"name":"Elstree Open Space","type":"park","website":""}},{"type":"Feature","geometry":{"type":"Point","coordinates":[0.16229,51.56963]},"properties":{"name":"Jutsums Park","type":"park","website":""}},{"type":"Feature","geometry":{"type":"Point","coordinates":[-0.2451,51.62669]},"properties":{"name":"Highwood Park","type":"park","website":""}},{"type":"Feature","geometry":{"type":"Point","coordinates":[-0.18651,51.63942]},"properties":{"name":"Wyatts Farm Open Space","type":"park","website":""}},{"type":"Feature","geometry":{"type":"Point","coordinates":[-0.18317,51.63444]},"properties":{"name":"Brook Farm Open Space","type":"park","website":"https://www.theundergroundmap.com/article.html?id=2769"}},{"type":"Feature","geometry":{"type":"Point","coordinates":[-0.13237,51.56605]},"properties":{"name":"Giesbach Road Open Space","type":"park","website":""}},{"type":"Feature","geometry":{"type":"Point","coordinates":[-0.24351,51.58894]},"properties":{"name":"Rushgrove Park","type":"park","website":""}},{"type":"Feature","geometry":{"type":"Point","coordinates":[-0.21957,51.51515]},"properties":{"name":"Westway Garden","type":"park","website":""}},{"type":"Feature","geometry":{"type":"Point","coordinates":[0.31832,51.61003]},"properties":{"name":"King George's Playing Fields","type":"park","website":""}},{"type":"Feature","geometry":{"type":"Point","coordinates":[-0.2376,51.58346]},"properties":{"name":"Malcolm Park","type":"park","website":""}},{"type":"Feature","geometry":{"type":"Point","coordinates":[-0.29887,51.43877]},"properties":{"name":"Sudbrook Park","type":"park","website":""}},{"type":"Feature","geometry":{"type":"Point","coordinates":[-0.46932,51.34549]},"properties":{"name":"Brooklands Community Park","type":"park","website":"https://www.elmbridge.gov.uk/leisure-and-culture/green-spaces/parks-play-areas-and-green-spaces-directory/brooklands-community"}},{"type":"Feature","geometry":{"type":"Point","coordinates":[-0.47451,51.3391]},"properties":{"name":"Byfleet Village Green","type":"park","website":""}},{"type":"Feature","geometry":{"type":"Point","coordinates":[0.06637,51.60095]},"properties":{"name":"Claybury Park","type":"park","website":""}},{"type":"Feature","geometry":{"type":"Point","coordinates":[-0.04722,51.3709]},"properties":{"name":"Shirley Church Recreation Ground","type":"park","website":""}},{"type":"Feature","geometry":{"type":"Point","coordinates":[0.05271,51.46877]},"properties":{"name":"King George's Field","type":"park","website":""}},{"type":"Feature","geometry":{"type":"Point","coordinates":[-0.08565,51.49442]},"properties":{"name":"Bricklayers Arms Roundabout","type":"park","website":""}},{"type":"Feature","geometry":{"type":"Point","coordinates":[-0.30881,51.51691]},"properties":{"name":"Tortoise Green","type":"park","website":""}},{"type":"Feature","geometry":{"type":"Point","coordinates":[-0.01306,51.58026]},"properties":{"name":"Wingfield Park","type":"park","website":""}},{"type":"Feature","geometry":{"type":"Point","coordinates":[-0.09339,51.34375]},"properties":{"name":"Wettern Tree Garden","type":"garden","website":"https://www.croydon.gov.uk/libraries-leisure-and-culture/parks-and-open-spaces/parks-and-playgrounds/parks-and-playgrounds-directory/wettern-tree-garden"}},{"type":"Feature","geometry":{"type":"Point","coordinates":[-0.3419,51.298]},"properties":{"name":"Common Meadow","type":"park","website":""}},{"type":"Feature","geometry":{"type":"Point","coordinates":[-0.31844,51.44295]},"properties":{"name":"King George's Field","type":"park","website":""}},{"type":"Feature","geometry":{"type":"Point","coordinates":[-0.14089,51.4082]},"properties":{"name":"Rowan Road Recreation Ground","type":"park","website":""}},{"type":"Feature","geometry":{"type":"Point","coordinates":[0.21646,51.5654]},"properties":{"name":"Langtons Gardens","type":"garden","website":""}},{"type":"Feature","geometry":{"type":"Point","coordinates":[-0.05888,51.5038]},"properties":{"name":"Wapping Rose Gardens","type":"park","website":""}},{"type":"Feature","geometry":{"type":"Point","coordinates":[-0.04723,51.47741]},"properties":{"name":"Eckington Gardens","type":"park","website":""}},{"type":"Feature","geometry":{"type":"Point","coordinates":[-0.30916,51.422]},"properties":{"name":"Broom Road Recreation Ground","type":"park","website":""}},{"type":"Feature","geometry":{"type":"Point","coordinates":[-0.10636,51.4771]},"properties":{"name":"Dan Leno Gardens","type":"park","website":"https://beta.lambeth.gov.uk/parks/mostyn-olive-morris-dan-leno-gardens"}},{"type":"Feature","geometry":{"type":"Point","coordinates":[-0.03315,51.51447]},"properties":{"name":"Ashpark House Nature Garden","type":"garden","website":""}},{"type":"Feature","geometry":{"type":"Point","coordinates":[0.21928,51.56476]},"properties":{"name":"Queen's Green","type":"park","website":""}},{"type":"Feature","geometry":{"type":"Point","coordinates":[-0.12235,51.29543]},"properties":{"name":"Happy Valley","type":"park","website":""}},{"type":"Feature","geometry":{"type":"Point","coordinates":[-0.11442,51.33088]},"properties":{"name":"The Glade","type":"park","website":""}},{"type":"Feature","geometry":{"type":"Point","coordinates":[-0.17579,51.51345]},"properties":{"name":"Sussex Gardens","type":"garden","website":""}},{"type":"Feature","geometry":{"type":"Point","coordinates":[-0.18099,51.46255]},"properties":{"name":"Petergate Green","type":"park","website":""}},{"type":"Feature","geometry":{"type":"Point","coordinates":[0.16975,51.28049]},"properties":{"name":"Riverhead Parkland","type":"park","website":""}},{"type":"Feature","geometry":{"type":"Point","coordinates":[0.13201,51.50013]},"properties":{"name":"Southmere Park","type":"park","website":""}},{"type":"Feature","geometry":{"type":"Point","coordinates":[0.18295,51.29112]},"properties":{"name":"Sevenoaks Wildlife Reserve","type":"nature_reserve","website":""}},{"type":"Feature","geometry":{"type":"Point","coordinates":[0.2224,51.31283]},"properties":{"name":"Kemsing Down Nature Reserve","type":"nature_reserve","website":""}},{"type":"Feature","geometry":{"type":"Point","coordinates":[-0.23519,51.47162]},"properties":{"name":"Rocks Lane Sports Centre","type":"park","website":"https://rockslane.co.uk/"}},{"type":"Feature","geometry":{"type":"Point","coordinates":[-0.18691,51.40229]},"properties":{"name":"Rose Garden","type":"garden","website":""}},{"type":"Feature","geometry":{"type":"Point","coordinates":[-0.00696,51.58145]},"properties":{"name":"Henry Maynard Junior School Community Garden","type":"garden","website":""}},{"type":"Feature","geometry":{"type":"Point","coordinates":[-0.02867,51.3372]},"properties":{"name":"Frith Wood","type":"nature_reserve","website":""}},{"type":"Feature","geometry":{"type":"Point","coordinates":[-0.09316,51.30703]},"properties":{"name":"Kenley Common","type":"park","website":""}},{"type":"Feature","geometry":{"type":"Point","coordinates":[-0.12032,51.37012]},"properties":{"name":"Waddon Ponds","type":"park","website":""}},{"type":"Feature","geometry":{"type":"Point","coordinates":[0.08544,51.66976]},"properties":{"name":"The Deer Sanctuary","type":"nature_reserve","website":""}},{"type":"Feature","geometry":{"type":"Point","coordinates":[-0.32956,51.54014]},"properties":{"name":"Perivale Wood Local Nature Reserve","type":"nature_reserve","website":"https://selbornesociety.org.uk/perivale-wood/"}},{"type":"Feature","geometry":{"type":"Point","coordinates":[-0.05974,51.52924]},"properties":{"name":"Middleton Green","type":"park","website":""}},{"type":"Feature","geometry":{"type":"Point","coordinates":[-0.11693,51.59985]},"properties":{"name":"Nightingale Gardens","type":"park","website":""}},{"type":"Feature","geometry":{"type":"Point","coordinates":[-0.32877,51.53145]},"properties":{"name":"Perivale East Meadow","type":"park","website":""}},{"type":"Feature","geometry":{"type":"Point","coordinates":[-0.35134,51.53185]},"properties":{"name":"Litten Local Nature Reserve","type":"nature_reserve","website":""}},{"type":"Feature","geometry":{"type":"Point","coordinates":[-0.3617,51.5149]},"properties":{"name":"Dormers Wells Moated Manor","type":"park","website":""}},{"type":"Feature","geometry":{"type":"Point","coordinates":[-0.40582,51.67492]},"properties":{"name":"Callowland Recreation Ground","type":"park","website":""}},{"type":"Feature","geometry":{"type":"Point","coordinates":[0.17539,51.35771]},"properties":{"name":"Lullingstone Country Park","type":"park","website":""}},{"type":"Feature","geometry":{"type":"Point","coordinates":[-0.03539,51.53958]},"properties":{"name":"Old English Garden","type":"garden","website":""}},{"type":"Feature","geometry":{"type":"Point","coordinates":[-0.33535,51.52005]},"properties":{"name":"Cuckoo Park","type":"park","website":""}},{"type":"Feature","geometry":{"type":"Point","coordinates":[-0.38138,51.53828]},"properties":{"name":"Medlar Fields","type":"park","website":""}},{"type":"Feature","geometry":{"type":"Point","coordinates":[-0.28631,51.48593]},"properties":{"name":"Westerly Ware","type":"park","website":""}},{"type":"Feature","geometry":{"type":"Point","coordinates":[-0.36978,51.54456]},"properties":{"name":"Northolt Village Rest Garden","type":"garden","website":""}},{"type":"Feature","geometry":{"type":"Point","coordinates":[-0.38338,51.5479]},"properties":{"name":"Priors Field","type":"park","website":""}},{"type":"Feature","geometry":{"type":"Point","coordinates":[0.16355,51.32304]},"properties":{"name":"Polhill Bank Nature Reserve","type":"nature_reserve","website":""}},{"type":"Feature","geometry":{"type":"Point","coordinates":[-0.39056,51.54009]},"properties":{"name":"Lime Tree Park","type":"park","website":""}},{"type":"Feature","geometry":{"type":"Point","coordinates":[-0.09646,51.43445]},"properties":{"name":"Rose Garden","type":"garden","website":""}},{"type":"Feature","geometry":{"type":"Point","coordinates":[-0.31913,51.52789]},"properties":{"name":"Pitshanger Park","type":"park","website":""}},{"type":"Feature","geometry":{"type":"Point","coordinates":[0.01572,51.55745]},"properties":{"name":"Cann Hall Park","type":"park","website":""}},{"type":"Feature","geometry":{"type":"Point","coordinates":[-0.23285,51.42294]},"properties":{"name":"Italian Garden","type":"garden","website":""}},{"type":"Feature","geometry":{"type":"Point","coordinates":[-0.33049,51.52258]},"properties":{"name":"Castlebar Park","type":"park","website":""}},{"type":"Feature","geometry":{"type":"Point","coordinates":[-0.30588,51.53001]},"properties":{"name":"Brentham Meadows","type":"park","website":""}},{"type":"Feature","geometry":{"type":"Point","coordinates":[-0.45363,51.43476]},"properties":{"name":"Clockhouse Lane Park","type":"park","website":""}},{"type":"Feature","geometry":{"type":"Point","coordinates":[-0.3245,51.54632]},"properties":{"name":"Horsenden Hill Open Space","type":"park","website":""}},{"type":"Feature","geometry":{"type":"Point","coordinates":[0.19879,51.32418]},"properties":{"name":"Fackenden Down Nature Reserve","type":"nature_reserve","website":"https://www.wildlifetrusts.org/reserves/fackenden-down"}},{"type":"Feature","geometry":{"type":"Point","coordinates":[-0.19324,51.48343]},"properties":{"name":"Brompton Park","type":"park","website":""}},{"type":"Feature","geometry":{"type":"Point","coordinates":[-0.36048,51.64436]},"properties":{"name":"Bushey Rose Garden","type":"park","website":""}},{"type":"Feature","geometry":{"type":"Point","coordinates":[-0.22221,51.47585]},"properties":{"name":"Stevenage Park","type":"park","website":""}},{"type":"Feature","geometry":{"type":"Point","coordinates":[-0.15688,51.4877]},"properties":{"name":"Light Horse Court","type":"garden","website":""}},{"type":"Feature","geometry":{"type":"Point","coordinates":[-0.15862,51.48656]},"properties":{"name":"College Court","type":"garden","website":""}},{"type":"Feature","geometry":{"type":"Point","coordinates":[-0.1654,51.48378]},"properties":{"name":"Chelsea Embankment Gardens","type":"garden","website":""}},{"type":"Feature","geometry":{"type":"Point","coordinates":[-0.09022,51.38719]},"properties":{"name":"King George's Field","type":"park","website":""}},{"type":"Feature","geometry":{"type":"Point","coordinates":[-0.09509,51.38151]},"properties":{"name":"St James' Memorial Garden","type":"garden","website":""}},{"type":"Feature","geometry":{"type":"Point","coordinates":[-0.03369,51.67947]},"properties":{"name":"Painters Lane Neighbourhood Park","type":"park","website":""}},{"type":"Feature","geometry":{"type":"Point","coordinates":[-0.10298,51.49935]},"properties":{"name":"Diversity Garden","type":"park","website":""}},{"type":"Feature","geometry":{"type":"Point","coordinates":[0.08794,51.56648]},"properties":{"name":"Vicarage Lane Play Park","type":"park","website":""}},{"type":"Feature","geometry":{"type":"Point","coordinates":[-0.08875,51.54606]},"properties":{"name":"St Paul's Park","type":"park","website":""}},{"type":"Feature","geometry":{"type":"Point","coordinates":[-0.06202,51.42845]},"properties":{"name":"MacColl Gardens","type":"park","website":""}},{"type":"Feature","geometry":{"type":"Point","coordinates":[-0.0641,51.42781]},"properties":{"name":"Baird Gardens","type":"park","website":""}},{"type":"Feature","geometry":{"type":"Point","coordinates":[-0.05629,51.4287]},"properties":{"name":"Kirkdale Green","type":"park","website":""}},{"type":"Feature","geometry":{"type":"Point","coordinates":[-0.02417,51.48007]},"properties":{"name":"Mary Ann Gardens","type":"park","website":""}},{"type":"Feature","geometry":{"type":"Point","coordinates":[-0.02388,51.47892]},"properties":{"name":"Crossfield Open Space","type":"park","website":""}},{"type":"Feature","geometry":{"type":"Point","coordinates":[-0.32397,51.56215]},"properties":{"name":"Elmwood Park","type":"park","website":""}},{"type":"Feature","geometry":{"type":"Point","coordinates":[-0.21354,51.55289]},"properties":{"name":"Mapesbury Dell","type":"park","website":"http://www.mapesbury-dell.org/"}},{"type":"Feature","geometry":{"type":"Point","coordinates":[-0.07338,51.5858]},"properties":{"name":"Sycamore Gardens","type":"garden","website":""}},{"type":"Feature","geometry":{"type":"Point","coordinates":[-0.07089,51.58386]},"properties":{"name":"Page Green Common","type":"park","website":""}},{"type":"Feature","geometry":{"type":"Point","coordinates":[-0.10464,51.39661]},"properties":{"name":"Trumble Gardens","type":"garden","website":""}},{"type":"Feature","geometry":{"type":"Point","coordinates":[-0.05794,51.31673]},"properties":{"name":"Hamsey Green Recreation Ground","type":"park","website":""}},{"type":"Feature","geometry":{"type":"Point","coordinates":[-0.02027,51.47797]},"properties":{"name":"Creekside Discovery Centre","type":"nature_reserve","website":"https://www.creeksidecentre.org.uk/"}},{"type":"Feature","geometry":{"type":"Point","coordinates":[-0.14787,51.52675]},"properties":{"name":"Avenue Gardens","type":"garden","website":""}},{"type":"Feature","geometry":{"type":"Point","coordinates":[-0.08977,51.53723]},"properties":{"name":"Wilton Square","type":"garden","website":"https://www.londongardensonline.org.uk/gardens-online-record.php?ID=ISL094"}},{"type":"Feature","geometry":{"type":"Point","coordinates":[-0.14756,51.50459]},"properties":{"name":"Living Wall","type":"garden","website":""}},{"type":"Feature","geometry":{"type":"Point","coordinates":[-0.05337,51.47731]},"properties":{"name":"Montague Square","type":"park","website":""}},{"type":"Feature","geometry":{"type":"Point","coordinates":[-0.37726,51.52045]},"properties":{"name":"Cranleigh Gardens","type":"park","website":""}},{"type":"Feature","geometry":{"type":"Point","coordinates":[-0.45025,51.38999]},"properties":{"name":"Manor Park","type":"park","website":""}},{"type":"Feature","geometry":{"type":"Point","coordinates":[-0.17145,51.3169]},"properties":{"name":"Lakers Rise Recreation Ground","type":"park","website":""}},{"type":"Feature","geometry":{"type":"Point","coordinates":[-0.18229,51.31209]},"properties":{"name":"Park Downs","type":"park","website":""}},{"type":"Feature","geometry":{"type":"Point","coordinates":[-0.09138,51.53256]},"properties":{"name":"Community Garden","type":"park","website":""}},{"type":"Feature","geometry":{"type":"Point","coordinates":[-0.05721,51.39647]},"properties":{"name":"South Norwood Country Park","type":"park","website":""}},{"type":"Feature","geometry":{"type":"Point","coordinates":[-0.06205,51.40043]},"properties":{"name":"Love Lane Green","type":"park","website":""}},{"type":"Feature","geometry":{"type":"Point","coordinates":[-0.00357,51.69459]},"properties":{"name":"Cornmill Meadows","type":"park","website":""}},{"type":"Feature","geometry":{"type":"Point","coordinates":[0.0914,51.50316]},"properties":{"name":"Gallions Reach Park","type":"park","website":""}},{"type":"Feature","geometry":{"type":"Point","coordinates":[-0.17931,51.44879]},"properties":{"name":"Heathfield Square","type":"park","website":""}},{"type":"Feature","geometry":{"type":"Point","coordinates":[-0.32471,51.44658]},"properties":{"name":"Champions Wharf","type":"park","website":""}},{"type":"Feature","geometry":{"type":"Point","coordinates":[-0.26377,51.49733]},"properties":{"name":"Beaconsfield Gardens","type":"park","website":""}},{"type":"Feature","geometry":{"type":"Point","coordinates":[-0.05444,51.4351]},"properties":{"name":"Albion Millennium Green","type":"park","website":""}},{"type":"Feature","geometry":{"type":"Point","coordinates":[0.28491,51.42231]},"properties":{"name":"Beacon Wood Country Park","type":"park","website":"https://www.kent.gov.uk/leisure_and_culture/countryside_and_coast/parks_and_open_spaces/country_parks/beacon_wood_country_park.aspx"}},{"type":"Feature","geometry":{"type":"Point","coordinates":[-0.3699,51.50965]},"properties":{"name":"Southall Park","type":"park","website":""}},{"type":"Feature","geometry":{"type":"Point","coordinates":[-0.08669,51.61724]},"properties":{"name":"Hollywood Gardens","type":"garden","website":""}},{"type":"Feature","geometry":{"type":"Point","coordinates":[-0.08693,51.61797]},"properties":{"name":"Sunken Garden","type":"garden","website":""}},{"type":"Feature","geometry":{"type":"Point","coordinates":[-0.08938,51.6154]},"properties":{"name":"Tile Kiln Lane Open Space","type":"park","website":""}},{"type":"Feature","geometry":{"type":"Point","coordinates":[0.0471,51.61872]},"properties":{"name":"Roding Valley Community Garden","type":"park","website":""}},{"type":"Feature","geometry":{"type":"Point","coordinates":[-0.47347,51.31281]},"properties":{"name":"The Long Border","type":"garden","website":""}},{"type":"Feature","geometry":{"type":"Point","coordinates":[-0.3558,51.50404]},"properties":{"name":"Three Bridges Park","type":"park","website":""}},{"type":"Feature","geometry":{"type":"Point","coordinates":[-0.3742,51.49862]},"properties":{"name":"Bixley Field","type":"park","website":""}},{"type":"Feature","geometry":{"type":"Point","coordinates":[-0.36845,51.5001]},"properties":{"name":"Canalway Park","type":"park","website":""}},{"type":"Feature","geometry":{"type":"Point","coordinates":[-0.04563,51.33819]},"properties":{"name":"Selsdon Wood","type":"nature_reserve","website":""}},{"type":"Feature","geometry":{"type":"Point","coordinates":[-0.04217,51.32356]},"properties":{"name":"Great Farleigh Green","type":"park","website":""}},{"type":"Feature","geometry":{"type":"Point","coordinates":[-0.05171,51.50238]},"properties":{"name":"Cumberland Wharf","type":"park","website":""}},{"type":"Feature","geometry":{"type":"Point","coordinates":[-0.49286,51.36416]},"properties":{"name":"Sayes Court Open Space","type":"park","website":""}},{"type":"Feature","geometry":{"type":"Point","coordinates":[-0.08246,51.50968]},"properties":{"name":"St Dunstan in the East Church Garden","type":"garden","website":"https://www.cityoflondon.gov.uk/things-to-do/city-gardens/find-a-garden/st-dunstan-in-the-east-church-garden"}},{"type":"Feature","geometry":{"type":"Point","coordinates":[0.08351,51.45597]},"properties":{"name":"Garden of Remembrance","type":"garden","website":""}},{"type":"Feature","geometry":{"type":"Point","coordinates":[-0.29695,51.57458]},"properties":{"name":"Tenterden Sports Ground","type":"park","website":""}},{"type":"Feature","geometry":{"type":"Point","coordinates":[0.04507,51.6319]},"properties":{"name":"Linder's Field Local Nature Reserve","type":"nature_reserve","website":""}},{"type":"Feature","geometry":{"type":"Point","coordinates":[-0.09901,51.51586]},"properties":{"name":"Christchurch Greyfriars Garden","type":"garden","website":""}},{"type":"Feature","geometry":{"type":"Point","coordinates":[-0.30478,51.49522]},"properties":{"name":"Clayponds Recreation Ground","type":"park","website":""}},{"type":"Feature","geometry":{"type":"Point","coordinates":[0.09003,51.43625]},"properties":{"name":"Old Farm Park","type":"park","website":""}},{"type":"Feature","geometry":{"type":"Point","coordinates":[0.04033,51.68869]},"properties":{"name":"Warlies Park","type":"park","website":""}},{"type":"Feature","geometry":{"type":"Point","coordinates":[-0.17546,51.42536]},"properties":{"name":"Atkinson Morley Wing Garden","type":"garden","website":""}},{"type":"Feature","geometry":{"type":"Point","coordinates":[-0.17509,51.42559]},"properties":{"name":"Atkinson Morley Wing Garden","type":"garden","website":""}},{"type":"Feature","geometry":{"type":"Point","coordinates":[-0.17421,51.42616]},"properties":{"name":"St James Wing Chaplaincy Garden","type":"garden","website":""}},{"type":"Feature","geometry":{"type":"Point","coordinates":[-0.17364,51.42723]},"properties":{"name":"Lanesborough Wing Garden","type":"garden","website":""}},{"type":"Feature","geometry":{"type":"Point","coordinates":[-0.05198,51.53448]},"properties":{"name":"Belmont Wharf Canal Club Community Garden","type":"garden","website":""}},{"type":"Feature","geometry":{"type":"Point","coordinates":[-0.06295,51.52005]},"properties":{"name":"Vallance Gardens","type":"park","website":""}},{"type":"Feature","geometry":{"type":"Point","coordinates":[-0.07744,51.54782]},"properties":{"name":"Burder Close Community Space","type":"park","website":""}},{"type":"Feature","geometry":{"type":"Point","coordinates":[-0.15365,51.4043]},"properties":{"name":"Brenley Park","type":"park","website":""}},{"type":"Feature","geometry":{"type":"Point","coordinates":[0.01024,51.5852]},"properties":{"name":"Johnian's","type":"park","website":""}},{"type":"Feature","geometry":{"type":"Point","coordinates":[-0.19141,51.52885]},"properties":{"name":"Quiet Gardens","type":"garden","website":""}},{"type":"Feature","geometry":{"type":"Point","coordinates":[-0.19096,51.52916]},"properties":{"name":"Rose Garden","type":"garden","website":""}},{"type":"Feature","geometry":{"type":"Point","coordinates":[-0.06549,51.52887]},"properties":{"name":"Warner Green","type":"park","website":""}},{"type":"Feature","geometry":{"type":"Point","coordinates":[-0.21482,51.47035]},"properties":{"name":"Fulham Palace","type":"garden","website":"https://www.fulhampalace.org/"}},{"type":"Feature","geometry":{"type":"Point","coordinates":[-0.08188,51.51664]},"properties":{"name":"St Botolph without Bishopsgate Churchyard","type":"garden","website":""}},{"type":"Feature","geometry":{"type":"Point","coordinates":[-0.09226,51.48104]},"properties":{"name":"Addington Square","type":"park","website":""}},{"type":"Feature","geometry":{"type":"Point","coordinates":[-0.42654,51.52226]},"properties":{"name":"Rosedale Park","type":"park","website":""}},{"type":"Feature","geometry":{"type":"Point","coordinates":[-0.42303,51.52055]},"properties":{"name":"Botanic Gardens","type":"park","website":""}},{"type":"Feature","geometry":{"type":"Point","coordinates":[-0.03541,51.51449]},"properties":{"name":"Stonebridge Wharf","type":"park","website":"https://www.towerhamlets.gov.uk/lgnl/leisure_and_culture/parks_and_open_spaces/Parks-directory/Stonebridge-Wharf.aspx"}},{"type":"Feature","geometry":{"type":"Point","coordinates":[-0.24011,51.41659]},"properties":{"name":"Morley Park","type":"park","website":""}},{"type":"Feature","geometry":{"type":"Point","coordinates":[-0.21326,51.50936]},"properties":{"name":"Katherine Square Garden","type":"garden","website":""}},{"type":"Feature","geometry":{"type":"Point","coordinates":[-0.20477,51.43651]},"properties":{"name":"Waterfall Garden","type":"garden","website":""}},{"type":"Feature","geometry":{"type":"Point","coordinates":[-0.27582,51.59202]},"properties":{"name":"Eton Grove Open Space","type":"park","website":""}},{"type":"Feature","geometry":{"type":"Point","coordinates":[-0.51249,51.43849]},"properties":{"name":"Moormede Recreation Ground","type":"park","website":""}},{"type":"Feature","geometry":{"type":"Point","coordinates":[-0.07237,51.557]},"properties":{"name":"West Hackney Recreational","type":"park","website":"https://hackney.gov.uk/west-hackney-recreation-ground"}},{"type":"Feature","geometry":{"type":"Point","coordinates":[0.02743,51.67079]},"properties":{"name":"Beach Hill Park","type":"park","website":""}},{"type":"Feature","geometry":{"type":"Point","coordinates":[-0.42463,51.42732]},"properties":{"name":"King George’s Fields","type":"park","website":""}},{"type":"Feature","geometry":{"type":"Point","coordinates":[-0.17395,51.59062]},"properties":{"name":"East End Road open space","type":"park","website":""}},{"type":"Feature","geometry":{"type":"Point","coordinates":[-0.43601,51.39014]},"properties":{"name":"Bishop Duppas Park","type":"park","website":""}},{"type":"Feature","geometry":{"type":"Point","coordinates":[-0.0901,51.28246]},"properties":{"name":"Queens Park","type":"park","website":""}},{"type":"Feature","geometry":{"type":"Point","coordinates":[-0.49357,51.36976]},"properties":{"name":"Kingthorpe Gardens","type":"park","website":""}},{"type":"Feature","geometry":{"type":"Point","coordinates":[0.27371,51.58246]},"properties":{"name":"Folkes Lane Wood","type":"park","website":""}},{"type":"Feature","geometry":{"type":"Point","coordinates":[0.11184,51.3395]},"properties":{"name":"Pratts Bottom Village Green","type":"park","website":""}},{"type":"Feature","geometry":{"type":"Point","coordinates":[-0.05213,51.43202]},"properties":{"name":"Dacres Wood Nature Reserve","type":"nature_reserve","website":"https://www.dacreswood.org.uk/"}},{"type":"Feature","geometry":{"type":"Point","coordinates":[-0.04736,51.42874]},"properties":{"name":"Grow Mayow Community Garden","type":"garden","website":"http://growmayow.blogspot.co.uk/"}},{"type":"Feature","geometry":{"type":"Point","coordinates":[0.02973,51.455]},"properties":{"name":"Sutcliffe Park","type":"park","website":"https://www.royalgreenwich.gov.uk/directory_record/3791/sutcliffe_park"}},{"type":"Feature","geometry":{"type":"Point","coordinates":[-0.07888,51.3325]},"properties":{"name":"Sanderstead Recreation Ground","type":"park","website":""}},{"type":"Feature","geometry":{"type":"Point","coordinates":[-0.24958,51.53423]},"properties":{"name":"Bramshill Road Open Space","type":"park","website":""}},{"type":"Feature","geometry":{"type":"Point","coordinates":[0.02336,51.54821]},"properties":{"name":"Forest Gate Community Garden","type":"garden","website":""}},{"type":"Feature","geometry":{"type":"Point","coordinates":[-0.12041,51.54641]},"properties":{"name":"Market Road Garden","type":"park","website":""}},{"type":"Feature","geometry":{"type":"Point","coordinates":[-0.06911,51.5128]},"properties":{"name":"Four Seasons Garden","type":"garden","website":""}},{"type":"Feature","geometry":{"type":"Point","coordinates":[0.02629,51.51638]},"properties":{"name":"Ornamental Garden","type":"garden","website":""}},{"type":"Feature","geometry":{"type":"Point","coordinates":[-0.05899,51.34897]},"properties":{"name":"Littleheath Woods","type":"nature_reserve","website":""}},{"type":"Feature","geometry":{"type":"Point","coordinates":[-0.05909,51.35034]},"properties":{"name":"Fallen Oak Field","type":"park","website":""}},{"type":"Feature","geometry":{"type":"Point","coordinates":[0.08201,51.48156]},"properties":{"name":"Plumstead Common","type":"park","website":""}},{"type":"Feature","geometry":{"type":"Point","coordinates":[0.09465,51.48221]},"properties":{"name":"Winns Common","type":"park","website":""}},{"type":"Feature","geometry":{"type":"Point","coordinates":[0.11858,51.45734]},"properties":{"name":"Old English Garden","type":"garden","website":""}},{"type":"Feature","geometry":{"type":"Point","coordinates":[-0.16868,51.49797]},"properties":{"name":"Brompton Square","type":"garden","website":""}},{"type":"Feature","geometry":{"type":"Point","coordinates":[-0.16161,51.32494]},"properties":{"name":"Corrigan Recreation Ground","type":"park","website":""}},{"type":"Feature","geometry":{"type":"Point","coordinates":[0.31302,51.695]},"properties":{"name":"Blackmore Millennium Park","type":"park","website":""}},{"type":"Feature","geometry":{"type":"Point","coordinates":[-0.04719,51.51283]},"properties":{"name":"Albert Gardens","type":"park","website":""}},{"type":"Feature","geometry":{"type":"Point","coordinates":[-0.35206,51.2889]},"properties":{"name":"Fetchham Park","type":"garden","website":""}},{"type":"Feature","geometry":{"type":"Point","coordinates":[-0.38427,51.32569]},"properties":{"name":"Knowle Hill Park","type":"park","website":""}},{"type":"Feature","geometry":{"type":"Point","coordinates":[-0.02349,51.34534]},"properties":{"name":"North Downs Park","type":"park","website":""}},{"type":"Feature","geometry":{"type":"Point","coordinates":[-0.00139,51.4774]},"properties":{"name":"The Old Royal Observatory Garden","type":"garden","website":""}},{"type":"Feature","geometry":{"type":"Point","coordinates":[-0.0458,51.54515]},"properties":{"name":"Build Up Hackney","type":"park","website":"https://www.buildup.org.uk/builduphackney/"}},{"type":"Feature","geometry":{"type":"Point","coordinates":[-0.17449,51.51485]},"properties":{"name":"Talbot Square Gardens","type":"garden","website":""}},{"type":"Feature","geometry":{"type":"Point","coordinates":[-0.02062,51.32442]},"properties":{"name":"Little Farleigh Green","type":"park","website":""}},{"type":"Feature","geometry":{"type":"Point","coordinates":[-0.00939,51.34377]},"properties":{"name":"Addington Vale","type":"park","website":""}},{"type":"Feature","geometry":{"type":"Point","coordinates":[-0.19673,51.54966]},"properties":{"name":"Sumatra Road Open Space","type":"park","website":""}},{"type":"Feature","geometry":{"type":"Point","coordinates":[0.13004,51.45548]},"properties":{"name":"Red House","type":"garden","website":""}},{"type":"Feature","geometry":{"type":"Point","coordinates":[-0.04289,51.51943]},"properties":{"name":"Trafalgar Gardens","type":"park","website":""}},{"type":"Feature","geometry":{"type":"Point","coordinates":[-0.04466,51.51919]},"properties":{"name":"Rectory Square","type":"park","website":""}},{"type":"Feature","geometry":{"type":"Point","coordinates":[-0.32435,51.42745]},"properties":{"name":"Udney Hall Gardens","type":"park","website":"https://www.richmond.gov.uk/services/parks_and_open_spaces/find_a_park/udney_hall_gardens"}},{"type":"Feature","geometry":{"type":"Point","coordinates":[-0.06395,51.47548]},"properties":{"name":"Goldsmith Nature Garden","type":"nature_reserve","website":""}},{"type":"Feature","geometry":{"type":"Point","coordinates":[-0.25964,51.47007]},"properties":{"name":"Dovecote Gardens","type":"park","website":""}},{"type":"Feature","geometry":{"type":"Point","coordinates":[-0.17982,51.46795]},"properties":{"name":"Price's Park","type":"park","website":""}},{"type":"Feature","geometry":{"type":"Point","coordinates":[-0.28255,51.55898]},"properties":{"name":"The Paul Daisley Garden","type":"garden","website":""}},{"type":"Feature","geometry":{"type":"Point","coordinates":[0.01899,51.58334]},"properties":{"name":"Royal British Legion Memorial Gardens","type":"garden","website":""}},{"type":"Feature","geometry":{"type":"Point","coordinates":[-0.23145,51.41531]},"properties":{"name":"Holland Garden","type":"park","website":""}},{"type":"Feature","geometry":{"type":"Point","coordinates":[-0.47477,51.32034]},"properties":{"name":"Heather Collection","type":"garden","website":""}},{"type":"Feature","geometry":{"type":"Point","coordinates":[-0.47386,51.31816]},"properties":{"name":"Pinetum","type":"garden","website":""}},{"type":"Feature","geometry":{"type":"Point","coordinates":[-0.4752,51.32125]},"properties":{"name":"Bug Garden","type":"garden","website":""}},{"type":"Feature","geometry":{"type":"Point","coordinates":[-0.36091,51.31613]},"properties":{"name":"Woodlands Park","type":"park","website":""}},{"type":"Feature","geometry":{"type":"Point","coordinates":[-0.14194,51.60758]},"properties":{"name":"Hollickwood Park","type":"park","website":""}},{"type":"Feature","geometry":{"type":"Point","coordinates":[-0.11902,51.48462]},"properties":{"name":"Harleyford Road Community Garden","type":"garden","website":""}},{"type":"Feature","geometry":{"type":"Point","coordinates":[-0.07984,51.51624]},"properties":{"name":"Jubilee Gardens","type":"garden","website":""}},{"type":"Feature","geometry":{"type":"Point","coordinates":[-0.01169,51.48068]},"properties":{"name":"St Alfege Park","type":"park","website":"https://www.royalgreenwich.gov.uk/directory_record/3788/st_alfege_park_next_to_st_alfege_church"}},{"type":"Feature","geometry":{"type":"Point","coordinates":[-0.00112,51.47358]},"properties":{"name":"The Rose Garden","type":"garden","website":""}},{"type":"Feature","geometry":{"type":"Point","coordinates":[-0.02715,51.5185]},"properties":{"name":"Diamond Gardens","type":"park","website":""}},{"type":"Feature","geometry":{"type":"Point","coordinates":[-0.06085,51.43512]},"properties":{"name":"Baxters Field","type":"park","website":""}},{"type":"Feature","geometry":{"type":"Point","coordinates":[-0.04989,51.44546]},"properties":{"name":"Devonshire Road Nature Reserve","type":"nature_reserve","website":""}},{"type":"Feature","geometry":{"type":"Point","coordinates":[-0.114,51.48211]},"properties":{"name":"Hanover Gardens","type":"garden","website":""}},{"type":"Feature","geometry":{"type":"Point","coordinates":[-0.08447,51.42262]},"properties":{"name":"Becondale Road Open Space","type":"park","website":"https://beta.lambeth.gov.uk/parks/becondale-road-open-space"}},{"type":"Feature","geometry":{"type":"Point","coordinates":[-0.05895,51.43841]},"properties":{"name":"Grassmount Roundabout","type":"garden","website":""}},{"type":"Feature","geometry":{"type":"Point","coordinates":[-0.11603,51.60622]},"properties":{"name":"Bowes Park Community Garden","type":"park","website":""}},{"type":"Feature","geometry":{"type":"Point","coordinates":[-0.32726,51.28232]},"properties":{"name":"Givons Grove Roundabout","type":"garden","website":""}},{"type":"Feature","geometry":{"type":"Point","coordinates":[0.31978,51.6326]},"properties":{"name":"Butterfly Meadow","type":"nature_reserve","website":""}},{"type":"Feature","geometry":{"type":"Point","coordinates":[-0.19462,51.46159]},"properties":{"name":"The Spit","type":"park","website":""}},{"type":"Feature","geometry":{"type":"Point","coordinates":[-0.07328,51.40031]},"properties":{"name":"Sensible Garden","type":"garden","website":""}},{"type":"Feature","geometry":{"type":"Point","coordinates":[-0.21497,51.4701]},"properties":{"name":"Main Lawn","type":"park","website":""}},{"type":"Feature","geometry":{"type":"Point","coordinates":[-0.11896,51.46159]},"properties":{"name":"Trinity Gardens","type":"park","website":"https://beta.lambeth.gov.uk/parks/trinity-gardens"}},{"type":"Feature","geometry":{"type":"Point","coordinates":[-0.21593,51.46973]},"properties":{"name":"Bishop's Meadow","type":"park","website":""}},{"type":"Feature","geometry":{"type":"Point","coordinates":[-0.01029,51.36753]},"properties":{"name":"Sparrows Den","type":"park","website":""}},{"type":"Feature","geometry":{"type":"Point","coordinates":[-0.01699,51.36649]},"properties":{"name":"Spring Park","type":"park","website":""}},{"type":"Feature","geometry":{"type":"Point","coordinates":[-0.31242,51.64848]},"properties":{"name":"Aldenham Country Park","type":"park","website":"https://aldenhamcountrypark.co.uk/"}},{"type":"Feature","geometry":{"type":"Point","coordinates":[-0.02623,51.55317]},"properties":{"name":"South Marsh","type":"park","website":""}},{"type":"Feature","geometry":{"type":"Point","coordinates":[-0.03169,51.55765]},"properties":{"name":"North Marsh","type":"park","website":""}},{"type":"Feature","geometry":{"type":"Point","coordinates":[-0.03289,51.53041]},"properties":{"name":"Selwyn Green","type":"park","website":"https://www.towerhamlets.gov.uk/lgnl/leisure_and_culture/parks_and_open_spaces/Parks-directory/Selwyn-Green.aspx"}},{"type":"Feature","geometry":{"type":"Point","coordinates":[-0.09246,51.46688]},"properties":{"name":"Ruskin Park Fruit and Veg Garden","type":"garden","website":""}},{"type":"Feature","geometry":{"type":"Point","coordinates":[-0.09324,51.46667]},"properties":{"name":"Wildlife Garden","type":"nature_reserve","website":""}},{"type":"Feature","geometry":{"type":"Point","coordinates":[-0.09255,51.51731]},"properties":{"name":"Brewers' Hall Garden","type":"garden","website":""}},{"type":"Feature","geometry":{"type":"Point","coordinates":[-0.09017,51.517]},"properties":{"name":"Girdlers' Garden","type":"garden","website":""}},{"type":"Feature","geometry":{"type":"Point","coordinates":[-0.11608,51.48136]},"properties":{"name":"Claylands Road Open Space","type":"park","website":"https://beta.lambeth.gov.uk/parks/claylands-green"}},{"type":"Feature","geometry":{"type":"Point","coordinates":[-0.13808,51.449]},"properties":{"name":"Agnes Riley Gardens","type":"park","website":"https://www.lambeth.gov.uk/parks/agnes-riley-gardens"}},{"type":"Feature","geometry":{"type":"Point","coordinates":[0.22937,51.30598]},"properties":{"name":"St Edith's Well","type":"park","website":""}},{"type":"Feature","geometry":{"type":"Point","coordinates":[-0.29022,51.45536]},"properties":{"name":"Grove Road Gardens","type":"park","website":""}},{"type":"Feature","geometry":{"type":"Point","coordinates":[-0.09119,51.52373]},"properties":{"name":"Quaker Court","type":"garden","website":""}},{"type":"Feature","geometry":{"type":"Point","coordinates":[-0.16004,51.50249]},"properties":{"name":"Roseberry Garden","type":"garden","website":""}},{"type":"Feature","geometry":{"type":"Point","coordinates":[-0.2125,51.47253]},"properties":{"name":"Moat Garden","type":"garden","website":""}},{"type":"Feature","geometry":{"type":"Point","coordinates":[-0.10572,51.46532]},"properties":{"name":"Wyck Gardens","type":"park","website":"https://beta.lambeth.gov.uk/parks/wyck-gardens"}},{"type":"Feature","geometry":{"type":"Point","coordinates":[-0.09395,51.46436]},"properties":{"name":"Ruskin Park","type":"park","website":"https://beta.lambeth.gov.uk/parks/ruskin-park"}},{"type":"Feature","geometry":{"type":"Point","coordinates":[-0.07724,51.4203]},"properties":{"name":"Jubilee Gardens","type":"garden","website":""}},{"type":"Feature","geometry":{"type":"Point","coordinates":[-0.4762,51.57062]},"properties":{"name":"Harefield Place Nature Reserve","type":"nature_reserve","website":""}},{"type":"Feature","geometry":{"type":"Point","coordinates":[0.03737,51.48028]},"properties":{"name":"Amnesty International Peace Garden","type":"garden","website":""}},{"type":"Feature","geometry":{"type":"Point","coordinates":[0.03744,51.47999]},"properties":{"name":"Pond Garden","type":"garden","website":""}},{"type":"Feature","geometry":{"type":"Point","coordinates":[-0.07901,51.64414]},"properties":{"name":"Riverside Park","type":"park","website":""}},{"type":"Feature","geometry":{"type":"Point","coordinates":[0.17681,51.30974]},"properties":{"name":"Telston Park","type":"park","website":""}},{"type":"Feature","geometry":{"type":"Point","coordinates":[-0.05917,51.63484]},"properties":{"name":"Jubilee Park","type":"park","website":""}},{"type":"Feature","geometry":{"type":"Point","coordinates":[-0.06073,51.63988]},"properties":{"name":"Lee Road Open Space","type":"park","website":""}},{"type":"Feature","geometry":{"type":"Point","coordinates":[-0.1868,51.56833]},"properties":{"name":"Golders Hill Park Walled Garden","type":"garden","website":""}},{"type":"Feature","geometry":{"type":"Point","coordinates":[-0.0741,51.53265]},"properties":{"name":"St Mary's Secret Garden","type":"garden","website":"https://www.stmaryssecretgarden.org.uk/"}},{"type":"Feature","geometry":{"type":"Point","coordinates":[-0.05171,51.50793]},"properties":{"name":"Brussels Wharf","type":"park","website":""}},{"type":"Feature","geometry":{"type":"Point","coordinates":[-0.17964,51.46857]},"properties":{"name":"Bridges Wharf Gardens","type":"garden","website":""}},{"type":"Feature","geometry":{"type":"Point","coordinates":[-0.02021,51.38118]},"properties":{"name":"Blake Park Recreation Ground","type":"park","website":""}},{"type":"Feature","geometry":{"type":"Point","coordinates":[-0.03934,51.37885]},"properties":{"name":"Parkfields Recreation Ground","type":"park","website":""}},{"type":"Feature","geometry":{"type":"Point","coordinates":[0.19324,51.60696]},"properties":{"name":"Bedfords Park","type":"park","website":""}},{"type":"Feature","geometry":{"type":"Point","coordinates":[0.07082,51.49452]},"properties":{"name":"James Clavell Square","type":"park","website":"https://www.hmdb.org/m.asp?m=118539"}},{"type":"Feature","geometry":{"type":"Point","coordinates":[-0.35262,51.49086]},"properties":{"name":"Tudor Walled Garden","type":"garden","website":""}},{"type":"Feature","geometry":{"type":"Point","coordinates":[0.13346,51.48972]},"properties":{"name":"Lesnes Abbey Wood Recreation Ground","type":"park","website":""}},{"type":"Feature","geometry":{"type":"Point","coordinates":[-0.33781,51.40565]},"properties":{"name":"The Tilt Yard","type":"garden","website":""}},{"type":"Feature","geometry":{"type":"Point","coordinates":[-0.30596,51.45771]},"properties":{"name":"Bridge House Gardens","type":"park","website":"https://www.richmond.gov.uk/services/parks_and_open_spaces/find_a_park/bridge_house_gardens"}},{"type":"Feature","geometry":{"type":"Point","coordinates":[-0.20746,51.46391]},"properties":{"name":"Wandsworth Park River Terrace","type":"garden","website":""}},{"type":"Feature","geometry":{"type":"Point","coordinates":[-0.2886,51.45946]},"properties":{"name":"Pesthouse Common","type":"park","website":""}},{"type":"Feature","geometry":{"type":"Point","coordinates":[-0.10912,51.44977]},"properties":{"name":"Brockwell Park Walled Garden","type":"garden","website":""}},{"type":"Feature","geometry":{"type":"Point","coordinates":[-0.21276,51.47412]},"properties":{"name":"Colehill Gardens","type":"garden","website":""}},{"type":"Feature","geometry":{"type":"Point","coordinates":[-0.05439,51.54149]},"properties":{"name":"St Thomas's Recreation Ground","type":"park","website":""}},{"type":"Feature","geometry":{"type":"Point","coordinates":[-0.14963,51.47071]},"properties":{"name":"Queenstown Green","type":"park","website":""}},{"type":"Feature","geometry":{"type":"Point","coordinates":[-0.42566,51.52399]},"properties":{"name":"Park Road Green","type":"park","website":""}},{"type":"Feature","geometry":{"type":"Point","coordinates":[-0.09041,51.6535]},"properties":{"name":"Livia's Memorial Garden","type":"garden","website":""}},{"type":"Feature","geometry":{"type":"Point","coordinates":[-0.35326,51.49067]},"properties":{"name":"Mrs Child's Flower Garden","type":"garden","website":""}},{"type":"Feature","geometry":{"type":"Point","coordinates":[-0.35324,51.4915]},"properties":{"name":"Winter Garden","type":"garden","website":""}},{"type":"Feature","geometry":{"type":"Point","coordinates":[-0.35271,51.48997]},"properties":{"name":"Dickie's Border","type":"garden","website":""}},{"type":"Feature","geometry":{"type":"Point","coordinates":[-0.03453,51.55098]},"properties":{"name":"All-Mead Gardens","type":"park","website":""}},{"type":"Feature","geometry":{"type":"Point","coordinates":[-0.11548,51.50516]},"properties":{"name":"The Whitehouse Garden","type":"garden","website":""}},{"type":"Feature","geometry":{"type":"Point","coordinates":[-0.34199,51.50235]},"properties":{"name":"Trumpers Field","type":"park","website":""}},{"type":"Feature","geometry":{"type":"Point","coordinates":[-0.34913,51.50401]},"properties":{"name":"Jubilee Meadow and Blackberry Corner","type":"park","website":""}},{"type":"Feature","geometry":{"type":"Point","coordinates":[-0.33328,51.49851]},"properties":{"name":"Elthorne Waterside (Elthorne Rough)","type":"park","website":""}},{"type":"Feature","geometry":{"type":"Point","coordinates":[-0.07751,51.50367]},"properties":{"name":"Podium Garden","type":"garden","website":""}},{"type":"Feature","geometry":{"type":"Point","coordinates":[-0.38031,51.52355]},"properties":{"name":"Willow Tree Open Space","type":"park","website":""}},{"type":"Feature","geometry":{"type":"Point","coordinates":[-0.12881,51.56188]},"properties":{"name":"Whittington Park","type":"park","website":""}},{"type":"Feature","geometry":{"type":"Point","coordinates":[-0.02327,51.54461]},"properties":{"name":"Canal Park","type":"park","website":"https://www.queenelizabetholympicpark.co.uk/the-park/attractions/canal-park"}},{"type":"Feature","geometry":{"type":"Point","coordinates":[-0.02387,51.54594]},"properties":{"name":"Canal Park (North)","type":"park","website":""}},{"type":"Feature","geometry":{"type":"Point","coordinates":[-0.2349,51.52622]},"properties":{"name":"Mary Seacole Memorial Park","type":"park","website":""}},{"type":"Feature","geometry":{"type":"Point","coordinates":[0.07367,51.34968]},"properties":{"name":"Tennis Courts (former)","type":"garden","website":""}},{"type":"Feature","geometry":{"type":"Point","coordinates":[-0.12896,51.48474]},"properties":{"name":"Riverside Gardens","type":"park","website":""}},{"type":"Feature","geometry":{"type":"Point","coordinates":[-0.10989,51.49666]},"properties":{"name":"World Garden","type":"garden","website":""}},{"type":"Feature","geometry":{"type":"Point","coordinates":[-0.20456,51.50308]},"properties":{"name":"Kyoto Garden","type":"garden","website":""}},{"type":"Feature","geometry":{"type":"Point","coordinates":[0.00721,51.56644]},"properties":{"name":"Church Lane Community Garden","type":"garden","website":"https://www.transitionleytonstone.org.uk/church-lane-community-garden"}},{"type":"Feature","geometry":{"type":"Point","coordinates":[-0.01165,51.5105]},"properties":{"name":"All Saints Church","type":"park","website":""}},{"type":"Feature","geometry":{"type":"Point","coordinates":[0.09956,51.47718]},"properties":{"name":"Rockliffe Gardens","type":"park","website":""}},{"type":"Feature","geometry":{"type":"Point","coordinates":[-0.11543,51.40928]},"properties":{"name":"Manor Farm Nature Reserve","type":"nature_reserve","website":""}},{"type":"Feature","geometry":{"type":"Point","coordinates":[-0.1062,51.40058]},"properties":{"name":"Thornton Heath Rec Community Garden","type":"garden","website":""}},{"type":"Feature","geometry":{"type":"Point","coordinates":[-0.24751,51.47321]},"properties":{"name":"Sun Square","type":"park","website":""}},{"type":"Feature","geometry":{"type":"Point","coordinates":[0.0977,51.38069]},"properties":{"name":"Broomhill Common","type":"park","website":"https://www.bromley.gov.uk/directory-record/921/broomhill-common"}},{"type":"Feature","geometry":{"type":"Point","coordinates":[-0.17039,51.47037]},"properties":{"name":"Christchurch Gardens","type":"garden","website":"https://www.wandsworth.gov.uk/leisure-and-culture/parks-and-open-spaces/parks/christchurch-gardens/"}},{"type":"Feature","geometry":{"type":"Point","coordinates":[-0.19446,51.45302]},"properties":{"name":"Rose Garden","type":"garden","website":""}},{"type":"Feature","geometry":{"type":"Point","coordinates":[-0.10287,51.49536]},"properties":{"name":"Elliott's Row Pocket Park","type":"park","website":"https://www.pocketpark.org.uk/elliottsrow/"}},{"type":"Feature","geometry":{"type":"Point","coordinates":[0.32842,51.47129]},"properties":{"name":"Grays Beach Riverside Park","type":"park","website":""}},{"type":"Feature","geometry":{"type":"Point","coordinates":[0.09383,51.37882]},"properties":{"name":"Broxbourne Gardens","type":"park","website":""}},{"type":"Feature","geometry":{"type":"Point","coordinates":[-0.36583,51.44189]},"properties":{"name":"Crane Park","type":"park","website":""}},{"type":"Feature","geometry":{"type":"Point","coordinates":[-0.15359,51.48138]},"properties":{"name":"Main Garden","type":"garden","website":""}},{"type":"Feature","geometry":{"type":"Point","coordinates":[-0.12022,51.48428]},"properties":{"name":"Bonnington Gardens","type":"park","website":""}},{"type":"Feature","geometry":{"type":"Point","coordinates":[-0.14508,51.54303]},"properties":{"name":"Castlehaven Community Park","type":"park","website":""}},{"type":"Feature","geometry":{"type":"Point","coordinates":[-0.12522,51.53815]},"properties":{"name":"Lewis Cubitt Park","type":"park","website":""}},{"type":"Feature","geometry":{"type":"Point","coordinates":[-0.12485,51.49806]},"properties":{"name":"Black Rod's Garden","type":"garden","website":""}},{"type":"Feature","geometry":{"type":"Point","coordinates":[0.01996,51.47773]},"properties":{"name":"Batley Park","type":"park","website":""}},{"type":"Feature","geometry":{"type":"Point","coordinates":[-0.1397,51.54359]},"properties":{"name":"College Gardens","type":"park","website":"https://www.camden.gov.uk/"}},{"type":"Feature","geometry":{"type":"Point","coordinates":[-0.08481,51.51672]},"properties":{"name":"All Hallows London Wall","type":"garden","website":""}},{"type":"Feature","geometry":{"type":"Point","coordinates":[-0.19648,51.41271]},"properties":{"name":"Railway Path","type":"nature_reserve","website":""}},{"type":"Feature","geometry":{"type":"Point","coordinates":[-0.19207,51.41338]},"properties":{"name":"Nelson Gardens","type":"park","website":""}},{"type":"Feature","geometry":{"type":"Point","coordinates":[-0.19628,51.53447]},"properties":{"name":"Ely Court","type":"park","website":""}},{"type":"Feature","geometry":{"type":"Point","coordinates":[-0.19096,51.5336]},"properties":{"name":"Forty Tree Green","type":"park","website":""}},{"type":"Feature","geometry":{"type":"Point","coordinates":[-0.11169,51.48586]},"properties":{"name":"Kennington Green","type":"park","website":"https://www.lambeth.gov.uk/parks/kennington-green"}},{"type":"Feature","geometry":{"type":"Point","coordinates":[-0.0032,51.51903]},"properties":{"name":"Cody Dock","type":"park","website":"https://codydock.org.uk/"}},{"type":"Feature","geometry":{"type":"Point","coordinates":[-0.00287,51.51855]},"properties":{"name":"Sensory garden","type":"garden","website":""}},{"type":"Feature","geometry":{"type":"Point","coordinates":[-0.00374,51.67179]},"properties":{"name":"Gunpowder Park","type":"park","website":""}},{"type":"Feature","geometry":{"type":"Point","coordinates":[-0.0759,51.29777]},"properties":{"name":"Manor Park","type":"park","website":""}},{"type":"Feature","geometry":{"type":"Point","coordinates":[-0.03267,51.3137]},"properties":{"name":"Chelsham Common","type":"park","website":""}},{"type":"Feature","geometry":{"type":"Point","coordinates":[-0.31131,51.41116]},"properties":{"name":"Hampton Wick Memorial Garden","type":"garden","website":""}},{"type":"Feature","geometry":{"type":"Point","coordinates":[-0.18238,51.53295]},"properties":{"name":"Violet Hill Park","type":"park","website":""}},{"type":"Feature","geometry":{"type":"Point","coordinates":[-0.09714,51.5125]},"properties":{"name":"Distaff Lane Garden","type":"garden","website":"https://www.cityoflondon.gov.uk/things-to-do/city-gardens/find-a-garden/distaff-lane-garden"}},{"type":"Feature","geometry":{"type":"Point","coordinates":[-0.06256,51.44127]},"properties":{"name":"Display garden","type":"garden","website":""}},{"type":"Feature","geometry":{"type":"Point","coordinates":[-0.0781,51.50416]},"properties":{"name":"Potters Fields Park","type":"park","website":""}},{"type":"Feature","geometry":{"type":"Point","coordinates":[-0.13221,51.51529]},"properties":{"name":"Soho Square Gardens","type":"park","website":"https://www.westminster.gov.uk/parks-and-open-spaces/soho-square-gardens"}},{"type":"Feature","geometry":{"type":"Point","coordinates":[-0.17032,51.32725]},"properties":{"name":"Woodmansterne Community Garden","type":"garden","website":""}},{"type":"Feature","geometry":{"type":"Point","coordinates":[-0.17209,51.32498]},"properties":{"name":"Woodmansterne Recreation Ground - The Park","type":"park","website":""}},{"type":"Feature","geometry":{"type":"Point","coordinates":[-0.36673,51.37884]},"properties":{"name":"Lower Green","type":"park","website":""}},{"type":"Feature","geometry":{"type":"Point","coordinates":[-0.04372,51.56555]},"properties":{"name":"Leyton Marsh","type":"park","website":""}},{"type":"Feature","geometry":{"type":"Point","coordinates":[-0.04179,51.56071]},"properties":{"name":"Middlesex Filter Beds Nature Reserve","type":"nature_reserve","website":""}},{"type":"Feature","geometry":{"type":"Point","coordinates":[-0.03715,51.56326]},"properties":{"name":"WaterWorks Centre Nature Reserve","type":"nature_reserve","website":"https://www.visitleevalley.org.uk/waterworks"}},{"type":"Feature","geometry":{"type":"Point","coordinates":[-0.16305,51.50741]},"properties":{"name":"Hyde Park","type":"park","website":""}},{"type":"Feature","geometry":{"type":"Point","coordinates":[-0.17236,51.66078]},"properties":{"name":"Covert Way LNR","type":"nature_reserve","website":""}},{"type":"Feature","geometry":{"type":"Point","coordinates":[-0.13442,51.50311]},"properties":{"name":"St. James's Park","type":"park","website":""}},{"type":"Feature","geometry":{"type":"Point","coordinates":[-0.10126,51.51225]},"properties":{"name":"St Andrew by the Wardrobe Garden","type":"garden","website":""}},{"type":"Feature","geometry":{"type":"Point","coordinates":[-0.30638,51.37387]},"properties":{"name":"Hook Leisure Gardens","type":"park","website":""}},{"type":"Feature","geometry":{"type":"Point","coordinates":[-0.31661,51.36148]},"properties":{"name":"Merritt Gardens Park","type":"park","website":""}},{"type":"Feature","geometry":{"type":"Point","coordinates":[-0.03986,51.58064]},"properties":{"name":"Coppermill Park and Gardens","type":"park","website":""}},{"type":"Feature","geometry":{"type":"Point","coordinates":[-0.03861,51.49114]},"properties":{"name":"Podium Garden","type":"park","website":""}},{"type":"Feature","geometry":{"type":"Point","coordinates":[-0.03823,51.49036]},"properties":{"name":"Podium Garden","type":"park","website":""}},{"type":"Feature","geometry":{"type":"Point","coordinates":[-0.03639,51.49125]},"properties":{"name":"Mary Rose Square","type":"park","website":""}},{"type":"Feature","geometry":{"type":"Point","coordinates":[0.01203,51.49684]},"properties":{"name":"Reminder Gardens","type":"park","website":""}},{"type":"Feature","geometry":{"type":"Point","coordinates":[-0.03206,51.48124]},"properties":{"name":"Evelyn Green","type":"park","website":"https://lewisham.gov.uk/inmyarea/openspaces/parks/evelyn-green"}},{"type":"Feature","geometry":{"type":"Point","coordinates":[0.00467,51.51423]},"properties":{"name":"Essex Wharf","type":"park","website":""}},{"type":"Feature","geometry":{"type":"Point","coordinates":[0.1066,51.35998]},"properties":{"name":"The Green","type":"park","website":""}},{"type":"Feature","geometry":{"type":"Point","coordinates":[0.01103,51.49572]},"properties":{"name":"Central Park","type":"park","website":""}},{"type":"Feature","geometry":{"type":"Point","coordinates":[-0.26354,51.33246]},"properties":{"name":"Dullshot Green Park","type":"park","website":""}},{"type":"Feature","geometry":{"type":"Point","coordinates":[-0.29334,51.6928]},"properties":{"name":"Grace Avenue Public Open space","type":"park","website":""}},{"type":"Feature","geometry":{"type":"Point","coordinates":[-0.42083,51.32979]},"properties":{"name":"Walled Garden","type":"garden","website":""}},{"type":"Feature","geometry":{"type":"Point","coordinates":[-0.02747,51.4691]},"properties":{"name":"Borough of Deptford Memorial Gardens","type":"park","website":""}},{"type":"Feature","geometry":{"type":"Point","coordinates":[-0.02949,51.47064]},"properties":{"name":"Borough of Deptford Memorial Gardens","type":"park","website":""}},{"type":"Feature","geometry":{"type":"Point","coordinates":[-0.02869,51.47002]},"properties":{"name":"Borough of Deptford Memorial Gardens","type":"park","website":""}},{"type":"Feature","geometry":{"type":"Point","coordinates":[-0.22962,51.3278]},"properties":{"name":"The Humps","type":"park","website":""}},{"type":"Feature","geometry":{"type":"Point","coordinates":[-0.23077,51.30345]},"properties":{"name":"Preston Park","type":"park","website":""}},{"type":"Feature","geometry":{"type":"Point","coordinates":[-0.13839,51.51913]},"properties":{"name":"Pearson Square","type":"park","website":""}},{"type":"Feature","geometry":{"type":"Point","coordinates":[0.07448,51.53996]},"properties":{"name":"Quaker Burial Ground","type":"park","website":""}},{"type":"Feature","geometry":{"type":"Point","coordinates":[-0.28014,51.39074]},"properties":{"name":"Berrylands Park","type":"park","website":""}},{"type":"Feature","geometry":{"type":"Point","coordinates":[-0.44515,51.38397]},"properties":{"name":"Hersham Football Club","type":"park","website":""}},{"type":"Feature","geometry":{"type":"Point","coordinates":[-0.33772,51.39937]},"properties":{"name":"Albany Reach Park","type":"park","website":""}},{"type":"Feature","geometry":{"type":"Point","coordinates":[-0.3516,51.40998]},"properties":{"name":"Terrace Gardens","type":"park","website":""}},{"type":"Feature","geometry":{"type":"Point","coordinates":[-0.02301,51.47315]},"properties":{"name":"Broadway Fields","type":"park","website":""}},{"type":"Feature","geometry":{"type":"Point","coordinates":[-0.43171,51.39818]},"properties":{"name":"Donkey Meadow","type":"park","website":"https://www.spelthorne.gov.uk/article/12723/Donkey-Meadow"}},{"type":"Feature","geometry":{"type":"Point","coordinates":[-0.49914,51.47831]},"properties":{"name":"Colne Valley Biodiversity Site","type":"nature_reserve","website":""}},{"type":"Feature","geometry":{"type":"Point","coordinates":[-0.49943,51.47699]},"properties":{"name":"Colne Valley Biodiversity Site","type":"nature_reserve","website":""}},{"type":"Feature","geometry":{"type":"Point","coordinates":[-0.50068,51.47531]},"properties":{"name":"Heathrow Colne Valley Biodiversity Site","type":"nature_reserve","website":""}},{"type":"Feature","geometry":{"type":"Point","coordinates":[-0.4766,51.42783]},"properties":{"name":"Fordbridge Park","type":"park","website":""}},{"type":"Feature","geometry":{"type":"Point","coordinates":[-0.51075,51.41741]},"properties":{"name":"Silvery Sands","type":"park","website":""}},{"type":"Feature","geometry":{"type":"Point","coordinates":[-0.45021,51.4384]},"properties":{"name":"Bedfont Lakes South Side.","type":"park","website":""}},{"type":"Feature","geometry":{"type":"Point","coordinates":[-0.44348,51.43785]},"properties":{"name":"Bedfont Lakes South Side.","type":"park","website":""}},{"type":"Feature","geometry":{"type":"Point","coordinates":[0.2355,51.45038]},"properties":{"name":"Attlee Drive Park.","type":"park","website":""}},{"type":"Feature","geometry":{"type":"Point","coordinates":[0.22798,51.45462]},"properties":{"name":"Pit Park","type":"park","website":""}},{"type":"Feature","geometry":{"type":"Point","coordinates":[-0.2488,51.55023]},"properties":{"name":"Neasden Lane Park","type":"park","website":""}},{"type":"Feature","geometry":{"type":"Point","coordinates":[-0.05689,51.5156]},"properties":{"name":"Cavell Street Gardens","type":"park","website":""}},{"type":"Feature","geometry":{"type":"Point","coordinates":[-0.05588,51.51587]},"properties":{"name":"Johns Place","type":"garden","website":""}},{"type":"Feature","geometry":{"type":"Point","coordinates":[-0.0143,51.50976]},"properties":{"name":"Storey House Green","type":"park","website":""}},{"type":"Feature","geometry":{"type":"Point","coordinates":[-0.02662,51.52144]},"properties":{"name":"Scrapyard Meadow","type":"park","website":""}},{"type":"Feature","geometry":{"type":"Point","coordinates":[0.02527,51.44302]},"properties":{"name":"Horn Park","type":"park","website":""}},{"type":"Feature","geometry":{"type":"Point","coordinates":[-0.16921,51.53116]},"properties":{"name":"St. John's Wood Church Grounds","type":"park","website":""}},{"type":"Feature","geometry":{"type":"Point","coordinates":[-0.04486,51.5695]},"properties":{"name":"Walthamstow Marsh","type":"park","website":""}},{"type":"Feature","geometry":{"type":"Point","coordinates":[-0.21853,51.51432]},"properties":{"name":"Waynflete Square Garden","type":"park","website":""}},{"type":"Feature","geometry":{"type":"Point","coordinates":[0.05292,51.43411]},"properties":{"name":"Wynford Park","type":"park","website":""}},{"type":"Feature","geometry":{"type":"Point","coordinates":[-0.19119,51.42786]},"properties":{"name":"Gap Road Gardens","type":"garden","website":""}},{"type":"Feature","geometry":{"type":"Point","coordinates":[-0.09005,51.28977]},"properties":{"name":"Town End Recreation Ground","type":"park","website":""}},{"type":"Feature","geometry":{"type":"Point","coordinates":[-0.0937,51.28681]},"properties":{"name":"Westway Common","type":"park","website":""}},{"type":"Feature","geometry":{"type":"Point","coordinates":[-0.02888,51.52529]},"properties":{"name":"Siyah Garden","type":"garden","website":""}},{"type":"Feature","geometry":{"type":"Point","coordinates":[-0.02869,51.52483]},"properties":{"name":"Kevtar Garden","type":"garden","website":""}},{"type":"Feature","geometry":{"type":"Point","coordinates":[-0.0286,51.51956]},"properties":{"name":"Blackberry Meadow","type":"park","website":""}},{"type":"Feature","geometry":{"type":"Point","coordinates":[-0.02979,51.5187]},"properties":{"name":"Cowslip Meadow","type":"park","website":""}},{"type":"Feature","geometry":{"type":"Point","coordinates":[-0.028,51.51997]},"properties":{"name":"Pear Tree Meadow","type":"park","website":""}},{"type":"Feature","geometry":{"type":"Point","coordinates":[-0.02734,51.5204]},"properties":{"name":"Primrose Meadow","type":"park","website":""}},{"type":"Feature","geometry":{"type":"Point","coordinates":[-0.26583,51.65672]},"properties":{"name":"Maxwell Park","type":"park","website":""}},{"type":"Feature","geometry":{"type":"Point","coordinates":[0.30292,51.62284]},"properties":{"name":"North Road Playground","type":"park","website":""}},{"type":"Feature","geometry":{"type":"Point","coordinates":[-0.06189,51.58169]},"properties":{"name":"Rose Garden","type":"garden","website":""}},{"type":"Feature","geometry":{"type":"Point","coordinates":[-0.2012,51.53371]},"properties":{"name":"Woodhouse Urban Park","type":"park","website":""}},{"type":"Feature","geometry":{"type":"Point","coordinates":[-0.03529,51.56629]},"properties":{"name":"The Bullrush","type":"garden","website":""}},{"type":"Feature","geometry":{"type":"Point","coordinates":[-0.07338,51.51881]},"properties":{"name":"Christ Church Churchyard","type":"park","website":""}},{"type":"Feature","geometry":{"type":"Point","coordinates":[-0.03299,51.6012]},"properties":{"name":"Folly Lane Playground","type":"park","website":""}},{"type":"Feature","geometry":{"type":"Point","coordinates":[-0.03585,51.52609]},"properties":{"name":"Mile End Community Garden","type":"garden","website":""}},{"type":"Feature","geometry":{"type":"Point","coordinates":[0.0014,51.58964]},"properties":{"name":"Bisterne Avenue Park","type":"park","website":"http://walthamforest.childrensservicedirectory.org.uk/kb5/walthamforest/fsd/organisation.page?id=X3d0zJR8pmk"}},{"type":"Feature","geometry":{"type":"Point","coordinates":[0.00281,51.58706]},"properties":{"name":"Greenway Avenue Nature Conservation Area","type":"nature_reserve","website":""}},{"type":"Feature","geometry":{"type":"Point","coordinates":[-0.14341,51.48712]},"properties":{"name":"Churchill Gardens Wildflower Garden","type":"garden","website":""}},{"type":"Feature","geometry":{"type":"Point","coordinates":[-0.1065,51.42493]},"properties":{"name":"Cedar Park","type":"park","website":""}},{"type":"Feature","geometry":{"type":"Point","coordinates":[-0.47786,51.3124]},"properties":{"name":"Glass House Border","type":"garden","website":""}},{"type":"Feature","geometry":{"type":"Point","coordinates":[-0.47861,51.31454]},"properties":{"name":"Teaching Garden","type":"garden","website":""}},{"type":"Feature","geometry":{"type":"Point","coordinates":[-0.00549,51.69287]},"properties":{"name":"Cornmill Meadows Dragonfly Sanctuary","type":"nature_reserve","website":""}},{"type":"Feature","geometry":{"type":"Point","coordinates":[-0.47654,51.31327]},"properties":{"name":"Rock Garden","type":"garden","website":""}},{"type":"Feature","geometry":{"type":"Point","coordinates":[0.02359,51.43617]},"properties":{"name":"Library Gardens","type":"park","website":""}},{"type":"Feature","geometry":{"type":"Point","coordinates":[0.11278,51.41683]},"properties":{"name":"Foots Cray Recreation Ground","type":"park","website":""}},{"type":"Feature","geometry":{"type":"Point","coordinates":[-0.15749,51.61345]},"properties":{"name":"Kennard Road Open Space","type":"park","website":""}},{"type":"Feature","geometry":{"type":"Point","coordinates":[-0.01622,51.51921]},"properties":{"name":"Seven Sea Gardens","type":"garden","website":""}},{"type":"Feature","geometry":{"type":"Point","coordinates":[-0.01825,51.52051]},"properties":{"name":"Brock Place Gardens","type":"park","website":""}},{"type":"Feature","geometry":{"type":"Point","coordinates":[-0.11732,51.4213]},"properties":{"name":"Streatham Common Community Garden","type":"garden","website":""}},{"type":"Feature","geometry":{"type":"Point","coordinates":[-0.11718,51.53522]},"properties":{"name":"Thornhill Bridge Community Gardens","type":"park","website":""}},{"type":"Feature","geometry":{"type":"Point","coordinates":[-0.03002,51.44613]},"properties":{"name":"Ravensbourne Park Gardens","type":"park","website":"https://lewisham.gov.uk/inmyarea/openspaces/parks/ravensbourne-park-gardens"}},{"type":"Feature","geometry":{"type":"Point","coordinates":[-0.06284,51.45796]},"properties":{"name":"Community Wildlife Garden","type":"nature_reserve","website":""}},{"type":"Feature","geometry":{"type":"Point","coordinates":[0.12764,51.31956]},"properties":{"name":"Park Corner","type":"park","website":""}},{"type":"Feature","geometry":{"type":"Point","coordinates":[0.16029,51.30031]},"properties":{"name":"Rose and Crown Garden","type":"garden","website":""}},{"type":"Feature","geometry":{"type":"Point","coordinates":[0.09226,51.60118]},"properties":{"name":"Forest Farm Peace Garden","type":"garden","website":""}},{"type":"Feature","geometry":{"type":"Point","coordinates":[-0.41575,51.44123]},"properties":{"name":"Rochester Avenue Park","type":"park","website":""}},{"type":"Feature","geometry":{"type":"Point","coordinates":[-0.28681,51.4209]},"properties":{"name":"Kingston Gate Garden","type":"garden","website":""}},{"type":"Feature","geometry":{"type":"Point","coordinates":[0.1719,51.44452]},"properties":{"name":"Braeburn Park","type":"nature_reserve","website":"https://www.wildlondon.org.uk/nature-reserves/braeburn-park"}},{"type":"Feature","geometry":{"type":"Point","coordinates":[-0.47737,51.55693]},"properties":{"name":"Uxbridge Alderglade","type":"nature_reserve","website":""}},{"type":"Feature","geometry":{"type":"Point","coordinates":[0.19323,51.32876]},"properties":{"name":"White Hill","type":"nature_reserve","website":"https://butterfly-conservation.org/10997/white-hill-reserve.html"}},{"type":"Feature","geometry":{"type":"Point","coordinates":[0.28494,51.51251]},"properties":{"name":"Bonnygate Wood Park","type":"park","website":""}},{"type":"Feature","geometry":{"type":"Point","coordinates":[0.2782,51.51953]},"properties":{"name":"Little Belhus Country Park","type":"park","website":""}},{"type":"Feature","geometry":{"type":"Point","coordinates":[-0.12397,51.51142]},"properties":{"name":"Inigo Jones Garden","type":"garden","website":""}},{"type":"Feature","geometry":{"type":"Point","coordinates":[-0.10412,51.50824]},"properties":{"name":"Rennie Garden","type":"park","website":""}},{"type":"Feature","geometry":{"type":"Point","coordinates":[-0.17707,51.4737]},"properties":{"name":"Vicarage Gardens","type":"park","website":""}},{"type":"Feature","geometry":{"type":"Point","coordinates":[-0.17336,51.47391]},"properties":{"name":"Battersea High Street Estate Garden","type":"garden","website":""}},{"type":"Feature","geometry":{"type":"Point","coordinates":[-0.30398,51.45574]},"properties":{"name":"Gothic Gardens","type":"park","website":""}},{"type":"Feature","geometry":{"type":"Point","coordinates":[-0.19493,51.48626]},"properties":{"name":"Lost River Park","type":"nature_reserve","website":""}},{"type":"Feature","geometry":{"type":"Point","coordinates":[-0.13909,51.56499]},"properties":{"name":"Community Garden","type":"garden","website":""}},{"type":"Feature","geometry":{"type":"Point","coordinates":[-0.00318,51.54984]},"properties":{"name":"Major Road Open Space","type":"park","website":""}},{"type":"Feature","geometry":{"type":"Point","coordinates":[-0.1104,51.60416]},"properties":{"name":"Woodside Park","type":"park","website":""}},{"type":"Feature","geometry":{"type":"Point","coordinates":[-0.17502,51.4285]},"properties":{"name":"Tooting Gardens","type":"park","website":""}},{"type":"Feature","geometry":{"type":"Point","coordinates":[-0.12309,51.57344]},"properties":{"name":"Crouch Hill Park","type":"park","website":""}},{"type":"Feature","geometry":{"type":"Point","coordinates":[-0.09478,51.53458]},"properties":{"name":"Canalside Square","type":"park","website":""}},{"type":"Feature","geometry":{"type":"Point","coordinates":[-0.12815,51.53701]},"properties":{"name":"Gasholder Park","type":"park","website":"https://www.kingscross.co.uk/gasholder-park"}},{"type":"Feature","geometry":{"type":"Point","coordinates":[-0.0463,51.56273]},"properties":{"name":"The Wharf Park","type":"park","website":""}},{"type":"Feature","geometry":{"type":"Point","coordinates":[-0.2418,51.42716]},"properties":{"name":"Farm Bog","type":"nature_reserve","website":"https://www.wildlondon.org.uk/nature-reserves/farm-bog"}},{"type":"Feature","geometry":{"type":"Point","coordinates":[-0.07456,51.51148]},"properties":{"name":"Portsoken Street Garden","type":"park","website":"https://www.cityoflondon.gov.uk/things-to-do/city-gardens/find-a-garden/portsoken-street-garden"}},{"type":"Feature","geometry":{"type":"Point","coordinates":[-0.05327,51.54105]},"properties":{"name":"St Thomas's Long Burial Ground","type":"park","website":"https://hackney.gov.uk/st-thomass-long-burial-ground"}},{"type":"Feature","geometry":{"type":"Point","coordinates":[-0.10987,51.50252]},"properties":{"name":"Emma Cons Gardens","type":"park","website":"https://beta.lambeth.gov.uk/parks/emma-cons-gardens"}},{"type":"Feature","geometry":{"type":"Point","coordinates":[0.309,51.56333]},"properties":{"name":"Monks Farm Island","type":"park","website":""}},{"type":"Feature","geometry":{"type":"Point","coordinates":[-0.00059,51.59178]},"properties":{"name":"Ambering Park","type":"park","website":""}},{"type":"Feature","geometry":{"type":"Point","coordinates":[-0.27361,51.56278]},"properties":{"name":"Chalkhill Park","type":"park","website":"https://www.brent.gov.uk/parks-leisure-and-healthy-living/parks-and-open-spaces/park-finder/chalkhill-park"}},{"type":"Feature","geometry":{"type":"Point","coordinates":[-0.10742,51.46881]},"properties":{"name":"Dora Boatemah Memorial Garden","type":"park","website":""}},{"type":"Feature","geometry":{"type":"Point","coordinates":[0.10054,51.48643]},"properties":{"name":"St. Nicholas Gardens","type":"park","website":""}},{"type":"Feature","geometry":{"type":"Point","coordinates":[-0.01016,51.59957]},"properties":{"name":"Kitchener Park","type":"park","website":""}},{"type":"Feature","geometry":{"type":"Point","coordinates":[0.00055,51.54506]},"properties":{"name":"Windmill Furniture","type":"garden","website":""}},{"type":"Feature","geometry":{"type":"Point","coordinates":[-0.47506,51.53347]},"properties":{"name":"Crank Garden","type":"park","website":""}},{"type":"Feature","geometry":{"type":"Point","coordinates":[-0.47243,51.53342]},"properties":{"name":"Benjamin Zephaniah Square","type":"park","website":""}},{"type":"Feature","geometry":{"type":"Point","coordinates":[-0.3024,51.3904]},"properties":{"name":"The Wood","type":"park","website":""}},{"type":"Feature","geometry":{"type":"Point","coordinates":[-0.39229,51.60091]},"properties":{"name":"Montesole Playing Fields","type":"park","website":""}},{"type":"Feature","geometry":{"type":"Point","coordinates":[-0.14042,51.61555]},"properties":{"name":"Grove Road Open Space","type":"park","website":""}},{"type":"Feature","geometry":{"type":"Point","coordinates":[-0.1104,51.50561]},"properties":{"name":"Edward Henry House Gardens","type":"garden","website":""}},{"type":"Feature","geometry":{"type":"Point","coordinates":[-0.17412,51.5932]},"properties":{"name":"NGS Gardens","type":"garden","website":"https://ngs.org.uk/"}},{"type":"Feature","geometry":{"type":"Point","coordinates":[-0.06836,51.50565]},"properties":{"name":"Matilda House Rose Gardens","type":"garden","website":""}},{"type":"Feature","geometry":{"type":"Point","coordinates":[-0.44659,51.56311]},"properties":{"name":"Milton Court","type":"park","website":""}},{"type":"Feature","geometry":{"type":"Point","coordinates":[-0.26901,51.40697]},"properties":{"name":"The Green","type":"park","website":""}},{"type":"Feature","geometry":{"type":"Point","coordinates":[-0.2643,51.40854]},"properties":{"name":"Barton Green","type":"park","website":""}},{"type":"Feature","geometry":{"type":"Point","coordinates":[-0.27241,51.32796]},"properties":{"name":"Abela Green Ponds","type":"park","website":""}},{"type":"Feature","geometry":{"type":"Point","coordinates":[-0.33416,51.42786]},"properties":{"name":"Teddington Library Garden","type":"garden","website":""}},{"type":"Feature","geometry":{"type":"Point","coordinates":[0.01489,51.45411]},"properties":{"name":"Edith Nesbit Gardens","type":"park","website":""}},{"type":"Feature","geometry":{"type":"Point","coordinates":[-0.42577,51.4955]},"properties":{"name":"Langthorne Park","type":"park","website":""}},{"type":"Feature","geometry":{"type":"Point","coordinates":[-0.42365,51.51155]},"properties":{"name":"The Park","type":"park","website":""}},{"type":"Feature","geometry":{"type":"Point","coordinates":[-0.07471,51.28218]},"properties":{"name":"Timber Hill Park","type":"park","website":""}},{"type":"Feature","geometry":{"type":"Point","coordinates":[-0.07069,51.29767]},"properties":{"name":"Wapses Lodge Recreational","type":"park","website":""}},{"type":"Feature","geometry":{"type":"Point","coordinates":[-0.18398,51.69031]},"properties":{"name":"Willow Way Park","type":"park","website":""}},{"type":"Feature","geometry":{"type":"Point","coordinates":[-0.25991,51.57903]},"properties":{"name":"Church Lane Recreation Ground","type":"park","website":""}},{"type":"Feature","geometry":{"type":"Point","coordinates":[-0.01259,51.44157]},"properties":{"name":"Culverley Green Open Space","type":"park","website":"http://www.parksandgardens.org/places-and-people/site/8289?preview=1"}},{"type":"Feature","geometry":{"type":"Point","coordinates":[-0.01459,51.52883]},"properties":{"name":"Bow Estate Park","type":"park","website":""}},{"type":"Feature","geometry":{"type":"Point","coordinates":[-0.10211,51.51298]},"properties":{"name":"St Anne Blackfriars Ireland Yard","type":"garden","website":""}},{"type":"Feature","geometry":{"type":"Point","coordinates":[0.17301,51.48457]},"properties":{"name":"Nordenfeldt Gardens","type":"park","website":""}},{"type":"Feature","geometry":{"type":"Point","coordinates":[-0.03123,51.47778]},"properties":{"name":"Douglas Way Garden","type":"park","website":""}},{"type":"Feature","geometry":{"type":"Point","coordinates":[-0.17751,51.60673]},"properties":{"name":"Finchley Memorial Hospital Communal Space","type":"park","website":""}},{"type":"Feature","geometry":{"type":"Point","coordinates":[0.16954,51.45328]},"properties":{"name":"Shenstone Park","type":"park","website":""}},{"type":"Feature","geometry":{"type":"Point","coordinates":[-0.02191,51.4981]},"properties":{"name":"Canary Central","type":"park","website":""}},{"type":"Feature","geometry":{"type":"Point","coordinates":[-0.09561,51.53533]},"properties":{"name":"Packington Square","type":"park","website":""}},{"type":"Feature","geometry":{"type":"Point","coordinates":[0.02794,51.49935]},"properties":{"name":"Royal Wharf Gardens","type":"park","website":"http://diamondgeezer.blogspot.co.uk/2017/01/silvertown-100.html"}},{"type":"Feature","geometry":{"type":"Point","coordinates":[-0.10613,51.51072]},"properties":{"name":"Bazalgette Embankment","type":"park","website":"https://www.tideway.london/locations/blackfriars-bridge-foreshore/"}},{"type":"Feature","geometry":{"type":"Point","coordinates":[-0.20913,51.50357]},"properties":{"name":"Woodsford Square Garden","type":"garden","website":""}},{"type":"Feature","geometry":{"type":"Point","coordinates":[-0.20968,51.50441]},"properties":{"name":"Woodsford Square Garden","type":"garden","website":""}},{"type":"Feature","geometry":{"type":"Point","coordinates":[-0.02548,51.4966]},"properties":{"name":"Isle of Dogs Memorial Garden","type":"garden","website":""}},{"type":"Feature","geometry":{"type":"Point","coordinates":[0.01229,51.37367]},"properties":{"name":"Hayes Common","type":"park","website":""}},{"type":"Feature","geometry":{"type":"Point","coordinates":[-0.03329,51.47919]},"properties":{"name":"Charlottenburg Park","type":"park","website":""}},{"type":"Feature","geometry":{"type":"Point","coordinates":[-0.22683,51.53041]},"properties":{"name":"Hazel Road Open Space","type":"park","website":""}},{"type":"Feature","geometry":{"type":"Point","coordinates":[-0.12603,51.40433]},"properties":{"name":"Tree Space","type":"park","website":""}},{"type":"Feature","geometry":{"type":"Point","coordinates":[0.15624,51.53758]},"properties":{"name":"Rose Garden","type":"garden","website":""}},{"type":"Feature","geometry":{"type":"Point","coordinates":[-0.16815,51.59222]},"properties":{"name":"Park Road green","type":"park","website":""}},{"type":"Feature","geometry":{"type":"Point","coordinates":[-0.1504,51.58235]},"properties":{"name":"Highgate Wood","type":"park","website":""}},{"type":"Feature","geometry":{"type":"Point","coordinates":[0.05035,51.38009]},"properties":{"name":"Richmal Crompton Fields","type":"park","website":""}},{"type":"Feature","geometry":{"type":"Point","coordinates":[0.0134,51.40817]},"properties":{"name":"College Green","type":"park","website":""}},{"type":"Feature","geometry":{"type":"Point","coordinates":[-0.14549,51.5395]},"properties":{"name":"Inverness Gardens","type":"park","website":""}},{"type":"Feature","geometry":{"type":"Point","coordinates":[-0.44771,51.4026]},"properties":{"name":"Ash Link Nature Reserve","type":"nature_reserve","website":""}},{"type":"Feature","geometry":{"type":"Point","coordinates":[0.18495,51.59825]},"properties":{"name":"Conservation Area","type":"nature_reserve","website":""}},{"type":"Feature","geometry":{"type":"Point","coordinates":[-0.16272,51.38294]},"properties":{"name":"Watercress Park","type":"park","website":""}},{"type":"Feature","geometry":{"type":"Point","coordinates":[-0.09253,51.48661]},"properties":{"name":"Saint Peter's Gardens","type":"park","website":""}},{"type":"Feature","geometry":{"type":"Point","coordinates":[0.29321,51.49746]},"properties":{"name":"Davy Down Riverside Park","type":"park","website":""}},{"type":"Feature","geometry":{"type":"Point","coordinates":[0.07977,51.53674]},"properties":{"name":"Barking Central Arboretum","type":"garden","website":""}},{"type":"Feature","geometry":{"type":"Point","coordinates":[-0.25256,51.46476]},"properties":{"name":"Lennox Estate Green","type":"park","website":""}},{"type":"Feature","geometry":{"type":"Point","coordinates":[-0.31184,51.36631]},"properties":{"name":"Woodgate Avenue Playground","type":"park","website":""}},{"type":"Feature","geometry":{"type":"Point","coordinates":[0.07367,51.50083]},"properties":{"name":"Galleons Point Riverside Wildlife Area","type":"nature_reserve","website":""}},{"type":"Feature","geometry":{"type":"Point","coordinates":[0.09401,51.45644]},"properties":{"name":"The Green","type":"park","website":""}},{"type":"Feature","geometry":{"type":"Point","coordinates":[0.22798,51.59202]},"properties":{"name":"Kings Park Play Area","type":"park","website":""}},{"type":"Feature","geometry":{"type":"Point","coordinates":[0.23834,51.6145]},"properties":{"name":"Dagnam Park","type":"park","website":""}},{"type":"Feature","geometry":{"type":"Point","coordinates":[0.19546,51.60951]},"properties":{"name":"Walled Garden","type":"garden","website":""}},{"type":"Feature","geometry":{"type":"Point","coordinates":[0.19168,51.60771]},"properties":{"name":"Deer Enclosure","type":"nature_reserve","website":""}},{"type":"Feature","geometry":{"type":"Point","coordinates":[-0.28318,51.60552]},"properties":{"name":"Chandos Recreation Ground","type":"park","website":""}},{"type":"Feature","geometry":{"type":"Point","coordinates":[0.1146,51.50043]},"properties":{"name":"Birchmere Park","type":"park","website":""}},{"type":"Feature","geometry":{"type":"Point","coordinates":[-0.42791,51.5785]},"properties":{"name":"Manor Farm","type":"park","website":""}},{"type":"Feature","geometry":{"type":"Point","coordinates":[-0.21235,51.48297]},"properties":{"name":"Lillie Road Gardens","type":"park","website":""}},{"type":"Feature","geometry":{"type":"Point","coordinates":[-0.26221,51.59218]},"properties":{"name":"Grove Park","type":"park","website":""}},{"type":"Feature","geometry":{"type":"Point","coordinates":[-0.1518,51.52194]},"properties":{"name":"Garden of Rest","type":"garden","website":""}},{"type":"Feature","geometry":{"type":"Point","coordinates":[-0.32576,51.50229]},"properties":{"name":"Walmer Gardens","type":"park","website":""}},{"type":"Feature","geometry":{"type":"Point","coordinates":[-0.31987,51.50022]},"properties":{"name":"Fielding Walk","type":"park","website":""}},{"type":"Feature","geometry":{"type":"Point","coordinates":[-0.13744,51.33454]},"properties":{"name":"Woodcote Village Green","type":"park","website":""}},{"type":"Feature","geometry":{"type":"Point","coordinates":[-0.03958,51.54458]},"properties":{"name":"Gascoyne Estate Play Space","type":"park","website":""}},{"type":"Feature","geometry":{"type":"Point","coordinates":[-0.03661,51.4085]},"properties":{"name":"Library Green","type":"park","website":""}},{"type":"Feature","geometry":{"type":"Point","coordinates":[-0.45891,51.53387]},"properties":{"name":"Coney Green","type":"park","website":""}},{"type":"Feature","geometry":{"type":"Point","coordinates":[-0.10516,51.46266]},"properties":{"name":"Loughborough Park","type":"park","website":"https://www.lambeth.gov.uk/parks/loughborough-park"}},{"type":"Feature","geometry":{"type":"Point","coordinates":[-0.10885,51.46242]},"properties":{"name":"Coldharbour Lane Open Space","type":"park","website":"https://beta.lambeth.gov.uk/parks/coldharbour-lane-open-space"}},{"type":"Feature","geometry":{"type":"Point","coordinates":[-0.32412,51.47572]},"properties":{"name":"Union Lane Gardens","type":"garden","website":""}},{"type":"Feature","geometry":{"type":"Point","coordinates":[-0.08406,51.53968]},"properties":{"name":"Ufton Gardens","type":"park","website":""}},{"type":"Feature","geometry":{"type":"Point","coordinates":[-0.01971,51.46864]},"properties":{"name":"Brookmill Road Local Nature Reserve","type":"nature_reserve","website":"https://lewisham.gov.uk/inmyarea/openspaces/nature-reserves/brookmill-nature-reserve"}},{"type":"Feature","geometry":{"type":"Point","coordinates":[0.12698,51.50428]},"properties":{"name":"Crossway Park","type":"park","website":""}},{"type":"Feature","geometry":{"type":"Point","coordinates":[0.11974,51.50829]},"properties":{"name":"Manorway Green","type":"park","website":""}},{"type":"Feature","geometry":{"type":"Point","coordinates":[-0.29525,51.48673]},"properties":{"name":"Watermans Park","type":"park","website":""}},{"type":"Feature","geometry":{"type":"Point","coordinates":[-0.31312,51.44949]},"properties":{"name":"Marble Hill Park","type":"park","website":""}},{"type":"Feature","geometry":{"type":"Point","coordinates":[-0.31332,51.47675]},"properties":{"name":"Syon Park","type":"garden","website":"https://www.syonpark.co.uk/"}},{"type":"Feature","geometry":{"type":"Point","coordinates":[-0.06198,51.52529]},"properties":{"name":"Weaver's Fields","type":"park","website":""}},{"type":"Feature","geometry":{"type":"Point","coordinates":[-0.23292,51.6026]},"properties":{"name":"Copthall South Fields","type":"nature_reserve","website":""}},{"type":"Feature","geometry":{"type":"Point","coordinates":[-0.17609,51.60449]},"properties":{"name":"Nature Garden","type":"garden","website":""}},{"type":"Feature","geometry":{"type":"Point","coordinates":[-0.10914,51.45]},"properties":{"name":"Brockwell Park Community Greenhouses","type":"garden","website":"https://www.brockwellgreenhouses.org.uk/"}},{"type":"Feature","geometry":{"type":"Point","coordinates":[-0.19256,51.597]},"properties":{"name":"The Bothy Gardens","type":"garden","website":""}},{"type":"Feature","geometry":{"type":"Point","coordinates":[-0.19312,51.59736]},"properties":{"name":"Memorial Garden","type":"garden","website":""}},{"type":"Feature","geometry":{"type":"Point","coordinates":[-0.19341,51.59717]},"properties":{"name":"Bog Garden","type":"garden","website":""}},{"type":"Feature","geometry":{"type":"Point","coordinates":[-0.1273,51.59599]},"properties":{"name":"Rose Garden","type":"garden","website":""}},{"type":"Feature","geometry":{"type":"Point","coordinates":[-0.19708,51.59992]},"properties":{"name":"Church End Gardens","type":"park","website":""}},{"type":"Feature","geometry":{"type":"Point","coordinates":[-0.19025,51.62331]},"properties":{"name":"Chiddingfold","type":"park","website":""}},{"type":"Feature","geometry":{"type":"Point","coordinates":[-0.20586,51.38957]},"properties":{"name":"George Hill Open Space","type":"park","website":""}},{"type":"Feature","geometry":{"type":"Point","coordinates":[-0.22317,51.58289]},"properties":{"name":"Holocaust Memorial Garden","type":"garden","website":""}},{"type":"Feature","geometry":{"type":"Point","coordinates":[-0.19687,51.32264]},"properties":{"name":"Lady Neville Recreation Ground","type":"park","website":""}},{"type":"Feature","geometry":{"type":"Point","coordinates":[-0.09484,51.51442]},"properties":{"name":"St Peter Cheap churchyard","type":"garden","website":""}},{"type":"Feature","geometry":{"type":"Point","coordinates":[-0.09486,51.51668]},"properties":{"name":"St Mary Staining","type":"garden","website":""}},{"type":"Feature","geometry":{"type":"Point","coordinates":[-0.09512,51.51725]},"properties":{"name":"St Olave Silver Street","type":"garden","website":""}},{"type":"Feature","geometry":{"type":"Point","coordinates":[-0.09572,51.51693]},"properties":{"name":"Plaisterers Garden","type":"garden","website":""}},{"type":"Feature","geometry":{"type":"Point","coordinates":[-0.38655,51.59732]},"properties":{"name":"Little Common","type":"park","website":""}},{"type":"Feature","geometry":{"type":"Point","coordinates":[-0.38137,51.67846]},"properties":{"name":"Meriden Park","type":"park","website":""}},{"type":"Feature","geometry":{"type":"Point","coordinates":[-0.19479,51.38992]},"properties":{"name":"Evesham Green","type":"park","website":""}},{"type":"Feature","geometry":{"type":"Point","coordinates":[-0.16997,51.2861]},"properties":{"name":"Cheval Court","type":"garden","website":""}},{"type":"Feature","geometry":{"type":"Point","coordinates":[-0.08931,51.51254]},"properties":{"name":"St Stephen Walbrook's Churchyard Garden","type":"garden","website":""}},{"type":"Feature","geometry":{"type":"Point","coordinates":[-0.07855,51.51359]},"properties":{"name":"St Katharine Cree Churchyard","type":"park","website":"https://www.londongardensonline.org.uk/gardens-online-record.php?ID=COL077"}},{"type":"Feature","geometry":{"type":"Point","coordinates":[0.17937,51.48257]},"properties":{"name":"Riverside Gardens","type":"park","website":""}},{"type":"Feature","geometry":{"type":"Point","coordinates":[0.10498,51.52208]},"properties":{"name":"Chilworth Green","type":"park","website":""}},{"type":"Feature","geometry":{"type":"Point","coordinates":[0.10332,51.52197]},"properties":{"name":"Patrick Park","type":"park","website":""}},{"type":"Feature","geometry":{"type":"Point","coordinates":[-0.42635,51.69436]},"properties":{"name":"Evergreen Park","type":"park","website":""}},{"type":"Feature","geometry":{"type":"Point","coordinates":[0.1052,51.52067]},"properties":{"name":"Lillie's Lawn","type":"park","website":""}},{"type":"Feature","geometry":{"type":"Point","coordinates":[-0.12048,51.58747]},"properties":{"name":"The Gardens","type":"park","website":""}},{"type":"Feature","geometry":{"type":"Point","coordinates":[-0.49792,51.5784]},"properties":{"name":"Denham Green Open Space","type":"park","website":""}},{"type":"Feature","geometry":{"type":"Point","coordinates":[-0.49986,51.56777]},"properties":{"name":"Way and Tillard Recreation Ground","type":"park","website":""}},{"type":"Feature","geometry":{"type":"Point","coordinates":[-0.01256,51.52383]},"properties":{"name":"Oxley Square","type":"garden","website":""}},{"type":"Feature","geometry":{"type":"Point","coordinates":[-0.02859,51.55648]},"properties":{"name":"Hackney Marshes","type":"park","website":"https://hackney.gov.uk/hackney-marshes"}},{"type":"Feature","geometry":{"type":"Point","coordinates":[-0.12351,51.56658]},"properties":{"name":"Sussex Way Gardens","type":"park","website":""}},{"type":"Feature","geometry":{"type":"Point","coordinates":[0.11423,51.43474]},"properties":{"name":"Abbey Hill Park","type":"park","website":""}},{"type":"Feature","geometry":{"type":"Point","coordinates":[-0.2803,51.49022]},"properties":{"name":"Wellesley Road Playground","type":"park","website":""}},{"type":"Feature","geometry":{"type":"Point","coordinates":[-0.14435,51.58741]},"properties":{"name":"Parkland Walk Local Nature Reserve","type":"nature_reserve","website":""}},{"type":"Feature","geometry":{"type":"Point","coordinates":[-0.13156,51.60167]},"properties":{"name":"Albert Road Garden","type":"park","website":""}},{"type":"Feature","geometry":{"type":"Point","coordinates":[-0.0923,51.50122]},"properties":{"name":"East Garden","type":"garden","website":""}},{"type":"Feature","geometry":{"type":"Point","coordinates":[-0.09258,51.50139]},"properties":{"name":"North Garden","type":"garden","website":""}},{"type":"Feature","geometry":{"type":"Point","coordinates":[-0.06909,51.52298]},"properties":{"name":"Nomadic Community Gardens","type":"garden","website":"http://nomadicgardens.weebly.com/"}},{"type":"Feature","geometry":{"type":"Point","coordinates":[-0.06779,51.52434]},"properties":{"name":"Saint Matthew's Row's Garden","type":"garden","website":""}},{"type":"Feature","geometry":{"type":"Point","coordinates":[-0.09021,51.57168]},"properties":{"name":"Rose Garden","type":"park","website":""}},{"type":"Feature","geometry":{"type":"Point","coordinates":[-0.0858,51.57156]},"properties":{"name":"Woodberry Wetlands","type":"nature_reserve","website":"https://www.wildlondon.org.uk/nature-reserves/woodberry-wetlands"}},{"type":"Feature","geometry":{"type":"Point","coordinates":[-0.19349,51.43254]},"properties":{"name":"Nelsons Garden","type":"garden","website":""}},{"type":"Feature","geometry":{"type":"Point","coordinates":[-0.0305,51.59575]},"properties":{"name":"Rodney Green","type":"park","website":""}},{"type":"Feature","geometry":{"type":"Point","coordinates":[-0.2115,51.44581]},"properties":{"name":"Historic Southfields Pond","type":"park","website":""}},{"type":"Feature","geometry":{"type":"Point","coordinates":[-0.22066,51.44634]},"properties":{"name":"Oak Park Gardens","type":"park","website":""}},{"type":"Feature","geometry":{"type":"Point","coordinates":[-0.07214,51.47591]},"properties":{"name":"Sumner Road Park","type":"park","website":""}},{"type":"Feature","geometry":{"type":"Point","coordinates":[0.08952,51.47912]},"properties":{"name":"Kirkham Walkway","type":"park","website":""}},{"type":"Feature","geometry":{"type":"Point","coordinates":[0.18885,51.46598]},"properties":{"name":"Howbury Lane Open Space","type":"park","website":""}},{"type":"Feature","geometry":{"type":"Point","coordinates":[-0.31268,51.47825]},"properties":{"name":"The Four Formals","type":"garden","website":""}},{"type":"Feature","geometry":{"type":"Point","coordinates":[-0.21275,51.44549]},"properties":{"name":"William Harvey Community Garden","type":"park","website":""}},{"type":"Feature","geometry":{"type":"Point","coordinates":[-0.27478,51.65737]},"properties":{"name":"Clarendon Park","type":"park","website":""}},{"type":"Feature","geometry":{"type":"Point","coordinates":[-0.02198,51.47949]},"properties":{"name":"Sue Godfrey Nature Park","type":"nature_reserve","website":"https://lewisham.gov.uk/inmyarea/openspaces/nature-reserves/sue-godfrey-nature-park"}},{"type":"Feature","geometry":{"type":"Point","coordinates":[-0.00604,51.45891]},"properties":{"name":"Gilmore Estate open space","type":"park","website":""}},{"type":"Feature","geometry":{"type":"Point","coordinates":[-0.39177,51.66307]},"properties":{"name":"Reeds Garden","type":"park","website":""}},{"type":"Feature","geometry":{"type":"Point","coordinates":[-0.3927,51.6632]},"properties":{"name":"Old Fountain","type":"park","website":""}},{"type":"Feature","geometry":{"type":"Point","coordinates":[-0.15091,51.42542]},"properties":{"name":"Furzedown Recreation Ground","type":"park","website":""}},{"type":"Feature","geometry":{"type":"Point","coordinates":[-0.12937,51.57575]},"properties":{"name":"Avenue Road Common","type":"park","website":""}},{"type":"Feature","geometry":{"type":"Point","coordinates":[0.00834,51.54707]},"properties":{"name":"Thorogood Gardens Community Garden","type":"garden","website":""}},{"type":"Feature","geometry":{"type":"Point","coordinates":[-0.38152,51.65906]},"properties":{"name":"Fishers Field Nature Reserve","type":"park","website":""}},{"type":"Feature","geometry":{"type":"Point","coordinates":[-0.145,51.41361]},"properties":{"name":"Streatham Vale Park","type":"park","website":"https://beta.lambeth.gov.uk/parks/streatham-vale-park"}},{"type":"Feature","geometry":{"type":"Point","coordinates":[-0.18512,51.54894]},"properties":{"name":"Lithos Road Communal Park","type":"park","website":""}},{"type":"Feature","geometry":{"type":"Point","coordinates":[-0.40539,51.3842]},"properties":{"name":"George Froude Park","type":"park","website":""}},{"type":"Feature","geometry":{"type":"Point","coordinates":[-0.00866,51.34899]},"properties":{"name":"Addington Vale","type":"park","website":""}},{"type":"Feature","geometry":{"type":"Point","coordinates":[-0.0105,51.42659]},"properties":{"name":"Peter Pan's Park","type":"park","website":""}},{"type":"Feature","geometry":{"type":"Point","coordinates":[-0.00169,51.68841]},"properties":{"name":"Abbey Gardens","type":"park","website":""}},{"type":"Feature","geometry":{"type":"Point","coordinates":[-0.16644,51.62921]},"properties":{"name":"All Saints' garden","type":"garden","website":""}},{"type":"Feature","geometry":{"type":"Point","coordinates":[-0.18685,51.50568]},"properties":{"name":"The Sunken Garden","type":"garden","website":"https://www.hrp.org.uk/kensington-palace/whats-on/the-sunken-garden/"}},{"type":"Feature","geometry":{"type":"Point","coordinates":[-0.17537,51.62751]},"properties":{"name":"St John the Apostole Gardens","type":"garden","website":""}},{"type":"Feature","geometry":{"type":"Point","coordinates":[0.10886,51.60279]},"properties":{"name":"Hainault Recreation Ground","type":"park","website":"https://www.fieldsintrust.org/FieldSite/Hainault-Recreation-Ground"}},{"type":"Feature","geometry":{"type":"Point","coordinates":[-0.05391,51.49522]},"properties":{"name":"Southwark Park","type":"park","website":"https://www.southwark.gov.uk/culture-and-sport/parks-and-open-spaces/find-park/southwark-park"}},{"type":"Feature","geometry":{"type":"Point","coordinates":[0.19884,51.54286]},"properties":{"name":"Malan Square","type":"park","website":""}},{"type":"Feature","geometry":{"type":"Point","coordinates":[0.18481,51.55567]},"properties":{"name":"The Chase Local Nature Reserve","type":"nature_reserve","website":"https://www.dagenhamchaselnr.org.uk/home/index.php"}},{"type":"Feature","geometry":{"type":"Point","coordinates":[0.14542,51.49633]},"properties":{"name":"Woodland Way","type":"park","website":""}},{"type":"Feature","geometry":{"type":"Point","coordinates":[-0.11488,51.61233]},"properties":{"name":"Russell Road Community Park","type":"park","website":""}},{"type":"Feature","geometry":{"type":"Point","coordinates":[-0.16101,51.36693]},"properties":{"name":"The Grove","type":"park","website":""}},{"type":"Feature","geometry":{"type":"Point","coordinates":[0.00818,51.53894]},"properties":{"name":"Tennyson Gardens","type":"garden","website":""}},{"type":"Feature","geometry":{"type":"Point","coordinates":[0.13063,51.2964]},"properties":{"name":"Chevening Park","type":"park","website":""}},{"type":"Feature","geometry":{"type":"Point","coordinates":[0.23399,51.48872]},"properties":{"name":"Mardyke Pocket Park","type":"park","website":""}},{"type":"Feature","geometry":{"type":"Point","coordinates":[0.03968,51.5856]},"properties":{"name":"Roding Valley Park","type":"park","website":""}},{"type":"Feature","geometry":{"type":"Point","coordinates":[0.00011,51.68802]},"properties":{"name":"Waltham Abbey Orchard and wildflower garden","type":"garden","website":""}},{"type":"Feature","geometry":{"type":"Point","coordinates":[-0.00296,51.68925]},"properties":{"name":"Abbey Meadows","type":"park","website":""}},{"type":"Feature","geometry":{"type":"Point","coordinates":[0.24577,51.55498]},"properties":{"name":"Upminster Park","type":"park","website":""}},{"type":"Feature","geometry":{"type":"Point","coordinates":[0.29694,51.44578]},"properties":{"name":"Swanscombe Heritage Park","type":"park","website":""}},{"type":"Feature","geometry":{"type":"Point","coordinates":[-0.40248,51.68226]},"properties":{"name":"Berry Avenue Playground","type":"park","website":""}},{"type":"Feature","geometry":{"type":"Point","coordinates":[-0.40267,51.68427]},"properties":{"name":"Garden of Remembrance","type":"garden","website":""}},{"type":"Feature","geometry":{"type":"Point","coordinates":[-0.16317,51.61955]},"properties":{"name":"Quiet Garden","type":"garden","website":"https://www.barnet.gov.uk/directories/parks/friary-park"}},{"type":"Feature","geometry":{"type":"Point","coordinates":[-0.18333,51.60517]},"properties":{"name":"Sensory Garden","type":"garden","website":""}},{"type":"Feature","geometry":{"type":"Point","coordinates":[-0.04616,51.54247]},"properties":{"name":"Kit Crowley Gardens","type":"park","website":"https://hackney.gov.uk/kit-crowley-gardens"}},{"type":"Feature","geometry":{"type":"Point","coordinates":[-0.09962,51.60017]},"properties":{"name":"Chapman's Green Community Meadow","type":"garden","website":""}},{"type":"Feature","geometry":{"type":"Point","coordinates":[0.02436,51.57713]},"properties":{"name":"Christchurch Green","type":"park","website":"https://my.redbridge.gov.uk/map/parks-and-open-spaces/christchurch-green-recreation-ground"}},{"type":"Feature","geometry":{"type":"Point","coordinates":[-0.29138,51.35755]},"properties":{"name":"Castle Hill Local Nature Reserve","type":"nature_reserve","website":""}},{"type":"Feature","geometry":{"type":"Point","coordinates":[-0.18803,51.38016]},"properties":{"name":"Rosehill Park East","type":"park","website":""}},{"type":"Feature","geometry":{"type":"Point","coordinates":[-0.19362,51.37943]},"properties":{"name":"Rosehill Park","type":"park","website":""}},{"type":"Feature","geometry":{"type":"Point","coordinates":[-0.12351,51.53561]},"properties":{"name":"Wharf Road Gardens","type":"park","website":""}},{"type":"Feature","geometry":{"type":"Point","coordinates":[-0.27185,51.64641]},"properties":{"name":"Woodcock Hill Village Green","type":"park","website":""}},{"type":"Feature","geometry":{"type":"Point","coordinates":[-0.02033,51.56927]},"properties":{"name":"Cambrian Gardens","type":"park","website":""}},{"type":"Feature","geometry":{"type":"Point","coordinates":[-0.02337,51.57059]},"properties":{"name":"Friendship Gardens","type":"park","website":""}},{"type":"Feature","geometry":{"type":"Point","coordinates":[0.09755,51.51636]},"properties":{"name":"Creekmouth Open Space","type":"park","website":"http://creekmouth.net"}},{"type":"Feature","geometry":{"type":"Point","coordinates":[-0.21807,51.44273]},"properties":{"name":"Radley/Simon Lodge Communal Garden","type":"park","website":""}},{"type":"Feature","geometry":{"type":"Point","coordinates":[-0.26918,51.66606]},"properties":{"name":"Hartforde Road common ground","type":"park","website":""}},{"type":"Feature","geometry":{"type":"Point","coordinates":[-0.34251,51.44368]},"properties":{"name":"Twickenham Green","type":"park","website":""}},{"type":"Feature","geometry":{"type":"Point","coordinates":[-0.02999,51.53358]},"properties":{"name":"McKenna Green","type":"park","website":""}},{"type":"Feature","geometry":{"type":"Point","coordinates":[-0.27317,51.36717]},"properties":{"name":"Holman Road Park","type":"park","website":""}},{"type":"Feature","geometry":{"type":"Point","coordinates":[-0.01162,51.37294]},"properties":{"name":"McAndrew's Recreation Ground","type":"park","website":""}},{"type":"Feature","geometry":{"type":"Point","coordinates":[-0.39269,51.56263]},"properties":{"name":"Fairway Triangle","type":"park","website":""}},{"type":"Feature","geometry":{"type":"Point","coordinates":[-0.25535,51.58138]},"properties":{"name":"Silver Jubilee Park","type":"park","website":""}},{"type":"Feature","geometry":{"type":"Point","coordinates":[-0.23433,51.49425]},"properties":{"name":"Dalling Road Open Space","type":"park","website":""}},{"type":"Feature","geometry":{"type":"Point","coordinates":[0.00126,51.42177]},"properties":{"name":"Beechmore play park","type":"park","website":""}},{"type":"Feature","geometry":{"type":"Point","coordinates":[0.03668,51.58812]},"properties":{"name":"Onslow Gardens","type":"park","website":""}},{"type":"Feature","geometry":{"type":"Point","coordinates":[-0.07979,51.53466]},"properties":{"name":"Whitmore Estate Gardens Play Area","type":"park","website":""}},{"type":"Feature","geometry":{"type":"Point","coordinates":[-0.0794,51.53503]},"properties":{"name":"Nuttal Street Gardens Play Area","type":"park","website":""}},{"type":"Feature","geometry":{"type":"Point","coordinates":[0.00334,51.41974]},"properties":{"name":"Swiftsden Green","type":"park","website":""}},{"type":"Feature","geometry":{"type":"Point","coordinates":[-0.09987,51.60015]},"properties":{"name":"Chapman's Green","type":"park","website":""}},{"type":"Feature","geometry":{"type":"Point","coordinates":[-0.06673,51.47894]},"properties":{"name":"Lympstone Community Garden","type":"garden","website":""}},{"type":"Feature","geometry":{"type":"Point","coordinates":[-0.09192,51.46705]},"properties":{"name":"Ruskin Park Community Garden","type":"garden","website":"http://www.ruskinparkcommunitygarden.org/"}},{"type":"Feature","geometry":{"type":"Point","coordinates":[-0.11391,51.59612]},"properties":{"name":"Caxton Gardens","type":"garden","website":""}},{"type":"Feature","geometry":{"type":"Point","coordinates":[-0.18682,51.63451]},"properties":{"name":"Buttercup Field","type":"park","website":""}},{"type":"Feature","geometry":{"type":"Point","coordinates":[0.01502,51.49351]},"properties":{"name":"Southern Park","type":"park","website":""}},{"type":"Feature","geometry":{"type":"Point","coordinates":[-0.08145,51.47442]},"properties":{"name":"Mistral Community Garden","type":"garden","website":""}},{"type":"Feature","geometry":{"type":"Point","coordinates":[-0.00419,51.42416]},"properties":{"name":"Downham memorial park.","type":"park","website":""}},{"type":"Feature","geometry":{"type":"Point","coordinates":[-0.42083,51.33021]},"properties":{"name":"Kitchen Garden","type":"garden","website":""}},{"type":"Feature","geometry":{"type":"Point","coordinates":[-0.43245,51.32883]},"properties":{"name":"Painshill","type":"garden","website":""}},{"type":"Feature","geometry":{"type":"Point","coordinates":[0.05873,51.4204]},"properties":{"name":"Walden Recreation Ground","type":"park","website":""}},{"type":"Feature","geometry":{"type":"Point","coordinates":[0.06158,51.41811]},"properties":{"name":"Chislehurst Recreation Ground","type":"park","website":""}},{"type":"Feature","geometry":{"type":"Point","coordinates":[-0.04495,51.53808]},"properties":{"name":"Victoria Park Roundabout","type":"garden","website":""}},{"type":"Feature","geometry":{"type":"Point","coordinates":[-0.30015,51.60682]},"properties":{"name":"Stanmore Marsh South","type":"park","website":""}},{"type":"Feature","geometry":{"type":"Point","coordinates":[-0.02571,51.40746]},"properties":{"name":"Thorton Green","type":"park","website":""}},{"type":"Feature","geometry":{"type":"Point","coordinates":[-0.02209,51.41897]},"properties":{"name":"Calverley Green","type":"garden","website":""}},{"type":"Feature","geometry":{"type":"Point","coordinates":[-0.22583,51.46651]},"properties":{"name":"Communal Garden Square","type":"park","website":""}},{"type":"Feature","geometry":{"type":"Point","coordinates":[-0.20337,51.40939]},"properties":{"name":"St Mary's Glebe","type":"park","website":""}},{"type":"Feature","geometry":{"type":"Point","coordinates":[-0.00395,51.68771]},"properties":{"name":"Vicarage Garden and Abbey Forecourt","type":"garden","website":""}},{"type":"Feature","geometry":{"type":"Point","coordinates":[-0.19989,51.6452]},"properties":{"name":"West Park","type":"park","website":""}},{"type":"Feature","geometry":{"type":"Point","coordinates":[-0.30648,51.44713]},"properties":{"name":"Douglas House Meadow","type":"park","website":""}},{"type":"Feature","geometry":{"type":"Point","coordinates":[0.29419,51.51981]},"properties":{"name":"Quincetree Park","type":"park","website":""}},{"type":"Feature","geometry":{"type":"Point","coordinates":[0.29291,51.50385]},"properties":{"name":"Cruick Avenue Park","type":"park","website":""}},{"type":"Feature","geometry":{"type":"Point","coordinates":[0.29907,51.52303]},"properties":{"name":"Garden of Rememberance","type":"garden","website":""}},{"type":"Feature","geometry":{"type":"Point","coordinates":[-0.27838,51.31416]},"properties":{"name":"Walled Garden","type":"garden","website":""}},{"type":"Feature","geometry":{"type":"Point","coordinates":[0.25749,51.50203]},"properties":{"name":"Martin Road Park","type":"park","website":""}},{"type":"Feature","geometry":{"type":"Point","coordinates":[-0.10278,51.54583]},"properties":{"name":"Highbury Island","type":"park","website":""}},{"type":"Feature","geometry":{"type":"Point","coordinates":[0.00371,51.4263]},"properties":{"name":"St. Barnabas Park","type":"park","website":""}},{"type":"Feature","geometry":{"type":"Point","coordinates":[-0.19208,51.57791]},"properties":{"name":"Meadway Gate Garden","type":"garden","website":""}},{"type":"Feature","geometry":{"type":"Point","coordinates":[-0.10601,51.43209]},"properties":{"name":"Peregrine Park","type":"park","website":""}},{"type":"Feature","geometry":{"type":"Point","coordinates":[-0.50293,51.66407]},"properties":{"name":"Chorleywood House Estate","type":"nature_reserve","website":"https://www.chorleywoodhouse.org.uk/"}},{"type":"Feature","geometry":{"type":"Point","coordinates":[-0.0829,51.47306]},"properties":{"name":"Ornamental Garden","type":"garden","website":""}},{"type":"Feature","geometry":{"type":"Point","coordinates":[0.12401,51.34642]},"properties":{"name":"Pratts Bottom Nature Reserve","type":"nature_reserve","website":""}},{"type":"Feature","geometry":{"type":"Point","coordinates":[-0.19632,51.58509]},"properties":{"name":"Willifield Green","type":"park","website":""}},{"type":"Feature","geometry":{"type":"Point","coordinates":[-0.20592,51.55175]},"properties":{"name":"Jane Evans Nature Reserve","type":"nature_reserve","website":""}},{"type":"Feature","geometry":{"type":"Point","coordinates":[-0.4774,51.63431]},"properties":{"name":"Rickmansworth Aquadrome Local Nature Reserve","type":"park","website":"https://www.threerivers.gov.uk/egcl-page/rickmansworth-aquadrome"}},{"type":"Feature","geometry":{"type":"Point","coordinates":[0.33076,51.47331]},"properties":{"name":"Falcon Wood","type":"park","website":""}},{"type":"Feature","geometry":{"type":"Point","coordinates":[-0.48778,51.63056]},"properties":{"name":"Stocker's Lake Local Nature Reserve","type":"park","website":""}},{"type":"Feature","geometry":{"type":"Point","coordinates":[0.07951,51.63251]},"properties":{"name":"Chigwell Meadows","type":"park","website":""}},{"type":"Feature","geometry":{"type":"Point","coordinates":[0.05046,51.36785]},"properties":{"name":"Farnborough Common","type":"park","website":""}},{"type":"Feature","geometry":{"type":"Point","coordinates":[0.04415,51.36948]},"properties":{"name":"Hollydale Recreation Grounds","type":"park","website":""}},{"type":"Feature","geometry":{"type":"Point","coordinates":[0.00097,51.4509]},"properties":{"name":"Hither Green Nature Triangle","type":"nature_reserve","website":"http://www.leemanorsociety.org/Hither_Green_Triangle.htm"}},{"type":"Feature","geometry":{"type":"Point","coordinates":[-0.49373,51.5652]},"properties":{"name":"Aldebourne","type":"park","website":""}},{"type":"Feature","geometry":{"type":"Point","coordinates":[-0.4861,51.571]},"properties":{"name":"Denham Country Park","type":"nature_reserve","website":"https://www.buckinghamshire.gov.uk/health-wellbeing-and-sports/parks-and-open-spaces/find-a-park-or-play-area/denham/"}},{"type":"Feature","geometry":{"type":"Point","coordinates":[-0.0341,51.5345]},"properties":{"name":"St Stephen's Green","type":"park","website":""}},{"type":"Feature","geometry":{"type":"Point","coordinates":[-0.16157,51.48942]},"properties":{"name":"Royal Avenue","type":"park","website":"https://www.rbkc.gov.uk/parks-leisure-and-culture/parks/royal-avenue"}},{"type":"Feature","geometry":{"type":"Point","coordinates":[-0.15849,51.40866]},"properties":{"name":"Eastfield Road Gardens","type":"garden","website":""}},{"type":"Feature","geometry":{"type":"Point","coordinates":[-0.08219,51.30861]},"properties":{"name":"Whyteleafe Parish Council Garden","type":"park","website":""}},{"type":"Feature","geometry":{"type":"Point","coordinates":[-0.00039,51.54599]},"properties":{"name":"Alma Street Community Play Areas","type":"park","website":""}},{"type":"Feature","geometry":{"type":"Point","coordinates":[-0.04669,51.50893]},"properties":{"name":"King Edward Memorial Park Foreshore","type":"park","website":"https://www.tideway.london/the-tunnel/construction-sites/king-edward-memorial-park-foreshore-wapping/"}},{"type":"Feature","geometry":{"type":"Point","coordinates":[0.03825,51.52331]},"properties":{"name":"Greenway Orchard Green Gym (Newham)","type":"garden","website":""}},{"type":"Feature","geometry":{"type":"Point","coordinates":[-0.20817,51.32568]},"properties":{"name":"Banstead Wildlife Field","type":"nature_reserve","website":""}},{"type":"Feature","geometry":{"type":"Point","coordinates":[-0.12937,51.44365]},"properties":{"name":"Kirkstall Gardens","type":"park","website":"https://beta.lambeth.gov.uk/parks/kirkstall-gardens"}},{"type":"Feature","geometry":{"type":"Point","coordinates":[-0.07334,51.52721]},"properties":{"name":"Virginia Gardens","type":"park","website":""}},{"type":"Feature","geometry":{"type":"Point","coordinates":[-0.4077,51.45184]},"properties":{"name":"Feltham Park","type":"park","website":""}},{"type":"Feature","geometry":{"type":"Point","coordinates":[-0.41654,51.45201]},"properties":{"name":"Blenheim Park","type":"park","website":""}},{"type":"Feature","geometry":{"type":"Point","coordinates":[-0.40091,51.54882]},"properties":{"name":"Polish War Memorial Garden","type":"park","website":""}},{"type":"Feature","geometry":{"type":"Point","coordinates":[-0.02117,51.42295]},"properties":{"name":"Centre Circle","type":"garden","website":""}},{"type":"Feature","geometry":{"type":"Point","coordinates":[-0.05306,51.52677]},"properties":{"name":"Poets Corner Community Garden","type":"garden","website":""}},{"type":"Feature","geometry":{"type":"Point","coordinates":[-0.02372,51.39484]},"properties":{"name":"Harvington Estate","type":"park","website":""}},{"type":"Feature","geometry":{"type":"Point","coordinates":[-0.13403,51.36086]},"properties":{"name":"Mellows Park","type":"park","website":""}},{"type":"Feature","geometry":{"type":"Point","coordinates":[0.28573,51.60865]},"properties":{"name":"Warley Country Park","type":"park","website":""}},{"type":"Feature","geometry":{"type":"Point","coordinates":[-0.28481,51.48893]},"properties":{"name":"Kew Bridge Court Resident Park","type":"park","website":""}},{"type":"Feature","geometry":{"type":"Point","coordinates":[0.29394,51.62363]},"properties":{"name":"Mayfiled Gardens Public Park","type":"park","website":""}},{"type":"Feature","geometry":{"type":"Point","coordinates":[0.29574,51.62638]},"properties":{"name":"High Wood Park","type":"park","website":""}},{"type":"Feature","geometry":{"type":"Point","coordinates":[-0.27904,51.66362]},"properties":{"name":"Aberford Park","type":"park","website":""}},{"type":"Feature","geometry":{"type":"Point","coordinates":[0.16177,51.44841]},"properties":{"name":"Model Gardens","type":"garden","website":""}},{"type":"Feature","geometry":{"type":"Point","coordinates":[0.16098,51.44817]},"properties":{"name":"Vegetable plots","type":"garden","website":""}},{"type":"Feature","geometry":{"type":"Point","coordinates":[-0.06647,51.50705]},"properties":{"name":"Vaughan Way Wildlife Garden","type":"garden","website":""}},{"type":"Feature","geometry":{"type":"Point","coordinates":[-0.16446,51.56415]},"properties":{"name":"Hampstead Heath","type":"park","website":""}},{"type":"Feature","geometry":{"type":"Point","coordinates":[-0.36855,51.57886]},"properties":{"name":"Rayners Mead","type":"park","website":"https://www.openplay.co.uk/view/3351/rayners-mead"}},{"type":"Feature","geometry":{"type":"Point","coordinates":[0.19867,51.52821]},"properties":{"name":"Ingrebourne Hill","type":"park","website":"https://www.forestryengland.uk/ingrebourne-hill"}},{"type":"Feature","geometry":{"type":"Point","coordinates":[-0.37229,51.56751]},"properties":{"name":"Newton Park West","type":"park","website":""}},{"type":"Feature","geometry":{"type":"Point","coordinates":[0.21142,51.5383]},"properties":{"name":"Hornchurch Country Park","type":"park","website":"https://www.havering.gov.uk/info/20037/parks/699/hornchurch_country_park"}},{"type":"Feature","geometry":{"type":"Point","coordinates":[-0.35356,51.60882]},"properties":{"name":"The Cedars","type":"park","website":""}},{"type":"Feature","geometry":{"type":"Point","coordinates":[-0.36327,51.57016]},"properties":{"name":"Sandpiper Community Garden","type":"park","website":""}},{"type":"Feature","geometry":{"type":"Point","coordinates":[-0.16542,51.55546]},"properties":{"name":"World Peace Garden","type":"garden","website":""}},{"type":"Feature","geometry":{"type":"Point","coordinates":[-0.1556,51.55289]},"properties":{"name":"Lismore Circus Open Space","type":"park","website":""}},{"type":"Feature","geometry":{"type":"Point","coordinates":[-0.06221,51.4207]},"properties":{"name":"The Secret Garden","type":"nature_reserve","website":""}},{"type":"Feature","geometry":{"type":"Point","coordinates":[0.18667,51.55852]},"properties":{"name":"Bancroft Chase","type":"park","website":"https://www.havering.gov.uk/directory_record/55/bancroft_chase"}},{"type":"Feature","geometry":{"type":"Point","coordinates":[-0.21122,51.52685]},"properties":{"name":"Harrow Road Open Space","type":"park","website":""}},{"type":"Feature","geometry":{"type":"Point","coordinates":[-0.29704,51.40544]},"properties":{"name":"Hogsmill Community Garden","type":"garden","website":"https://www.facebook.com/hogsmillcommunitygarden/"}},{"type":"Feature","geometry":{"type":"Point","coordinates":[0.1836,51.53117]},"properties":{"name":"Whybridge Close Playsite","type":"park","website":""}},{"type":"Feature","geometry":{"type":"Point","coordinates":[-0.37878,51.44091]},"properties":{"name":"Butts Farm Estate Park","type":"park","website":""}},{"type":"Feature","geometry":{"type":"Point","coordinates":[-0.35965,51.42215]},"properties":{"name":"Pantile Bridge Open Space","type":"park","website":""}},{"type":"Feature","geometry":{"type":"Point","coordinates":[0.17761,51.57111]},"properties":{"name":"Jubilee Park","type":"park","website":""}},{"type":"Feature","geometry":{"type":"Point","coordinates":[0.11442,51.39373]},"properties":{"name":"Village Green","type":"park","website":""}},{"type":"Feature","geometry":{"type":"Point","coordinates":[-0.28143,51.36643]},"properties":{"name":"Bonesgate Open Space","type":"nature_reserve","website":""}},{"type":"Feature","geometry":{"type":"Point","coordinates":[0.06997,51.49205]},"properties":{"name":"Dial Arch Square","type":"park","website":""}},{"type":"Feature","geometry":{"type":"Point","coordinates":[0.11582,51.40172]},"properties":{"name":"St. Paul's Cray Recreation Ground","type":"park","website":""}},{"type":"Feature","geometry":{"type":"Point","coordinates":[-0.21528,51.46683]},"properties":{"name":"Putney Embankment Foreshore","type":"park","website":"https://www.tideway.london/locations/putney-embankment-foreshore/"}},{"type":"Feature","geometry":{"type":"Point","coordinates":[-0.42436,51.45172]},"properties":{"name":"Cage Park","type":"park","website":""}},{"type":"Feature","geometry":{"type":"Point","coordinates":[0.18809,51.45495]},"properties":{"name":"Crayford Way parkland","type":"park","website":""}},{"type":"Feature","geometry":{"type":"Point","coordinates":[0.12115,51.47072]},"properties":{"name":"Stevens Park","type":"park","website":""}},{"type":"Feature","geometry":{"type":"Point","coordinates":[-0.38771,51.44571]},"properties":{"name":"Pevensey Road Nature Reserve","type":"nature_reserve","website":""}},{"type":"Feature","geometry":{"type":"Point","coordinates":[-0.04368,51.50446]},"properties":{"name":"Mayflower Park","type":"park","website":""}},{"type":"Feature","geometry":{"type":"Point","coordinates":[-0.4077,51.44794]},"properties":{"name":"Bridge House Park","type":"park","website":""}},{"type":"Feature","geometry":{"type":"Point","coordinates":[-0.15186,51.53476]},"properties":{"name":"Wildlife Garden","type":"garden","website":""}},{"type":"Feature","geometry":{"type":"Point","coordinates":[-0.15107,51.52826]},"properties":{"name":"Regent's Park Allotment Garden","type":"garden","website":"https://www.royalparks.org.uk/parks/the-regents-park/things-to-see-and-do/gardens-and-landscapes/regents-park-allotment-garden"}},{"type":"Feature","geometry":{"type":"Point","coordinates":[-0.19396,51.59742]},"properties":{"name":"Rockery Garden","type":"garden","website":""}},{"type":"Feature","geometry":{"type":"Point","coordinates":[-0.19374,51.59689]},"properties":{"name":"Wildlife Area","type":"nature_reserve","website":""}},{"type":"Feature","geometry":{"type":"Point","coordinates":[-0.19449,51.59806]},"properties":{"name":"Monkey Hill","type":"park","website":""}},{"type":"Feature","geometry":{"type":"Point","coordinates":[-0.19289,51.59789]},"properties":{"name":"Outdoor Learning Area","type":"park","website":""}},{"type":"Feature","geometry":{"type":"Point","coordinates":[-0.17996,51.58962]},"properties":{"name":"Ossulton Way Open Space","type":"park","website":""}},{"type":"Feature","geometry":{"type":"Point","coordinates":[-0.19259,51.57999]},"properties":{"name":"Willifield Way Open Space","type":"park","website":""}},{"type":"Feature","geometry":{"type":"Point","coordinates":[-0.15651,51.62118]},"properties":{"name":"Bethune Nature Reserve","type":"park","website":""}},{"type":"Feature","geometry":{"type":"Point","coordinates":[0.29445,51.62494]},"properties":{"name":"Cleves Avenue","type":"park","website":""}},{"type":"Feature","geometry":{"type":"Point","coordinates":[0.28852,51.62361]},"properties":{"name":"Milan Walk Public Park","type":"park","website":""}},{"type":"Feature","geometry":{"type":"Point","coordinates":[-0.05227,51.5091]},"properties":{"name":"Shadwell Basin Terrace","type":"garden","website":""}},{"type":"Feature","geometry":{"type":"Point","coordinates":[-0.09679,51.49327]},"properties":{"name":"Elephant Park","type":"park","website":""}},{"type":"Feature","geometry":{"type":"Point","coordinates":[0.04175,51.35351]},"properties":{"name":"Holwood Park","type":"park","website":""}},{"type":"Feature","geometry":{"type":"Point","coordinates":[-0.17457,51.52466]},"properties":{"name":"Orange Park","type":"park","website":""}},{"type":"Feature","geometry":{"type":"Point","coordinates":[-0.20436,51.50277]},"properties":{"name":"Fukushima Garden","type":"garden","website":""}},{"type":"Feature","geometry":{"type":"Point","coordinates":[0.31326,51.43871]},"properties":{"name":"Castle Hill Park","type":"park","website":"https://ebbsfleetgardencity.org.uk/"}},{"type":"Feature","geometry":{"type":"Point","coordinates":[0.31091,51.43822]},"properties":{"name":"Limes Green","type":"park","website":""}},{"type":"Feature","geometry":{"type":"Point","coordinates":[0.30682,51.43817]},"properties":{"name":"Birch Green","type":"park","website":""}},{"type":"Feature","geometry":{"type":"Point","coordinates":[0.30268,51.43715]},"properties":{"name":"The Village Green","type":"park","website":"https://ebbsfleetgardencity.org.uk/your-community/parks/"}},{"type":"Feature","geometry":{"type":"Point","coordinates":[-0.17394,51.52859]},"properties":{"name":"Harris Garden","type":"garden","website":""}},{"type":"Feature","geometry":{"type":"Point","coordinates":[-0.17468,51.52926]},"properties":{"name":"Coronation Garden","type":"garden","website":""}},{"type":"Feature","geometry":{"type":"Point","coordinates":[-0.09423,51.49194]},"properties":{"name":"Wansey Gardens","type":"park","website":""}},{"type":"Feature","geometry":{"type":"Point","coordinates":[0.02247,51.37885]},"properties":{"name":"Millenium Garden","type":"garden","website":""}},{"type":"Feature","geometry":{"type":"Point","coordinates":[-0.25221,51.41895]},"properties":{"name":"Coombe Hill Wood","type":"nature_reserve","website":""}},{"type":"Feature","geometry":{"type":"Point","coordinates":[-0.41964,51.43887]},"properties":{"name":"William Smith Park","type":"park","website":""}},{"type":"Feature","geometry":{"type":"Point","coordinates":[-0.06885,51.38798]},"properties":{"name":"Woodside Green","type":"park","website":""}},{"type":"Feature","geometry":{"type":"Point","coordinates":[-0.22101,51.4007]},"properties":{"name":"Cannon Hill Common","type":"park","website":""}},{"type":"Feature","geometry":{"type":"Point","coordinates":[0.30229,51.51954]},"properties":{"name":"South Ockendon Hospital Garden of Remembrance","type":"garden","website":""}},{"type":"Feature","geometry":{"type":"Point","coordinates":[-0.01793,51.50975]},"properties":{"name":"Leyland House Community Garden","type":"garden","website":""}},{"type":"Feature","geometry":{"type":"Point","coordinates":[-0.17036,51.49741]},"properties":{"name":"Oratory House Garden","type":"garden","website":""}},{"type":"Feature","geometry":{"type":"Point","coordinates":[-0.08086,51.51219]},"properties":{"name":"The Garden at 120","type":"garden","website":"https://www.thegardenat120.com/"}},{"type":"Feature","geometry":{"type":"Point","coordinates":[-0.02688,51.50576]},"properties":{"name":"Westferry Circus","type":"park","website":""}},{"type":"Feature","geometry":{"type":"Point","coordinates":[-0.06815,51.38884]},"properties":{"name":"Woodside Green","type":"park","website":""}},{"type":"Feature","geometry":{"type":"Point","coordinates":[-0.06726,51.38909]},"properties":{"name":"Woodside Green","type":"park","website":""}},{"type":"Feature","geometry":{"type":"Point","coordinates":[-0.09946,51.5207]},"properties":{"name":"Charterhouse Square","type":"garden","website":""}},{"type":"Feature","geometry":{"type":"Point","coordinates":[-0.06968,51.5188]},"properties":{"name":"Chicksand Street Park","type":"park","website":""}},{"type":"Feature","geometry":{"type":"Point","coordinates":[-0.21122,51.52251]},"properties":{"name":"Athlone Gardens","type":"park","website":""}},{"type":"Feature","geometry":{"type":"Point","coordinates":[-0.26767,51.38612]},"properties":{"name":"Long Meadow","type":"park","website":""}},{"type":"Feature","geometry":{"type":"Point","coordinates":[-0.26738,51.38388]},"properties":{"name":"Southwood","type":"park","website":""}},{"type":"Feature","geometry":{"type":"Point","coordinates":[-0.04967,51.61539]},"properties":{"name":"Angel Gardens","type":"park","website":""}},{"type":"Feature","geometry":{"type":"Point","coordinates":[-0.04989,51.61574]},"properties":{"name":"Community Garden","type":"garden","website":""}},{"type":"Feature","geometry":{"type":"Point","coordinates":[-0.04969,51.61581]},"properties":{"name":"Angel Walk","type":"park","website":""}},{"type":"Feature","geometry":{"type":"Point","coordinates":[-0.32626,51.42471]},"properties":{"name":"Udney Park Playing Fields","type":"park","website":""}},{"type":"Feature","geometry":{"type":"Point","coordinates":[-0.31964,51.41808]},"properties":{"name":"School House Lane Orchard","type":"park","website":""}},{"type":"Feature","geometry":{"type":"Point","coordinates":[-0.14235,51.40531]},"properties":{"name":"Rowan Park informal recreation area","type":"park","website":""}},{"type":"Feature","geometry":{"type":"Point","coordinates":[-0.06817,51.51425]},"properties":{"name":"Chaucer Gardens","type":"park","website":""}},{"type":"Feature","geometry":{"type":"Point","coordinates":[-0.24239,51.55142]},"properties":{"name":"Willesden Community Gardens","type":"park","website":""}},{"type":"Feature","geometry":{"type":"Point","coordinates":[-0.17126,51.51886]},"properties":{"name":"Floating Pocket Park","type":"park","website":""}},{"type":"Feature","geometry":{"type":"Point","coordinates":[-0.17375,51.48194]},"properties":{"name":"Battersea Bridge Gardens","type":"garden","website":""}},{"type":"Feature","geometry":{"type":"Point","coordinates":[0.20657,51.56148]},"properties":{"name":"Garden For The Blind","type":"garden","website":""}},{"type":"Feature","geometry":{"type":"Point","coordinates":[-0.17694,51.52036]},"properties":{"name":"Saint Mary's Square","type":"park","website":""}},{"type":"Feature","geometry":{"type":"Point","coordinates":[-0.28417,51.38846]},"properties":{"name":"Edith Gardens Nature Reserve","type":"nature_reserve","website":""}},{"type":"Feature","geometry":{"type":"Point","coordinates":[-0.26945,51.38918]},"properties":{"name":"Hogsmill Wood Nature Reserve","type":"nature_reserve","website":""}},{"type":"Feature","geometry":{"type":"Point","coordinates":[0.21561,51.52967]},"properties":{"name":"Abbey Wood Public Open Space","type":"park","website":""}},{"type":"Feature","geometry":{"type":"Point","coordinates":[0.27293,51.66307]},"properties":{"name":"Fox Hatch","type":"park","website":""}},{"type":"Feature","geometry":{"type":"Point","coordinates":[0.27425,51.66622]},"properties":{"name":"Kelvedon Green","type":"park","website":""}},{"type":"Feature","geometry":{"type":"Point","coordinates":[-0.13196,51.48359]},"properties":{"name":"CC4P","type":"garden","website":""}},{"type":"Feature","geometry":{"type":"Point","coordinates":[-0.13287,51.52022]},"properties":{"name":"Alfred Place Gardens","type":"park","website":""}},{"type":"Feature","geometry":{"type":"Point","coordinates":[-0.3995,51.58914]},"properties":{"name":"Long Meadow","type":"park","website":""}},{"type":"Feature","geometry":{"type":"Point","coordinates":[-0.28696,51.4752]},"properties":{"name":"St Luke's Open Space","type":"park","website":""}},{"type":"Feature","geometry":{"type":"Point","coordinates":[-0.19324,51.51627]},"properties":{"name":"Kildare Gardens","type":"garden","website":""}},{"type":"Feature","geometry":{"type":"Point","coordinates":[-0.39912,51.5655]},"properties":{"name":"Torcross Green","type":"park","website":""}},{"type":"Feature","geometry":{"type":"Point","coordinates":[-0.39601,51.56909]},"properties":{"name":"Broadhurst Gardens","type":"park","website":""}},{"type":"Feature","geometry":{"type":"Point","coordinates":[-0.39435,51.56078]},"properties":{"name":"Crossway Green","type":"park","website":""}},{"type":"Feature","geometry":{"type":"Point","coordinates":[-0.37151,51.4289]},"properties":{"name":"The Cloisters","type":"garden","website":""}},{"type":"Feature","geometry":{"type":"Point","coordinates":[0.27414,51.62688]},"properties":{"name":"The Park","type":"park","website":""}},{"type":"Feature","geometry":{"type":"Point","coordinates":[-0.51088,51.48215]},"properties":{"name":"Pippins Park","type":"park","website":"https://www.slough.gov.uk/parks-green-spaces/pippins-park"}},{"type":"Feature","geometry":{"type":"Point","coordinates":[-0.51805,51.48254]},"properties":{"name":"Albany Park","type":"park","website":""}},{"type":"Feature","geometry":{"type":"Point","coordinates":[-0.25848,51.54587]},"properties":{"name":"Brentfield Open Space","type":"park","website":""}},{"type":"Feature","geometry":{"type":"Point","coordinates":[-0.21405,51.39775]},"properties":{"name":"Cherry Wood","type":"nature_reserve","website":"http://cherrywood.org.uk/"}},{"type":"Feature","geometry":{"type":"Point","coordinates":[-0.13257,51.58759]},"properties":{"name":"Priory Common Orchard","type":"garden","website":""}},{"type":"Feature","geometry":{"type":"Point","coordinates":[-0.06097,51.52274]},"properties":{"name":"Codrington Court Community Garden and Green Space","type":"garden","website":""}},{"type":"Feature","geometry":{"type":"Point","coordinates":[-0.09553,51.49489]},"properties":{"name":"Falmouth Road Gardens","type":"park","website":""}},{"type":"Feature","geometry":{"type":"Point","coordinates":[-0.12631,51.47603]},"properties":{"name":"Lansdowne Gardens","type":"park","website":"https://beta.lambeth.gov.uk/parks/lansdowne-gardens"}},{"type":"Feature","geometry":{"type":"Point","coordinates":[-0.22914,51.42388]},"properties":{"name":"Sunken Garden","type":"garden","website":""}},{"type":"Feature","geometry":{"type":"Point","coordinates":[-0.23132,51.42582]},"properties":{"name":"Rose Garden","type":"garden","website":""}},{"type":"Feature","geometry":{"type":"Point","coordinates":[-0.48744,51.48124]},"properties":{"name":"Heathrow Biodiversity Site - Peggy Bedford","type":"nature_reserve","website":""}},{"type":"Feature","geometry":{"type":"Point","coordinates":[-0.31289,51.577]},"properties":{"name":"Northwick Park Community Garden","type":"garden","website":""}},{"type":"Feature","geometry":{"type":"Point","coordinates":[-0.28565,51.30839]},"properties":{"name":"Maze","type":"park","website":""}},{"type":"Feature","geometry":{"type":"Point","coordinates":[-0.08934,51.49921]},"properties":{"name":"Rectory Garden","type":"garden","website":""}},{"type":"Feature","geometry":{"type":"Point","coordinates":[-0.09013,51.50111]},"properties":{"name":"Beautiful Balin","type":"garden","website":"https://tabardgrowers.com"}},{"type":"Feature","geometry":{"type":"Point","coordinates":[-0.01195,51.46482]},"properties":{"name":"Confluence Park","type":"park","website":""}},{"type":"Feature","geometry":{"type":"Point","coordinates":[-0.08726,51.49817]},"properties":{"name":"Huberd Growers","type":"garden","website":""}},{"type":"Feature","geometry":{"type":"Point","coordinates":[-0.08695,51.49767]},"properties":{"name":"Gorgeous Geoffrey","type":"garden","website":""}},{"type":"Feature","geometry":{"type":"Point","coordinates":[-0.08701,51.49648]},"properties":{"name":"Pilgrim Planters","type":"garden","website":"https://tabardgrowers.com/"}},{"type":"Feature","geometry":{"type":"Point","coordinates":[-0.08835,51.49976]},"properties":{"name":"Hankey Garden","type":"garden","website":""}},{"type":"Feature","geometry":{"type":"Point","coordinates":[-0.09043,51.49868]},"properties":{"name":"Becket&Selbourne Community Gardens","type":"garden","website":"https://tabardgrowers.com/"}},{"type":"Feature","geometry":{"type":"Point","coordinates":[-0.08965,51.50184]},"properties":{"name":"Balin House car park raised bed","type":"garden","website":"https://tabardgrowers.com/"}},{"type":"Feature","geometry":{"type":"Point","coordinates":[-0.08952,51.5017]},"properties":{"name":"Wendy's Garden","type":"garden","website":""}},{"type":"Feature","geometry":{"type":"Point","coordinates":[-0.09049,51.50167]},"properties":{"name":"Thelma's Garden","type":"garden","website":""}},{"type":"Feature","geometry":{"type":"Point","coordinates":[-0.08939,51.501]},"properties":{"name":"Eynsford House Community Garden","type":"garden","website":""}},{"type":"Feature","geometry":{"type":"Point","coordinates":[-0.20504,51.51009]},"properties":{"name":"Ladbroke Grove Garden","type":"garden","website":""}},{"type":"Feature","geometry":{"type":"Point","coordinates":[-0.34662,51.50078]},"properties":{"name":"Warren Farm Nature Reserve","type":"nature_reserve","website":"https://www.warrenfarmnaturereserve.co.uk/"}},{"type":"Feature","geometry":{"type":"Point","coordinates":[-0.09022,51.50184]},"properties":{"name":"Harold's balcony garden & orchard","type":"garden","website":""}},{"type":"Feature","geometry":{"type":"Point","coordinates":[-0.08744,51.49787]},"properties":{"name":"Kitchen Garden","type":"garden","website":""}},{"type":"Feature","geometry":{"type":"Point","coordinates":[-0.14759,51.4564]},"properties":{"name":"Bandstand Beds Community Garden","type":"park","website":""}},{"type":"Feature","geometry":{"type":"Point","coordinates":[-0.21059,51.49875]},"properties":{"name":"Russell Road Kitchen Garden","type":"garden","website":""}},{"type":"Feature","geometry":{"type":"Point","coordinates":[0.11235,51.38993]},"properties":{"name":"Riverside Gardens","type":"park","website":""}},{"type":"Feature","geometry":{"type":"Point","coordinates":[0.10891,51.38586]},"properties":{"name":"Riverside gardens","type":"park","website":""}},{"type":"Feature","geometry":{"type":"Point","coordinates":[0.1192,51.39365]},"properties":{"name":"Sandway Park","type":"park","website":""}},{"type":"Feature","geometry":{"type":"Point","coordinates":[0.11969,51.39189]},"properties":{"name":"Oakmore Gardens","type":"park","website":""}},{"type":"Feature","geometry":{"type":"Point","coordinates":[-0.01017,51.50261]},"properties":{"name":"Harbord Square Park","type":"park","website":""}},{"type":"Feature","geometry":{"type":"Point","coordinates":[-0.20425,51.50208]},"properties":{"name":"Napoleon Garden","type":"garden","website":""}},{"type":"Feature","geometry":{"type":"Point","coordinates":[-0.13385,51.54074]},"properties":{"name":"Elm Village Open Space","type":"park","website":""}},{"type":"Feature","geometry":{"type":"Point","coordinates":[-0.11515,51.61093]},"properties":{"name":"New River Path","type":"park","website":""}},{"type":"Feature","geometry":{"type":"Point","coordinates":[0.08899,51.44709]},"properties":{"name":"Parish Wood","type":"park","website":"https://www.bexley.gov.uk/services/parks-and-open-spaces/parks/parish-wood"}},{"type":"Feature","geometry":{"type":"Point","coordinates":[-0.22376,51.56225]},"properties":{"name":"Pinemartin Acitivty Park","type":"park","website":""}},{"type":"Feature","geometry":{"type":"Point","coordinates":[-0.11653,51.60359]},"properties":{"name":"Finsbury Gardens","type":"park","website":""}},{"type":"Feature","geometry":{"type":"Point","coordinates":[-0.15174,51.41947]},"properties":{"name":"Vectis Gardens","type":"park","website":""}},{"type":"Feature","geometry":{"type":"Point","coordinates":[-0.10611,51.60274]},"properties":{"name":"White Hart Lane Recreation Ground","type":"park","website":""}},{"type":"Feature","geometry":{"type":"Point","coordinates":[0.32612,51.43889]},"properties":{"name":"Ebbsfleet River Park","type":"park","website":""}},{"type":"Feature","geometry":{"type":"Point","coordinates":[0.31675,51.44327]},"properties":{"name":"Ebbsfleet Central Park","type":"park","website":""}},{"type":"Feature","geometry":{"type":"Point","coordinates":[0.0147,51.52491]},"properties":{"name":"Daisy Parsons Memorial Garden","type":"park","website":""}},{"type":"Feature","geometry":{"type":"Point","coordinates":[0.02165,51.5386]},"properties":{"name":"Community Vegetable Garden","type":"garden","website":""}},{"type":"Feature","geometry":{"type":"Point","coordinates":[-0.02119,51.66527]},"properties":{"name":"Prince of Wales Open Space","type":"park","website":""}},{"type":"Feature","geometry":{"type":"Point","coordinates":[-0.50337,51.47047]},"properties":{"name":"Heathrow Colne Valley Biodiversity Site","type":"nature_reserve","website":""}},{"type":"Feature","geometry":{"type":"Point","coordinates":[-0.12673,51.52686]},"properties":{"name":"Cartwright Gardens","type":"park","website":""}},{"type":"Feature","geometry":{"type":"Point","coordinates":[-0.12161,51.52685]},"properties":{"name":"Regent Square Gardens","type":"park","website":""}},{"type":"Feature","geometry":{"type":"Point","coordinates":[-0.19266,51.50198]},"properties":{"name":"Alec Clifton-Taylor Memorial Gardens","type":"garden","website":""}},{"type":"Feature","geometry":{"type":"Point","coordinates":[-0.15493,51.48986]},"properties":{"name":"Dove Place","type":"park","website":""}},{"type":"Feature","geometry":{"type":"Point","coordinates":[-0.15351,51.48897]},"properties":{"name":"Mulberry Square","type":"garden","website":""}},{"type":"Feature","geometry":{"type":"Point","coordinates":[-0.35169,51.42928]},"properties":{"name":"Alpha Road Park","type":"park","website":""}},{"type":"Feature","geometry":{"type":"Point","coordinates":[0.07343,51.49545]},"properties":{"name":"Royal Arsenal Thames Path Garden","type":"park","website":""}},{"type":"Feature","geometry":{"type":"Point","coordinates":[-0.1404,51.469]},"properties":{"name":"St Paul's Churchyard","type":"park","website":"https://beta.lambeth.gov.uk/parks/st-pauls-churchyard-eden-nature-garden"}},{"type":"Feature","geometry":{"type":"Point","coordinates":[-0.11846,51.46408]},"properties":{"name":"Papa's Park","type":"park","website":""}},{"type":"Feature","geometry":{"type":"Point","coordinates":[-0.03141,51.38051]},"properties":{"name":"OT vegetable garden","type":"garden","website":""}},{"type":"Feature","geometry":{"type":"Point","coordinates":[-0.36956,51.49388]},"properties":{"name":"Norwood Green","type":"park","website":""}},{"type":"Feature","geometry":{"type":"Point","coordinates":[-0.52003,51.64781]},"properties":{"name":"Waring's Field","type":"nature_reserve","website":""}},{"type":"Feature","geometry":{"type":"Point","coordinates":[-0.1389,51.43722]},"properties":{"name":"Woodfield Recreation Ground","type":"park","website":""}},{"type":"Feature","geometry":{"type":"Point","coordinates":[-0.10992,51.60089]},"properties":{"name":"Crescent Gardens","type":"park","website":""}},{"type":"Feature","geometry":{"type":"Point","coordinates":[-0.19185,51.50113]},"properties":{"name":"The Roof Gardens","type":"garden","website":""}},{"type":"Feature","geometry":{"type":"Point","coordinates":[0.02085,51.44212]},"properties":{"name":"Burst Ash Pond","type":"nature_reserve","website":"https://lewisham.gov.uk/inmyarea/openspaces/nature-reserves/burnt-ash-pond"}},{"type":"Feature","geometry":{"type":"Point","coordinates":[-0.02963,51.38253]},"properties":{"name":"Courtyard Garden","type":"garden","website":""}},{"type":"Feature","geometry":{"type":"Point","coordinates":[-0.33413,51.54614]},"properties":{"name":"Horsenden Hill Open Space","type":"park","website":""}},{"type":"Feature","geometry":{"type":"Point","coordinates":[-0.19441,51.48254]},"properties":{"name":"Teacher's Garden","type":"garden","website":""}},{"type":"Feature","geometry":{"type":"Point","coordinates":[0.00163,51.509]},"properties":{"name":"Jamestown Way Waterfront Park","type":"garden","website":""}},{"type":"Feature","geometry":{"type":"Point","coordinates":[0.22072,51.43608]},"properties":{"name":"Brooklands Lakes","type":"park","website":""}},{"type":"Feature","geometry":{"type":"Point","coordinates":[0.06008,51.63963]},"properties":{"name":"Memorial Rose Garden","type":"park","website":""}},{"type":"Feature","geometry":{"type":"Point","coordinates":[-0.40878,51.60607]},"properties":{"name":"Hog's Back Open Space","type":"park","website":""}},{"type":"Feature","geometry":{"type":"Point","coordinates":[-0.41898,51.61432]},"properties":{"name":"Frithwood Park","type":"park","website":""}},{"type":"Feature","geometry":{"type":"Point","coordinates":[0.24024,51.41044]},"properties":{"name":"St John's Jerusalem","type":"garden","website":""}},{"type":"Feature","geometry":{"type":"Point","coordinates":[-0.37249,51.44959]},"properties":{"name":"Jubilee Meadow","type":"park","website":""}},{"type":"Feature","geometry":{"type":"Point","coordinates":[-0.24847,51.42243]},"properties":{"name":"Beverley Meads","type":"nature_reserve","website":""}},{"type":"Feature","geometry":{"type":"Point","coordinates":[-0.25064,51.42403]},"properties":{"name":"Fishponds Wood","type":"nature_reserve","website":""}},{"type":"Feature","geometry":{"type":"Point","coordinates":[-0.46921,51.5406]},"properties":{"name":"Bubridge Gardens Pocket Park","type":"park","website":""}},{"type":"Feature","geometry":{"type":"Point","coordinates":[-0.47056,51.53868]},"properties":{"name":"Churchill Road Pocket Park","type":"park","website":""}},{"type":"Feature","geometry":{"type":"Point","coordinates":[-0.11035,51.56653]},"properties":{"name":"Woodfall Park","type":"park","website":""}},{"type":"Feature","geometry":{"type":"Point","coordinates":[-0.08178,51.46657]},"properties":{"name":"Lettsom Gardens","type":"garden","website":"https://www.lettsomgardens.org.uk/"}},{"type":"Feature","geometry":{"type":"Point","coordinates":[0.24195,51.4389]},"properties":{"name":"Garden of Remembrance","type":"garden","website":""}},{"type":"Feature","geometry":{"type":"Point","coordinates":[-0.03624,51.45485]},"properties":{"name":"Crofton Park Railway Garden","type":"park","website":"https://croftonparkrailwaygarden.org.uk"}},{"type":"Feature","geometry":{"type":"Point","coordinates":[-0.16017,51.5338]},"properties":{"name":"Bird breeding area","type":"nature_reserve","website":""}},{"type":"Feature","geometry":{"type":"Point","coordinates":[-0.2657,51.50946]},"properties":{"name":"Poets' Corner Community Garden","type":"park","website":""}},{"type":"Feature","geometry":{"type":"Point","coordinates":[-0.11591,51.56961]},"properties":{"name":"Evershot Road Gardens","type":"park","website":""}},{"type":"Feature","geometry":{"type":"Point","coordinates":[-0.12879,51.56106]},"properties":{"name":"WPCA Community Gardens","type":"garden","website":""}},{"type":"Feature","geometry":{"type":"Point","coordinates":[-0.11669,51.60213]},"properties":{"name":"Nightingale Gardens","type":"park","website":""}},{"type":"Feature","geometry":{"type":"Point","coordinates":[-0.15656,51.3774]},"properties":{"name":"Felnex Park","type":"park","website":""}},{"type":"Feature","geometry":{"type":"Point","coordinates":[-0.44011,51.5275]},"properties":{"name":"Knights Gardens","type":"park","website":""}},{"type":"Feature","geometry":{"type":"Point","coordinates":[0.00299,51.50914]},"properties":{"name":"East India Dock Basin","type":"nature_reserve","website":"https://www.leevalleypark.org.uk/east-india-dock-basin"}},{"type":"Feature","geometry":{"type":"Point","coordinates":[-0.06967,51.46693]},"properties":{"name":"McDermott Grove","type":"garden","website":""}},{"type":"Feature","geometry":{"type":"Point","coordinates":[-0.15741,51.47922]},"properties":{"name":"Battersea Park","type":"park","website":"https://www.wandsworth.gov.uk/batterseapark"}},{"type":"Feature","geometry":{"type":"Point","coordinates":[-0.16156,51.54951]},"properties":{"name":"Troyes House Garden","type":"garden","website":""}},{"type":"Feature","geometry":{"type":"Point","coordinates":[-0.16205,51.55284]},"properties":{"name":"Cayford House","type":"garden","website":""}},{"type":"Feature","geometry":{"type":"Point","coordinates":[-0.06851,51.51619]},"properties":{"name":"Altab Ali Park","type":"park","website":""}},{"type":"Feature","geometry":{"type":"Point","coordinates":[0.02907,51.50053]},"properties":{"name":"Corinthian Square","type":"park","website":""}},{"type":"Feature","geometry":{"type":"Point","coordinates":[-0.11866,51.4415]},"properties":{"name":"Palace Road  Nature Gardens","type":"nature_reserve","website":"https://hillsidegardenspark.co.uk/palace-road-nature-garden/"}},{"type":"Feature","geometry":{"type":"Point","coordinates":[-0.11131,51.56739]},"properties":{"name":"Everleigh Street Open Space","type":"park","website":""}},{"type":"Feature","geometry":{"type":"Point","coordinates":[-0.36309,51.53756]},"properties":{"name":"Marnham Fields","type":"park","website":""}},{"type":"Feature","geometry":{"type":"Point","coordinates":[-0.10553,51.42495]},"properties":{"name":"Knight's Hill Wood Nature Reserve","type":"nature_reserve","website":""}},{"type":"Feature","geometry":{"type":"Point","coordinates":[-0.31701,51.491]},"properties":{"name":"Walled Garden","type":"garden","website":""}},{"type":"Feature","geometry":{"type":"Point","coordinates":[-0.28559,51.4971]},"properties":{"name":"Birds area","type":"nature_reserve","website":""}},{"type":"Feature","geometry":{"type":"Point","coordinates":[-0.03963,51.53707]},"properties":{"name":"Burdett Coutts Garden","type":"garden","website":""}},{"type":"Feature","geometry":{"type":"Point","coordinates":[0.09523,51.52803]},"properties":{"name":"Bastable Green","type":"park","website":""}},{"type":"Feature","geometry":{"type":"Point","coordinates":[-0.00129,51.52029]},"properties":{"name":"Cody Wilds Nature Space","type":"nature_reserve","website":""}},{"type":"Feature","geometry":{"type":"Point","coordinates":[0.21156,51.53048]},"properties":{"name":"Ingrebourne Marshes SSSI","type":"nature_reserve","website":"https://designatedsites.naturalengland.org.uk/SiteDetail.aspx?SiteCode=S1001842&SiteName=bourne&countyCode=&responsiblePerson="}},{"type":"Feature","geometry":{"type":"Point","coordinates":[-0.11836,51.42169]},"properties":{"name":"Streatham Common Nature Reserve","type":"nature_reserve","website":"http://streathamcommon.org/common/480-2/"}},{"type":"Feature","geometry":{"type":"Point","coordinates":[-0.36464,51.4155]},"properties":{"name":"Beveree Wildlife Site","type":"nature_reserve","website":""}},{"type":"Feature","geometry":{"type":"Point","coordinates":[-0.36609,51.44122]},"properties":{"name":"Crane Park - Willow Way","type":"park","website":""}},{"type":"Feature","geometry":{"type":"Point","coordinates":[-0.15315,51.48696]},"properties":{"name":"Ranelagh Gardens","type":"park","website":""}},{"type":"Feature","geometry":{"type":"Point","coordinates":[0.22456,51.53575]},"properties":{"name":"Berwick Glades","type":"park","website":""}},{"type":"Feature","geometry":{"type":"Point","coordinates":[-0.34068,51.42639]},"properties":{"name":"Remembrance Garden","type":"garden","website":""}},{"type":"Feature","geometry":{"type":"Point","coordinates":[0.24472,51.55762]},"properties":{"name":"Upminster Windmill Field","type":"park","website":""}},{"type":"Feature","geometry":{"type":"Point","coordinates":[-0.33763,51.42522]},"properties":{"name":"Elleray Centre","type":"garden","website":""}},{"type":"Feature","geometry":{"type":"Point","coordinates":[0.06193,51.59558]},"properties":{"name":"Hurstleigh Gardens Open Space","type":"park","website":""}},{"type":"Feature","geometry":{"type":"Point","coordinates":[-0.31908,51.44662]},"properties":{"name":"Orleans House Gardens","type":"park","website":""}},{"type":"Feature","geometry":{"type":"Point","coordinates":[-0.14365,51.41623]},"properties":{"name":"Eardley Road Sidings","type":"nature_reserve","website":"https://www.woodlandtrust.org.uk/visiting-woods/woods/eardley-road-sidings/"}},{"type":"Feature","geometry":{"type":"Point","coordinates":[0.0323,51.39716]},"properties":{"name":"Havelock Recreation Ground","type":"park","website":""}},{"type":"Feature","geometry":{"type":"Point","coordinates":[-0.32945,51.43102]},"properties":{"name":"Grove Gardens","type":"park","website":""}},{"type":"Feature","geometry":{"type":"Point","coordinates":[-0.09097,51.44318]},"properties":{"name":"Belair Park","type":"park","website":""}},{"type":"Feature","geometry":{"type":"Point","coordinates":[0.1955,51.45497]},"properties":{"name":"Jolly Farmers Open Space","type":"park","website":""}},{"type":"Feature","geometry":{"type":"Point","coordinates":[-0.02256,51.57575]},"properties":{"name":"Thomas Gamuel Park","type":"park","website":""}},{"type":"Feature","geometry":{"type":"Point","coordinates":[-0.01399,51.50189]},"properties":{"name":"Harbour Quay Gardens","type":"park","website":""}},{"type":"Feature","geometry":{"type":"Point","coordinates":[0.10248,51.69271]},"properties":{"name":"Bell Common","type":"park","website":""}},{"type":"Feature","geometry":{"type":"Point","coordinates":[-0.14417,51.50452]},"properties":{"name":"The Green Park","type":"park","website":"https://www.royalparks.org.uk/parks/green-park"}},{"type":"Feature","geometry":{"type":"Point","coordinates":[-0.50884,51.66127]},"properties":{"name":"Sunken Garden","type":"garden","website":""}},{"type":"Feature","geometry":{"type":"Point","coordinates":[0.15044,51.502]},"properties":{"name":"Crossness Nature Reserve","type":"nature_reserve","website":""}},{"type":"Feature","geometry":{"type":"Point","coordinates":[-0.06778,51.44736]},"properties":{"name":"Dawson's Hill Park","type":"park","website":"https://www.southwark.gov.uk/parks-and-open-spaces/parks/dawson-s-hill"}},{"type":"Feature","geometry":{"type":"Point","coordinates":[-0.12255,51.55582]},"properties":{"name":"Chambers Road Park","type":"park","website":""}},{"type":"Feature","geometry":{"type":"Point","coordinates":[-0.41682,51.61025]},"properties":{"name":"Crowe's Nest","type":"park","website":""}},{"type":"Feature","geometry":{"type":"Point","coordinates":[-0.11808,51.4286]},"properties":{"name":"Unigate Wood","type":"nature_reserve","website":"https://www.woodlandtrust.org.uk/visiting-woods/woods/unigate-woods/"}},{"type":"Feature","geometry":{"type":"Point","coordinates":[-0.31373,51.61603]},"properties":{"name":"Bernays Gardens","type":"garden","website":""}},{"type":"Feature","geometry":{"type":"Point","coordinates":[0.23215,51.48832]},"properties":{"name":"Spiderfield","type":"park","website":""}},{"type":"Feature","geometry":{"type":"Point","coordinates":[-0.30847,51.52766]},"properties":{"name":"Denison-Ludlow Green","type":"park","website":""}},{"type":"Feature","geometry":{"type":"Point","coordinates":[0.20193,51.42751]},"properties":{"name":"Site of World War II Italian & German Prisoner of War camp","type":"garden","website":""}},{"type":"Feature","geometry":{"type":"Point","coordinates":[-0.32553,51.49738]},"properties":{"name":"Wildberry Nature Reserve","type":"park","website":""}},{"type":"Feature","geometry":{"type":"Point","coordinates":[0.27381,51.61347]},"properties":{"name":"River Road Play Space","type":"park","website":""}},{"type":"Feature","geometry":{"type":"Point","coordinates":[-0.23411,51.2899]},"properties":{"name":"Jubilee Woodland","type":"park","website":""}},{"type":"Feature","geometry":{"type":"Point","coordinates":[-0.44189,51.63475]},"properties":{"name":"The Withey Beds Local Nature Reserve","type":"nature_reserve","website":""}},{"type":"Feature","geometry":{"type":"Point","coordinates":[-0.11115,51.57474]},"properties":{"name":"Parish Peace Garden","type":"garden","website":""}},{"type":"Feature","geometry":{"type":"Point","coordinates":[-0.41485,51.67924]},"properties":{"name":"Orchard Park","type":"park","website":""}},{"type":"Feature","geometry":{"type":"Point","coordinates":[0.02487,51.50415]},"properties":{"name":"Britannia Village Community Garden","type":"garden","website":""}},{"type":"Feature","geometry":{"type":"Point","coordinates":[0.07602,51.50692]},"properties":{"name":"Northern Square","type":"park","website":""}},{"type":"Feature","geometry":{"type":"Point","coordinates":[-0.30605,51.41034]},"properties":{"name":"All Saints Churchyard","type":"garden","website":""}},{"type":"Feature","geometry":{"type":"Point","coordinates":[-0.30831,51.40907]},"properties":{"name":"Charter Quay Wildlife Habitat","type":"nature_reserve","website":""}},{"type":"Feature","geometry":{"type":"Point","coordinates":[-0.00941,51.52172]},"properties":{"name":"Gillender Play Area","type":"garden","website":""}},{"type":"Feature","geometry":{"type":"Point","coordinates":[0.07929,51.66077]},"properties":{"name":"Home Mead Local Nature Reserve","type":"nature_reserve","website":""}},{"type":"Feature","geometry":{"type":"Point","coordinates":[-0.10882,51.47508]},"properties":{"name":"Eythorne Park","type":"park","website":""}},{"type":"Feature","geometry":{"type":"Point","coordinates":[-0.0826,51.493]},"properties":{"name":"Stompie Garden","type":"garden","website":""}},{"type":"Feature","geometry":{"type":"Point","coordinates":[-0.44947,51.51846]},"properties":{"name":"Hale Field Park","type":"park","website":""}},{"type":"Feature","geometry":{"type":"Point","coordinates":[-0.08025,51.52975]},"properties":{"name":"Khadija's Garden","type":"garden","website":""}},{"type":"Feature","geometry":{"type":"Point","coordinates":[-0.17451,51.48402]},"properties":{"name":"Allen Hall Seminary Garden","type":"garden","website":""}},{"type":"Feature","geometry":{"type":"Point","coordinates":[-0.22896,51.48889]},"properties":{"name":"Beckett's Wharf","type":"park","website":""}},{"type":"Feature","geometry":{"type":"Point","coordinates":[0.03635,51.5004]},"properties":{"name":"Bombardier Beetle Relocation Area","type":"nature_reserve","website":""}},{"type":"Feature","geometry":{"type":"Point","coordinates":[-0.22977,51.48652]},"properties":{"name":"Riverview Gardens","type":"garden","website":""}},{"type":"Feature","geometry":{"type":"Point","coordinates":[-0.17979,51.47708]},"properties":{"name":"Water Gardens","type":"garden","website":""}},{"type":"Feature","geometry":{"type":"Point","coordinates":[-0.30624,51.41659]},"properties":{"name":"Canbury Community Garden","type":"garden","website":""}},{"type":"Feature","geometry":{"type":"Point","coordinates":[-0.08778,51.47759]},"properties":{"name":"Benhill Road Garden","type":"garden","website":""}},{"type":"Feature","geometry":{"type":"Point","coordinates":[-0.11819,51.55538]},"properties":{"name":"Camden Road Open Space","type":"park","website":""}},{"type":"Feature","geometry":{"type":"Point","coordinates":[-0.27623,51.50138]},"properties":{"name":"West Park","type":"park","website":""}},{"type":"Feature","geometry":{"type":"Point","coordinates":[-0.02048,51.51246]},"properties":{"name":"Church Green","type":"park","website":""}},{"type":"Feature","geometry":{"type":"Point","coordinates":[-0.13244,51.66236]},"properties":{"name":"Japanese Water Garden","type":"garden","website":""}},{"type":"Feature","geometry":{"type":"Point","coordinates":[-0.22976,51.51927]},"properties":{"name":"Woodmans Mews Community Garden","type":"garden","website":""}},{"type":"Feature","geometry":{"type":"Point","coordinates":[-0.47305,51.58413]},"properties":{"name":"Dews Farm Sand Pits","type":"nature_reserve","website":""}},{"type":"Feature","geometry":{"type":"Point","coordinates":[-0.50154,51.35782]},"properties":{"name":"Franklands Park","type":"park","website":""}},{"type":"Feature","geometry":{"type":"Point","coordinates":[-0.50499,51.59212]},"properties":{"name":"Northmoor Hill Wood Local Nature Reserve","type":"nature_reserve","website":""}},{"type":"Feature","geometry":{"type":"Point","coordinates":[-0.48785,51.61025]},"properties":{"name":"Old Park Wood Nature Reserve","type":"nature_reserve","website":""}},{"type":"Feature","geometry":{"type":"Point","coordinates":[-0.48186,51.60772]},"properties":{"name":"Harefield Healing Garden","type":"garden","website":""}},{"type":"Feature","geometry":{"type":"Point","coordinates":[-0.01539,51.61348]},"properties":{"name":"Memorial Park","type":"park","website":""}},{"type":"Feature","geometry":{"type":"Point","coordinates":[-0.49305,51.50064]},"properties":{"name":"Thorney Country Park","type":"park","website":"https://www.buckinghamshire.gov.uk/health-wellbeing-and-sports/parks-and-open-spaces/find-a-park-or-play-area/thorney-country-park/"}},{"type":"Feature","geometry":{"type":"Point","coordinates":[-0.03496,51.55214]},"properties":{"name":"Westmead Garden","type":"garden","website":""}},{"type":"Feature","geometry":{"type":"Point","coordinates":[-0.09103,51.43148]},"properties":{"name":"Carnac Street Community Garden","type":"garden","website":""}},{"type":"Feature","geometry":{"type":"Point","coordinates":[-0.17374,51.43797]},"properties":{"name":"Share Garden","type":"garden","website":""}},{"type":"Feature","geometry":{"type":"Point","coordinates":[-0.4641,51.64524]},"properties":{"name":"Scotsbridge Playing Fields","type":"park","website":""}},{"type":"Feature","geometry":{"type":"Point","coordinates":[-0.21615,51.65797]},"properties":{"name":"Barnet Countryside Centre","type":"park","website":""}},{"type":"Feature","geometry":{"type":"Point","coordinates":[-0.06068,51.54655]},"properties":{"name":"Garden of Earthly Delights","type":"garden","website":""}},{"type":"Feature","geometry":{"type":"Point","coordinates":[0.01996,51.53816]},"properties":{"name":"Iris Garden","type":"garden","website":""}},{"type":"Feature","geometry":{"type":"Point","coordinates":[-0.39971,51.51951]},"properties":{"name":"Warrren Park","type":"park","website":""}},{"type":"Feature","geometry":{"type":"Point","coordinates":[-0.41334,51.47293]},"properties":{"name":"Cranebank","type":"nature_reserve","website":""}},{"type":"Feature","geometry":{"type":"Point","coordinates":[-0.41606,51.47518]},"properties":{"name":"Huckerby's Meadows","type":"nature_reserve","website":""}},{"type":"Feature","geometry":{"type":"Point","coordinates":[0.01388,51.52599]},"properties":{"name":"Infinity Pearl Garden","type":"garden","website":""}},{"type":"Feature","geometry":{"type":"Point","coordinates":[-0.01577,51.5472]},"properties":{"name":"London Blossom Garden","type":"garden","website":"https://www.queenelizabetholympicpark.co.uk/the-park/things-to-do/blossom-garden"}},{"type":"Feature","geometry":{"type":"Point","coordinates":[0.11248,51.61618]},"properties":{"name":"Chigwell Row Wood","type":"nature_reserve","website":""}},{"type":"Feature","geometry":{"type":"Point","coordinates":[-0.12342,51.44974]},"properties":{"name":"Dumbarton Court Public Open Space","type":"park","website":"https://beta.lambeth.gov.uk/parks/dumbarton-court-gardens"}},{"type":"Feature","geometry":{"type":"Point","coordinates":[0.00716,51.52477]},"properties":{"name":"Lloyd Rogers Garden","type":"garden","website":""}},{"type":"Feature","geometry":{"type":"Point","coordinates":[0.01741,51.68029]},"properties":{"name":"Honeylands","type":"park","website":""}},{"type":"Feature","geometry":{"type":"Point","coordinates":[-0.40229,51.58697]},"properties":{"name":"Walled Garden","type":"garden","website":""}},{"type":"Feature","geometry":{"type":"Point","coordinates":[-0.37427,51.54212]},"properties":{"name":"Eskdale Open space","type":"park","website":""}},{"type":"Feature","geometry":{"type":"Point","coordinates":[-0.18274,51.5397]},"properties":{"name":"The Meadow","type":"park","website":""}},{"type":"Feature","geometry":{"type":"Point","coordinates":[-0.26274,51.51739]},"properties":{"name":"Friary Park Green","type":"park","website":""}},{"type":"Feature","geometry":{"type":"Point","coordinates":[-0.03681,51.5015]},"properties":{"name":"Tommy's Park","type":"park","website":""}},{"type":"Feature","geometry":{"type":"Point","coordinates":[-0.07088,51.52927]},"properties":{"name":"Columbi Primary School Community Garden","type":"garden","website":""}},{"type":"Feature","geometry":{"type":"Point","coordinates":[-0.08872,51.45877]},"properties":{"name":"Bessemer Grange Nature Garden","type":"garden","website":""}},{"type":"Feature","geometry":{"type":"Point","coordinates":[-0.15985,51.37673]},"properties":{"name":"Hackbridge Community Garden","type":"garden","website":""}},{"type":"Feature","geometry":{"type":"Point","coordinates":[-0.01762,51.5061]},"properties":{"name":"Crossrail Place Roof Garden","type":"garden","website":""}},{"type":"Feature","geometry":{"type":"Point","coordinates":[-0.19566,51.48648]},"properties":{"name":"Columbia Gardens","type":"park","website":""}},{"type":"Feature","geometry":{"type":"Point","coordinates":[-0.19491,51.48568]},"properties":{"name":"Lillie Square","type":"park","website":""}},{"type":"Feature","geometry":{"type":"Point","coordinates":[-0.08922,51.58885]},"properties":{"name":"Downhills Park","type":"park","website":""}},{"type":"Feature","geometry":{"type":"Point","coordinates":[-0.13133,51.41381]},"properties":{"name":"Sherwood Avenue Gardens","type":"park","website":"https://beta.lambeth.gov.uk/parks/sherwood-avenue-gardens"}},{"type":"Feature","geometry":{"type":"Point","coordinates":[-0.11803,51.42134]},"properties":{"name":"The Rookery","type":"park","website":"https://beta.lambeth.gov.uk/parks/rookery"}},{"type":"Feature","geometry":{"type":"Point","coordinates":[-0.29363,51.69038]},"properties":{"name":"Shenley Park Walled Garden","type":"garden","website":""}},{"type":"Feature","geometry":{"type":"Point","coordinates":[-0.10555,51.47537]},"properties":{"name":"Olive Morris Gardens","type":"park","website":"https://beta.lambeth.gov.uk/parks/mostyn-olive-morris-dan-leno-gardens"}},{"type":"Feature","geometry":{"type":"Point","coordinates":[0.04574,51.55173]},"properties":{"name":"Manor Park Community Garden","type":"garden","website":""}},{"type":"Feature","geometry":{"type":"Point","coordinates":[-0.00363,51.51685]},"properties":{"name":"Leven Banks","type":"park","website":""}},{"type":"Feature","geometry":{"type":"Point","coordinates":[-0.17419,51.41795]},"properties":{"name":"Garden of Remembrance","type":"garden","website":""}},{"type":"Feature","geometry":{"type":"Point","coordinates":[0.02889,51.69248]},"properties":{"name":"Knolly's Nursery Recreation Field","type":"park","website":""}},{"type":"Feature","geometry":{"type":"Point","coordinates":[-0.04584,51.52403]},"properties":{"name":"Carlton Square","type":"park","website":""}},{"type":"Feature","geometry":{"type":"Point","coordinates":[0.09717,51.44505]},"properties":{"name":"Hollyoak Wood Park","type":"park","website":""}},{"type":"Feature","geometry":{"type":"Point","coordinates":[-0.04976,51.5525]},"properties":{"name":"Glenarm Garden","type":"garden","website":""}},{"type":"Feature","geometry":{"type":"Point","coordinates":[-0.46053,51.50625]},"properties":{"name":"Spring Green","type":"park","website":""}},{"type":"Feature","geometry":{"type":"Point","coordinates":[-0.45992,51.50589]},"properties":{"name":"Four Seasons Green","type":"park","website":""}},{"type":"Feature","geometry":{"type":"Point","coordinates":[0.10549,51.44204]},"properties":{"name":"Marlborough Park","type":"park","website":""}},{"type":"Feature","geometry":{"type":"Point","coordinates":[-0.40469,51.64448]},"properties":{"name":"The Lairage Land","type":"nature_reserve","website":""}},{"type":"Feature","geometry":{"type":"Point","coordinates":[-0.1025,51.49403]},"properties":{"name":"IDA Garden","type":"garden","website":""}},{"type":"Feature","geometry":{"type":"Point","coordinates":[-0.47902,51.49643]},"properties":{"name":"Paddocks","type":"park","website":""}},{"type":"Feature","geometry":{"type":"Point","coordinates":[-0.48646,51.63409]},"properties":{"name":"Stocker's Lake Local Nature Reserve","type":"park","website":""}},{"type":"Feature","geometry":{"type":"Point","coordinates":[0.05431,51.62135]},"properties":{"name":"Luxborough Lake","type":"park","website":""}},{"type":"Feature","geometry":{"type":"Point","coordinates":[-0.48292,51.50448]},"properties":{"name":"Frays Island & Mabey's Meadow Nature Reserve","type":"nature_reserve","website":"https://www.wildlondon.org.uk/nature-reserves/frays-island-and-mabeys-meadow"}},{"type":"Feature","geometry":{"type":"Point","coordinates":[0.02105,51.50736]},"properties":{"name":"Royal Victoria Dock Floating Garden","type":"garden","website":""}},{"type":"Feature","geometry":{"type":"Point","coordinates":[-0.14608,51.54905]},"properties":{"name":"Inkerman Garden","type":"park","website":""}},{"type":"Feature","geometry":{"type":"Point","coordinates":[-0.11734,51.42167]},"properties":{"name":"The Rock Garden","type":"garden","website":""}},{"type":"Feature","geometry":{"type":"Point","coordinates":[-0.05745,51.68004]},"properties":{"name":"Walled Garden","type":"garden","website":""}},{"type":"Feature","geometry":{"type":"Point","coordinates":[-0.18378,51.53942]},"properties":{"name":"Alexandra Road Park","type":"park","website":""}},{"type":"Feature","geometry":{"type":"Point","coordinates":[-0.43718,51.61486]},"properties":{"name":"Garden of Remembrance","type":"garden","website":""}},{"type":"Feature","geometry":{"type":"Point","coordinates":[-0.14672,51.47887]},"properties":{"name":"Central Gardens","type":"park","website":""}},{"type":"Feature","geometry":{"type":"Point","coordinates":[-0.14844,51.47975]},"properties":{"name":"Sculpture Garden","type":"garden","website":""}},{"type":"Feature","geometry":{"type":"Point","coordinates":[-0.04177,51.53124]},"properties":{"name":"Wennington Green","type":"park","website":""}},{"type":"Feature","geometry":{"type":"Point","coordinates":[-0.07576,51.5288]},"properties":{"name":"Fairchild’s Garden","type":"park","website":"https://hackney.gov.uk/fairchilds-garden"}},{"type":"Feature","geometry":{"type":"Point","coordinates":[-0.22295,51.51077]},"properties":{"name":"Exhibition Park","type":"park","website":""}},{"type":"Feature","geometry":{"type":"Point","coordinates":[-0.04332,51.58867]},"properties":{"name":"Canal Walk","type":"park","website":""}},{"type":"Feature","geometry":{"type":"Point","coordinates":[-0.04189,51.58869]},"properties":{"name":"Canal Walk","type":"park","website":""}},{"type":"Feature","geometry":{"type":"Point","coordinates":[-0.12557,51.64439]},"properties":{"name":"St Thomas' Grounds","type":"garden","website":""}},{"type":"Feature","geometry":{"type":"Point","coordinates":[-0.12315,51.4291]},"properties":{"name":"Sunnyhill Nature Garden","type":"garden","website":"https://beta.lambeth.gov.uk/parks/sunnyhill-nature-garden"}},{"type":"Feature","geometry":{"type":"Point","coordinates":[-0.1117,51.48211]},"properties":{"name":"Oval Triangle","type":"park","website":"https://beta.lambeth.gov.uk/parks/oval-triangle"}},{"type":"Feature","geometry":{"type":"Point","coordinates":[-0.41469,51.3268]},"properties":{"name":"Cobham Community Garden","type":"garden","website":""}},{"type":"Feature","geometry":{"type":"Point","coordinates":[-0.1078,51.50197]},"properties":{"name":"Ufford Street Gardens","type":"park","website":"https://beta.lambeth.gov.uk/parks/ufford-street-gardens"}},{"type":"Feature","geometry":{"type":"Point","coordinates":[-0.11521,51.46078]},"properties":{"name":"Windrush Square","type":"park","website":"https://beta.lambeth.gov.uk/parks/windrush-square"}},{"type":"Feature","geometry":{"type":"Point","coordinates":[-0.12209,51.47297]},"properties":{"name":"Stockwell Memorial Gardens","type":"park","website":"https://beta.lambeth.gov.uk/parks/stockwell-memorial-gardens"}},{"type":"Feature","geometry":{"type":"Point","coordinates":[-0.1163,51.47512]},"properties":{"name":"Van Gogh Walk","type":"park","website":"https://www.lambeth.gov.uk/parks/van-gogh-walk"}},{"type":"Feature","geometry":{"type":"Point","coordinates":[-0.13768,51.44795]},"properties":{"name":"Atkins Road Roundabout","type":"park","website":"https://beta.lambeth.gov.uk/parks/atkins-road-roundabout"}},{"type":"Feature","geometry":{"type":"Point","coordinates":[-0.09679,51.50224]},"properties":{"name":"Mint Street Park","type":"park","website":""}},{"type":"Feature","geometry":{"type":"Point","coordinates":[-0.11078,51.4749]},"properties":{"name":"Cowley Road Open Space","type":"park","website":"https://beta.lambeth.gov.uk/parks/cowley-road-open-space"}},{"type":"Feature","geometry":{"type":"Point","coordinates":[-0.10065,51.47407]},"properties":{"name":"Myatt's Fields Park Roundabout","type":"park","website":"https://beta.lambeth.gov.uk/parks/myatts-fields-park-roundabout"}},{"type":"Feature","geometry":{"type":"Point","coordinates":[-0.14216,51.46247]},"properties":{"name":"Holy Trinity Churchyard","type":"park","website":"https://beta.lambeth.gov.uk/parks/holy-trinity-churchyard"}},{"type":"Feature","geometry":{"type":"Point","coordinates":[-0.01482,51.5025]},"properties":{"name":"Compton Gardens","type":"park","website":""}},{"type":"Feature","geometry":{"type":"Point","coordinates":[-0.13337,51.47636]},"properties":{"name":"Thorparch Road Pocket Park","type":"park","website":"https://beta.lambeth.gov.uk/parks/thorparch-road-pocket-park"}},{"type":"Feature","geometry":{"type":"Point","coordinates":[-0.10168,51.42339]},"properties":{"name":"Tivoli Road Community Garden","type":"park","website":"https://beta.lambeth.gov.uk/parks/tivoli-road-community-garden"}},{"type":"Feature","geometry":{"type":"Point","coordinates":[-0.10536,51.43247]},"properties":{"name":"West Norwood Health & Leisure Centre Grounds","type":"park","website":"https://beta.lambeth.gov.uk/parks/west-norwood-health-leisure-centre-grounds"}},{"type":"Feature","geometry":{"type":"Point","coordinates":[-0.06844,51.52988]},"properties":{"name":"Baxendale Street Open Space","type":"park","website":""}},{"type":"Feature","geometry":{"type":"Point","coordinates":[-0.16711,51.54236]},"properties":{"name":"Lyttleton Close Garden","type":"garden","website":""}},{"type":"Feature","geometry":{"type":"Point","coordinates":[-0.02171,51.5383]},"properties":{"name":"Skippers Yard","type":"garden","website":""}},{"type":"Feature","geometry":{"type":"Point","coordinates":[-0.02144,51.53885]},"properties":{"name":"Wild Flower Gardens","type":"garden","website":""}},{"type":"Feature","geometry":{"type":"Point","coordinates":[-0.07504,51.52761]},"properties":{"name":"Naseem's Garden","type":"park","website":""}},{"type":"Feature","geometry":{"type":"Point","coordinates":[-0.00728,51.479]},"properties":{"name":"Herb Garden","type":"garden","website":""}},{"type":"Feature","geometry":{"type":"Point","coordinates":[0.12625,51.52579]},"properties":{"name":"The Wilds Ecology Park","type":"nature_reserve","website":""}},{"type":"Feature","geometry":{"type":"Point","coordinates":[0.12151,51.52498]},"properties":{"name":"Northgate Park","type":"park","website":""}},{"type":"Feature","geometry":{"type":"Point","coordinates":[0.12613,51.52239]},"properties":{"name":"The Circus","type":"park","website":""}},{"type":"Feature","geometry":{"type":"Point","coordinates":[0.11504,51.35806]},"properties":{"name":"Chelsfield Green","type":"park","website":""}},{"type":"Feature","geometry":{"type":"Point","coordinates":[0.23248,51.38784]},"properties":{"name":"Franks","type":"garden","website":""}},{"type":"Feature","geometry":{"type":"Point","coordinates":[-0.26308,51.52213]},"properties":{"name":"North Acton Triangle","type":"park","website":""}},{"type":"Feature","geometry":{"type":"Point","coordinates":[-0.30547,51.44489]},"properties":{"name":"The Orchard","type":"garden","website":""}},{"type":"Feature","geometry":{"type":"Point","coordinates":[-0.13439,51.55183]},"properties":{"name":"Leighton Crescent Gardens","type":"park","website":"https://cindex.camden.gov.uk/kb5/camden/cd/service.page?id=PBjCWQaUC60"}},{"type":"Feature","geometry":{"type":"Point","coordinates":[-0.13726,51.65819]},"properties":{"name":"Trent Park","type":"park","website":""}},{"type":"Feature","geometry":{"type":"Point","coordinates":[0.0605,51.43319]},"properties":{"name":"Altash Gardens","type":"park","website":""}},{"type":"Feature","geometry":{"type":"Point","coordinates":[0.06124,51.432]},"properties":{"name":"The Course","type":"park","website":""}},{"type":"Feature","geometry":{"type":"Point","coordinates":[-0.41551,51.67615]},"properties":{"name":"Cheslyn Gardens","type":"park","website":"https://www.watford.gov.uk/directory-record/348/cheslyn-house-and-gardens"}},{"type":"Feature","geometry":{"type":"Point","coordinates":[0.10903,51.49451]},"properties":{"name":"Abbey Wood Park","type":"park","website":""}},{"type":"Feature","geometry":{"type":"Point","coordinates":[0.11133,51.49422]},"properties":{"name":"Abbey Wood Memorial Garden","type":"garden","website":""}},{"type":"Feature","geometry":{"type":"Point","coordinates":[0.01328,51.43458]},"properties":{"name":"Reigate Road Open Space","type":"park","website":""}},{"type":"Feature","geometry":{"type":"Point","coordinates":[0.12905,51.39791]},"properties":{"name":"Pauls Cray Hill Park","type":"park","website":""}},{"type":"Feature","geometry":{"type":"Point","coordinates":[0.11673,51.40997]},"properties":{"name":"Ruxley Gravel Pits","type":"nature_reserve","website":""}},{"type":"Feature","geometry":{"type":"Point","coordinates":[0.05368,51.44091]},"properties":{"name":"The Tarn Bird Sanctuary","type":"nature_reserve","website":""}},{"type":"Feature","geometry":{"type":"Point","coordinates":[0.02619,51.42985]},"properties":{"name":"Desmond Tutu Peace Garden","type":"garden","website":""}},{"type":"Feature","geometry":{"type":"Point","coordinates":[-0.2033,51.62698]},"properties":{"name":"Darland's Lake Nature Reserve","type":"nature_reserve","website":"https://darlandsconservationtrust.org.uk/interactive_map.html"}},{"type":"Feature","geometry":{"type":"Point","coordinates":[0.11393,51.4241]},"properties":{"name":"Rectory Lane Pond Nature Reserve","type":"nature_reserve","website":""}},{"type":"Feature","geometry":{"type":"Point","coordinates":[-0.161,51.54343]},"properties":{"name":"Adelaide Nature Reserve","type":"nature_reserve","website":""}},{"type":"Feature","geometry":{"type":"Point","coordinates":[-0.16239,51.55184]},"properties":{"name":"Belsize Wood Nature Reserve","type":"nature_reserve","website":""}},{"type":"Feature","geometry":{"type":"Point","coordinates":[-0.06071,51.60324]},"properties":{"name":"Somerford Grove Open Space","type":"park","website":""}},{"type":"Feature","geometry":{"type":"Point","coordinates":[0.10079,51.4216]},"properties":{"name":"Walled Garden/Rose Garden","type":"garden","website":""}},{"type":"Feature","geometry":{"type":"Point","coordinates":[-0.0045,51.53873]},"properties":{"name":"Carpenters' Community Garden","type":"garden","website":""}},{"type":"Feature","geometry":{"type":"Point","coordinates":[-0.32908,51.63647]},"properties":{"name":"Local Wildlife Site (Herts LA)","type":"nature_reserve","website":""}},{"type":"Feature","geometry":{"type":"Point","coordinates":[-0.32722,51.64124]},"properties":{"name":"Local Wildlife Site (Herts LA)","type":"nature_reserve","website":""}},{"type":"Feature","geometry":{"type":"Point","coordinates":[-0.29076,51.48927]},"properties":{"name":"Museum Garden","type":"garden","website":""}},{"type":"Feature","geometry":{"type":"Point","coordinates":[-0.05414,51.50072]},"properties":{"name":"St Mary's Churchyard Gardens","type":"garden","website":""}},{"type":"Feature","geometry":{"type":"Point","coordinates":[-0.08845,51.31885]},"properties":{"name":"Bourne Park","type":"park","website":""}},{"type":"Feature","geometry":{"type":"Point","coordinates":[0.07362,51.53188]},"properties":{"name":"Central Park","type":"park","website":""}},{"type":"Feature","geometry":{"type":"Point","coordinates":[0.07293,51.53324]},"properties":{"name":"Drydock Square","type":"park","website":""}},{"type":"Feature","geometry":{"type":"Point","coordinates":[-0.15721,51.37668]},"properties":{"name":"Felnex Mini Park","type":"park","website":""}},{"type":"Feature","geometry":{"type":"Point","coordinates":[-0.0786,51.49487]},"properties":{"name":"Lime Square","type":"garden","website":""}},{"type":"Feature","geometry":{"type":"Point","coordinates":[-0.07843,51.49349]},"properties":{"name":"Canning Court","type":"garden","website":""}},{"type":"Feature","geometry":{"type":"Point","coordinates":[-0.30567,51.64211]},"properties":{"name":"Composers Park","type":"park","website":""}},{"type":"Feature","geometry":{"type":"Point","coordinates":[0.01995,51.55263]},"properties":{"name":"The Up Garden","type":"garden","website":"https://www.theupgarden.org/"}},{"type":"Feature","geometry":{"type":"Point","coordinates":[-0.05193,51.53596]},"properties":{"name":"Victoria Park Outdoor Classroom","type":"garden","website":""}},{"type":"Feature","geometry":{"type":"Point","coordinates":[-0.00251,51.51836]},"properties":{"name":"Desert Garden","type":"garden","website":""}},{"type":"Feature","geometry":{"type":"Point","coordinates":[-0.18117,51.59702]},"properties":{"name":"Long Lane Pasture","type":"nature_reserve","website":""}},{"type":"Feature","geometry":{"type":"Point","coordinates":[0.16159,51.45652]},"properties":{"name":"Martens Grove","type":"park","website":"http://www.parksandgardens.org/places-and-people/site/7925"}},{"type":"Feature","geometry":{"type":"Point","coordinates":[-0.47894,51.59429]},"properties":{"name":"Church Gardens","type":"garden","website":""}},{"type":"Feature","geometry":{"type":"Point","coordinates":[0.08357,51.58668]},"properties":{"name":"Barnardo''s Village Green","type":"park","website":""}},{"type":"Feature","geometry":{"type":"Point","coordinates":[0.1463,51.4504]},"properties":{"name":"The Warren","type":"park","website":""}},{"type":"Feature","geometry":{"type":"Point","coordinates":[-0.34219,51.45014]},"properties":{"name":"Craneford Way Wild Park","type":"park","website":""}},{"type":"Feature","geometry":{"type":"Point","coordinates":[-0.08426,51.55651]},"properties":{"name":"Albion Parade","type":"park","website":""}},{"type":"Feature","geometry":{"type":"Point","coordinates":[-0.11763,51.61666]},"properties":{"name":"Memorial Garden","type":"garden","website":""}},{"type":"Feature","geometry":{"type":"Point","coordinates":[0.0536,51.53016]},"properties":{"name":"Edwardian Garden","type":"garden","website":""}},{"type":"Feature","geometry":{"type":"Point","coordinates":[0.16784,51.52554]},"properties":{"name":"Linear Park","type":"park","website":""}},{"type":"Feature","geometry":{"type":"Point","coordinates":[0.12823,51.48807]},"properties":{"name":"Monk's Garden","type":"garden","website":""}},{"type":"Feature","geometry":{"type":"Point","coordinates":[-0.22058,51.68802]},"properties":{"name":"Wash Lane Common Nature Reserve","type":"nature_reserve","website":""}},{"type":"Feature","geometry":{"type":"Point","coordinates":[-0.39173,51.6934]},"properties":{"name":"Woodside Playing Fields","type":"park","website":""}},{"type":"Feature","geometry":{"type":"Point","coordinates":[-0.01699,51.4831]},"properties":{"name":"Marryat Gardens","type":"park","website":""}},{"type":"Feature","geometry":{"type":"Point","coordinates":[-0.06408,51.31894]},"properties":{"name":"Hamsey Green Pond","type":"nature_reserve","website":""}},{"type":"Feature","geometry":{"type":"Point","coordinates":[-0.00239,51.56258]},"properties":{"name":"Richmond Road Pocket Park","type":"garden","website":""}},{"type":"Feature","geometry":{"type":"Point","coordinates":[-0.08734,51.42752]},"properties":{"name":"Paxton Parklet","type":"park","website":"https://www.gipsyhillfriends.org/"}},{"type":"Feature","geometry":{"type":"Point","coordinates":[-0.25809,51.51303]},"properties":{"name":"Saint Dunstans Church area","type":"park","website":""}},{"type":"Feature","geometry":{"type":"Point","coordinates":[0.15877,51.4478]},"properties":{"name":"The Queen's Beasts","type":"garden","website":""}},{"type":"Feature","geometry":{"type":"Point","coordinates":[0.20205,51.53493]},"properties":{"name":"Memorial Woodland","type":"park","website":""}},{"type":"Feature","geometry":{"type":"Point","coordinates":[-0.20351,51.50225]},"properties":{"name":"Dutch Garden","type":"garden","website":""}},{"type":"Feature","geometry":{"type":"Point","coordinates":[-0.16454,51.53298]},"properties":{"name":"Gorilla Circus Regents Park Flying Trapeze School","type":"park","website":"https://www.gorillacircus.com/"}},{"type":"Feature","geometry":{"type":"Point","coordinates":[0.25173,51.4237]},"properties":{"name":"Waller Park","type":"park","website":""}},{"type":"Feature","geometry":{"type":"Point","coordinates":[-0.1708,51.39381]},"properties":{"name":"Watermeads Nature Reserve","type":"nature_reserve","website":""}},{"type":"Feature","geometry":{"type":"Point","coordinates":[-0.11866,51.59112]},"properties":{"name":"Campsbourne Food Growing Project","type":"garden","website":"https://campsbournegarden.wordpress.com"}},{"type":"Feature","geometry":{"type":"Point","coordinates":[0.12471,51.52609]},"properties":{"name":"Oystercatcher Park","type":"park","website":""}},{"type":"Feature","geometry":{"type":"Point","coordinates":[0.01787,51.51748]},"properties":{"name":"Gandhi Chaplin Memorial Garden","type":"park","website":""}},{"type":"Feature","geometry":{"type":"Point","coordinates":[0.00079,51.48206]},"properties":{"name":"The Queens Orchard","type":"garden","website":"https://www.royalparks.org.uk/parks/greenwich-park/things-to-see-and-do/gardens-and-landscapes/the-queens-orchard"}},{"type":"Feature","geometry":{"type":"Point","coordinates":[-0.29485,51.61265]},"properties":{"name":"King George V Memorial Garden","type":"garden","website":""}},{"type":"Feature","geometry":{"type":"Point","coordinates":[-0.07163,51.53679]},"properties":{"name":"Ivy's Gardens","type":"park","website":""}},{"type":"Feature","geometry":{"type":"Point","coordinates":[-0.19584,51.45552]},"properties":{"name":"King George's Park","type":"park","website":""}},{"type":"Feature","geometry":{"type":"Point","coordinates":[-0.0411,51.53791]},"properties":{"name":"Iveagh Close Wildlife Garden","type":"garden","website":""}},{"type":"Feature","geometry":{"type":"Point","coordinates":[-0.06044,51.49898]},"properties":{"name":"West Lane Memorial Gardens","type":"garden","website":""}},{"type":"Feature","geometry":{"type":"Point","coordinates":[-0.1236,51.46664]},"properties":{"name":"The Kerb Garden","type":"garden","website":"https://www.incredibleediblelambeth.org/location/the-kerb-garden-edible-bus-stop/"}},{"type":"Feature","geometry":{"type":"Point","coordinates":[-0.00726,51.54582]},"properties":{"name":"The Lighthouse Community Gardens","type":"garden","website":"https://thelighthouseandgardens.com/"}},{"type":"Feature","geometry":{"type":"Point","coordinates":[-0.40761,51.67962]},"properties":{"name":"Harebreaks Recreation Ground","type":"park","website":""}},{"type":"Feature","geometry":{"type":"Point","coordinates":[-0.13663,51.52106]},"properties":{"name":"The Poets' Park","type":"park","website":""}},{"type":"Feature","geometry":{"type":"Point","coordinates":[0.25735,51.42045]},"properties":{"name":"Hill Rise Green","type":"park","website":""}},{"type":"Feature","geometry":{"type":"Point","coordinates":[0.03984,51.68952]},"properties":{"name":"Sergeants Green Common","type":"park","website":""}},{"type":"Feature","geometry":{"type":"Point","coordinates":[0.04365,51.69265]},"properties":{"name":"Warlies Green","type":"park","website":""}},{"type":"Feature","geometry":{"type":"Point","coordinates":[-0.12747,51.53434]},"properties":{"name":"Olympic Ring Park","type":"park","website":""}},{"type":"Feature","geometry":{"type":"Point","coordinates":[-0.44714,51.44251]},"properties":{"name":"Bedfont lakes nature reserve.","type":"nature_reserve","website":""}},{"type":"Feature","geometry":{"type":"Point","coordinates":[0.16564,51.52593]},"properties":{"name":"Linear Park","type":"park","website":""}},{"type":"Feature","geometry":{"type":"Point","coordinates":[0.09434,51.56408]},"properties":{"name":"Prayer Garden","type":"garden","website":""}},{"type":"Feature","geometry":{"type":"Point","coordinates":[-0.28926,51.48236]},"properties":{"name":"Grass Garden","type":"garden","website":""}},{"type":"Feature","geometry":{"type":"Point","coordinates":[-0.39833,51.59244]},"properties":{"name":"Catlin's Lane Open Space","type":"park","website":""}},{"type":"Feature","geometry":{"type":"Point","coordinates":[-0.12196,51.53615]},"properties":{"name":"York Way Community Garden","type":"garden","website":""}},{"type":"Feature","geometry":{"type":"Point","coordinates":[-0.34089,51.6237]},"properties":{"name":"Pears Court Garden","type":"garden","website":""}},{"type":"Feature","geometry":{"type":"Point","coordinates":[-0.34039,51.62457]},"properties":{"name":"Anita Dorfman House Garden","type":"garden","website":""}},{"type":"Feature","geometry":{"type":"Point","coordinates":[-0.36384,51.47642]},"properties":{"name":"The Highlands Open Space","type":"park","website":""}},{"type":"Feature","geometry":{"type":"Point","coordinates":[0.06163,51.52287]},"properties":{"name":"Williams Green","type":"garden","website":""}},{"type":"Feature","geometry":{"type":"Point","coordinates":[0.12906,51.54592]},"properties":{"name":"Parsloes Park Squatts","type":"nature_reserve","website":""}},{"type":"Feature","geometry":{"type":"Point","coordinates":[0.05985,51.49284]},"properties":{"name":"Saint Mary's Garden","type":"park","website":""}},{"type":"Feature","geometry":{"type":"Point","coordinates":[0.01678,51.48094]},"properties":{"name":"The Woodlands Dell","type":"park","website":""}},{"type":"Feature","geometry":{"type":"Point","coordinates":[0.21544,51.56662]},"properties":{"name":"Fielder's Field","type":"park","website":""}},{"type":"Feature","geometry":{"type":"Point","coordinates":[-0.0583,51.52951]},"properties":{"name":"Bethnal Green Nature Reserve","type":"nature_reserve","website":"https://bethnalgreennaturereserve.org/"}},{"type":"Feature","geometry":{"type":"Point","coordinates":[-0.05877,51.52895]},"properties":{"name":"James Middleton House Community Food Gardens","type":"garden","website":""}},{"type":"Feature","geometry":{"type":"Point","coordinates":[-0.13064,51.47485]},"properties":{"name":"Larkhall Park Community Garden","type":"park","website":""}},{"type":"Feature","geometry":{"type":"Point","coordinates":[0.11056,51.55028]},"properties":{"name":"Honour Gardens","type":"garden","website":""}},{"type":"Feature","geometry":{"type":"Point","coordinates":[-0.09852,51.50044]},"properties":{"name":"Collinson Street Garden","type":"garden","website":"https://walworthcgn.co.uk/collinson-street-garden/"}},{"type":"Feature","geometry":{"type":"Point","coordinates":[-0.06084,51.57655]},"properties":{"name":"Saw Mill Way Community Garden","type":"garden","website":""}},{"type":"Feature","geometry":{"type":"Point","coordinates":[0.16925,51.53703]},"properties":{"name":"Stoneford Cottage Garden","type":"garden","website":""}},{"type":"Feature","geometry":{"type":"Point","coordinates":[-0.22074,51.57206]},"properties":{"name":"Exploratory Park Brent Cross","type":"park","website":""}},{"type":"Feature","geometry":{"type":"Point","coordinates":[-0.22152,51.57011]},"properties":{"name":"Claremont Park","type":"park","website":""}},{"type":"Feature","geometry":{"type":"Point","coordinates":[-0.28166,51.5597]},"properties":{"name":"Elvin Gardens","type":"park","website":""}},{"type":"Feature","geometry":{"type":"Point","coordinates":[-0.08965,51.51188]},"properties":{"name":"St Swithin's Church Garden","type":"garden","website":""}},{"type":"Feature","geometry":{"type":"Point","coordinates":[0.00024,51.53039]},"properties":{"name":"Long Wall Ecology Garden","type":"garden","website":""}},{"type":"Feature","geometry":{"type":"Point","coordinates":[0.16129,51.44779]},"properties":{"name":"Historic Border","type":"garden","website":""}},{"type":"Feature","geometry":{"type":"Point","coordinates":[-0.14197,51.42991]},"properties":{"name":"Transition Town Tooting Garden","type":"garden","website":""}},{"type":"Feature","geometry":{"type":"Point","coordinates":[-0.12888,51.62431]},"properties":{"name":"Minchenden Oak Garden","type":"park","website":""}},{"type":"Feature","geometry":{"type":"Point","coordinates":[0.04189,51.48914]},"properties":{"name":"Gilbert's Pit","type":"nature_reserve","website":""}},{"type":"Feature","geometry":{"type":"Point","coordinates":[-0.07802,51.49409]},"properties":{"name":"Beach Garden","type":"garden","website":""}},{"type":"Feature","geometry":{"type":"Point","coordinates":[-0.17581,51.43787]},"properties":{"name":"Springfield Park","type":"park","website":""}},{"type":"Feature","geometry":{"type":"Point","coordinates":[-0.11642,51.49865]},"properties":{"name":"Walled Garden","type":"garden","website":""}},{"type":"Feature","geometry":{"type":"Point","coordinates":[-0.12185,51.48225]},"properties":{"name":"Lavender Garden","type":"garden","website":""}},{"type":"Feature","geometry":{"type":"Point","coordinates":[-0.12165,51.48249]},"properties":{"name":"Fawcett Garden","type":"garden","website":""}},{"type":"Feature","geometry":{"type":"Point","coordinates":[-0.12122,51.48265]},"properties":{"name":"Model village","type":"garden","website":""}},{"type":"Feature","geometry":{"type":"Point","coordinates":[-0.13577,51.5005]},"properties":{"name":"Flanders Fields Memorial Garden","type":"garden","website":""}},{"type":"Feature","geometry":{"type":"Point","coordinates":[0.16875,51.52378]},"properties":{"name":"South Lawns","type":"park","website":""}},{"type":"Feature","geometry":{"type":"Point","coordinates":[-0.07875,51.54124]},"properties":{"name":"De Beauvoir Square Rose Garden","type":"garden","website":""}},{"type":"Feature","geometry":{"type":"Point","coordinates":[-0.02016,51.5373]},"properties":{"name":"Old Ford Island","type":"nature_reserve","website":""}},{"type":"Feature","geometry":{"type":"Point","coordinates":[-0.0749,51.52604]},"properties":{"name":"Boundary Gardens","type":"park","website":"https://www.towerhamlets.gov.uk/lgnl/leisure_and_culture/parks_and_open_spaces/Parks-directory/Boundary-Gardens.aspx"}},{"type":"Feature","geometry":{"type":"Point","coordinates":[0.01367,51.53533]},"properties":{"name":"Park Village Oasis","type":"garden","website":""}},{"type":"Feature","geometry":{"type":"Point","coordinates":[-0.15677,51.52529]},"properties":{"name":"Secret Garden","type":"garden","website":""}},{"type":"Feature","geometry":{"type":"Point","coordinates":[-0.05333,51.48486]},"properties":{"name":"Pat Hickson Garden","type":"garden","website":""}},{"type":"Feature","geometry":{"type":"Point","coordinates":[-0.15775,51.47741]},"properties":{"name":"Sub-Tropical Garden","type":"garden","website":""}},{"type":"Feature","geometry":{"type":"Point","coordinates":[-0.28392,51.69358]},"properties":{"name":"Shenley Park","type":"park","website":""}},{"type":"Feature","geometry":{"type":"Point","coordinates":[-0.10776,51.49689]},"properties":{"name":"Tibetan Peace garden","type":"garden","website":""}},{"type":"Feature","geometry":{"type":"Point","coordinates":[0.29836,51.48562]},"properties":{"name":"Chafford Hundred Park","type":"park","website":""}},{"type":"Feature","geometry":{"type":"Point","coordinates":[-0.09894,51.59919]},"properties":{"name":"Moselle Meadow","type":"garden","website":""}},{"type":"Feature","geometry":{"type":"Point","coordinates":[-0.34683,51.58444]},"properties":{"name":"Ahimsa Peace Garden","type":"garden","website":""}},{"type":"Feature","geometry":{"type":"Point","coordinates":[-0.08597,51.44454]},"properties":{"name":"College Gardens","type":"garden","website":""}},{"type":"Feature","geometry":{"type":"Point","coordinates":[-0.28028,51.50485]},"properties":{"name":"Heathfield Nature Garden","type":"park","website":""}},{"type":"Feature","geometry":{"type":"Point","coordinates":[-0.11232,51.59205]},"properties":{"name":"Hornsey Park","type":"park","website":""}},{"type":"Feature","geometry":{"type":"Point","coordinates":[0.12834,51.48806]},"properties":{"name":"Lesnes Abbey Monk's Garden","type":"garden","website":""}},{"type":"Feature","geometry":{"type":"Point","coordinates":[-0.31452,51.51207]},"properties":{"name":"Five Roads Community Garden","type":"garden","website":""}},{"type":"Feature","geometry":{"type":"Point","coordinates":[-0.10822,51.58515]},"properties":{"name":"New River Path West Bank","type":"park","website":""}},{"type":"Feature","geometry":{"type":"Point","coordinates":[-0.22123,51.62091]},"properties":{"name":"Ridgeway Views Woodland Gardens","type":"park","website":""}},{"type":"Feature","geometry":{"type":"Point","coordinates":[0.10471,51.47612]},"properties":{"name":"William Barefoot Gardens","type":"park","website":""}},{"type":"Feature","geometry":{"type":"Point","coordinates":[-0.13377,51.5625]},"properties":{"name":"Pemberton Gardens","type":"garden","website":""}},{"type":"Feature","geometry":{"type":"Point","coordinates":[-0.03286,51.5]},"properties":{"name":"Herb Garden","type":"garden","website":""}},{"type":"Feature","geometry":{"type":"Point","coordinates":[-0.03283,51.49941]},"properties":{"name":"Wildlife Garden","type":"garden","website":""}},{"type":"Feature","geometry":{"type":"Point","coordinates":[-0.07608,51.53228]},"properties":{"name":"Herb Garden","type":"garden","website":""}},{"type":"Feature","geometry":{"type":"Point","coordinates":[0.08209,51.53427]},"properties":{"name":"Gascoigne Square","type":"park","website":""}},{"type":"Feature","geometry":{"type":"Point","coordinates":[-0.08278,51.47645]},"properties":{"name":"Pilgrims Cloisters","type":"garden","website":""}},{"type":"Feature","geometry":{"type":"Point","coordinates":[-0.03726,51.55479]},"properties":{"name":"Daubeney Community Garden","type":"garden","website":""}},{"type":"Feature","geometry":{"type":"Point","coordinates":[-0.03995,51.52573]},"properties":{"name":"Green Mary Medicinal Garden","type":"garden","website":""}},{"type":"Feature","geometry":{"type":"Point","coordinates":[0.06794,51.57173]},"properties":{"name":"The Glade","type":"park","website":""}},{"type":"Feature","geometry":{"type":"Point","coordinates":[-0.00434,51.6408]},"properties":{"name":"Hawkswood Nature Reserve","type":"nature_reserve","website":""}},{"type":"Feature","geometry":{"type":"Point","coordinates":[-0.15979,51.68895]},"properties":{"name":"Potters Chase Wood","type":"nature_reserve","website":""}},{"type":"Feature","geometry":{"type":"Point","coordinates":[-0.42272,51.49161]},"properties":{"name":"Crane Meadows","type":"park","website":""}},{"type":"Feature","geometry":{"type":"Point","coordinates":[-0.0078,51.48146]},"properties":{"name":"Sabina Nessa Memorial Garden","type":"garden","website":""}},{"type":"Feature","geometry":{"type":"Point","coordinates":[-0.11543,51.64573]},"properties":{"name":"Blackwell Close Meadow","type":"garden","website":""}},{"type":"Feature","geometry":{"type":"Point","coordinates":[-0.09802,51.64727]},"properties":{"name":"Cheyne Walk Open Space","type":"park","website":""}},{"type":"Feature","geometry":{"type":"Point","coordinates":[-0.1243,51.64325]},"properties":{"name":"Baptist Church Grounds","type":"garden","website":""}},{"type":"Feature","geometry":{"type":"Point","coordinates":[-0.13259,51.58348]},"properties":{"name":"Meadow Orchard Project","type":"garden","website":"https://meadoworchard.org/"}},{"type":"Feature","geometry":{"type":"Point","coordinates":[-0.03997,51.55394]},"properties":{"name":"Redwald Community Garden","type":"garden","website":""}},{"type":"Feature","geometry":{"type":"Point","coordinates":[-0.01682,51.45438]},"properties":{"name":"Registry Office Garden","type":"garden","website":""}},{"type":"Feature","geometry":{"type":"Point","coordinates":[-0.06538,51.50797]},"properties":{"name":"Water Garden","type":"garden","website":""}},{"type":"Feature","geometry":{"type":"Point","coordinates":[0.00665,51.51612]},"properties":{"name":"Linear Park","type":"park","website":""}},{"type":"Feature","geometry":{"type":"Point","coordinates":[-0.05903,51.53856]},"properties":{"name":"Warburton & Darcy Community Garden","type":"garden","website":""}},{"type":"Feature","geometry":{"type":"Point","coordinates":[0.00567,51.47531]},"properties":{"name":"The Flower Garden","type":"garden","website":""}},{"type":"Feature","geometry":{"type":"Point","coordinates":[-0.24814,51.5126]},"properties":{"name":"Clayton Gardens","type":"park","website":""}},{"type":"Feature","geometry":{"type":"Point","coordinates":[-0.05708,51.51129]},"properties":{"name":"Pearl and Mizanur’s Memorial Garden","type":"park","website":""}},{"type":"Feature","geometry":{"type":"Point","coordinates":[0.03503,51.53849]},"properties":{"name":"Dorset Road Community Garden","type":"garden","website":"https://www.neighbourly.com/project/609f9701b35f7e244d1b997f"}},{"type":"Feature","geometry":{"type":"Point","coordinates":[-0.21915,51.30853]},"properties":{"name":"BMX Track","type":"park","website":""}},{"type":"Feature","geometry":{"type":"Point","coordinates":[0.18241,51.41237]},"properties":{"name":"Hextable Memorial Garden","type":"garden","website":""}},{"type":"Feature","geometry":{"type":"Point","coordinates":[-0.05659,51.40953]},"properties":{"name":"Gravel Garden","type":"garden","website":""}},{"type":"Feature","geometry":{"type":"Point","coordinates":[-0.05618,51.40972]},"properties":{"name":"Bog Garden","type":"garden","website":""}},{"type":"Feature","geometry":{"type":"Point","coordinates":[-0.05598,51.40946]},"properties":{"name":"Rose Garden","type":"garden","website":""}},{"type":"Feature","geometry":{"type":"Point","coordinates":[-0.1093,51.37533]},"properties":{"name":"Wandle Park Community Garden","type":"garden","website":""}},{"type":"Feature","geometry":{"type":"Point","coordinates":[-0.27722,51.55798]},"properties":{"name":"Union Park","type":"park","website":""}},{"type":"Feature","geometry":{"type":"Point","coordinates":[-0.13166,51.54501]},"properties":{"name":"Camden Square Gardens","type":"park","website":""}},{"type":"Feature","geometry":{"type":"Point","coordinates":[-0.09362,51.43241]},"properties":{"name":"Tritton Vale Pocket Garden","type":"garden","website":""}},{"type":"Feature","geometry":{"type":"Point","coordinates":[0.08303,51.46583]},"properties":{"name":"Eastcote Gardens","type":"park","website":""}},{"type":"Feature","geometry":{"type":"Point","coordinates":[-0.07267,51.51666]},"properties":{"name":"Mallon Gardens","type":"park","website":""}},{"type":"Feature","geometry":{"type":"Point","coordinates":[-0.09782,51.50799]},"properties":{"name":"Tate Modern Community Garden","type":"garden","website":""}},{"type":"Feature","geometry":{"type":"Point","coordinates":[-0.25108,51.50692]},"properties":{"name":"Bromyard Gardens","type":"park","website":""}},{"type":"Feature","geometry":{"type":"Point","coordinates":[0.30369,51.43365]},"properties":{"name":"Platinum Jubilee Park","type":"park","website":""}},{"type":"Feature","geometry":{"type":"Point","coordinates":[-0.10288,51.52294]},"properties":{"name":"Cloister Garden","type":"garden","website":""}},{"type":"Feature","geometry":{"type":"Point","coordinates":[-0.28003,51.55891]},"properties":{"name":"Samovar Space","type":"park","website":""}},{"type":"Feature","geometry":{"type":"Point","coordinates":[-0.15287,51.69105]},"properties":{"name":"Fir and Pond Woods","type":"nature_reserve","website":""}},{"type":"Feature","geometry":{"type":"Point","coordinates":[-0.21347,51.46947]},"properties":{"name":"The walled garden","type":"garden","website":"https://www.fulhampalace.org/house-garden/the-garden/the-walled-garden/"}},{"type":"Feature","geometry":{"type":"Point","coordinates":[-0.40571,51.58857]},"properties":{"name":"Haydon Hall Park","type":"park","website":""}},{"type":"Feature","geometry":{"type":"Point","coordinates":[-0.39742,51.5947]},"properties":{"name":"Raisins Hill Open Space","type":"park","website":""}},{"type":"Feature","geometry":{"type":"Point","coordinates":[-0.06178,51.53876]},"properties":{"name":"London Fields Ecology Classroom & Wildlife Habitat","type":"nature_reserve","website":""}},{"type":"Feature","geometry":{"type":"Point","coordinates":[-0.04293,51.54892]},"properties":{"name":"Core Arts Community Garden","type":"garden","website":""}},{"type":"Feature","geometry":{"type":"Point","coordinates":[0.05977,51.36851]},"properties":{"name":"Broadstreet Green","type":"park","website":""}},{"type":"Feature","geometry":{"type":"Point","coordinates":[-0.11545,51.58757]},"properties":{"name":"Garden of Remembrance","type":"garden","website":""}},{"type":"Feature","geometry":{"type":"Point","coordinates":[-0.05068,51.61115]},"properties":{"name":"Meridian One Community Garden","type":"garden","website":""}},{"type":"Feature","geometry":{"type":"Point","coordinates":[-0.18392,51.41372]},"properties":{"name":"The Paul Bowness Memorial Gardens","type":"garden","website":""}},{"type":"Feature","geometry":{"type":"Point","coordinates":[-0.51638,51.40499]},"properties":{"name":"Sunken Gardens","type":"garden","website":""}},{"type":"Feature","geometry":{"type":"Point","coordinates":[0.00209,51.56843]},"properties":{"name":"The Forest Garden","type":"garden","website":""}},{"type":"Feature","geometry":{"type":"Point","coordinates":[-0.14053,51.55168]},"properties":{"name":"Falkland Place Open Space","type":"park","website":""}},{"type":"Feature","geometry":{"type":"Point","coordinates":[-0.23994,51.53317]},"properties":{"name":"Furness Road Pocket Park","type":"park","website":""}},{"type":"Feature","geometry":{"type":"Point","coordinates":[-0.08879,51.60808]},"properties":{"name":"Love Garden","type":"garden","website":""}},{"type":"Feature","geometry":{"type":"Point","coordinates":[0.0582,51.43038]},"properties":{"name":"Queen's Gardens","type":"park","website":""}},{"type":"Feature","geometry":{"type":"Point","coordinates":[0.07934,51.46732]},"properties":{"name":"Herb Garden","type":"garden","website":""}},{"type":"Feature","geometry":{"type":"Point","coordinates":[-0.28086,51.37709]},"properties":{"name":"Signal Park Garden","type":"park","website":""}},{"type":"Feature","geometry":{"type":"Point","coordinates":[-0.00686,51.4319]},"properties":{"name":"Forster Memorial Park","type":"park","website":""}},{"type":"Feature","geometry":{"type":"Point","coordinates":[-0.01062,51.54219]},"properties":{"name":"Royal Entomological Society Insect Garden","type":"garden","website":""}},{"type":"Feature","geometry":{"type":"Point","coordinates":[-0.25057,51.54007]},"properties":{"name":"St Marys Open Space","type":"park","website":""}},{"type":"Feature","geometry":{"type":"Point","coordinates":[-0.47288,51.31288]},"properties":{"name":"Trials Field","type":"garden","website":""}},{"type":"Feature","geometry":{"type":"Point","coordinates":[-0.47366,51.3124]},"properties":{"name":"Exotic Garden","type":"garden","website":""}},{"type":"Feature","geometry":{"type":"Point","coordinates":[-0.47402,51.313]},"properties":{"name":"Cottage Garden","type":"garden","website":""}},{"type":"Feature","geometry":{"type":"Point","coordinates":[-0.47463,51.31405]},"properties":{"name":"Walled Gardens","type":"garden","website":""}},{"type":"Feature","geometry":{"type":"Point","coordinates":[-0.33029,51.2933]},"properties":{"name":"Mansion Gardens","type":"park","website":""}},{"type":"Feature","geometry":{"type":"Point","coordinates":[0.0355,51.31403]},"properties":{"name":"Wildlife and Sensory Garden","type":"garden","website":""}},{"type":"Feature","geometry":{"type":"Point","coordinates":[-0.29022,51.34967]},"properties":{"name":"Horton Country Park","type":"nature_reserve","website":""}},{"type":"Feature","geometry":{"type":"Point","coordinates":[-0.27285,51.58776]},"properties":{"name":"Roe Green Walled Garden","type":"garden","website":""}},{"type":"Feature","geometry":{"type":"Point","coordinates":[-0.10069,51.51803]},"properties":{"name":"Princess Alice Garden","type":"park","website":"https://www.bartsguild.org.uk/princess-alice-garden/"}},{"type":"Feature","geometry":{"type":"Point","coordinates":[-0.11493,51.59612]},"properties":{"name":"Barratt Gardens","type":"park","website":""}},{"type":"Feature","geometry":{"type":"Point","coordinates":[-0.36401,51.60702]},"properties":{"name":"Hatch End Riverside Park","type":"park","website":""}},{"type":"Feature","geometry":{"type":"Point","coordinates":[-0.27631,51.55778]},"properties":{"name":"Canada Gardens - Play Area","type":"park","website":""}},{"type":"Feature","geometry":{"type":"Point","coordinates":[-0.28151,51.55727]},"properties":{"name":"Beton - Garden","type":"garden","website":""}},{"type":"Feature","geometry":{"type":"Point","coordinates":[-0.28149,51.56051]},"properties":{"name":"Repton Gardens - Play Area","type":"park","website":""}},{"type":"Feature","geometry":{"type":"Point","coordinates":[0.07406,51.5697]},"properties":{"name":"Valentines Park Forest Garden","type":"garden","website":"https://transitionilford.wixsite.com/home/forest-garden"}},{"type":"Feature","geometry":{"type":"Point","coordinates":[0.03902,51.55287]},"properties":{"name":"Susan Hibberd Flower Court","type":"garden","website":""}},{"type":"Feature","geometry":{"type":"Point","coordinates":[-0.15399,51.48491]},"properties":{"name":"Chelsea Quay","type":"park","website":""}},{"type":"Feature","geometry":{"type":"Point","coordinates":[-0.27675,51.55936]},"properties":{"name":"Union Park","type":"park","website":""}},{"type":"Feature","geometry":{"type":"Point","coordinates":[-0.11828,51.5331]},"properties":{"name":"Killick Street Garden","type":"park","website":""}},{"type":"Feature","geometry":{"type":"Point","coordinates":[-0.13469,51.60819]},"properties":{"name":"Hillside Green Space","type":"garden","website":""}},{"type":"Feature","geometry":{"type":"Point","coordinates":[-0.08524,51.55052]},"properties":{"name":"Hathersage Court TRA Community Garden","type":"garden","website":""}},{"type":"Feature","geometry":{"type":"Point","coordinates":[-0.06748,51.59623]},"properties":{"name":"The Mulberry Tree Community Garden","type":"garden","website":"https://www.quaker.org.uk/our-work/our-stories/the-mulberry-tree-community-garden"}},{"type":"Feature","geometry":{"type":"Point","coordinates":[-0.12844,51.63275]},"properties":{"name":"Rain Garden","type":"garden","website":""}},{"type":"Feature","geometry":{"type":"Point","coordinates":[-0.12907,51.63286]},"properties":{"name":"Rain Garden","type":"garden","website":""}},{"type":"Feature","geometry":{"type":"Point","coordinates":[-0.14668,51.34791]},"properties":{"name":"Woodcote Green","type":"park","website":""}},{"type":"Feature","geometry":{"type":"Point","coordinates":[-0.16697,51.55285]},"properties":{"name":"Heath Strange Garden","type":"garden","website":""}},{"type":"Feature","geometry":{"type":"Point","coordinates":[-0.16878,51.39329]},"properties":{"name":"Bennett's Hole","type":"nature_reserve","website":""}},{"type":"Feature","geometry":{"type":"Point","coordinates":[0.30121,51.43573]},"properties":{"name":"Elm Green","type":"park","website":""}},{"type":"Feature","geometry":{"type":"Point","coordinates":[-0.08301,51.45446]},"properties":{"name":"Alleyn's School Memorial Garden","type":"garden","website":""}},{"type":"Feature","geometry":{"type":"Point","coordinates":[-0.25301,51.5269]},"properties":{"name":"Victoria Gardens","type":"park","website":""}},{"type":"Feature","geometry":{"type":"Point","coordinates":[-0.25225,51.52753]},"properties":{"name":"Cerebos Gardens","type":"park","website":""}},{"type":"Feature","geometry":{"type":"Point","coordinates":[-0.1755,51.51059]},"properties":{"name":"Italian Gardens","type":"garden","website":"https://www.royalparks.org.uk/visit/parks/kensington-gardens/italian-gardens"}},{"type":"Feature","geometry":{"type":"Point","coordinates":[-0.24253,51.49114]},"properties":{"name":"North Verbena Garden","type":"park","website":""}},{"type":"Feature","geometry":{"type":"Point","coordinates":[-0.03261,51.50948]},"properties":{"name":"The Helen Kenney Garden","type":"garden","website":""}},{"type":"Feature","geometry":{"type":"Point","coordinates":[-0.06074,51.51144]},"properties":{"name":"James Garden","type":"garden","website":""}},{"type":"Feature","geometry":{"type":"Point","coordinates":[-0.09693,51.51321]},"properties":{"name":"Festival Gardens","type":"park","website":"https://www.cityoflondon.gov.uk/things-to-do/city-gardens/find-a-garden/festival-gardens"}},{"type":"Feature","geometry":{"type":"Point","coordinates":[-0.09774,51.51377]},"properties":{"name":"St Paul's Churchyard","type":"park","website":""}},{"type":"Feature","geometry":{"type":"Point","coordinates":[-0.19526,51.69618]},"properties":{"name":"Community Peace Garden","type":"garden","website":""}},{"type":"Feature","geometry":{"type":"Point","coordinates":[-0.08533,51.54487]},"properties":{"name":"Mitchison Baxter Park","type":"park","website":""}},{"type":"Feature","geometry":{"type":"Point","coordinates":[-0.08168,51.50562]},"properties":{"name":"Cityscapes","type":"garden","website":""}},{"type":"Feature","geometry":{"type":"Point","coordinates":[-0.11547,51.52989]},"properties":{"name":"Vernon Square","type":"park","website":""}},{"type":"Feature","geometry":{"type":"Point","coordinates":[-0.16986,51.40586]},"properties":{"name":"Mitcham Community Orchard and Gardens","type":"garden","website":"https://www.sustainablemerton.org/mitchamorchard"}},{"type":"Feature","geometry":{"type":"Point","coordinates":[0.13699,51.50971]},"properties":{"name":"Wildlife Garden","type":"garden","website":""}},{"type":"Feature","geometry":{"type":"Point","coordinates":[-0.06785,51.56681]},"properties":{"name":"Hackney Right To Grow","type":"garden","website":"https://hackneyrighttogrow.uk/"}},{"type":"Feature","geometry":{"type":"Point","coordinates":[-0.03967,51.46153]},"properties":{"name":"St Norbert Green","type":"park","website":""}},{"type":"Feature","geometry":{"type":"Point","coordinates":[-0.36065,51.64391]},"properties":{"name":"The Sunken Garden","type":"garden","website":""}},{"type":"Feature","geometry":{"type":"Point","coordinates":[-0.03186,51.51145]},"properties":{"name":"Kings Wharf Park","type":"park","website":""}},{"type":"Feature","geometry":{"type":"Point","coordinates":[-0.12564,51.48731]},"properties":{"name":"Isle of Effra","type":"park","website":""}},{"type":"Feature","geometry":{"type":"Point","coordinates":[-0.10499,51.49966]},"properties":{"name":"St George's Garden","type":"garden","website":""}},{"type":"Feature","geometry":{"type":"Point","coordinates":[-0.13716,51.50845]},"properties":{"name":"Southwood Garden","type":"park","website":"https://www.sjp.org.uk/southwood-garden/"}},{"type":"Feature","geometry":{"type":"Point","coordinates":[-0.05589,51.49472]},"properties":{"name":"Ada Salter Garden","type":"garden","website":""}},{"type":"Feature","geometry":{"type":"Point","coordinates":[-0.28898,51.4815]},"properties":{"name":"Kitchen Garden","type":"garden","website":""}},{"type":"Feature","geometry":{"type":"Point","coordinates":[-0.2922,51.47782]},"properties":{"name":"Wild Rose Garden","type":"garden","website":""}},{"type":"Feature","geometry":{"type":"Point","coordinates":[-0.09839,51.64293]},"properties":{"name":"The Gryphon Pub Garden","type":"garden","website":""}},{"type":"Feature","geometry":{"type":"Point","coordinates":[0.06731,51.53598]},"properties":{"name":"Miers Close Wildlife Area","type":"nature_reserve","website":""}},{"type":"Feature","geometry":{"type":"Point","coordinates":[-0.16491,51.54392]},"properties":{"name":"Dorney Flower Garden","type":"garden","website":""}},{"type":"Feature","geometry":{"type":"Point","coordinates":[-0.16455,51.54356]},"properties":{"name":"Dorney Green","type":"garden","website":""}},{"type":"Feature","geometry":{"type":"Point","coordinates":[-0.16419,51.5436]},"properties":{"name":"Dorney Green","type":"garden","website":""}},{"type":"Feature","geometry":{"type":"Point","coordinates":[-0.16366,51.54289]},"properties":{"name":"Quickswood Garden","type":"garden","website":""}},{"type":"Feature","geometry":{"type":"Point","coordinates":[-0.16174,51.54439]},"properties":{"name":"Higginson House Garden","type":"garden","website":""}},{"type":"Feature","geometry":{"type":"Point","coordinates":[-0.1613,51.54443]},"properties":{"name":"Andrews House Gardens","type":"garden","website":""}},{"type":"Feature","geometry":{"type":"Point","coordinates":[-0.16169,51.54418]},"properties":{"name":"Mary Wharrie House Gardens","type":"garden","website":""}},{"type":"Feature","geometry":{"type":"Point","coordinates":[-0.16845,51.54333]},"properties":{"name":"Briary Close Garden","type":"garden","website":""}},{"type":"Feature","geometry":{"type":"Point","coordinates":[-0.1695,51.54231]},"properties":{"name":"Hawtrey Green","type":"garden","website":""}},{"type":"Feature","geometry":{"type":"Point","coordinates":[-0.16771,51.5424]},"properties":{"name":"Hawtrey Garden","type":"garden","website":""}},{"type":"Feature","geometry":{"type":"Point","coordinates":[-0.16159,51.5439]},"properties":{"name":"Cleaver House Community Garden","type":"garden","website":""}},{"type":"Feature","geometry":{"type":"Point","coordinates":[-0.16116,51.54404]},"properties":{"name":"Hutchinson House Community Garden","type":"garden","website":""}},{"type":"Feature","geometry":{"type":"Point","coordinates":[-0.16203,51.54385]},"properties":{"name":"Johnson House Community Garden","type":"garden","website":""}},{"type":"Feature","geometry":{"type":"Point","coordinates":[-0.16928,51.54302]},"properties":{"name":"Burnham Community Garden","type":"garden","website":""}},{"type":"Feature","geometry":{"type":"Point","coordinates":[-0.20777,51.61336]},"properties":{"name":"Panoramic Park","type":"park","website":""}},{"type":"Feature","geometry":{"type":"Point","coordinates":[-0.16872,51.42448]},"properties":{"name":"Graveney Pocket Park","type":"park","website":""}},{"type":"Feature","geometry":{"type":"Point","coordinates":[-0.12446,51.53799]},"properties":{"name":"Jellicoe Gardens","type":"park","website":"https://www.kingscross.co.uk/jellicoe-gardens"}},{"type":"Feature","geometry":{"type":"Point","coordinates":[-0.08641,51.52098]},"properties":{"name":"Finsbury Square","type":"park","website":""}},{"type":"Feature","geometry":{"type":"Point","coordinates":[0.07209,51.36553]},"properties":{"name":"Darrick & Newstead Woods Local Nature Reserve","type":"nature_reserve","website":""}},{"type":"Feature","geometry":{"type":"Point","coordinates":[-0.13594,51.48304]},"properties":{"name":"Heathwall Quay","type":"park","website":""}},{"type":"Feature","geometry":{"type":"Point","coordinates":[-0.15979,51.54201]},"properties":{"name":"Primrose Hill Court Open Space","type":"park","website":""}},{"type":"Feature","geometry":{"type":"Point","coordinates":[-0.0296,51.54553]},"properties":{"name":"Wick Green","type":"park","website":""}},{"type":"Feature","geometry":{"type":"Point","coordinates":[0.14224,51.45857]},"properties":{"name":"King George's Field","type":"park","website":""}},{"type":"Feature","geometry":{"type":"Point","coordinates":[-0.04783,51.53434]},"properties":{"name":"The Glade","type":"garden","website":""}},{"type":"Feature","geometry":{"type":"Point","coordinates":[-0.03436,51.53975]},"properties":{"name":"Victoria Park Orchard","type":"garden","website":""}},{"type":"Feature","geometry":{"type":"Point","coordinates":[-0.05243,51.37065]},"properties":{"name":"MHA The Wilderness","type":"garden","website":""}},{"type":"Feature","geometry":{"type":"Point","coordinates":[-0.19205,51.69707]},"properties":{"name":"Potters Bar Memorial Gardens","type":"garden","website":""}},{"type":"Feature","geometry":{"type":"Point","coordinates":[-0.25684,51.45379]},"properties":{"name":"Roehampton Gate Gardens","type":"garden","website":""}},{"type":"Feature","geometry":{"type":"Point","coordinates":[-0.12247,51.50551]},"properties":{"name":"Tyburn Quay","type":"park","website":""}},{"type":"Feature","geometry":{"type":"Point","coordinates":[-0.04262,51.49052]},"properties":{"name":"PNK Garden","type":"garden","website":"https://www.pnkgarden.com/"}},{"type":"Feature","geometry":{"type":"Point","coordinates":[-0.19416,51.46508]},"properties":{"name":"Carnwath Wharf Riverside","type":"park","website":""}},{"type":"Feature","geometry":{"type":"Point","coordinates":[-0.01021,51.4783]},"properties":{"name":"Burney Street Garden","type":"garden","website":""}},{"type":"Feature","geometry":{"type":"Point","coordinates":[-0.12436,51.48816]},"properties":{"name":"Effra Quay","type":"park","website":""}},{"type":"Feature","geometry":{"type":"Point","coordinates":[-0.31348,51.44459]},"properties":{"name":"Cherry Garden","type":"garden","website":""}},{"type":"Feature","geometry":{"type":"Point","coordinates":[-0.12711,51.49864]},"properties":{"name":"Little Cloister Garden","type":"garden","website":""}},{"type":"Feature","geometry":{"type":"Point","coordinates":[-0.1268,51.49863]},"properties":{"name":"St Catherine's Garden","type":"garden","website":""}},{"type":"Feature","geometry":{"type":"Point","coordinates":[-0.28829,51.50058]},"properties":{"name":"Italian Gardens","type":"garden","website":""}},{"type":"Feature","geometry":{"type":"Point","coordinates":[0.18996,51.5883]},"properties":{"name":"Raphael Park","type":"park","website":""}},{"type":"Feature","geometry":{"type":"Point","coordinates":[-0.07577,51.4695]},"properties":{"name":"Warwick Gardens","type":"park","website":""}},{"type":"Feature","geometry":{"type":"Point","coordinates":[-0.47992,51.567]},"properties":{"name":"Denham Lock Wood","type":"nature_reserve","website":"https://www.wildlondon.org.uk/nature-reserves/denham-lock-wood"}},{"type":"Feature","geometry":{"type":"Point","coordinates":[-0.1503,51.4581]},"properties":{"name":"Clapham Common","type":"park","website":"https://beta.lambeth.gov.uk/parks/clapham-common"}},{"type":"Feature","geometry":{"type":"Point","coordinates":[-0.1554,51.53015]},"properties":{"name":"The Regent's Park","type":"park","website":""}},{"type":"Feature","geometry":{"type":"Point","coordinates":[-0.31381,51.35523]},"properties":{"name":"Sir Francis Barker Recreation Ground","type":"park","website":""}},{"type":"Feature","geometry":{"type":"Point","coordinates":[-0.03886,51.50076]},"properties":{"name":"Russia Dock Woodland","type":"park","website":""}},{"type":"Feature","geometry":{"type":"Point","coordinates":[-0.01176,51.54671]},"properties":{"name":"Portlands","type":"park","website":""}},{"type":"Feature","geometry":{"type":"Point","coordinates":[-0.03614,51.52316]},"properties":{"name":"Mile End Park","type":"park","website":"https://www.towerhamlets.gov.uk/mileendpark"}},{"type":"Feature","geometry":{"type":"Point","coordinates":[-0.10744,51.52557]},"properties":{"name":"Spa Fields","type":"park","website":""}},{"type":"Feature","geometry":{"type":"Point","coordinates":[-0.07981,51.35215]},"properties":{"name":"Croham Hurst","type":"park","website":""}},{"type":"Feature","geometry":{"type":"Point","coordinates":[-0.01506,51.54504]},"properties":{"name":"Queen Elizabeth Olympic Park","type":"park","website":"https://www.queenelizabetholympicpark.co.uk/"}},{"type":"Feature","geometry":{"type":"Point","coordinates":[-0.08416,51.4834]},"properties":{"name":"Chumleigh Gardens","type":"garden","website":""}},{"type":"Feature","geometry":{"type":"Point","coordinates":[-0.13932,51.53018]},"properties":{"name":"Hampstead Road Open Space","type":"park","website":""}},{"type":"Feature","geometry":{"type":"Point","coordinates":[0.07176,51.33543]},"properties":{"name":"Downe Bank & High Elms","type":"nature_reserve","website":""}},{"type":"Feature","geometry":{"type":"Point","coordinates":[-0.17132,51.45172]},"properties":{"name":"Wandsworth Common","type":"park","website":""}},{"type":"Feature","geometry":{"type":"Point","coordinates":[0.00229,51.47207]},"properties":{"name":"Blackheath","type":"park","website":""}},{"type":"Feature","geometry":{"type":"Point","coordinates":[-0.35806,51.55108]},"properties":{"name":"Wood End Wireless Station","type":"park","website":""}},{"type":"Feature","geometry":{"type":"Point","coordinates":[-0.06971,51.56147]},"properties":{"name":"Stoke Newington Common","type":"park","website":""}},{"type":"Feature","geometry":{"type":"Point","coordinates":[-0.10687,51.45054]},"properties":{"name":"Brockwell Park","type":"park","website":"https://www.lambeth.gov.uk/parks/brockwell-park"}},{"type":"Feature","geometry":{"type":"Point","coordinates":[-0.06098,51.46105]},"properties":{"name":"Peckham Rye Common","type":"park","website":""}},{"type":"Feature","geometry":{"type":"Point","coordinates":[-0.0598,51.45639]},"properties":{"name":"Peckham Rye Park","type":"park","website":""}},{"type":"Feature","geometry":{"type":"Point","coordinates":[0.04445,51.70031]},"properties":{"name":"Warlies Park","type":"park","website":""}},{"type":"Feature","geometry":{"type":"Point","coordinates":[-0.10202,51.52386]},"properties":{"name":"Brewery Square","type":"park","website":""}},{"type":"Feature","geometry":{"type":"Point","coordinates":[-0.40138,51.5677]},"properties":{"name":"Bessingby Playing Fields","type":"park","website":""}},{"type":"Feature","geometry":{"type":"Point","coordinates":[-0.12013,51.49459]},"properties":{"name":"St Mary's Gardens","type":"park","website":"https://beta.lambeth.gov.uk/parks/st-marys-gardens"}},{"type":"Feature","geometry":{"type":"Point","coordinates":[-0.41391,51.47604]},"properties":{"name":"Waye Avenue Park","type":"park","website":""}},{"type":"Feature","geometry":{"type":"Point","coordinates":[-0.30146,51.43267]},"properties":{"name":"Ham Common","type":"park","website":""}},{"type":"Feature","geometry":{"type":"Point","coordinates":[-0.14998,51.48547]},"properties":{"name":"Meadowbank Area SMI","type":"garden","website":"https://www.londongardensonline.org.uk/gardens-online-record.asp?ID=WST015"}},{"type":"Feature","geometry":{"type":"Point","coordinates":[-0.24066,51.46847]},"properties":{"name":"Barnes Common","type":"park","website":"https://barnescommon.org.uk/"}},{"type":"Feature","geometry":{"type":"Point","coordinates":[-0.22827,51.47011]},"properties":{"name":"Putney Lower Common","type":"park","website":""}},{"type":"Feature","geometry":{"type":"Point","coordinates":[-0.24685,51.48196]},"properties":{"name":"Leg O'Mutton Nature Reserve","type":"nature_reserve","website":""}},{"type":"Feature","geometry":{"type":"Point","coordinates":[-0.30684,51.46154]},"properties":{"name":"Richmond Green","type":"park","website":""}},{"type":"Feature","geometry":{"type":"Point","coordinates":[-0.23894,51.42707]},"properties":{"name":"Wimbledon Common","type":"park","website":""}},{"type":"Feature","geometry":{"type":"Point","coordinates":[-0.33143,51.3856]},"properties":{"name":"Giggs Hill Green","type":"park","website":""}},{"type":"Feature","geometry":{"type":"Point","coordinates":[-0.03174,51.54891]},"properties":{"name":"Mabley Green","type":"park","website":"https://www.hackney.gov.uk/mabley-green"}},{"type":"Feature","geometry":{"type":"Point","coordinates":[-0.14443,51.43447]},"properties":{"name":"Tooting Bec Common","type":"park","website":""}},{"type":"Feature","geometry":{"type":"Point","coordinates":[0.20323,51.54511]},"properties":{"name":"Louis Marchesi","type":"park","website":"https://www.havering.gov.uk/directory_record/78/louis_marchesi_maybank"}},{"type":"Feature","geometry":{"type":"Point","coordinates":[-0.33471,51.35459]},"properties":{"name":"Claygate Common","type":"nature_reserve","website":""}},{"type":"Feature","geometry":{"type":"Point","coordinates":[-0.48855,51.40145]},"properties":{"name":"Laleham Park","type":"park","website":""}},{"type":"Feature","geometry":{"type":"Point","coordinates":[-0.05033,51.57036]},"properties":{"name":"Walthamstow Marshes","type":"nature_reserve","website":""}},{"type":"Feature","geometry":{"type":"Point","coordinates":[-0.04788,51.44616]},"properties":{"name":"Garthorne Road Nature Reserve","type":"nature_reserve","website":""}},{"type":"Feature","geometry":{"type":"Point","coordinates":[0.30658,51.48501]},"properties":{"name":"Chafford Gorges Nature Reserve","type":"nature_reserve","website":""}},{"type":"Feature","geometry":{"type":"Point","coordinates":[-0.08103,51.55428]},"properties":{"name":"Butterfield Green","type":"park","website":"https://hackney.gov.uk/butterfield-green"}},{"type":"Feature","geometry":{"type":"Point","coordinates":[-0.02428,51.56257]},"properties":{"name":"Leyton Jubilee Park","type":"park","website":"https://walthamforest.gov.uk/content/leyton-jubilee-park"}},{"type":"Feature","geometry":{"type":"Point","coordinates":[-0.44542,51.39261]},"properties":{"name":"Shepperton Recreation Ground","type":"park","website":""}},{"type":"Feature","geometry":{"type":"Point","coordinates":[-0.35093,51.48944]},"properties":{"name":"Osterley Park","type":"park","website":""}},{"type":"Feature","geometry":{"type":"Point","coordinates":[0.24634,51.58551]},"properties":{"name":"Pages Wood","type":"park","website":""}},{"type":"Feature","geometry":{"type":"Point","coordinates":[0.11005,51.5045]},"properties":{"name":"Hawksmoor Park","type":"park","website":""}},{"type":"Feature","geometry":{"type":"Point","coordinates":[-0.23773,51.44288]},"properties":{"name":"Putney Heath","type":"park","website":""}},{"type":"Feature","geometry":{"type":"Point","coordinates":[-0.23002,51.60711]},"properties":{"name":"Chase Lodge Playing Field","type":"park","website":""}},{"type":"Feature","geometry":{"type":"Point","coordinates":[-0.18332,51.56505]},"properties":{"name":"The Hill Garden and Pergola","type":"garden","website":"https://www.cityoflondon.gov.uk/things-to-do/green-spaces/hampstead-heath/where-to-go-at-hampstead-heath/hill-garden-and-pergola"}},{"type":"Feature","geometry":{"type":"Point","coordinates":[-0.095,51.54444]},"properties":{"name":"New River Walk","type":"park","website":""}},{"type":"Feature","geometry":{"type":"Point","coordinates":[-0.17137,51.46029]},"properties":{"name":"Bolingbroke Green","type":"park","website":""}},{"type":"Feature","geometry":{"type":"Point","coordinates":[-0.28831,51.48422]},"properties":{"name":"Kew Green","type":"park","website":""}},{"type":"Feature","geometry":{"type":"Point","coordinates":[-0.26047,51.48469]},"properties":{"name":"Chiswick House and Grounds","type":"park","website":""}},{"type":"Feature","geometry":{"type":"Point","coordinates":[-0.29854,51.47822]},"properties":{"name":"Royal Botanic Gardens, Kew","type":"garden","website":"https://www.kew.org/"}},{"type":"Feature","geometry":{"type":"Point","coordinates":[0.02424,51.29389]},"properties":{"name":"Westmore Green","type":"park","website":""}},{"type":"Feature","geometry":{"type":"Point","coordinates":[-0.15537,51.63849]},"properties":{"name":"Oak Hill Park","type":"park","website":""}},{"type":"Feature","geometry":{"type":"Point","coordinates":[0.03419,51.29253]},"properties":{"name":"Tatsfield Green","type":"park","website":""}},{"type":"Feature","geometry":{"type":"Point","coordinates":[-0.02875,51.47743]},"properties":{"name":"Margaret McMillan Park","type":"park","website":""}},{"type":"Feature","geometry":{"type":"Point","coordinates":[-0.50898,51.65503]},"properties":{"name":"Chorleywood Common","type":"nature_reserve","website":"https://www.chorleywood-pc.gov.uk/chorleywood-common/"}},{"type":"Feature","geometry":{"type":"Point","coordinates":[-0.00947,51.5469]},"properties":{"name":"Victory Park","type":"park","website":""}},{"type":"Feature","geometry":{"type":"Point","coordinates":[-0.11808,51.59797]},"properties":{"name":"Avenue Gardens","type":"park","website":""}},{"type":"Feature","geometry":{"type":"Point","coordinates":[-0.127,51.498]},"properties":{"name":"College Garden","type":"park","website":""}},{"type":"Feature","geometry":{"type":"Point","coordinates":[-0.14477,51.39605]},"properties":{"name":"Mitcham Common","type":"park","website":""}},{"type":"Feature","geometry":{"type":"Point","coordinates":[-0.12017,51.45308]},"properties":{"name":"Rush Common","type":"park","website":"https://beta.lambeth.gov.uk/parks/rush-common"}},{"type":"Feature","geometry":{"type":"Point","coordinates":[-0.26278,51.36184]},"properties":{"name":"Hogsmill Open Space","type":"nature_reserve","website":""}},{"type":"Feature","geometry":{"type":"Point","coordinates":[-0.29319,51.5105]},"properties":{"name":"Ealing Common","type":"park","website":""}},{"type":"Feature","geometry":{"type":"Point","coordinates":[-0.30809,51.32449]},"properties":{"name":"Ashtead Common","type":"nature_reserve","website":"https://www.cityoflondon.gov.uk/things-to-do/green-spaces/ashtead-common"}},{"type":"Feature","geometry":{"type":"Point","coordinates":[-0.00754,51.57726]},"properties":{"name":"Knotts Green","type":"park","website":""}},{"type":"Feature","geometry":{"type":"Point","coordinates":[-0.20881,51.52842]},"properties":{"name":"Queen's Park Gardens","type":"park","website":""}},{"type":"Feature","geometry":{"type":"Point","coordinates":[-0.18948,51.52137]},"properties":{"name":"Westbourne Green Open Space","type":"park","website":""}},{"type":"Feature","geometry":{"type":"Point","coordinates":[-0.18293,51.51925]},"properties":{"name":"Kingdom Square","type":"park","website":""}},{"type":"Feature","geometry":{"type":"Point","coordinates":[-0.06535,51.57119]},"properties":{"name":"Clapton Common","type":"park","website":"https://hackney.gov.uk/clapton-common"}},{"type":"Feature","geometry":{"type":"Point","coordinates":[-0.18205,51.51369]},"properties":{"name":"Queen's Gardens","type":"garden","website":""}},{"type":"Feature","geometry":{"type":"Point","coordinates":[-0.02306,51.45117]},"properties":{"name":"Ladywell Fields","type":"park","website":""}},{"type":"Feature","geometry":{"type":"Point","coordinates":[-0.1247,51.57325]},"properties":{"name":"Parkland Walk Local Nature Reserve","type":"nature_reserve","website":""}},{"type":"Feature","geometry":{"type":"Point","coordinates":[-0.20236,51.33301]},"properties":{"name":"Banstead Downs","type":"nature_reserve","website":""}},{"type":"Feature","geometry":{"type":"Point","coordinates":[-0.04014,51.53835]},"properties":{"name":"Victoria Park","type":"park","website":"https://www.towerhamlets.gov.uk/victoriapark"}},{"type":"Feature","geometry":{"type":"Point","coordinates":[-0.37336,51.39279]},"properties":{"name":"Molesey Heath Nature Reserve","type":"nature_reserve","website":""}},{"type":"Feature","geometry":{"type":"Point","coordinates":[-0.11514,51.6115]},"properties":{"name":"Riverside Community Church","type":"park","website":""}},{"type":"Feature","geometry":{"type":"Point","coordinates":[-0.26268,51.29387]},"properties":{"name":"Langley Vale Centenary Wood","type":"nature_reserve","website":""}},{"type":"Feature","geometry":{"type":"Point","coordinates":[-0.01312,51.53955]},"properties":{"name":"2012 Gardens","type":"garden","website":""}},{"type":"Feature","geometry":{"type":"Point","coordinates":[-0.05192,51.58662]},"properties":{"name":"Walthamstow Wetlands","type":"nature_reserve","website":""}},{"type":"Feature","geometry":{"type":"Point","coordinates":[0.16616,51.5324]},"properties":{"name":"Beam Parklands","type":"park","website":""}},{"type":"Feature","geometry":{"type":"Point","coordinates":[0.17603,51.54212]},"properties":{"name":"Beam Valley Country Park","type":"park","website":""}},{"type":"Feature","geometry":{"type":"Point","coordinates":[-0.02949,51.43532]},"properties":{"name":"Pool River Linear Park","type":"park","website":""}},{"type":"Feature","geometry":{"type":"Point","coordinates":[-0.0057,51.55172]},"properties":{"name":"Drapers Field","type":"park","website":""}},{"type":"Feature","geometry":{"type":"Point","coordinates":[-0.16423,51.4057]},"properties":{"name":"Mitcham Fair Green","type":"park","website":""}},{"type":"Feature","geometry":{"type":"Point","coordinates":[-0.36683,51.3711]},"properties":{"name":"Esher Green","type":"park","website":""}},{"type":"Feature","geometry":{"type":"Point","coordinates":[-0.44859,51.51438]},"properties":{"name":"Stockley Country Park","type":"park","website":""}},{"type":"Feature","geometry":{"type":"Point","coordinates":[-0.47714,51.56358]},"properties":{"name":"Frays Farm Meadows","type":"nature_reserve","website":"https://www.wildlondon.org.uk/nature-reserves/frays-farm-meadows"}},{"type":"Feature","geometry":{"type":"Point","coordinates":[0.08978,51.49974]},"properties":{"name":"Gallions Park","type":"park","website":"http://www.gallionsha.co.uk"}},{"type":"Feature","geometry":{"type":"Point","coordinates":[-0.49303,51.60909]},"properties":{"name":"Belfry Avenue Open Space","type":"park","website":""}},{"type":"Feature","geometry":{"type":"Point","coordinates":[-0.49501,51.5919]},"properties":{"name":"Broadwater Lake Nature Reserve","type":"nature_reserve","website":"https://www.hertswildlifetrust.org.uk/nature-reserves/broadwater-lake"}},{"type":"Feature","geometry":{"type":"Point","coordinates":[0.00624,51.5017]},"properties":{"name":"The Tide","type":"park","website":"https://www.greenwichpeninsula.co.uk/the-tide/"}},{"type":"Feature","geometry":{"type":"Point","coordinates":[-0.43829,51.59385]},"properties":{"name":"Ruislip Woods National Nature Reserve","type":"nature_reserve","website":""}},{"type":"Feature","geometry":{"type":"Point","coordinates":[-0.48366,51.52716]},"properties":{"name":"Cowley Recreation Ground","type":"park","website":""}},{"type":"Feature","geometry":{"type":"Point","coordinates":[-0.13637,51.54962]},"properties":{"name":"Peckwater Estate Natural Play Area","type":"park","website":""}},{"type":"Feature","geometry":{"type":"Point","coordinates":[-0.12733,51.53498]},"properties":{"name":"Camley Street Natural Park","type":"nature_reserve","website":"https://www.wildlondon.org.uk/reserves/camley-street-natural-park"}},{"type":"Feature","geometry":{"type":"Point","coordinates":[0.05326,51.44072]},"properties":{"name":"The Tarn","type":"park","website":""}},{"type":"Feature","geometry":{"type":"Point","coordinates":[-0.09221,51.57012]},"properties":{"name":"Spring Park","type":"park","website":""}},{"type":"Feature","geometry":{"type":"Point","coordinates":[-0.13154,51.42832]},"properties":{"name":"Streatham Green","type":"park","website":""}},{"type":"Feature","geometry":{"type":"Point","coordinates":[-0.19555,51.4545]},"properties":{"name":"King George's Park Lake","type":"nature_reserve","website":""}},{"type":"Feature","geometry":{"type":"Point","coordinates":[-0.2762,51.55665]},"properties":{"name":"The Robinson - Play Area","type":"park","website":""}},{"type":"Feature","geometry":{"type":"Point","coordinates":[0.18628,51.41007]},"properties":{"name":"Hextable Park","type":"park","website":""}},{"type":"Feature","geometry":{"type":"Point","coordinates":[-0.23227,51.47883]},"properties":{"name":"The London Wetland Centre","type":"nature_reserve","website":""}},{"type":"Feature","geometry":{"type":"Point","coordinates":[0.06004,51.46587]},"properties":{"name":"Castle Wood Rose Garden","type":"garden","website":""}},{"type":"Feature","geometry":{"type":"Point","coordinates":[-0.10767,51.48313]},"properties":{"name":"Kennington Park","type":"park","website":"https://www.lambeth.gov.uk/parks/kennington-park"}},{"type":"Feature","geometry":{"type":"Point","coordinates":[-0.11075,51.49176]},"properties":{"name":"Reedworth Street Open Space","type":"park","website":"https://beta.lambeth.gov.uk/parks/reedworth-street-open-space"}},{"type":"Feature","geometry":{"type":"Point","coordinates":[-0.05722,51.49995]},"properties":{"name":"King's Stairs Gardens","type":"park","website":""}},{"type":"Feature","geometry":{"type":"Point","coordinates":[-0.10919,51.50755]},"properties":{"name":"Bernie Spain Gardens","type":"park","website":"https://coinstreet.org/about-us/our-developments/bernie-spain-gardens"}},{"type":"Feature","geometry":{"type":"Point","coordinates":[0.03982,51.43325]},"properties":{"name":"Mottingham Sports Ground / Foxes Field","type":"park","website":""}},{"type":"Feature","geometry":{"type":"Point","coordinates":[0.05198,51.42567]},"properties":{"name":"Wayside Green Open Space","type":"park","website":""}},{"type":"Feature","geometry":{"type":"Point","coordinates":[-0.20411,51.46231]},"properties":{"name":"Wandsworth Park","type":"park","website":""}},{"type":"Feature","geometry":{"type":"Point","coordinates":[-0.19895,51.66096]},"properties":{"name":"Hadley Green","type":"park","website":""}},{"type":"Feature","geometry":{"type":"Point","coordinates":[0.01611,51.54899]},"properties":{"name":"Forest Lane Park","type":"park","website":""}},{"type":"Feature","geometry":{"type":"Point","coordinates":[-0.11163,51.46833]},"properties":{"name":"Max Roach Park","type":"park","website":"https://www.lambeth.gov.uk/parks/max-roach-park"}},{"type":"Feature","geometry":{"type":"Point","coordinates":[-0.08872,51.52374]},"properties":{"name":"Bunhill Fields Burial Ground","type":"park","website":""}},{"type":"Feature","geometry":{"type":"Point","coordinates":[-0.05515,51.55645]},"properties":{"name":"Clapton Pond","type":"park","website":"https://hackney.gov.uk/clapton-pond"}},{"type":"Feature","geometry":{"type":"Point","coordinates":[0.0473,51.51458]},"properties":{"name":"Beckton District Park","type":"park","website":""}},{"type":"Feature","geometry":{"type":"Point","coordinates":[0.02685,51.45983]},"properties":{"name":"Cator Park","type":"park","website":""}},{"type":"Feature","geometry":{"type":"Point","coordinates":[0.07104,51.47016]},"properties":{"name":"Eaglesfield Park","type":"park","website":""}},{"type":"Feature","geometry":{"type":"Point","coordinates":[-0.30586,51.50996]},"properties":{"name":"Ealing Green","type":"park","website":""}},{"type":"Feature","geometry":{"type":"Point","coordinates":[-0.04721,51.5195]},"properties":{"name":"Stepney Green Gardens","type":"park","website":"https://www.towerhamlets.gov.uk/lgnl/leisure_and_culture/parks_and_open_spaces/Parks-directory/Stepney-Green-Gardens.aspx"}},{"type":"Feature","geometry":{"type":"Point","coordinates":[-0.19443,51.44921]},"properties":{"name":"King George's Park","type":"park","website":""}},{"type":"Feature","geometry":{"type":"Point","coordinates":[-0.12205,51.48286]},"properties":{"name":"Vauxhall Park","type":"park","website":"https://beta.lambeth.gov.uk/parks/vauxhall-park"}},{"type":"Feature","geometry":{"type":"Point","coordinates":[-0.11481,51.4712]},"properties":{"name":"Slade Gardens","type":"park","website":"https://www.lambeth.gov.uk/parks/slade-gardens"}},{"type":"Feature","geometry":{"type":"Point","coordinates":[-0.0764,51.40796]},"properties":{"name":"South Norwood Lake","type":"park","website":""}},{"type":"Feature","geometry":{"type":"Point","coordinates":[-0.38775,51.35422]},"properties":{"name":"West End Common","type":"nature_reserve","website":""}},{"type":"Feature","geometry":{"type":"Point","coordinates":[-0.19148,51.61306]},"properties":{"name":"River Side Walk","type":"park","website":""}},{"type":"Feature","geometry":{"type":"Point","coordinates":[-0.19746,51.6085]},"properties":{"name":"Oakdene Park","type":"park","website":""}},{"type":"Feature","geometry":{"type":"Point","coordinates":[0.07451,51.42527]},"properties":{"name":"Belmont Lane Open Space","type":"park","website":""}},{"type":"Feature","geometry":{"type":"Point","coordinates":[-0.10466,51.48031]},"properties":{"name":"Kennington Open Space","type":"park","website":""}},{"type":"Feature","geometry":{"type":"Point","coordinates":[-0.11597,51.60094]},"properties":{"name":"Trinity Gardens","type":"park","website":""}},{"type":"Feature","geometry":{"type":"Point","coordinates":[-0.21069,51.58597]},"properties":{"name":"Brent Park","type":"park","website":""}},{"type":"Feature","geometry":{"type":"Point","coordinates":[-0.25704,51.51984]},"properties":{"name":"Westcott Park Community Garden","type":"garden","website":"https://www.facebook.com/westcottparkgarden"}},{"type":"Feature","geometry":{"type":"Point","coordinates":[0.04256,51.4893]},"properties":{"name":"Maryon Park","type":"park","website":""}},{"type":"Feature","geometry":{"type":"Point","coordinates":[-0.19344,51.64913]},"properties":{"name":"Barnet Hill Common","type":"park","website":""}},{"type":"Feature","geometry":{"type":"Point","coordinates":[-0.10895,51.48229]},"properties":{"name":"Flower Garden","type":"garden","website":""}},{"type":"Feature","geometry":{"type":"Point","coordinates":[-0.1536,51.52759]},"properties":{"name":"Queen Mary's Gardens","type":"garden","website":""}},{"type":"Feature","geometry":{"type":"Point","coordinates":[-0.02554,51.46004]},"properties":{"name":"Hilly Fields","type":"park","website":""}},{"type":"Feature","geometry":{"type":"Point","coordinates":[-0.04729,51.56016]},"properties":{"name":"Millfields Park","type":"park","website":"https://hackney.gov.uk/millfields-park"}},{"type":"Feature","geometry":{"type":"Point","coordinates":[0.07085,51.56901]},"properties":{"name":"Valentines Park","type":"park","website":"https://www.valentines.org.uk/"}},{"type":"Feature","geometry":{"type":"Point","coordinates":[-0.04003,51.52572]},"properties":{"name":"Green Mary Sensory Garden","type":"garden","website":""}},{"type":"Feature","geometry":{"type":"Point","coordinates":[-0.04001,51.52557]},"properties":{"name":"Green Mary Allotments","type":"garden","website":""}},{"type":"Feature","geometry":{"type":"Point","coordinates":[-0.45601,51.36203]},"properties":{"name":"The Heath","type":"nature_reserve","website":""}},{"type":"Feature","geometry":{"type":"Point","coordinates":[0.01548,51.4371]},"properties":{"name":"Grove Park Nature Reserve","type":"nature_reserve","website":""}},{"type":"Feature","geometry":{"type":"Point","coordinates":[-0.08398,51.59907]},"properties":{"name":"Tower Gardens Park","type":"park","website":""}},{"type":"Feature","geometry":{"type":"Point","coordinates":[-0.21289,51.63993]},"properties":{"name":"Grange Playing Fields","type":"park","website":""}},{"type":"Feature","geometry":{"type":"Point","coordinates":[-0.20863,51.64052]},"properties":{"name":"East Barnet Old Grammarians Playing Field","type":"park","website":""}},{"type":"Feature","geometry":{"type":"Point","coordinates":[0.23932,51.58779]},"properties":{"name":"Harold Wood Park","type":"park","website":"https://www.havering.gov.uk/info/20037/parks/697/harold_wood_park"}},{"type":"Feature","geometry":{"type":"Point","coordinates":[-0.2547,51.31039]},"properties":{"name":"Epsom Downs","type":"park","website":""}},{"type":"Feature","geometry":{"type":"Point","coordinates":[-0.17814,51.6249]},"properties":{"name":"Swan Lane Open Space","type":"park","website":""}},{"type":"Feature","geometry":{"type":"Point","coordinates":[-0.23975,51.5214]},"properties":{"name":"Wormwood Scrubs","type":"park","website":""}},{"type":"Feature","geometry":{"type":"Point","coordinates":[-0.14739,51.55768]},"properties":{"name":"Grove Terrace Squares","type":"park","website":""}},{"type":"Feature","geometry":{"type":"Point","coordinates":[-0.37809,51.48688]},"properties":{"name":"Heston Park","type":"park","website":""}},{"type":"Feature","geometry":{"type":"Point","coordinates":[-0.1638,51.39996]},"properties":{"name":"The Canons","type":"park","website":""}},{"type":"Feature","geometry":{"type":"Point","coordinates":[-0.39975,51.36931]},"properties":{"name":"Hersham Recreation Ground","type":"park","website":""}},{"type":"Feature","geometry":{"type":"Point","coordinates":[0.16242,51.52527]},"properties":{"name":"Central Park West","type":"park","website":""}},{"type":"Feature","geometry":{"type":"Point","coordinates":[0.04441,51.52252]},"properties":{"name":"Greenway","type":"park","website":""}},{"type":"Feature","geometry":{"type":"Point","coordinates":[0.16297,51.52633]},"properties":{"name":"Central Park West","type":"park","website":""}},{"type":"Feature","geometry":{"type":"Point","coordinates":[-0.34037,51.27044]},"properties":{"name":"Norbury Park","type":"nature_reserve","website":"https://www.surreycc.gov.uk/culture-and-leisure/countryside/sites/visitor-information/norbury-park"}},{"type":"Feature","geometry":{"type":"Point","coordinates":[-0.26576,51.49187]},"properties":{"name":"Turnham Green","type":"park","website":""}},{"type":"Feature","geometry":{"type":"Point","coordinates":[-0.10306,51.54433]},"properties":{"name":"Compton Terrace Gardens","type":"garden","website":""}},{"type":"Feature","geometry":{"type":"Point","coordinates":[-0.0619,51.59152]},"properties":{"name":"Down Lane Park","type":"park","website":"https://www.haringey.gov.uk/libraries-sport-and-leisure/parks-and-open-spaces/z-parks-and-open-spaces/down-lane-park"}},{"type":"Feature","geometry":{"type":"Point","coordinates":[-0.11059,51.60038]},"properties":{"name":"Crescent Gardens","type":"park","website":""}},{"type":"Feature","geometry":{"type":"Point","coordinates":[-0.47463,51.31485]},"properties":{"name":"RHS Garden Wisley","type":"garden","website":"https://www.rhs.org.uk/Gardens/Wisley"}},{"type":"Feature","geometry":{"type":"Point","coordinates":[-0.08418,51.48365]},"properties":{"name":"Burgess Park","type":"park","website":"https://www.southwark.gov.uk/culture-and-sport/parks-and-open-spaces/find-park/burgess-park"}},{"type":"Feature","geometry":{"type":"Point","coordinates":[-0.38076,51.29204]},"properties":{"name":"Great Bookham Common","type":"nature_reserve","website":""}},{"type":"Feature","geometry":{"type":"Point","coordinates":[-0.392,51.2947]},"properties":{"name":"Little Bookham Common","type":"nature_reserve","website":""}},{"type":"Feature","geometry":{"type":"Point","coordinates":[-0.39681,51.29276]},"properties":{"name":"Banks Common","type":"nature_reserve","website":""}},{"type":"Feature","geometry":{"type":"Point","coordinates":[0.30846,51.44229]},"properties":{"name":"Manor Park","type":"park","website":""}},{"type":"Feature","geometry":{"type":"Point","coordinates":[-0.10154,51.54967]},"properties":{"name":"Highbury Fields","type":"park","website":"https://www.islington.gov.uk/physical-activity-parks-and-trees/parks-and-green-space/your-local-parks/highbury-fields"}},{"type":"Feature","geometry":{"type":"Point","coordinates":[-0.23971,51.49985]},"properties":{"name":"Starch Green","type":"park","website":""}},{"type":"Feature","geometry":{"type":"Point","coordinates":[-0.17865,51.69797]},"properties":{"name":"Parkfield","type":"park","website":""}},{"type":"Feature","geometry":{"type":"Point","coordinates":[-0.0885,51.49385]},"properties":{"name":"Paragon Gardens","type":"park","website":""}},{"type":"Feature","geometry":{"type":"Point","coordinates":[-0.02857,51.51951]},"properties":{"name":"Ackroyd Drive Green Link","type":"nature_reserve","website":"https://www.towerhamlets.gov.uk/lgnl/leisure_and_culture/parks_and_open_spaces/cemetery_park.aspx"}},{"type":"Feature","geometry":{"type":"Point","coordinates":[-0.27749,51.57695]},"properties":{"name":"Fryent Country Park","type":"park","website":""}},{"type":"Feature","geometry":{"type":"Point","coordinates":[-0.45439,51.31798]},"properties":{"name":"Wisley and Ockham Commons","type":"nature_reserve","website":""}},{"type":"Feature","geometry":{"type":"Point","coordinates":[-0.22759,51.51958]},"properties":{"name":"North Pole Open Space","type":"park","website":""}},{"type":"Feature","geometry":{"type":"Point","coordinates":[-0.49077,51.30431]},"properties":{"name":"Ripley Green","type":"nature_reserve","website":""}},{"type":"Feature","geometry":{"type":"Point","coordinates":[0.18043,51.56866]},"properties":{"name":"Oldchurch Park","type":"park","website":""}},{"type":"Feature","geometry":{"type":"Point","coordinates":[-0.1129,51.5372]},"properties":{"name":"Barnard Park","type":"park","website":"https://www.islington.gov.uk/physical-activity-parks-and-trees/parks-and-green-space/your-local-parks/barnard-park"}},{"type":"Feature","geometry":{"type":"Point","coordinates":[0.28204,51.42843]},"properties":{"name":"Bean House","type":"garden","website":""}},{"type":"Feature","geometry":{"type":"Point","coordinates":[-0.09057,51.55295]},"properties":{"name":"Petherton Green","type":"park","website":""}},{"type":"Feature","geometry":{"type":"Point","coordinates":[-0.14117,51.49783]},"properties":{"name":"Cardinal Place Roof Gaeden","type":"park","website":""}},{"type":"Feature","geometry":{"type":"Point","coordinates":[0.2814,51.50114]},"properties":{"name":"Hangmans Park","type":"park","website":""}}]}