{"type":"FeatureCollection","meta":{"id":"pubs","generated":"2026-04-05","count":1248,"source":"OpenStreetMap via Overpass API","vintage":"OSM snapshot at generation date"},"features":[{"type":"Feature","geometry":{"type":"Point","coordinates":[-0.19461,51.60084]},"properties":{"name":"King of Prussia","address":"Regents Park Road 363","postcode":"N3 1DH","real_ale":"","beer_garden":""}},{"type":"Feature","geometry":{"type":"Point","coordinates":[-0.19603,51.59958]},"properties":{"name":"The Catcher in the Rye","address":"Regents Park Road 319","postcode":"","real_ale":"3","beer_garden":""}},{"type":"Feature","geometry":{"type":"Point","coordinates":[-0.17656,51.6141]},"properties":{"name":"The Tally Ho","address":"High Road 749","postcode":"N12 0BP","real_ale":"","beer_garden":""}},{"type":"Feature","geometry":{"type":"Point","coordinates":[0.02796,51.59202]},"properties":{"name":"Railway Bell","address":"","postcode":"","real_ale":"yes","beer_garden":""}},{"type":"Feature","geometry":{"type":"Point","coordinates":[-0.16983,51.51648]},"properties":{"name":"The Monkey Puzzle","address":"Southwick Street 30","postcode":"W2 1JQ","real_ale":"","beer_garden":""}},{"type":"Feature","geometry":{"type":"Point","coordinates":[-0.2267,51.46286]},"properties":{"name":"The Arab Boy","address":"Upper Richmond Road 289","postcode":"SW15 6SP","real_ale":"","beer_garden":""}},{"type":"Feature","geometry":{"type":"Point","coordinates":[-0.17774,51.50042]},"properties":{"name":"The Union Bar","address":"","postcode":"","real_ale":"","beer_garden":""}},{"type":"Feature","geometry":{"type":"Point","coordinates":[-0.21007,51.46919]},"properties":{"name":"Kings Arms","address":"New King's Road 425","postcode":"SW6 4RN","real_ale":"","beer_garden":""}},{"type":"Feature","geometry":{"type":"Point","coordinates":[-0.18116,51.47273]},"properties":{"name":"The Waterside","address":"The Boulevard","postcode":"SW6 2SU","real_ale":"","beer_garden":""}},{"type":"Feature","geometry":{"type":"Point","coordinates":[-0.11174,51.51533]},"properties":{"name":"The Last Judgement","address":"Chancery Lane 95","postcode":"WC2A 1DT","real_ale":"","beer_garden":""}},{"type":"Feature","geometry":{"type":"Point","coordinates":[-0.11918,51.51725]},"properties":{"name":"Ship Tavern","address":"Gate Street 12","postcode":"WC2A 3HP","real_ale":"yes","beer_garden":""}},{"type":"Feature","geometry":{"type":"Point","coordinates":[-0.10433,51.5154]},"properties":{"name":"White Haus","address":"Farringdon Street 17","postcode":"EC4A 4AB","real_ale":"","beer_garden":""}},{"type":"Feature","geometry":{"type":"Point","coordinates":[-0.12122,51.51285]},"properties":{"name":"Marquess of Anglesey","address":"Bow Street 39","postcode":"","real_ale":"","beer_garden":""}},{"type":"Feature","geometry":{"type":"Point","coordinates":[-0.07853,51.50973]},"properties":{"name":"The Liberty Bounds","address":"Trinity Square 15","postcode":"EC3N 4AA","real_ale":"","beer_garden":""}},{"type":"Feature","geometry":{"type":"Point","coordinates":[-0.0777,51.51142]},"properties":{"name":"The Cheshire Cheese","address":"Crutched Friars 48","postcode":"EC3N 2AP","real_ale":"","beer_garden":""}},{"type":"Feature","geometry":{"type":"Point","coordinates":[-0.12285,51.52109]},"properties":{"name":"The Swan","address":"","postcode":"","real_ale":"","beer_garden":""}},{"type":"Feature","geometry":{"type":"Point","coordinates":[-0.11036,51.51671]},"properties":{"name":"26 Furnival Street","address":"Furnival Street 26","postcode":"EC4A 1JS","real_ale":"","beer_garden":""}},{"type":"Feature","geometry":{"type":"Point","coordinates":[-0.11396,51.49946]},"properties":{"name":"Crown & Cushion","address":"Westminster Bridge Road 133-135","postcode":"SE1 7HR","real_ale":"","beer_garden":""}},{"type":"Feature","geometry":{"type":"Point","coordinates":[0.00342,51.40534]},"properties":{"name":"Shortlands Tavern","address":"Station Road","postcode":"BR2 0EY","real_ale":"","beer_garden":""}},{"type":"Feature","geometry":{"type":"Point","coordinates":[-0.0133,51.38035]},"properties":{"name":"The Railway","address":"","postcode":"","real_ale":"","beer_garden":""}},{"type":"Feature","geometry":{"type":"Point","coordinates":[-0.33851,51.50896]},"properties":{"name":"The Duke of York","address":"Uxbridge Road 161","postcode":"W7 3SP","real_ale":"","beer_garden":""}},{"type":"Feature","geometry":{"type":"Point","coordinates":[-0.10729,51.53479]},"properties":{"name":"The Angelic","address":"Liverpool Road 57","postcode":"N1 0RJ","real_ale":"","beer_garden":""}},{"type":"Feature","geometry":{"type":"Point","coordinates":[-0.09909,51.57801]},"properties":{"name":"The Old Ale Emporium","address":"Green Lanes 405","postcode":"N4 1EU","real_ale":"yes","beer_garden":""}},{"type":"Feature","geometry":{"type":"Point","coordinates":[-0.09878,51.57637]},"properties":{"name":"The Beaconsfield","address":"Green Lanes 359","postcode":"N4 1DZ","real_ale":"","beer_garden":""}},{"type":"Feature","geometry":{"type":"Point","coordinates":[-0.03851,51.45341]},"properties":{"name":"The Brockley Jack","address":"Brockley Road 408-410","postcode":"SE4 2DH","real_ale":"","beer_garden":""}},{"type":"Feature","geometry":{"type":"Point","coordinates":[-0.1384,51.55665]},"properties":{"name":"Aces and Eights Saloon Bar","address":"Fortess Road 156-158","postcode":"NW5 2HP","real_ale":"yes","beer_garden":""}},{"type":"Feature","geometry":{"type":"Point","coordinates":[-0.11318,51.51239]},"properties":{"name":"The Cheshire Cheese","address":"","postcode":"WC2R 3LD","real_ale":"yes","beer_garden":""}},{"type":"Feature","geometry":{"type":"Point","coordinates":[-0.12198,51.56722]},"properties":{"name":"The Corner Flag","address":"Hornsey Road 472","postcode":"","real_ale":"","beer_garden":""}},{"type":"Feature","geometry":{"type":"Point","coordinates":[-0.32382,51.38605]},"properties":{"name":"The Limping Fox","address":"Rushett Road 15","postcode":"KT7 0UX","real_ale":"","beer_garden":""}},{"type":"Feature","geometry":{"type":"Point","coordinates":[-0.10447,51.56451]},"properties":{"name":"The BlackStock","address":"Seven Sisters Road 284","postcode":"N4 2HY","real_ale":"","beer_garden":""}},{"type":"Feature","geometry":{"type":"Point","coordinates":[-0.11264,51.56938]},"properties":{"name":"The White Lion of Mortimer","address":"Stroud Green Road 125-127","postcode":"","real_ale":"","beer_garden":""}},{"type":"Feature","geometry":{"type":"Point","coordinates":[-0.24242,51.64199]},"properties":{"name":"The Gate","address":"","postcode":"","real_ale":"","beer_garden":""}},{"type":"Feature","geometry":{"type":"Point","coordinates":[-0.14461,51.53946]},"properties":{"name":"The Good Mixer","address":"Inverness Street 30","postcode":"NW1 7HB","real_ale":"","beer_garden":""}},{"type":"Feature","geometry":{"type":"Point","coordinates":[-0.14433,51.54055]},"properties":{"name":"The Oxford Arms","address":"Camden High Street 265","postcode":"NW1 7BU","real_ale":"","beer_garden":""}},{"type":"Feature","geometry":{"type":"Point","coordinates":[-0.13076,51.51651]},"properties":{"name":"The Flying Horse","address":"","postcode":"","real_ale":"yes","beer_garden":""}},{"type":"Feature","geometry":{"type":"Point","coordinates":[-0.04465,51.44554]},"properties":{"name":"General Napier","address":"Bovill Road 73","postcode":"SE23 1EX","real_ale":"","beer_garden":""}},{"type":"Feature","geometry":{"type":"Point","coordinates":[-0.0423,51.44323]},"properties":{"name":"The Honor Oak","address":"St Germans Road 1","postcode":"SE23 1RH","real_ale":"","beer_garden":""}},{"type":"Feature","geometry":{"type":"Point","coordinates":[-0.16186,51.52341]},"properties":{"name":"Sir John Balcombe","address":"Balcombe Street 21","postcode":"","real_ale":"","beer_garden":""}},{"type":"Feature","geometry":{"type":"Point","coordinates":[-0.29924,51.46556]},"properties":{"name":"The Shaftesbury Arms","address":"Kew Road 121-123","postcode":"TW9 2PN","real_ale":"","beer_garden":""}},{"type":"Feature","geometry":{"type":"Point","coordinates":[-0.0819,51.57836]},"properties":{"name":"No.8 Seven Sisters","address":"","postcode":"","real_ale":"","beer_garden":""}},{"type":"Feature","geometry":{"type":"Point","coordinates":[-0.30516,51.51168]},"properties":{"name":"The Drapers Arms","address":"High Street 24-25","postcode":"W5 5DB","real_ale":"","beer_garden":""}},{"type":"Feature","geometry":{"type":"Point","coordinates":[-0.12175,51.56464]},"properties":{"name":"North Nineteen","address":"","postcode":"","real_ale":"","beer_garden":""}},{"type":"Feature","geometry":{"type":"Point","coordinates":[-0.30523,51.5103]},"properties":{"name":"The Grove","address":"","postcode":"","real_ale":"yes","beer_garden":"yes"}},{"type":"Feature","geometry":{"type":"Point","coordinates":[-0.30502,51.50802]},"properties":{"name":"The Red Lion","address":"","postcode":"","real_ale":"","beer_garden":""}},{"type":"Feature","geometry":{"type":"Point","coordinates":[-0.30533,51.50619]},"properties":{"name":"The Castle Inn","address":"St Marys Road 36","postcode":"W5 5EU","real_ale":"","beer_garden":"yes"}},{"type":"Feature","geometry":{"type":"Point","coordinates":[-0.30266,51.51484]},"properties":{"name":"The Shanakee","address":"","postcode":"","real_ale":"","beer_garden":""}},{"type":"Feature","geometry":{"type":"Point","coordinates":[-0.30186,51.51387]},"properties":{"name":"The North Star","address":"","postcode":"","real_ale":"","beer_garden":""}},{"type":"Feature","geometry":{"type":"Point","coordinates":[-0.29993,51.51692]},"properties":{"name":"The Wheatsheaf","address":"Haven Lane 41","postcode":"W5 2HZ","real_ale":"","beer_garden":""}},{"type":"Feature","geometry":{"type":"Point","coordinates":[-0.3001,51.51683]},"properties":{"name":"The Haven Arms","address":"Haven Lane 33","postcode":"W5 2HZ","real_ale":"","beer_garden":""}},{"type":"Feature","geometry":{"type":"Point","coordinates":[-0.18334,51.47767]},"properties":{"name":"Lots Road","address":"Lots Road 114","postcode":"SW10 0RJ","real_ale":"","beer_garden":""}},{"type":"Feature","geometry":{"type":"Point","coordinates":[-0.15585,51.49844]},"properties":{"name":"The Star Tavern","address":"Belgrave Mews West 6","postcode":"SW1X 8HT","real_ale":"yes","beer_garden":""}},{"type":"Feature","geometry":{"type":"Point","coordinates":[-0.12253,51.52123]},"properties":{"name":"The Queen's Larder","address":"","postcode":"WC1N 3AR","real_ale":"","beer_garden":""}},{"type":"Feature","geometry":{"type":"Point","coordinates":[-0.28755,51.4195]},"properties":{"name":"The Park Tavern","address":"New Road 19","postcode":"KT2 6AP","real_ale":"","beer_garden":""}},{"type":"Feature","geometry":{"type":"Point","coordinates":[-0.29823,51.42655]},"properties":{"name":"The Cardinal","address":"Tudor Drive 174","postcode":"KT2 5QG","real_ale":"","beer_garden":""}},{"type":"Feature","geometry":{"type":"Point","coordinates":[-0.18779,51.51264]},"properties":{"name":"The Bayswater Arms","address":"","postcode":"","real_ale":"4 (some/most from Greene King?)","beer_garden":""}},{"type":"Feature","geometry":{"type":"Point","coordinates":[-0.1975,51.50954]},"properties":{"name":"Prince Albert","address":"Pembridge Road 11","postcode":"","real_ale":"yes","beer_garden":""}},{"type":"Feature","geometry":{"type":"Point","coordinates":[-0.30029,51.45059]},"properties":{"name":"The Rose of York","address":"Petersham Road","postcode":"TW10 6UY","real_ale":"","beer_garden":""}},{"type":"Feature","geometry":{"type":"Point","coordinates":[-0.12065,51.55893]},"properties":{"name":"Tommy Flynns","address":"Holloway Road 504","postcode":"N7 6JA","real_ale":"","beer_garden":""}},{"type":"Feature","geometry":{"type":"Point","coordinates":[-0.35602,51.56288]},"properties":{"name":"The Shawl","address":"Northolt Road 320","postcode":"HA2 8EE","real_ale":"","beer_garden":""}},{"type":"Feature","geometry":{"type":"Point","coordinates":[-0.34646,51.56944]},"properties":{"name":"Salt Bar","address":"Roxeth Hill 1","postcode":"HA2 0JY","real_ale":"","beer_garden":""}},{"type":"Feature","geometry":{"type":"Point","coordinates":[-0.16198,51.3689]},"properties":{"name":"The Lord Palmerston","address":"","postcode":"","real_ale":"","beer_garden":""}},{"type":"Feature","geometry":{"type":"Point","coordinates":[-0.31677,51.55563]},"properties":{"name":"The Swan","address":"Harrow Road 789","postcode":"HA0 2LP","real_ale":"","beer_garden":""}},{"type":"Feature","geometry":{"type":"Point","coordinates":[-0.33175,51.39292]},"properties":{"name":"Ye Olde Swan","address":"Summer Road","postcode":"KT7 0QQ","real_ale":"","beer_garden":""}},{"type":"Feature","geometry":{"type":"Point","coordinates":[-0.35527,51.4715]},"properties":{"name":"Duke of Cambridge","address":"","postcode":"","real_ale":"","beer_garden":""}},{"type":"Feature","geometry":{"type":"Point","coordinates":[-0.38666,51.46751]},"properties":{"name":"Duke of York","address":"","postcode":"","real_ale":"","beer_garden":""}},{"type":"Feature","geometry":{"type":"Point","coordinates":[-0.07195,51.57493]},"properties":{"name":"Turnpike House","address":"","postcode":"","real_ale":"","beer_garden":""}},{"type":"Feature","geometry":{"type":"Point","coordinates":[-0.36287,51.47787]},"properties":{"name":"The Black Horse","address":"","postcode":"","real_ale":"","beer_garden":""}},{"type":"Feature","geometry":{"type":"Point","coordinates":[-0.18431,51.36547]},"properties":{"name":"Lord Nelson","address":"Lower Road 32","postcode":"SM1 4QP","real_ale":"","beer_garden":""}},{"type":"Feature","geometry":{"type":"Point","coordinates":[-0.1642,51.36712]},"properties":{"name":"The Sun","address":"North Street 4","postcode":"SM5 2HU","real_ale":"","beer_garden":""}},{"type":"Feature","geometry":{"type":"Point","coordinates":[-0.15514,51.36859]},"properties":{"name":"Rose & Crown","address":"","postcode":"SM6 7HX","real_ale":"","beer_garden":""}},{"type":"Feature","geometry":{"type":"Point","coordinates":[-0.33764,51.47298]},"properties":{"name":"The Woodlands Tavern","address":"","postcode":"","real_ale":"","beer_garden":""}},{"type":"Feature","geometry":{"type":"Point","coordinates":[-0.32411,51.46894]},"properties":{"name":"The Swan Inn","address":"","postcode":"","real_ale":"","beer_garden":""}},{"type":"Feature","geometry":{"type":"Point","coordinates":[-0.33387,51.4735]},"properties":{"name":"The Red Lion","address":"","postcode":"","real_ale":"","beer_garden":""}},{"type":"Feature","geometry":{"type":"Point","coordinates":[-0.37273,51.56197]},"properties":{"name":"The Horseshoe Bar","address":"Eastcote Lane 326","postcode":"","real_ale":"","beer_garden":""}},{"type":"Feature","geometry":{"type":"Point","coordinates":[-0.16233,51.36504]},"properties":{"name":"Coach & Horses","address":"","postcode":"","real_ale":"","beer_garden":""}},{"type":"Feature","geometry":{"type":"Point","coordinates":[-0.3393,51.49165]},"properties":{"name":"Hare and Hounds","address":"","postcode":"","real_ale":"","beer_garden":"yes"}},{"type":"Feature","geometry":{"type":"Point","coordinates":[-0.16258,51.365]},"properties":{"name":"The Woodman","address":"","postcode":"","real_ale":"","beer_garden":""}},{"type":"Feature","geometry":{"type":"Point","coordinates":[-0.34085,51.46699]},"properties":{"name":"The Royal Oak","address":"","postcode":"","real_ale":"","beer_garden":""}},{"type":"Feature","geometry":{"type":"Point","coordinates":[-0.21623,51.35623]},"properties":{"name":"The Railway","address":"","postcode":"","real_ale":"","beer_garden":""}},{"type":"Feature","geometry":{"type":"Point","coordinates":[-0.22224,51.35567]},"properties":{"name":"The Grumpy Mole","address":"","postcode":"","real_ale":"","beer_garden":""}},{"type":"Feature","geometry":{"type":"Point","coordinates":[-0.21575,51.35763]},"properties":{"name":"The Harrow","address":"","postcode":"","real_ale":"","beer_garden":""}},{"type":"Feature","geometry":{"type":"Point","coordinates":[-0.16586,51.36933]},"properties":{"name":"The Railway Tavern","address":"North Street 47","postcode":"SM5 2HG","real_ale":"","beer_garden":""}},{"type":"Feature","geometry":{"type":"Point","coordinates":[-0.18023,51.36951]},"properties":{"name":"The Butterchurn","address":"Erskine Road","postcode":"SM1 3AS","real_ale":"","beer_garden":""}},{"type":"Feature","geometry":{"type":"Point","coordinates":[-0.13168,51.37231]},"properties":{"name":"Harvest Home","address":"Beddington Lane 27","postcode":"CR0 4TG","real_ale":"","beer_garden":""}},{"type":"Feature","geometry":{"type":"Point","coordinates":[-0.19177,51.41553]},"properties":{"name":"Horse & Groom","address":"Merton High Street 131","postcode":"SW19 1DE","real_ale":"","beer_garden":""}},{"type":"Feature","geometry":{"type":"Point","coordinates":[-0.1853,51.41853]},"properties":{"name":"The Sultan","address":"Norman Road 78","postcode":"SW19 1BN","real_ale":"yes","beer_garden":"yes"}},{"type":"Feature","geometry":{"type":"Point","coordinates":[-0.18521,51.36276]},"properties":{"name":"The Nightingale","address":"Carshalton Road 53","postcode":"SM1 4LG","real_ale":"","beer_garden":""}},{"type":"Feature","geometry":{"type":"Point","coordinates":[0.23513,51.59409]},"properties":{"name":"The King Harold","address":"","postcode":"","real_ale":"","beer_garden":""}},{"type":"Feature","geometry":{"type":"Point","coordinates":[-0.08848,51.53706]},"properties":{"name":"The Baring Arms","address":"Baring Street 55","postcode":"N1 3DS","real_ale":"","beer_garden":""}},{"type":"Feature","geometry":{"type":"Point","coordinates":[-0.05894,51.51909]},"properties":{"name":"London Hospital Tavern","address":"Whitechapel Road 176","postcode":"E1 1BJ","real_ale":"","beer_garden":""}},{"type":"Feature","geometry":{"type":"Point","coordinates":[-0.2105,51.4694]},"properties":{"name":"The Temperance","address":"Fulham High Street 90","postcode":"SW6 3LF","real_ale":"","beer_garden":""}},{"type":"Feature","geometry":{"type":"Point","coordinates":[-0.15858,51.52398]},"properties":{"name":"The Volunteer","address":"Baker Street 245-247","postcode":"","real_ale":"","beer_garden":""}},{"type":"Feature","geometry":{"type":"Point","coordinates":[-0.13599,51.54181]},"properties":{"name":"The Colonel Fawcett","address":"Randolph Street 1","postcode":"NW1 0SS","real_ale":"","beer_garden":""}},{"type":"Feature","geometry":{"type":"Point","coordinates":[-0.13377,51.52182]},"properties":{"name":"The Marlborough Arms","address":"Torrington Place 36","postcode":"WC1E 7HJ","real_ale":"","beer_garden":""}},{"type":"Feature","geometry":{"type":"Point","coordinates":[-0.3543,51.45574]},"properties":{"name":"The White Hart Inn","address":"Kneller Road 121","postcode":"TW2 7DY","real_ale":"","beer_garden":""}},{"type":"Feature","geometry":{"type":"Point","coordinates":[-0.35142,51.45477]},"properties":{"name":"The Duke of Cambridge","address":"Kneller Road","postcode":"TW2 7DT","real_ale":"","beer_garden":""}},{"type":"Feature","geometry":{"type":"Point","coordinates":[-0.07447,51.54011]},"properties":{"name":"The Duke of Wellington","address":"Haggerston Road 260","postcode":"E8 4EP","real_ale":"","beer_garden":""}},{"type":"Feature","geometry":{"type":"Point","coordinates":[-0.05418,51.37369]},"properties":{"name":"The Crown","address":"Wickham Road 28","postcode":"CR0 8BA","real_ale":"","beer_garden":""}},{"type":"Feature","geometry":{"type":"Point","coordinates":[-0.35873,51.46666]},"properties":{"name":"The Lord Clyde","address":"","postcode":"","real_ale":"","beer_garden":""}},{"type":"Feature","geometry":{"type":"Point","coordinates":[-0.19043,51.48958]},"properties":{"name":"The Bolton","address":"Old Brompton Road 326","postcode":"SW5 9BQ","real_ale":"","beer_garden":""}},{"type":"Feature","geometry":{"type":"Point","coordinates":[-0.36694,51.47075]},"properties":{"name":"The Bulstrode Pub","address":"Lampton Road 55","postcode":"TW3 1JG","real_ale":"","beer_garden":""}},{"type":"Feature","geometry":{"type":"Point","coordinates":[-0.05025,51.37438]},"properties":{"name":"Shirley Inn","address":"Wickham Road 158","postcode":"CR0 8BF","real_ale":"","beer_garden":""}},{"type":"Feature","geometry":{"type":"Point","coordinates":[-0.08366,51.37518]},"properties":{"name":"The Cricketers","address":"Addiscombe Road 107","postcode":"CR0 6SG","real_ale":"","beer_garden":""}},{"type":"Feature","geometry":{"type":"Point","coordinates":[-0.28999,51.51694]},"properties":{"name":"The Greystoke","address":"Queens Parade 7","postcode":"W5 3HU","real_ale":"","beer_garden":""}},{"type":"Feature","geometry":{"type":"Point","coordinates":[-0.0318,51.40672]},"properties":{"name":"The Bricklayers Arms","address":"High Street 237","postcode":"BR3 1BN","real_ale":"","beer_garden":""}},{"type":"Feature","geometry":{"type":"Point","coordinates":[-0.02765,51.40724]},"properties":{"name":"Ye George Inn","address":"High Street 111","postcode":"BR3 1AG","real_ale":"","beer_garden":""}},{"type":"Feature","geometry":{"type":"Point","coordinates":[-0.02467,51.41048]},"properties":{"name":"O'Neils","address":"High Street 9","postcode":"BR3 1AZ","real_ale":"","beer_garden":""}},{"type":"Feature","geometry":{"type":"Point","coordinates":[0.0397,51.47385]},"properties":{"name":"Fox Under The Hill","address":"Shooters Hill Road 286","postcode":"SE18 4LT","real_ale":"","beer_garden":""}},{"type":"Feature","geometry":{"type":"Point","coordinates":[-0.40578,51.48574]},"properties":{"name":"The Jolly Gardeners","address":"","postcode":"","real_ale":"","beer_garden":""}},{"type":"Feature","geometry":{"type":"Point","coordinates":[-0.15045,51.56143]},"properties":{"name":"Duke of St. Albans","address":"Highgate Road 15","postcode":"NW5 1QX","real_ale":"","beer_garden":""}},{"type":"Feature","geometry":{"type":"Point","coordinates":[-0.01489,51.37589]},"properties":{"name":"The Swan","address":"High Street 2-4","postcode":"BR4 0NJ","real_ale":"","beer_garden":""}},{"type":"Feature","geometry":{"type":"Point","coordinates":[-0.12881,51.4787]},"properties":{"name":"The Nottingham Castle","address":"Wandsworth Road 257","postcode":"SW8 2NB","real_ale":"","beer_garden":""}},{"type":"Feature","geometry":{"type":"Point","coordinates":[-0.07788,51.51493]},"properties":{"name":"The Alice","address":"Houndsditch 133","postcode":"EC3A 7BX","real_ale":"","beer_garden":""}},{"type":"Feature","geometry":{"type":"Point","coordinates":[-0.07812,51.51483]},"properties":{"name":"The Lion Houndsditch","address":"Houndsditch 31","postcode":"EC3A 7DB","real_ale":"","beer_garden":""}},{"type":"Feature","geometry":{"type":"Point","coordinates":[-0.14183,51.49355]},"properties":{"name":"The Camel","address":"","postcode":"","real_ale":"","beer_garden":""}},{"type":"Feature","geometry":{"type":"Point","coordinates":[0.01164,51.40709]},"properties":{"name":"The Swan and Mitre","address":"High Street 262","postcode":"BR1 1PG","real_ale":"","beer_garden":""}},{"type":"Feature","geometry":{"type":"Point","coordinates":[-0.283,51.48694]},"properties":{"name":"The Bell and Crown","address":"","postcode":"","real_ale":"","beer_garden":""}},{"type":"Feature","geometry":{"type":"Point","coordinates":[-0.27836,51.48448]},"properties":{"name":"The Bull's Head","address":"","postcode":"","real_ale":"","beer_garden":""}},{"type":"Feature","geometry":{"type":"Point","coordinates":[-0.12705,51.46877]},"properties":{"name":"The Phoenix","address":"Clapham Road 348","postcode":"","real_ale":"","beer_garden":""}},{"type":"Feature","geometry":{"type":"Point","coordinates":[-0.30093,51.38258]},"properties":{"name":"The Maypole","address":"Hook Road 2","postcode":"KT6 5BH","real_ale":"","beer_garden":""}},{"type":"Feature","geometry":{"type":"Point","coordinates":[-0.14674,51.48899]},"properties":{"name":"The White Ferry","address":"Sutherland Street 1a","postcode":"SW1V 4LD","real_ale":"","beer_garden":""}},{"type":"Feature","geometry":{"type":"Point","coordinates":[-0.04247,51.4337]},"properties":{"name":"Prince Of Wales","address":"Perry Rise 52","postcode":"SE23 2QL","real_ale":"","beer_garden":""}},{"type":"Feature","geometry":{"type":"Point","coordinates":[-0.19329,51.36188]},"properties":{"name":"The Moon on the Hill","address":"Hill Road 5-9","postcode":"SM1 1DZ","real_ale":"","beer_garden":""}},{"type":"Feature","geometry":{"type":"Point","coordinates":[-0.03098,51.52791]},"properties":{"name":"The Morgan Arms","address":"Morgan Street 43","postcode":"E3 5AA","real_ale":"yes","beer_garden":""}},{"type":"Feature","geometry":{"type":"Point","coordinates":[-0.15489,51.54254]},"properties":{"name":"The Pembroke Castle","address":"Gloucester Avenue 150","postcode":"","real_ale":"","beer_garden":""}},{"type":"Feature","geometry":{"type":"Point","coordinates":[-0.17433,51.45009]},"properties":{"name":"The County Arms","address":"Trinity Road 345","postcode":"SW18 3SH","real_ale":"","beer_garden":""}},{"type":"Feature","geometry":{"type":"Point","coordinates":[-0.16544,51.44615]},"properties":{"name":"The Hope","address":"Bellevue Road 1","postcode":"SW17 7EG","real_ale":"","beer_garden":""}},{"type":"Feature","geometry":{"type":"Point","coordinates":[-0.13952,51.49864]},"properties":{"name":"The Pineapple","address":"Wilfred Street 25","postcode":"SW1E 6PR","real_ale":"","beer_garden":""}},{"type":"Feature","geometry":{"type":"Point","coordinates":[-0.14025,51.49855]},"properties":{"name":"Cask & Glass","address":"Palace Street 39-41","postcode":"SW1E 5HN","real_ale":"","beer_garden":""}},{"type":"Feature","geometry":{"type":"Point","coordinates":[-0.40493,51.47771]},"properties":{"name":"The Jolly Waggoners","address":"","postcode":"","real_ale":"","beer_garden":""}},{"type":"Feature","geometry":{"type":"Point","coordinates":[-0.10195,51.54602]},"properties":{"name":"Hen and Chickens theatre & bar","address":"","postcode":"","real_ale":"","beer_garden":""}},{"type":"Feature","geometry":{"type":"Point","coordinates":[-0.03467,51.43626]},"properties":{"name":"The Perry Hill","address":"","postcode":"","real_ale":"","beer_garden":""}},{"type":"Feature","geometry":{"type":"Point","coordinates":[-0.13964,51.55297]},"properties":{"name":"The Pineapple","address":"Leverton Street 51","postcode":"NW5 2NX","real_ale":"3 or 4 beers","beer_garden":""}},{"type":"Feature","geometry":{"type":"Point","coordinates":[-0.142,51.42427]},"properties":{"name":"The Furzedown","address":"Mitcham Lane 118","postcode":"SW16 6NR","real_ale":"","beer_garden":""}},{"type":"Feature","geometry":{"type":"Point","coordinates":[-0.13219,51.36751]},"properties":{"name":"The Plough","address":"The Broadway","postcode":"CR0 4QR","real_ale":"","beer_garden":""}},{"type":"Feature","geometry":{"type":"Point","coordinates":[-0.33781,51.58162]},"properties":{"name":"Royal Oak","address":"St Anns Road 86","postcode":"HA1 1JP","real_ale":"","beer_garden":""}},{"type":"Feature","geometry":{"type":"Point","coordinates":[-0.01516,51.4729]},"properties":{"name":"The George & Dragon","address":"Blackheath Hill 2","postcode":"SE10 8DE","real_ale":"","beer_garden":""}},{"type":"Feature","geometry":{"type":"Point","coordinates":[-0.38074,51.59434]},"properties":{"name":"Queen's Head","address":"","postcode":"","real_ale":"","beer_garden":""}},{"type":"Feature","geometry":{"type":"Point","coordinates":[-0.30645,51.40931]},"properties":{"name":"The Druids Head","address":"Market Place 3","postcode":"KT1 1JT","real_ale":"","beer_garden":""}},{"type":"Feature","geometry":{"type":"Point","coordinates":[-0.34333,51.50424]},"properties":{"name":"The Fox","address":"","postcode":"","real_ale":"yes","beer_garden":"yes"}},{"type":"Feature","geometry":{"type":"Point","coordinates":[-0.32763,51.50673]},"properties":{"name":"The Grosvenor","address":"Oaklands Road 127","postcode":"W7 2DT","real_ale":"","beer_garden":"yes"}},{"type":"Feature","geometry":{"type":"Point","coordinates":[-0.33959,51.50714]},"properties":{"name":"The Green W7","address":"Lower Boston Road 13","postcode":"W7 3TX","real_ale":"","beer_garden":"yes"}},{"type":"Feature","geometry":{"type":"Point","coordinates":[-0.13823,51.46128]},"properties":{"name":"The Alexandra","address":"","postcode":"","real_ale":"","beer_garden":""}},{"type":"Feature","geometry":{"type":"Point","coordinates":[-0.13764,51.46183]},"properties":{"name":"Belle Vue","address":"Clapham Common South Side 1","postcode":"SW4 7AA","real_ale":"","beer_garden":""}},{"type":"Feature","geometry":{"type":"Point","coordinates":[-0.13951,51.45495]},"properties":{"name":"The Abbeville","address":"Abbeville Road 67-69","postcode":"SW4 9JW","real_ale":"","beer_garden":""}},{"type":"Feature","geometry":{"type":"Point","coordinates":[-0.12696,51.50673]},"properties":{"name":"Walkers of Whitehall","address":"Craig's Court 15","postcode":"SW1A 2DD","real_ale":"","beer_garden":""}},{"type":"Feature","geometry":{"type":"Point","coordinates":[-0.12672,51.50848]},"properties":{"name":"Halfway II Heaven","address":"Duncannon Street 7","postcode":"WC2N 4JF","real_ale":"","beer_garden":""}},{"type":"Feature","geometry":{"type":"Point","coordinates":[-0.08292,51.50611]},"properties":{"name":"The Horniman","address":"Counter Street","postcode":"SE1 2HD","real_ale":"","beer_garden":""}},{"type":"Feature","geometry":{"type":"Point","coordinates":[-0.09004,51.5252]},"properties":{"name":"Sports Bar & Grill","address":"Old Street 174-180","postcode":"EC1V 9BP","real_ale":"","beer_garden":""}},{"type":"Feature","geometry":{"type":"Point","coordinates":[-0.14448,51.55471]},"properties":{"name":"The Vine","address":"Highgate Road 86","postcode":"NW5 1PB","real_ale":"","beer_garden":""}},{"type":"Feature","geometry":{"type":"Point","coordinates":[-0.32778,51.46441]},"properties":{"name":"The Victoria","address":"","postcode":"","real_ale":"","beer_garden":""}},{"type":"Feature","geometry":{"type":"Point","coordinates":[-0.03955,51.49546]},"properties":{"name":"The Moby Dick","address":"Russell Place 6","postcode":"SE16 7PL","real_ale":"","beer_garden":""}},{"type":"Feature","geometry":{"type":"Point","coordinates":[-0.14216,51.46612]},"properties":{"name":"Traders","address":"","postcode":"","real_ale":"","beer_garden":""}},{"type":"Feature","geometry":{"type":"Point","coordinates":[-0.14135,51.4637]},"properties":{"name":"The Rose and Crown","address":"The Polygon 2","postcode":"SW4 0JG","real_ale":"","beer_garden":""}},{"type":"Feature","geometry":{"type":"Point","coordinates":[-0.14092,51.46397]},"properties":{"name":"The Sun","address":"Old Town 47","postcode":"SW4 0JL","real_ale":"","beer_garden":""}},{"type":"Feature","geometry":{"type":"Point","coordinates":[-0.14104,51.46526]},"properties":{"name":"The Grafton","address":"","postcode":"","real_ale":"","beer_garden":""}},{"type":"Feature","geometry":{"type":"Point","coordinates":[-0.14109,51.46558]},"properties":{"name":"The Calf","address":"Rectory Grove 87","postcode":"SW4 0DR","real_ale":"","beer_garden":""}},{"type":"Feature","geometry":{"type":"Point","coordinates":[-0.13539,51.4643]},"properties":{"name":"The Clapham Tap","address":"Clapham Manor Street 128","postcode":"SW4 6ED","real_ale":"","beer_garden":""}},{"type":"Feature","geometry":{"type":"Point","coordinates":[-0.13113,51.46455]},"properties":{"name":"The Railway Tavern","address":"Clapham High Street 18","postcode":"SW4 7UR","real_ale":"","beer_garden":""}},{"type":"Feature","geometry":{"type":"Point","coordinates":[-0.31254,51.49722]},"properties":{"name":"The Plough","address":"Northfield Avenue 297","postcode":"W5 4XB","real_ale":"","beer_garden":"yes"}},{"type":"Feature","geometry":{"type":"Point","coordinates":[-0.05737,51.50488]},"properties":{"name":"Dockers Inn","address":"Wapping Lane 97","postcode":"E1W 2RW","real_ale":"","beer_garden":""}},{"type":"Feature","geometry":{"type":"Point","coordinates":[-0.01744,51.4069]},"properties":{"name":"The Chancery","address":"Bromley Road 90","postcode":"BR3 5NP","real_ale":"","beer_garden":""}},{"type":"Feature","geometry":{"type":"Point","coordinates":[-0.01809,51.40671]},"properties":{"name":"Jolly Woodman","address":"Chancery Lane 9","postcode":"BR3 6NR","real_ale":"","beer_garden":""}},{"type":"Feature","geometry":{"type":"Point","coordinates":[-0.26229,51.49176]},"properties":{"name":"Betty","address":"","postcode":"","real_ale":"","beer_garden":""}},{"type":"Feature","geometry":{"type":"Point","coordinates":[-0.01914,51.58338]},"properties":{"name":"The Goose","address":"Hoe Street 264","postcode":"E17 3AX","real_ale":"","beer_garden":""}},{"type":"Feature","geometry":{"type":"Point","coordinates":[-0.00777,51.5912]},"properties":{"name":"The William Morris","address":"Forest Road 807-809","postcode":"E17 4JD","real_ale":"","beer_garden":""}},{"type":"Feature","geometry":{"type":"Point","coordinates":[-0.31502,51.51143]},"properties":{"name":"Prince Arthur","address":"Uxbridge Road 123","postcode":"W13 9AU","real_ale":"","beer_garden":""}},{"type":"Feature","geometry":{"type":"Point","coordinates":[-0.31591,51.51156]},"properties":{"name":"Star And Scorpion","address":"Uxbridge Road 94","postcode":"W13 8RA","real_ale":"","beer_garden":""}},{"type":"Feature","geometry":{"type":"Point","coordinates":[-0.2279,51.59133]},"properties":{"name":"The Greyhound","address":"","postcode":"","real_ale":"","beer_garden":""}},{"type":"Feature","geometry":{"type":"Point","coordinates":[-0.22613,51.59013]},"properties":{"name":"Claddagh Ring","address":"","postcode":"","real_ale":"","beer_garden":""}},{"type":"Feature","geometry":{"type":"Point","coordinates":[0.1167,51.58143]},"properties":{"name":"The Hawbush","address":"","postcode":"","real_ale":"","beer_garden":""}},{"type":"Feature","geometry":{"type":"Point","coordinates":[-0.14936,51.44272]},"properties":{"name":"The Bedford","address":"Bedford Hill 77","postcode":"SW12 9HD","real_ale":"","beer_garden":""}},{"type":"Feature","geometry":{"type":"Point","coordinates":[-0.27768,51.4903]},"properties":{"name":"The Pilot","address":"","postcode":"","real_ale":"","beer_garden":""}},{"type":"Feature","geometry":{"type":"Point","coordinates":[-0.26414,51.49627]},"properties":{"name":"The Duke of Sussex","address":"South Parade 75","postcode":"W4 5LF","real_ale":"","beer_garden":""}},{"type":"Feature","geometry":{"type":"Point","coordinates":[-0.41534,51.37337]},"properties":{"name":"Ashley Park","address":"Ashley Park Road","postcode":"KT12 1JP","real_ale":"","beer_garden":""}},{"type":"Feature","geometry":{"type":"Point","coordinates":[-0.39682,51.3684]},"properties":{"name":"The Barley Mow","address":"","postcode":"","real_ale":"","beer_garden":""}},{"type":"Feature","geometry":{"type":"Point","coordinates":[-0.12424,51.57829]},"properties":{"name":"King's Head","address":"Crouch End Hill 2","postcode":"N8 8AA","real_ale":"3 beers","beer_garden":""}},{"type":"Feature","geometry":{"type":"Point","coordinates":[-0.11684,51.51471]},"properties":{"name":"The George IV","address":"Portugal Street 31","postcode":"WC2A 2HF","real_ale":"","beer_garden":""}},{"type":"Feature","geometry":{"type":"Point","coordinates":[-0.27007,51.49557]},"properties":{"name":"The Bollo","address":"","postcode":"","real_ale":"","beer_garden":""}},{"type":"Feature","geometry":{"type":"Point","coordinates":[-0.07401,51.56098]},"properties":{"name":"The Rochester Castle","address":"Stoke Newington High Street 143, 145","postcode":"N16 0NY","real_ale":"6","beer_garden":""}},{"type":"Feature","geometry":{"type":"Point","coordinates":[0.22315,51.37939]},"properties":{"name":"Pied Bull","address":"High Street","postcode":"DA4 0DG","real_ale":"","beer_garden":""}},{"type":"Feature","geometry":{"type":"Point","coordinates":[0.21061,51.36725]},"properties":{"name":"Malt Shovel","address":"Station Road","postcode":"DA4 0ER","real_ale":"","beer_garden":""}},{"type":"Feature","geometry":{"type":"Point","coordinates":[-0.31077,51.48781]},"properties":{"name":"The King's Arms","address":"","postcode":"","real_ale":"","beer_garden":""}},{"type":"Feature","geometry":{"type":"Point","coordinates":[-0.24334,51.49337]},"properties":{"name":"The Hart","address":"","postcode":"","real_ale":"","beer_garden":""}},{"type":"Feature","geometry":{"type":"Point","coordinates":[-0.30211,51.48921]},"properties":{"name":"The New Inn","address":"","postcode":"","real_ale":"","beer_garden":""}},{"type":"Feature","geometry":{"type":"Point","coordinates":[-0.30461,51.48828]},"properties":{"name":"The Brook","address":"","postcode":"","real_ale":"","beer_garden":""}},{"type":"Feature","geometry":{"type":"Point","coordinates":[-0.30296,51.48706]},"properties":{"name":"The Griffin","address":"","postcode":"","real_ale":"","beer_garden":""}},{"type":"Feature","geometry":{"type":"Point","coordinates":[-0.13869,51.52319]},"properties":{"name":"The Grafton Arms","address":"Grafton Way 72","postcode":"W1T 5DU","real_ale":"","beer_garden":""}},{"type":"Feature","geometry":{"type":"Point","coordinates":[-0.28964,51.40817]},"properties":{"name":"The Bull & Bush","address":"Washington Road","postcode":"KT1 3JB","real_ale":"","beer_garden":""}},{"type":"Feature","geometry":{"type":"Point","coordinates":[-0.20911,51.41122]},"properties":{"name":"Leather Bottle","address":"Kingston Road 277","postcode":"SW19 3NW","real_ale":"","beer_garden":""}},{"type":"Feature","geometry":{"type":"Point","coordinates":[-0.30004,51.4864]},"properties":{"name":"Royal Horse Guardsman","address":"","postcode":"","real_ale":"","beer_garden":""}},{"type":"Feature","geometry":{"type":"Point","coordinates":[-0.08119,51.51089]},"properties":{"name":"Agenda","address":"","postcode":"","real_ale":"","beer_garden":""}},{"type":"Feature","geometry":{"type":"Point","coordinates":[-0.08476,51.51107]},"properties":{"name":"The Ship","address":"Talbot Court 11","postcode":"EC3V 0BP","real_ale":"","beer_garden":""}},{"type":"Feature","geometry":{"type":"Point","coordinates":[-0.14842,51.51313]},"properties":{"name":"Running Horse","address":"","postcode":"","real_ale":"","beer_garden":""}},{"type":"Feature","geometry":{"type":"Point","coordinates":[-0.1422,51.51242]},"properties":{"name":"The Windmill","address":"Mill Street 6-8","postcode":"","real_ale":"","beer_garden":""}},{"type":"Feature","geometry":{"type":"Point","coordinates":[-0.12832,51.47484]},"properties":{"name":"The Priory Arms","address":"","postcode":"","real_ale":"","beer_garden":""}},{"type":"Feature","geometry":{"type":"Point","coordinates":[-0.11286,51.47135]},"properties":{"name":"Crown & Anchor","address":"Brixton Road 246","postcode":"SW9 6AQ","real_ale":"","beer_garden":""}},{"type":"Feature","geometry":{"type":"Point","coordinates":[-0.12595,51.47958]},"properties":{"name":"Nolan's","address":"Wilcox Road 33","postcode":"SW8 2XA","real_ale":"","beer_garden":""}},{"type":"Feature","geometry":{"type":"Point","coordinates":[-0.12769,51.47645]},"properties":{"name":"The Cavendish Arms","address":"Hartington Road 128","postcode":"SW8 2HJ","real_ale":"no","beer_garden":""}},{"type":"Feature","geometry":{"type":"Point","coordinates":[-0.32459,51.4684]},"properties":{"name":"The Castle","address":"","postcode":"","real_ale":"","beer_garden":""}},{"type":"Feature","geometry":{"type":"Point","coordinates":[0.0139,51.40562]},"properties":{"name":"The Partridge","address":"High Street 194","postcode":"BR1 1HE","real_ale":"","beer_garden":""}},{"type":"Feature","geometry":{"type":"Point","coordinates":[0.01387,51.40571]},"properties":{"name":"The Artful Duke","address":"High Street 196-198","postcode":"BR1 1HE","real_ale":"","beer_garden":""}},{"type":"Feature","geometry":{"type":"Point","coordinates":[-0.07954,51.56202]},"properties":{"name":"The Auld Shillelagh","address":"Stoke Newington Church Street 105","postcode":"N16 0UD","real_ale":"","beer_garden":""}},{"type":"Feature","geometry":{"type":"Point","coordinates":[-0.07353,51.56172]},"properties":{"name":"Coach & Horses","address":"Stoke Newington High Street 178","postcode":"N16 7JL","real_ale":"3","beer_garden":""}},{"type":"Feature","geometry":{"type":"Point","coordinates":[-0.25261,51.49296]},"properties":{"name":"The Roebuck","address":"Chiswick High Road 122","postcode":"W4 1PU","real_ale":"","beer_garden":""}},{"type":"Feature","geometry":{"type":"Point","coordinates":[-0.30779,51.45877]},"properties":{"name":"The Slug and Lettuce","address":"Water Lane","postcode":"TW9 1TJ","real_ale":"","beer_garden":""}},{"type":"Feature","geometry":{"type":"Point","coordinates":[-0.11084,51.48916]},"properties":{"name":"The Dog House","address":"Kennington Road 293","postcode":"SE11 6BY","real_ale":"","beer_garden":""}},{"type":"Feature","geometry":{"type":"Point","coordinates":[-0.10191,51.43084]},"properties":{"name":"The Hope","address":"Norwood High Street 49","postcode":"SE27 9JS","real_ale":"","beer_garden":""}},{"type":"Feature","geometry":{"type":"Point","coordinates":[-0.10386,51.49571]},"properties":{"name":"Prince of Wales","address":"St George's Road 51","postcode":"","real_ale":"","beer_garden":""}},{"type":"Feature","geometry":{"type":"Point","coordinates":[-0.1052,51.48931]},"properties":{"name":"The Mansion House","address":"","postcode":"","real_ale":"","beer_garden":""}},{"type":"Feature","geometry":{"type":"Point","coordinates":[-0.10814,51.48996]},"properties":{"name":"The Little Apple","address":"","postcode":"","real_ale":"","beer_garden":""}},{"type":"Feature","geometry":{"type":"Point","coordinates":[-0.11082,51.48864]},"properties":{"name":"The Tommyfield","address":"Kennington Road 185","postcode":"","real_ale":"","beer_garden":""}},{"type":"Feature","geometry":{"type":"Point","coordinates":[-0.28693,51.51015]},"properties":{"name":"Jono's Bar","address":"","postcode":"","real_ale":"","beer_garden":""}},{"type":"Feature","geometry":{"type":"Point","coordinates":[-0.15335,51.54142]},"properties":{"name":"The Lansdowne","address":"","postcode":"","real_ale":"","beer_garden":""}},{"type":"Feature","geometry":{"type":"Point","coordinates":[-0.08433,51.48638]},"properties":{"name":"The Hour Glass","address":"","postcode":"","real_ale":"","beer_garden":""}},{"type":"Feature","geometry":{"type":"Point","coordinates":[-0.07022,51.50675]},"properties":{"name":"Dickens Inn","address":"Marble Quay","postcode":"E1W 1UH","real_ale":"","beer_garden":""}},{"type":"Feature","geometry":{"type":"Point","coordinates":[-0.27012,51.48902]},"properties":{"name":"Smokehouse","address":"","postcode":"","real_ale":"","beer_garden":""}},{"type":"Feature","geometry":{"type":"Point","coordinates":[-0.32304,51.45641]},"properties":{"name":"The Turk's Head","address":"Winchester Road 28","postcode":"TW1 1LF","real_ale":"","beer_garden":""}},{"type":"Feature","geometry":{"type":"Point","coordinates":[-0.11372,51.50411]},"properties":{"name":"Hole In the Wall","address":"Mepham Street 5","postcode":"SE1 8SQ","real_ale":"","beer_garden":""}},{"type":"Feature","geometry":{"type":"Point","coordinates":[-0.09162,51.50939]},"properties":{"name":"The Banker","address":"Cousin Lane","postcode":"EC4R 3TE","real_ale":"","beer_garden":""}},{"type":"Feature","geometry":{"type":"Point","coordinates":[-0.12499,51.51398]},"properties":{"name":"The Crown and Anchor","address":"Neal Street 22","postcode":"WC2H 9PS","real_ale":"yes","beer_garden":""}},{"type":"Feature","geometry":{"type":"Point","coordinates":[-0.24782,51.36302]},"properties":{"name":"The Station","address":"The Broadway Stoneleigh","postcode":"KT17 2JA","real_ale":"","beer_garden":""}},{"type":"Feature","geometry":{"type":"Point","coordinates":[-0.19671,51.36381]},"properties":{"name":"Robin Hood","address":"West Street 52","postcode":"SM1 1SH","real_ale":"","beer_garden":""}},{"type":"Feature","geometry":{"type":"Point","coordinates":[-0.2321,51.37287]},"properties":{"name":"The Drill","address":"","postcode":"","real_ale":"","beer_garden":""}},{"type":"Feature","geometry":{"type":"Point","coordinates":[-0.22176,51.50027]},"properties":{"name":"The Richmond","address":"Shepherds Bush Road 55","postcode":"","real_ale":"yes","beer_garden":""}},{"type":"Feature","geometry":{"type":"Point","coordinates":[-0.12609,51.46571]},"properties":{"name":"The Landor Theatre","address":"","postcode":"","real_ale":"","beer_garden":""}},{"type":"Feature","geometry":{"type":"Point","coordinates":[-0.21761,51.36065]},"properties":{"name":"The Prince of Wales","address":"","postcode":"","real_ale":"","beer_garden":""}},{"type":"Feature","geometry":{"type":"Point","coordinates":[-0.23706,51.37646]},"properties":{"name":"The North End Tavern","address":"","postcode":"","real_ale":"","beer_garden":""}},{"type":"Feature","geometry":{"type":"Point","coordinates":[-0.1256,51.50115]},"properties":{"name":"St Stephen's Tavern","address":"Bridge Street 10","postcode":"SW1A 2JR","real_ale":"Badger","beer_garden":""}},{"type":"Feature","geometry":{"type":"Point","coordinates":[-0.37094,51.57678]},"properties":{"name":"The Village Inn","address":"","postcode":"","real_ale":"","beer_garden":""}},{"type":"Feature","geometry":{"type":"Point","coordinates":[-0.17466,51.62737]},"properties":{"name":"Three Horseshoes","address":"","postcode":"","real_ale":"","beer_garden":""}},{"type":"Feature","geometry":{"type":"Point","coordinates":[-0.10751,51.50716]},"properties":{"name":"The Fountain & Ink","address":"Stamford Street 52","postcode":"SE1 9LX","real_ale":"","beer_garden":""}},{"type":"Feature","geometry":{"type":"Point","coordinates":[-0.37573,51.49716]},"properties":{"name":"The Lamb","address":"","postcode":"","real_ale":"","beer_garden":""}},{"type":"Feature","geometry":{"type":"Point","coordinates":[0.23385,51.54878]},"properties":{"name":"The Optimist Tavern","address":"","postcode":"","real_ale":"","beer_garden":""}},{"type":"Feature","geometry":{"type":"Point","coordinates":[-0.07617,51.39855]},"properties":{"name":"The Shelverdine Goathouse","address":"High Street 7-8","postcode":"SE25 6EP","real_ale":"","beer_garden":""}},{"type":"Feature","geometry":{"type":"Point","coordinates":[-0.07367,51.37994]},"properties":{"name":"The Claret & Ale","address":"Bingham Corner 5","postcode":"CR0 7AA","real_ale":"","beer_garden":""}},{"type":"Feature","geometry":{"type":"Point","coordinates":[0.00321,51.54275]},"properties":{"name":"012 Bar & Grill Restaurant","address":"The Grove 108-110","postcode":"E15 1NS","real_ale":"","beer_garden":""}},{"type":"Feature","geometry":{"type":"Point","coordinates":[0.00283,51.54246]},"properties":{"name":"The Sportsman","address":"Broadway 78-102","postcode":"E15 1NG","real_ale":"","beer_garden":""}},{"type":"Feature","geometry":{"type":"Point","coordinates":[-0.07531,51.50411]},"properties":{"name":"Anchor Brewhouse","address":"Shad Thames","postcode":"SE1 2LN","real_ale":"","beer_garden":""}},{"type":"Feature","geometry":{"type":"Point","coordinates":[-0.07051,51.50059]},"properties":{"name":"The Ship Aground","address":"Wolseley Street 33","postcode":"SE1 2BP","real_ale":"","beer_garden":""}},{"type":"Feature","geometry":{"type":"Point","coordinates":[-0.03399,51.50514]},"properties":{"name":"The Blacksmiths Arms","address":"Rotherhithe Street 257","postcode":"SE16 5EJ","real_ale":"yes","beer_garden":""}},{"type":"Feature","geometry":{"type":"Point","coordinates":[-0.13732,51.49109]},"properties":{"name":"Cask","address":"Charlwood Street 6","postcode":"SW1V 2EE","real_ale":"yes","beer_garden":""}},{"type":"Feature","geometry":{"type":"Point","coordinates":[-0.13536,51.48989]},"properties":{"name":"Pride of Pimlico","address":"Tachbrook Street 85","postcode":"SW1V 2QA","real_ale":"","beer_garden":""}},{"type":"Feature","geometry":{"type":"Point","coordinates":[-0.13739,51.51651]},"properties":{"name":"The Adam & Eve","address":"Wells Street 77A","postcode":"W1T 3QQ","real_ale":"","beer_garden":""}},{"type":"Feature","geometry":{"type":"Point","coordinates":[-0.17646,51.61859]},"properties":{"name":"Toolan's","address":"High Road 866","postcode":"N12 9RH","real_ale":"","beer_garden":""}},{"type":"Feature","geometry":{"type":"Point","coordinates":[-0.10604,51.43992]},"properties":{"name":"Queen Of The South Pub","address":"Norwood Road 367","postcode":"SE27 9BQ","real_ale":"","beer_garden":""}},{"type":"Feature","geometry":{"type":"Point","coordinates":[-0.12913,51.46429]},"properties":{"name":"The Falcon","address":"Bedford Road 33","postcode":"SW4 7SQ","real_ale":"","beer_garden":""}},{"type":"Feature","geometry":{"type":"Point","coordinates":[-0.05092,51.50132]},"properties":{"name":"The Brunel","address":"Swan Road 47","postcode":"SE16 4JN","real_ale":"","beer_garden":""}},{"type":"Feature","geometry":{"type":"Point","coordinates":[-0.12663,51.45956]},"properties":{"name":"Hope & Anchor","address":"Acre Lane 123","postcode":"SW2 5UA","real_ale":"","beer_garden":""}},{"type":"Feature","geometry":{"type":"Point","coordinates":[-0.05863,51.47725]},"properties":{"name":"Asylum Tavern","address":"Asylum Road 40-42","postcode":"SE15 2RL","real_ale":"","beer_garden":""}},{"type":"Feature","geometry":{"type":"Point","coordinates":[-0.12683,51.44768]},"properties":{"name":"The Hand in Hand","address":"New Park Road 61","postcode":"SW2 4EN","real_ale":"","beer_garden":""}},{"type":"Feature","geometry":{"type":"Point","coordinates":[-0.11771,51.54372]},"properties":{"name":"Doyles Tavern","address":"Caledonian Road 379","postcode":"N7 9DQ","real_ale":"","beer_garden":""}},{"type":"Feature","geometry":{"type":"Point","coordinates":[-0.19135,51.35986]},"properties":{"name":"The Old Bank","address":"","postcode":"","real_ale":"","beer_garden":""}},{"type":"Feature","geometry":{"type":"Point","coordinates":[-0.19221,51.36102]},"properties":{"name":"O'Neills","address":"High Street 37","postcode":"SM1 1DJ","real_ale":"","beer_garden":""}},{"type":"Feature","geometry":{"type":"Point","coordinates":[-0.08718,51.5132]},"properties":{"name":"Forge","address":"Cornhill 24","postcode":"EC3V 3ND","real_ale":"","beer_garden":""}},{"type":"Feature","geometry":{"type":"Point","coordinates":[-0.0688,51.51489]},"properties":{"name":"The Castle","address":"Commercial Road 44","postcode":"E1 1LN","real_ale":"","beer_garden":""}},{"type":"Feature","geometry":{"type":"Point","coordinates":[-0.0675,51.50716]},"properties":{"name":"The Moretown Belle","address":"Thomas More Square 5","postcode":"E1W 1YW","real_ale":"","beer_garden":""}},{"type":"Feature","geometry":{"type":"Point","coordinates":[-0.05662,51.51313]},"properties":{"name":"Thomas Neale","address":"Watney Market 39","postcode":"E1 2PP","real_ale":"","beer_garden":""}},{"type":"Feature","geometry":{"type":"Point","coordinates":[-0.11208,51.47068]},"properties":{"name":"Brixton Jamm","address":"Brixton Road 261","postcode":"SW9 6LH","real_ale":"","beer_garden":""}},{"type":"Feature","geometry":{"type":"Point","coordinates":[-0.10343,51.47812]},"properties":{"name":"The Golden Goose","address":"","postcode":"","real_ale":"","beer_garden":""}},{"type":"Feature","geometry":{"type":"Point","coordinates":[-0.14416,51.4575]},"properties":{"name":"The Windmill","address":"Windmill Drive","postcode":"SW4 9DE","real_ale":"","beer_garden":""}},{"type":"Feature","geometry":{"type":"Point","coordinates":[-0.11286,51.55755]},"properties":{"name":"Tollington","address":"","postcode":"","real_ale":"","beer_garden":""}},{"type":"Feature","geometry":{"type":"Point","coordinates":[-0.12622,51.52884]},"properties":{"name":"O'Neill's","address":"Euston Road 73-77","postcode":"NW1 2QS","real_ale":"","beer_garden":""}},{"type":"Feature","geometry":{"type":"Point","coordinates":[-0.10324,51.52217]},"properties":{"name":"Clerkenwell Social","address":"St John's Square 2-5","postcode":"EC1M 4DE","real_ale":"","beer_garden":""}},{"type":"Feature","geometry":{"type":"Point","coordinates":[-0.03709,51.4758]},"properties":{"name":"New Cross Inn","address":"New Cross Road 323","postcode":"SE14 6AS","real_ale":"","beer_garden":""}},{"type":"Feature","geometry":{"type":"Point","coordinates":[-0.03112,51.47229]},"properties":{"name":"The Flower of Kent","address":"Lewisham Way 135","postcode":"SE14 6QP","real_ale":"","beer_garden":""}},{"type":"Feature","geometry":{"type":"Point","coordinates":[-0.02723,51.47361]},"properties":{"name":"Royal Standard","address":"Tanners Hill 86","postcode":"SE8 4PN","real_ale":"","beer_garden":""}},{"type":"Feature","geometry":{"type":"Point","coordinates":[-0.02188,51.47081]},"properties":{"name":"The Brookmill Pub","address":"Cranbrook Road 65","postcode":"SE8 4EJ","real_ale":"","beer_garden":""}},{"type":"Feature","geometry":{"type":"Point","coordinates":[-0.02867,51.47516]},"properties":{"name":"Royal Albert","address":"New Cross Road 460","postcode":"SE14 6TJ","real_ale":"","beer_garden":""}},{"type":"Feature","geometry":{"type":"Point","coordinates":[-0.17297,51.48597]},"properties":{"name":"The Cadogan Arms","address":"Old Church Street 298","postcode":"","real_ale":"","beer_garden":""}},{"type":"Feature","geometry":{"type":"Point","coordinates":[-0.1723,51.48426]},"properties":{"name":"The Pig's Ear","address":"Old Church Street","postcode":"SW3 5BS","real_ale":"","beer_garden":""}},{"type":"Feature","geometry":{"type":"Point","coordinates":[-0.11956,51.52841]},"properties":{"name":"The Lucas Arms","address":"Gray's Inn Road 245a","postcode":"WC1X 8QY","real_ale":"","beer_garden":""}},{"type":"Feature","geometry":{"type":"Point","coordinates":[-0.01985,51.43275]},"properties":{"name":"The Fellowship Inn","address":"Randlesdown Road","postcode":"SE6 3BT","real_ale":"","beer_garden":""}},{"type":"Feature","geometry":{"type":"Point","coordinates":[-0.08351,51.49535]},"properties":{"name":"The George","address":"Tower Bridge Road 40","postcode":"SE1 4TR","real_ale":"","beer_garden":""}},{"type":"Feature","geometry":{"type":"Point","coordinates":[-0.14901,51.4469]},"properties":{"name":"The Devonshire","address":"Balham High Road 39","postcode":"SW12 9AN","real_ale":"","beer_garden":""}},{"type":"Feature","geometry":{"type":"Point","coordinates":[-0.34504,51.47388]},"properties":{"name":"Milford Arms","address":"London Road 574","postcode":"TW7 4EY","real_ale":"","beer_garden":""}},{"type":"Feature","geometry":{"type":"Point","coordinates":[-0.08288,51.49583]},"properties":{"name":"The Hartley","address":"","postcode":"","real_ale":"","beer_garden":""}},{"type":"Feature","geometry":{"type":"Point","coordinates":[-0.08567,51.48995]},"properties":{"name":"Huntsman and Hounds","address":"","postcode":"","real_ale":"","beer_garden":""}},{"type":"Feature","geometry":{"type":"Point","coordinates":[-0.13247,51.4982]},"properties":{"name":"Munich Cricket Club","address":"Abbey Orchard Street 1","postcode":"SW1P 2LU","real_ale":"","beer_garden":""}},{"type":"Feature","geometry":{"type":"Point","coordinates":[-0.16716,51.46071]},"properties":{"name":"The Northcote","address":"Northcote Road 2","postcode":"SW11 1NT","real_ale":"","beer_garden":""}},{"type":"Feature","geometry":{"type":"Point","coordinates":[-0.16644,51.46092]},"properties":{"name":"The Goat","address":"Battersea Rise 66B","postcode":"SW11 1EQ","real_ale":"","beer_garden":""}},{"type":"Feature","geometry":{"type":"Point","coordinates":[-0.11131,51.50364]},"properties":{"name":"The Wellington","address":"Waterloo Road 81 - 83","postcode":"SE1 8UD","real_ale":"","beer_garden":""}},{"type":"Feature","geometry":{"type":"Point","coordinates":[-0.06587,51.49541]},"properties":{"name":"St James Tavern","address":"St James's Road 72","postcode":"SE16 4QZ","real_ale":"","beer_garden":""}},{"type":"Feature","geometry":{"type":"Point","coordinates":[-0.27538,51.50847]},"properties":{"name":"The Aeronaut","address":"High Street 264","postcode":"W3 9BH","real_ale":"","beer_garden":""}},{"type":"Feature","geometry":{"type":"Point","coordinates":[-0.2719,51.50963]},"properties":{"name":"Duke of York","address":"","postcode":"","real_ale":"","beer_garden":""}},{"type":"Feature","geometry":{"type":"Point","coordinates":[-0.26633,51.50679]},"properties":{"name":"The Windmill","address":"High Street 50","postcode":"W3 6LG","real_ale":"","beer_garden":""}},{"type":"Feature","geometry":{"type":"Point","coordinates":[-0.27303,51.50784]},"properties":{"name":"The King's Head","address":"High Street 214","postcode":"W3 9NX","real_ale":"","beer_garden":""}},{"type":"Feature","geometry":{"type":"Point","coordinates":[-0.0742,51.51425]},"properties":{"name":"Hoop and Grapes","address":"Aldgate High Street 47","postcode":"EC3N 1AL","real_ale":"","beer_garden":""}},{"type":"Feature","geometry":{"type":"Point","coordinates":[-0.08009,51.53013]},"properties":{"name":"The Macbeth","address":"Hoxton Street 70","postcode":"N1 6LP","real_ale":"","beer_garden":""}},{"type":"Feature","geometry":{"type":"Point","coordinates":[-0.26396,51.50872]},"properties":{"name":"The Rocket","address":"Churchfield Road 11-13","postcode":"W3 6BD","real_ale":"","beer_garden":""}},{"type":"Feature","geometry":{"type":"Point","coordinates":[-0.27126,51.50785]},"properties":{"name":"The Sheepwalk Tavern","address":"Market Place","postcode":"W3 6QS","real_ale":"","beer_garden":""}},{"type":"Feature","geometry":{"type":"Point","coordinates":[-0.26441,51.49927]},"properties":{"name":"The Stag","address":"Acton Lane 177","postcode":"W4 5DA","real_ale":"","beer_garden":""}},{"type":"Feature","geometry":{"type":"Point","coordinates":[-0.15431,51.43302]},"properties":{"name":"Rose and Crown","address":"","postcode":"","real_ale":"","beer_garden":""}},{"type":"Feature","geometry":{"type":"Point","coordinates":[-0.12823,51.41943]},"properties":{"name":"The Pied Bull","address":"Streatham High Road 498","postcode":"SW16 3QB","real_ale":"","beer_garden":""}},{"type":"Feature","geometry":{"type":"Point","coordinates":[-0.09285,51.52248]},"properties":{"name":"Two Brewers","address":"Whitecross Street 121","postcode":"EC1Y 8JH","real_ale":"","beer_garden":""}},{"type":"Feature","geometry":{"type":"Point","coordinates":[-0.13482,51.46306]},"properties":{"name":"Two Brewers","address":"Clapham High Street 114","postcode":"SW4 7UJ","real_ale":"","beer_garden":""}},{"type":"Feature","geometry":{"type":"Point","coordinates":[-0.08675,51.51323]},"properties":{"name":"Pitcher and Piano","address":"Cornhill 28","postcode":"EC3V 3ND","real_ale":"","beer_garden":""}},{"type":"Feature","geometry":{"type":"Point","coordinates":[-0.14616,51.5063]},"properties":{"name":"The Kings Arms","address":"Shepherd Market 2","postcode":"","real_ale":"","beer_garden":""}},{"type":"Feature","geometry":{"type":"Point","coordinates":[-0.11764,51.44923]},"properties":{"name":"Elm Park Tavern","address":"","postcode":"","real_ale":"","beer_garden":""}},{"type":"Feature","geometry":{"type":"Point","coordinates":[-0.19272,51.47884]},"properties":{"name":"Tommy Tucker","address":"","postcode":"","real_ale":"","beer_garden":""}},{"type":"Feature","geometry":{"type":"Point","coordinates":[-0.15143,51.49249]},"properties":{"name":"The Belgravia","address":"","postcode":"","real_ale":"","beer_garden":""}},{"type":"Feature","geometry":{"type":"Point","coordinates":[0.06894,51.49082]},"properties":{"name":"Elephant and Castle","address":"Elephant And Castle 18","postcode":"SE18 6JY","real_ale":"","beer_garden":""}},{"type":"Feature","geometry":{"type":"Point","coordinates":[-0.15337,51.41721]},"properties":{"name":"North Mitcham Association Club","address":"Woodland Way 49","postcode":"CR4 2DZ","real_ale":"","beer_garden":""}},{"type":"Feature","geometry":{"type":"Point","coordinates":[-0.1248,51.44511]},"properties":{"name":"Crown and Sceptre","address":"Streatham Hill 2A","postcode":"SW2 4AA","real_ale":"","beer_garden":""}},{"type":"Feature","geometry":{"type":"Point","coordinates":[-0.09707,51.37381]},"properties":{"name":"Slug and Lettuce","address":"Park Lane 10","postcode":"CR0 1JA","real_ale":"","beer_garden":""}},{"type":"Feature","geometry":{"type":"Point","coordinates":[-0.08074,51.37935]},"properties":{"name":"The Alma Tavern","address":"Lower Addiscombe Road 129","postcode":"CR0 6PU","real_ale":"","beer_garden":""}},{"type":"Feature","geometry":{"type":"Point","coordinates":[-0.15282,51.44374]},"properties":{"name":"The Cyclist","address":"Balham High Road","postcode":"SW12 9BP","real_ale":"","beer_garden":""}},{"type":"Feature","geometry":{"type":"Point","coordinates":[-0.11034,51.38304]},"properties":{"name":"Princess Royal","address":"","postcode":"","real_ale":"","beer_garden":""}},{"type":"Feature","geometry":{"type":"Point","coordinates":[-0.08364,51.51896]},"properties":{"name":"The Botanist","address":"Broadgate Circle 35","postcode":"EC2M 2QS","real_ale":"","beer_garden":""}},{"type":"Feature","geometry":{"type":"Point","coordinates":[-0.0979,51.38453]},"properties":{"name":"Ye Olde Clocktower","address":"Whitehorse Road 35","postcode":"CR0 2JG","real_ale":"","beer_garden":""}},{"type":"Feature","geometry":{"type":"Point","coordinates":[-0.0935,51.52417]},"properties":{"name":"The Whitecross Tap","address":"Whitecross Street 142-146","postcode":"EC1Y 8QJ","real_ale":"","beer_garden":""}},{"type":"Feature","geometry":{"type":"Point","coordinates":[-0.10082,51.37184]},"properties":{"name":"The Market Tavern","address":"Surrey Street 1-4","postcode":"CR0 1RG","real_ale":"","beer_garden":""}},{"type":"Feature","geometry":{"type":"Point","coordinates":[-0.11992,51.45478]},"properties":{"name":"White Horse","address":"Brixton Hill 94","postcode":"SW2 1QN","real_ale":"","beer_garden":""}},{"type":"Feature","geometry":{"type":"Point","coordinates":[-0.11309,51.54302]},"properties":{"name":"Hemingford Arms","address":"Hemingford Road 158","postcode":"N1 1DF","real_ale":"","beer_garden":""}},{"type":"Feature","geometry":{"type":"Point","coordinates":[-0.16736,51.5524]},"properties":{"name":"The George","address":"","postcode":"","real_ale":"","beer_garden":""}},{"type":"Feature","geometry":{"type":"Point","coordinates":[-0.07265,51.56631]},"properties":{"name":"The Bird Cage","address":"Stamford Hill 58","postcode":"N16 6XS","real_ale":"","beer_garden":""}},{"type":"Feature","geometry":{"type":"Point","coordinates":[-0.23018,51.40965]},"properties":{"name":"Raynes Park Tavern","address":"Coombe Lane 32","postcode":"SW20 0LA","real_ale":"","beer_garden":""}},{"type":"Feature","geometry":{"type":"Point","coordinates":[-0.0862,51.51029]},"properties":{"name":"The Hydrant","address":"Monument Street 1","postcode":"EC3R 8BG","real_ale":"","beer_garden":""}},{"type":"Feature","geometry":{"type":"Point","coordinates":[-0.15105,51.44834]},"properties":{"name":"The Grove","address":"Oldridge Road 39","postcode":"SW12 8PN","real_ale":"","beer_garden":""}},{"type":"Feature","geometry":{"type":"Point","coordinates":[0.05417,51.36589]},"properties":{"name":"Ye Olde Whyte Lyon","address":"Farnborough Common","postcode":"BR6 8NE","real_ale":"","beer_garden":""}},{"type":"Feature","geometry":{"type":"Point","coordinates":[-0.14187,51.53892]},"properties":{"name":"The Black Heart","address":"Greenland Place 2-3","postcode":"NW1 0AP","real_ale":"","beer_garden":""}},{"type":"Feature","geometry":{"type":"Point","coordinates":[-0.09354,51.48455]},"properties":{"name":"The Red Lion","address":"Walworth Road 407","postcode":"SE17 2AW","real_ale":"","beer_garden":""}},{"type":"Feature","geometry":{"type":"Point","coordinates":[-0.09963,51.49587]},"properties":{"name":"The Rockingham Arms","address":"Newington Causeway 119","postcode":"SE1 6DQ","real_ale":"","beer_garden":""}},{"type":"Feature","geometry":{"type":"Point","coordinates":[-0.29562,51.39307]},"properties":{"name":"Brave New World","address":"Berrylands Road 22-26","postcode":"KT5 8RA","real_ale":"","beer_garden":""}},{"type":"Feature","geometry":{"type":"Point","coordinates":[-0.13739,51.53277]},"properties":{"name":"Escape Sports Bar & Restaurant","address":"Lidlington Place 2","postcode":"NW1 2JU","real_ale":"","beer_garden":""}},{"type":"Feature","geometry":{"type":"Point","coordinates":[-0.30591,51.50405]},"properties":{"name":"Rose and Crown","address":"Church Place 1","postcode":"W5 4HN","real_ale":"","beer_garden":"yes"}},{"type":"Feature","geometry":{"type":"Point","coordinates":[-0.05521,51.51392]},"properties":{"name":"The Dean Swift","address":"Deancross Street 2-6","postcode":"E1 2QA","real_ale":"","beer_garden":""}},{"type":"Feature","geometry":{"type":"Point","coordinates":[-0.15258,51.41678]},"properties":{"name":"Purkins","address":"Streatham Road 174","postcode":"CR4 2AF","real_ale":"","beer_garden":""}},{"type":"Feature","geometry":{"type":"Point","coordinates":[-0.13785,51.52591]},"properties":{"name":"Square Tavern","address":"Tolmers Square 26","postcode":"","real_ale":"","beer_garden":""}},{"type":"Feature","geometry":{"type":"Point","coordinates":[-0.13199,51.5278]},"properties":{"name":"The Doric Arch","address":"Eversholt Street","postcode":"NW1 2HS","real_ale":"","beer_garden":""}},{"type":"Feature","geometry":{"type":"Point","coordinates":[-0.13422,51.53334]},"properties":{"name":"Eastnor Castle","address":"","postcode":"","real_ale":"","beer_garden":""}},{"type":"Feature","geometry":{"type":"Point","coordinates":[-0.09054,51.52516]},"properties":{"name":"The Masque Haunt","address":"Old Street 168-172","postcode":"EC1V 9BP","real_ale":"","beer_garden":""}},{"type":"Feature","geometry":{"type":"Point","coordinates":[-0.16252,51.50111]},"properties":{"name":"Tattersalls Tavern","address":"","postcode":"","real_ale":"","beer_garden":""}},{"type":"Feature","geometry":{"type":"Point","coordinates":[-0.14603,51.49563]},"properties":{"name":"The Victoria","address":"Lower Belgrave Street 1","postcode":"SW1W 0NR","real_ale":"","beer_garden":""}},{"type":"Feature","geometry":{"type":"Point","coordinates":[-0.14343,51.49812]},"properties":{"name":"Bbar","address":"Buckingham Palace Road 43","postcode":"SW1W 0PP","real_ale":"","beer_garden":""}},{"type":"Feature","geometry":{"type":"Point","coordinates":[-0.11058,51.50255]},"properties":{"name":"The Fire Station","address":"Waterloo Road 150","postcode":"SE1 8SB","real_ale":"yes","beer_garden":""}},{"type":"Feature","geometry":{"type":"Point","coordinates":[-0.08425,51.51285]},"properties":{"name":"The New Moon","address":"Gracechurch Street 88","postcode":"EC3V 0DN","real_ale":"","beer_garden":""}},{"type":"Feature","geometry":{"type":"Point","coordinates":[-0.07378,51.5136]},"properties":{"name":"Duke of Somerset","address":"Little Somerset Street 15","postcode":"E1 8AH","real_ale":"","beer_garden":""}},{"type":"Feature","geometry":{"type":"Point","coordinates":[0.02154,51.5354]},"properties":{"name":"The Lamb","address":"Pelly Road 85","postcode":"E13 0NL","real_ale":"","beer_garden":""}},{"type":"Feature","geometry":{"type":"Point","coordinates":[-0.08082,51.51089]},"properties":{"name":"Balls Brothers","address":"Minster Pavement 1","postcode":"EC3R 7PP","real_ale":"","beer_garden":""}},{"type":"Feature","geometry":{"type":"Point","coordinates":[-0.0701,51.51287]},"properties":{"name":"The Oliver Conquest","address":"Leman Street 70","postcode":"E1 8EU","real_ale":"","beer_garden":""}},{"type":"Feature","geometry":{"type":"Point","coordinates":[-0.13895,51.52835]},"properties":{"name":"Shaker and Company","address":"","postcode":"","real_ale":"","beer_garden":""}},{"type":"Feature","geometry":{"type":"Point","coordinates":[-0.1422,51.53913]},"properties":{"name":"The World's End","address":"Camden High Street 174","postcode":"NW1 0NE","real_ale":"","beer_garden":""}},{"type":"Feature","geometry":{"type":"Point","coordinates":[-0.16578,51.51813]},"properties":{"name":"Lord Wargrave","address":"Brendon Street 40-42","postcode":"","real_ale":"","beer_garden":""}},{"type":"Feature","geometry":{"type":"Point","coordinates":[-0.16402,51.51753]},"properties":{"name":"Duke of York","address":"Harrowby Street 45","postcode":"","real_ale":"","beer_garden":""}},{"type":"Feature","geometry":{"type":"Point","coordinates":[-0.12514,51.52818]},"properties":{"name":"Skinners Arms","address":"Judd Street 114","postcode":"WC1H 9NT","real_ale":"","beer_garden":""}},{"type":"Feature","geometry":{"type":"Point","coordinates":[-0.1242,51.52757]},"properties":{"name":"The Boot","address":"Cromer Street 116","postcode":"WC1H 8BS","real_ale":"","beer_garden":""}},{"type":"Feature","geometry":{"type":"Point","coordinates":[-0.16773,51.42859]},"properties":{"name":"The Castle","address":"Tooting High Street 38","postcode":"SW17 0RG","real_ale":"","beer_garden":""}},{"type":"Feature","geometry":{"type":"Point","coordinates":[0.02076,51.60911]},"properties":{"name":"The Castle","address":"","postcode":"","real_ale":"","beer_garden":""}},{"type":"Feature","geometry":{"type":"Point","coordinates":[-0.0876,51.3783]},"properties":{"name":"The Oval Tavern","address":"Oval Road 131","postcode":"CR0 6BR","real_ale":"","beer_garden":""}},{"type":"Feature","geometry":{"type":"Point","coordinates":[-0.0859,51.37948]},"properties":{"name":"The Builders Arms","address":"Leslie Park Road 65","postcode":"CR0 6TP","real_ale":"","beer_garden":""}},{"type":"Feature","geometry":{"type":"Point","coordinates":[-0.09189,51.37601]},"properties":{"name":"The Porter and Sorter","address":"Billinton Hill","postcode":"CR0 6BT","real_ale":"","beer_garden":""}},{"type":"Feature","geometry":{"type":"Point","coordinates":[-0.10162,51.36995]},"properties":{"name":"The Royal Standard","address":"Sheldon Street 1","postcode":"CR0 1SS","real_ale":"","beer_garden":""}},{"type":"Feature","geometry":{"type":"Point","coordinates":[-0.1026,51.53833]},"properties":{"name":"King's Head","address":"Upper Street 115","postcode":"N1 1QN","real_ale":"","beer_garden":""}},{"type":"Feature","geometry":{"type":"Point","coordinates":[-0.10316,51.53741]},"properties":{"name":"The Bull","address":"Upper Street 100","postcode":"N1 0NP","real_ale":"","beer_garden":""}},{"type":"Feature","geometry":{"type":"Point","coordinates":[-0.10043,51.53759]},"properties":{"name":"The King's Head","address":"","postcode":"","real_ale":"","beer_garden":""}},{"type":"Feature","geometry":{"type":"Point","coordinates":[-0.00042,51.48637]},"properties":{"name":"The Cutty Sark","address":"Ballast Quay 4-6","postcode":"SE10 9PD","real_ale":"yes","beer_garden":""}},{"type":"Feature","geometry":{"type":"Point","coordinates":[-0.144,51.52928]},"properties":{"name":"The Victory","address":"","postcode":"","real_ale":"","beer_garden":""}},{"type":"Feature","geometry":{"type":"Point","coordinates":[-0.02798,51.40621]},"properties":{"name":"Coach and Horses","address":"Burnhill Road","postcode":"BR3 3LA","real_ale":"","beer_garden":""}},{"type":"Feature","geometry":{"type":"Point","coordinates":[-0.38797,51.62056]},"properties":{"name":"The Dick Whittington","address":"","postcode":"","real_ale":"","beer_garden":""}},{"type":"Feature","geometry":{"type":"Point","coordinates":[-0.08372,51.52537]},"properties":{"name":"The Princess of Shoreditch","address":"Paul Street 76-78","postcode":"EC2A 4NE","real_ale":"","beer_garden":""}},{"type":"Feature","geometry":{"type":"Point","coordinates":[-0.13159,51.48661]},"properties":{"name":"The Grosvenor","address":"Grosvenor Road 79","postcode":"SW1V 3LA","real_ale":"","beer_garden":""}},{"type":"Feature","geometry":{"type":"Point","coordinates":[-0.08036,51.51696]},"properties":{"name":"The Bull","address":"Devonshire Row 4-5","postcode":"EC2M 4RH","real_ale":"","beer_garden":""}},{"type":"Feature","geometry":{"type":"Point","coordinates":[-0.27648,51.50818]},"properties":{"name":"The Red Lion & Pineapple","address":"High Street 281","postcode":"W3 9BP","real_ale":"","beer_garden":""}},{"type":"Feature","geometry":{"type":"Point","coordinates":[-0.2718,51.50727]},"properties":{"name":"George & Dragon","address":"High Street 183","postcode":"W3 9DJ","real_ale":"","beer_garden":""}},{"type":"Feature","geometry":{"type":"Point","coordinates":[-0.10689,51.5392]},"properties":{"name":"The Foxglove","address":"Liverpool Road 209 – 211","postcode":"N1 1LX","real_ale":"","beer_garden":""}},{"type":"Feature","geometry":{"type":"Point","coordinates":[-0.05392,51.47832]},"properties":{"name":"The Windsor","address":"Old Kent Road 888","postcode":"SE15 1NQ","real_ale":"","beer_garden":""}},{"type":"Feature","geometry":{"type":"Point","coordinates":[-0.12357,51.5091]},"properties":{"name":"The Retro Bar","address":"George Court 2","postcode":"WC2N 6HH","real_ale":"no","beer_garden":""}},{"type":"Feature","geometry":{"type":"Point","coordinates":[-0.24931,51.52961]},"properties":{"name":"The Fishermans Arms","address":"","postcode":"","real_ale":"","beer_garden":""}},{"type":"Feature","geometry":{"type":"Point","coordinates":[-0.26046,51.53439]},"properties":{"name":"Grand Junction Arms","address":"","postcode":"","real_ale":"","beer_garden":""}},{"type":"Feature","geometry":{"type":"Point","coordinates":[-0.24369,51.53548]},"properties":{"name":"Angie's","address":"High Street Harlesden 127","postcode":"NW10 4TR","real_ale":"","beer_garden":""}},{"type":"Feature","geometry":{"type":"Point","coordinates":[-0.25355,51.54014]},"properties":{"name":"Wishing Well","address":"","postcode":"","real_ale":"","beer_garden":""}},{"type":"Feature","geometry":{"type":"Point","coordinates":[-0.28506,51.54271]},"properties":{"name":"Heather Park","address":"","postcode":"","real_ale":"","beer_garden":""}},{"type":"Feature","geometry":{"type":"Point","coordinates":[-0.2896,51.55745]},"properties":{"name":"The Green Man","address":"","postcode":"","real_ale":"","beer_garden":""}},{"type":"Feature","geometry":{"type":"Point","coordinates":[-0.31095,51.55162]},"properties":{"name":"The Fusilier","address":"","postcode":"","real_ale":"","beer_garden":""}},{"type":"Feature","geometry":{"type":"Point","coordinates":[-0.27319,51.54597]},"properties":{"name":"The Innisfree Free House","address":"","postcode":"","real_ale":"","beer_garden":""}},{"type":"Feature","geometry":{"type":"Point","coordinates":[-0.11283,51.54575]},"properties":{"name":"The Jolly Sisters","address":"","postcode":"","real_ale":"","beer_garden":""}},{"type":"Feature","geometry":{"type":"Point","coordinates":[-0.10698,51.54872]},"properties":{"name":"The Lamb","address":"Holloway Road 54","postcode":"N7 8JL","real_ale":"","beer_garden":""}},{"type":"Feature","geometry":{"type":"Point","coordinates":[-0.10656,51.548]},"properties":{"name":"House of Hammerton","address":"Holloway Road 97-99","postcode":"N7 8LT","real_ale":"","beer_garden":""}},{"type":"Feature","geometry":{"type":"Point","coordinates":[-0.10875,51.54634]},"properties":{"name":"The Duchess of Kent","address":"Liverpool Road","postcode":"N7 8PR","real_ale":"","beer_garden":""}},{"type":"Feature","geometry":{"type":"Point","coordinates":[-0.12274,51.60555]},"properties":{"name":"Springfield Tavern","address":"","postcode":"","real_ale":"","beer_garden":""}},{"type":"Feature","geometry":{"type":"Point","coordinates":[-0.12553,51.51111]},"properties":{"name":"The White Swan","address":"New Row 14","postcode":"WC2N 4LF","real_ale":"","beer_garden":""}},{"type":"Feature","geometry":{"type":"Point","coordinates":[-0.08556,51.51495]},"properties":{"name":"Phoenix","address":"Throgmorton Street 26","postcode":"EC2N 2AN","real_ale":"","beer_garden":""}},{"type":"Feature","geometry":{"type":"Point","coordinates":[-0.12188,51.55543]},"properties":{"name":"Prince Edward","address":"","postcode":"","real_ale":"","beer_garden":""}},{"type":"Feature","geometry":{"type":"Point","coordinates":[-0.10739,51.50126]},"properties":{"name":"The Stage Door","address":"Webber Street 30","postcode":"SE1 8QA","real_ale":"","beer_garden":""}},{"type":"Feature","geometry":{"type":"Point","coordinates":[-0.10812,51.50295]},"properties":{"name":"The Windmill","address":"The Cut 86","postcode":"SE1 8LW","real_ale":"","beer_garden":""}},{"type":"Feature","geometry":{"type":"Point","coordinates":[-0.0632,51.56264]},"properties":{"name":"The Royal Sovereign","address":"Northwold Road 64","postcode":"E5 8RL","real_ale":"","beer_garden":""}},{"type":"Feature","geometry":{"type":"Point","coordinates":[-0.25772,51.36406]},"properties":{"name":"Queen Adelaide","address":"Kingston Road 272","postcode":"KT19 0SH","real_ale":"","beer_garden":""}},{"type":"Feature","geometry":{"type":"Point","coordinates":[-0.16418,51.40631]},"properties":{"name":"Kings Arms","address":"London Road 260/2","postcode":"CR4 3HD","real_ale":"","beer_garden":""}},{"type":"Feature","geometry":{"type":"Point","coordinates":[-0.16381,51.40653]},"properties":{"name":"White Lion of Mortimer","address":"London Road 223","postcode":"CR4 2JD","real_ale":"","beer_garden":""}},{"type":"Feature","geometry":{"type":"Point","coordinates":[-0.13767,51.50565]},"properties":{"name":"The Red Lion","address":"Crown Passage 23","postcode":"SW1A 1EA","real_ale":"","beer_garden":""}},{"type":"Feature","geometry":{"type":"Point","coordinates":[-0.17725,51.5566]},"properties":{"name":"The Flask","address":"","postcode":"","real_ale":"","beer_garden":""}},{"type":"Feature","geometry":{"type":"Point","coordinates":[-0.1789,51.52545]},"properties":{"name":"Windsor Castle","address":"Lanark Place 3","postcode":"","real_ale":"","beer_garden":""}},{"type":"Feature","geometry":{"type":"Point","coordinates":[-0.1232,51.52093]},"properties":{"name":"Dean's Bar","address":"","postcode":"","real_ale":"","beer_garden":""}},{"type":"Feature","geometry":{"type":"Point","coordinates":[-0.12173,51.51458]},"properties":{"name":"The Prince of Wales","address":"Drury Lane 150-151","postcode":"WC2B 5TD","real_ale":"","beer_garden":""}},{"type":"Feature","geometry":{"type":"Point","coordinates":[-0.14398,51.52332]},"properties":{"name":"The Albany","address":"Great Portland Street 240-242","postcode":"W1W 5QU","real_ale":"","beer_garden":""}},{"type":"Feature","geometry":{"type":"Point","coordinates":[-0.21088,51.48656]},"properties":{"name":"The Colton Arms","address":"","postcode":"","real_ale":"","beer_garden":""}},{"type":"Feature","geometry":{"type":"Point","coordinates":[-0.20312,51.48704]},"properties":{"name":"The Seven Stars","address":"","postcode":"","real_ale":"","beer_garden":""}},{"type":"Feature","geometry":{"type":"Point","coordinates":[-0.12607,51.54323]},"properties":{"name":"Newmarket Ale House / Canecão","address":"York Way 17","postcode":"N7 9QG","real_ale":"","beer_garden":""}},{"type":"Feature","geometry":{"type":"Point","coordinates":[-0.1209,51.48869]},"properties":{"name":"The Black Dog","address":"Vauxhall Walk 112","postcode":"SE11 5ER","real_ale":"","beer_garden":""}},{"type":"Feature","geometry":{"type":"Point","coordinates":[-0.24267,51.49256]},"properties":{"name":"The Carpenter's Arms","address":"","postcode":"","real_ale":"","beer_garden":""}},{"type":"Feature","geometry":{"type":"Point","coordinates":[-0.24262,51.49183]},"properties":{"name":"The Cross Keys","address":"","postcode":"","real_ale":"yes","beer_garden":""}},{"type":"Feature","geometry":{"type":"Point","coordinates":[-0.07539,51.39731]},"properties":{"name":"The Cherry Tree","address":"Station Road 32","postcode":"SE25 5AG","real_ale":"","beer_garden":""}},{"type":"Feature","geometry":{"type":"Point","coordinates":[-0.09832,51.51507]},"properties":{"name":"The Paternoster","address":"Queens Head Passage 2-4","postcode":"EC4M 7DZ","real_ale":"","beer_garden":""}},{"type":"Feature","geometry":{"type":"Point","coordinates":[-0.04537,51.41641]},"properties":{"name":"Kent House Tavern","address":"","postcode":"","real_ale":"","beer_garden":""}},{"type":"Feature","geometry":{"type":"Point","coordinates":[-0.09827,51.48619]},"properties":{"name":"The Beehive","address":"","postcode":"","real_ale":"","beer_garden":""}},{"type":"Feature","geometry":{"type":"Point","coordinates":[-0.41929,51.50478]},"properties":{"name":"The Old Crown","address":"Station Road 81","postcode":"UB3 4BG","real_ale":"","beer_garden":""}},{"type":"Feature","geometry":{"type":"Point","coordinates":[-0.06538,51.64677]},"properties":{"name":"The Lincoln","address":"","postcode":"","real_ale":"","beer_garden":""}},{"type":"Feature","geometry":{"type":"Point","coordinates":[-0.30804,51.41031]},"properties":{"name":"The Bishop","address":"Bishop's Hall 2","postcode":"KT1 1PY","real_ale":"yes","beer_garden":""}},{"type":"Feature","geometry":{"type":"Point","coordinates":[-0.09869,51.64283]},"properties":{"name":"The Gryphon Pub","address":"Vera Avenue 9","postcode":"N21 1RE","real_ale":"","beer_garden":""}},{"type":"Feature","geometry":{"type":"Point","coordinates":[-0.11081,51.63828]},"properties":{"name":"Willow","address":"","postcode":"","real_ale":"","beer_garden":""}},{"type":"Feature","geometry":{"type":"Point","coordinates":[-0.12478,51.63374]},"properties":{"name":"Fishmonger's Arms","address":"Winchmore Hill Road 3","postcode":"N14 6AD","real_ale":"","beer_garden":""}},{"type":"Feature","geometry":{"type":"Point","coordinates":[-0.10952,51.53732]},"properties":{"name":"The Crown","address":"Cloudesley Road 116","postcode":"N1 0EB","real_ale":"","beer_garden":""}},{"type":"Feature","geometry":{"type":"Point","coordinates":[-0.10698,51.53898]},"properties":{"name":"The Regent","address":"Liverpool Road 201-203","postcode":"N1 1LX","real_ale":"","beer_garden":""}},{"type":"Feature","geometry":{"type":"Point","coordinates":[-0.09928,51.58784]},"properties":{"name":"The Green Gate","address":"West Green Road 492","postcode":"N15 3DA","real_ale":"","beer_garden":""}},{"type":"Feature","geometry":{"type":"Point","coordinates":[-0.41669,51.50822]},"properties":{"name":"The Botwell Inn","address":"Coldharbour Lane 25–29","postcode":"UB3 3EB","real_ale":"yes","beer_garden":""}},{"type":"Feature","geometry":{"type":"Point","coordinates":[0.05131,51.5394]},"properties":{"name":"The Overdraft Tavern","address":"","postcode":"","real_ale":"","beer_garden":""}},{"type":"Feature","geometry":{"type":"Point","coordinates":[-0.1267,51.52867]},"properties":{"name":"Euston Flyer","address":"Euston Road 83-87","postcode":"NW1 2RA","real_ale":"4 from Fullers + 1","beer_garden":""}},{"type":"Feature","geometry":{"type":"Point","coordinates":[-0.09597,51.47501]},"properties":{"name":"The Bear","address":"","postcode":"","real_ale":"","beer_garden":""}},{"type":"Feature","geometry":{"type":"Point","coordinates":[-0.09355,51.47431]},"properties":{"name":"The Old Dispensary","address":"","postcode":"","real_ale":"","beer_garden":""}},{"type":"Feature","geometry":{"type":"Point","coordinates":[-0.11553,51.54623]},"properties":{"name":"Two Brewers","address":"","postcode":"","real_ale":"","beer_garden":""}},{"type":"Feature","geometry":{"type":"Point","coordinates":[0.05637,51.53347]},"properties":{"name":"The Miller's Well","address":"Barking Road 419-423","postcode":"E6 2JX","real_ale":"yes","beer_garden":""}},{"type":"Feature","geometry":{"type":"Point","coordinates":[-0.10886,51.5191]},"properties":{"name":"The Argyle","address":"Greville Street 1","postcode":"EC1N 8PQ","real_ale":"","beer_garden":""}},{"type":"Feature","geometry":{"type":"Point","coordinates":[-0.1089,51.51816]},"properties":{"name":"Sir Christopher Hatton","address":"Leather Lane 4","postcode":"EC1N 7RA","real_ale":"","beer_garden":""}},{"type":"Feature","geometry":{"type":"Point","coordinates":[-0.11355,51.51903]},"properties":{"name":"Horse and Wig","address":"Fulwood Place 14","postcode":"WC1V 6HZ","real_ale":"","beer_garden":""}},{"type":"Feature","geometry":{"type":"Point","coordinates":[-0.10201,51.54366]},"properties":{"name":"The Compton Arms","address":"","postcode":"","real_ale":"","beer_garden":""}},{"type":"Feature","geometry":{"type":"Point","coordinates":[-0.07263,51.52459]},"properties":{"name":"BrewDog","address":"Bethnal Green Road 51-55","postcode":"E1 6LA","real_ale":"BrewDog","beer_garden":""}},{"type":"Feature","geometry":{"type":"Point","coordinates":[-0.09742,51.58691]},"properties":{"name":"Emporer Banqueting Suite","address":"","postcode":"","real_ale":"","beer_garden":""}},{"type":"Feature","geometry":{"type":"Point","coordinates":[-0.0932,51.39403]},"properties":{"name":"Duke of Cambridge","address":"","postcode":"","real_ale":"","beer_garden":""}},{"type":"Feature","geometry":{"type":"Point","coordinates":[-0.12598,51.51564]},"properties":{"name":"Craft Beer Co.","address":"High Holborn 168","postcode":"WC1V 7AA","real_ale":"yes","beer_garden":""}},{"type":"Feature","geometry":{"type":"Point","coordinates":[-0.17014,51.47825]},"properties":{"name":"The Rose Battersea","address":"Battersea Bridge Road 74-76","postcode":"SW11 3AG","real_ale":"","beer_garden":""}},{"type":"Feature","geometry":{"type":"Point","coordinates":[-0.11218,51.56141]},"properties":{"name":"Bedford Tavern","address":"Seven Sisters Road 160","postcode":"N7 7PT","real_ale":"","beer_garden":""}},{"type":"Feature","geometry":{"type":"Point","coordinates":[-0.09805,51.55382]},"properties":{"name":"Highbury Barn Tavern","address":"","postcode":"","real_ale":"","beer_garden":""}},{"type":"Feature","geometry":{"type":"Point","coordinates":[-0.10466,51.55345]},"properties":{"name":"The Drayton Park Public House","address":"Drayton Park 66","postcode":"N5 1ND","real_ale":"","beer_garden":""}},{"type":"Feature","geometry":{"type":"Point","coordinates":[-0.12912,51.5074]},"properties":{"name":"Rockwell","address":"Spring Gardens 2","postcode":"SW1A 2TS","real_ale":"","beer_garden":""}},{"type":"Feature","geometry":{"type":"Point","coordinates":[-0.08685,51.50601]},"properties":{"name":"Nº 1 Bar","address":"","postcode":"","real_ale":"","beer_garden":""}},{"type":"Feature","geometry":{"type":"Point","coordinates":[0.17967,51.48202]},"properties":{"name":"Running Horses","address":"","postcode":"","real_ale":"yes","beer_garden":""}},{"type":"Feature","geometry":{"type":"Point","coordinates":[-0.11438,51.49999]},"properties":{"name":"The Walrus","address":"Westminster Bridge Road 172","postcode":"SE1 7RW","real_ale":"","beer_garden":""}},{"type":"Feature","geometry":{"type":"Point","coordinates":[-0.12934,51.51027]},"properties":{"name":"The Moon Under Water","address":"Leicester Square 28","postcode":"WC2H 7LE","real_ale":"","beer_garden":""}},{"type":"Feature","geometry":{"type":"Point","coordinates":[-0.1318,51.51113]},"properties":{"name":"Waxy's Little Sister","address":"Wardour Street 20","postcode":"W1D 6QG","real_ale":"","beer_garden":""}},{"type":"Feature","geometry":{"type":"Point","coordinates":[-0.13344,51.51213]},"properties":{"name":"Rupert Street","address":"Rupert Street 50","postcode":"W1D 6DR","real_ale":"","beer_garden":""}},{"type":"Feature","geometry":{"type":"Point","coordinates":[-0.13345,51.51186]},"properties":{"name":"White Horse","address":"","postcode":"","real_ale":"","beer_garden":""}},{"type":"Feature","geometry":{"type":"Point","coordinates":[-0.08423,51.50031]},"properties":{"name":"The Leather Exchange","address":"Leathermarket Street 15","postcode":"","real_ale":"","beer_garden":""}},{"type":"Feature","geometry":{"type":"Point","coordinates":[0.02256,51.52223]},"properties":{"name":"The Abbey Arms","address":"Barking Road 384","postcode":"E13 8HL","real_ale":"","beer_garden":""}},{"type":"Feature","geometry":{"type":"Point","coordinates":[-0.10353,51.54601]},"properties":{"name":"The Famous Cock","address":"Upper Street 259","postcode":"","real_ale":"","beer_garden":""}},{"type":"Feature","geometry":{"type":"Point","coordinates":[-0.10844,51.54998]},"properties":{"name":"The Horatia","address":"Holloway Road 98-100","postcode":"N7 8JE","real_ale":"","beer_garden":""}},{"type":"Feature","geometry":{"type":"Point","coordinates":[-0.14114,51.53037]},"properties":{"name":"White mustache","address":"Stanhope Parade 7a","postcode":"NW1 3RD","real_ale":"","beer_garden":""}},{"type":"Feature","geometry":{"type":"Point","coordinates":[-0.17946,51.4846]},"properties":{"name":"The Sporting Pages","address":"Camera Place 6","postcode":"","real_ale":"","beer_garden":""}},{"type":"Feature","geometry":{"type":"Point","coordinates":[-0.18831,51.47862]},"properties":{"name":"The Imperial Arms","address":"","postcode":"","real_ale":"","beer_garden":""}},{"type":"Feature","geometry":{"type":"Point","coordinates":[-0.19814,51.48135]},"properties":{"name":"Wolfpack","address":"Vanston Place 17","postcode":"SW6 1AY","real_ale":"","beer_garden":""}},{"type":"Feature","geometry":{"type":"Point","coordinates":[-0.19629,51.48618]},"properties":{"name":"The Atlas","address":"Seagrave Road 16","postcode":"","real_ale":"","beer_garden":""}},{"type":"Feature","geometry":{"type":"Point","coordinates":[-0.07887,51.51355]},"properties":{"name":"The Old Tea Warehouse","address":"Creechurch Lane 4-8","postcode":"EC3A 5AY","real_ale":"","beer_garden":""}},{"type":"Feature","geometry":{"type":"Point","coordinates":[-0.08096,51.5174]},"properties":{"name":"Hamilton Hall","address":"Liverpool Street","postcode":"EC2M 7PY","real_ale":"yes","beer_garden":""}},{"type":"Feature","geometry":{"type":"Point","coordinates":[-0.30138,51.41856]},"properties":{"name":"The Queens Head","address":"Richmond Road 144","postcode":"KT2 5HA","real_ale":"","beer_garden":""}},{"type":"Feature","geometry":{"type":"Point","coordinates":[-0.08168,51.52803]},"properties":{"name":"Zigfrid","address":"Hoxton Square 11","postcode":"N1 6NU","real_ale":"","beer_garden":""}},{"type":"Feature","geometry":{"type":"Point","coordinates":[-0.08008,51.51452]},"properties":{"name":"The Sterling Bar & Kitchen","address":"St. Mary Axe 30","postcode":"EC3A 8BF","real_ale":"","beer_garden":""}},{"type":"Feature","geometry":{"type":"Point","coordinates":[-0.3588,51.60529]},"properties":{"name":"Letchford Arms","address":"","postcode":"","real_ale":"","beer_garden":""}},{"type":"Feature","geometry":{"type":"Point","coordinates":[-0.11657,51.58385]},"properties":{"name":"McCafferty's Bar","address":"Tottenham Lane 128","postcode":"N8 7EL","real_ale":"","beer_garden":""}},{"type":"Feature","geometry":{"type":"Point","coordinates":[-0.13259,51.58725]},"properties":{"name":"The Priory","address":"Priory Road 169","postcode":"N8 8NB","real_ale":"","beer_garden":""}},{"type":"Feature","geometry":{"type":"Point","coordinates":[-0.14332,51.4955]},"properties":{"name":"The Beer House","address":"Terminus Place","postcode":"SW1V 1JT","real_ale":"","beer_garden":""}},{"type":"Feature","geometry":{"type":"Point","coordinates":[-0.07591,51.52377]},"properties":{"name":"Shoreditch House","address":"Ebor Street","postcode":"E1 6AW","real_ale":"","beer_garden":""}},{"type":"Feature","geometry":{"type":"Point","coordinates":[-0.07809,51.52277]},"properties":{"name":"Bohemia Bar","address":"Great Eastern Street 1","postcode":"EC2A 3EJ","real_ale":"","beer_garden":""}},{"type":"Feature","geometry":{"type":"Point","coordinates":[-0.07819,51.52686]},"properties":{"name":"the Shoreditch Arms","address":"Shoreditch High Street 127","postcode":"E1 6JE","real_ale":"","beer_garden":""}},{"type":"Feature","geometry":{"type":"Point","coordinates":[-0.20895,51.37152]},"properties":{"name":"The Gander","address":"","postcode":"","real_ale":"","beer_garden":""}},{"type":"Feature","geometry":{"type":"Point","coordinates":[-0.17452,51.51578]},"properties":{"name":"Dickens Tavern","address":"London Street 25","postcode":"W2 1HH","real_ale":"yes","beer_garden":""}},{"type":"Feature","geometry":{"type":"Point","coordinates":[-0.09869,51.53459]},"properties":{"name":"Duke of Cambridge","address":"St. Peter's Street 30","postcode":"N1 8JT","real_ale":"","beer_garden":""}},{"type":"Feature","geometry":{"type":"Point","coordinates":[-0.20727,51.47425]},"properties":{"name":"The Durrell Arms","address":"","postcode":"","real_ale":"","beer_garden":""}},{"type":"Feature","geometry":{"type":"Point","coordinates":[-0.13803,51.47125]},"properties":{"name":"Pensbury Arms","address":"","postcode":"","real_ale":"","beer_garden":""}},{"type":"Feature","geometry":{"type":"Point","coordinates":[-0.11362,51.52158]},"properties":{"name":"The Yorkshire Grey","address":"Theobald's Road 2","postcode":"WC1X 8PN","real_ale":"yes","beer_garden":""}},{"type":"Feature","geometry":{"type":"Point","coordinates":[-0.11655,51.5228]},"properties":{"name":"The Duke (of York)","address":"","postcode":"WC1N 2PB","real_ale":"","beer_garden":""}},{"type":"Feature","geometry":{"type":"Point","coordinates":[-0.11614,51.52481]},"properties":{"name":"Calthorpe Arms","address":"Gray's Inn Road 252","postcode":"","real_ale":"","beer_garden":""}},{"type":"Feature","geometry":{"type":"Point","coordinates":[-0.13666,51.51554]},"properties":{"name":"Green Man","address":"Berwick Street 57","postcode":"W1F 8SR","real_ale":"","beer_garden":""}},{"type":"Feature","geometry":{"type":"Point","coordinates":[-0.12377,51.57801]},"properties":{"name":"The Wooden Cross","address":"Crouch Hill 153","postcode":"N8 8DH","real_ale":"","beer_garden":""}},{"type":"Feature","geometry":{"type":"Point","coordinates":[-0.14248,51.49504]},"properties":{"name":"The Willow Walk","address":"Wilton Road 25","postcode":"SW1V 1LW","real_ale":"yes","beer_garden":""}},{"type":"Feature","geometry":{"type":"Point","coordinates":[-0.13268,51.51653]},"properties":{"name":"Bradley's Spanish Bar","address":"Hanway Street 42-44","postcode":"","real_ale":"","beer_garden":""}},{"type":"Feature","geometry":{"type":"Point","coordinates":[-0.30633,51.39658]},"properties":{"name":"The Grove Tavern","address":"Grove Road 9","postcode":"KT6 4BX","real_ale":"","beer_garden":""}},{"type":"Feature","geometry":{"type":"Point","coordinates":[-0.30774,51.39515]},"properties":{"name":"The Antelope","address":"Maple Road 87","postcode":"KT6 4AW","real_ale":"","beer_garden":""}},{"type":"Feature","geometry":{"type":"Point","coordinates":[-0.30812,51.39476]},"properties":{"name":"Gordon Bennett (closed)","address":"Maple Road 75","postcode":"KT6 4AG","real_ale":"","beer_garden":""}},{"type":"Feature","geometry":{"type":"Point","coordinates":[0.15283,51.45545]},"properties":{"name":"Prince Albert","address":"","postcode":"","real_ale":"yes","beer_garden":""}},{"type":"Feature","geometry":{"type":"Point","coordinates":[-0.02605,51.40754]},"properties":{"name":"Kelsey House Bar & Kitchen","address":"High Street 75","postcode":"BR3 1AN","real_ale":"","beer_garden":""}},{"type":"Feature","geometry":{"type":"Point","coordinates":[-0.12167,51.53122]},"properties":{"name":"Camino","address":"","postcode":"","real_ale":"","beer_garden":""}},{"type":"Feature","geometry":{"type":"Point","coordinates":[0.16011,51.47207]},"properties":{"name":"Brewers Arms","address":"","postcode":"","real_ale":"yes","beer_garden":""}},{"type":"Feature","geometry":{"type":"Point","coordinates":[-0.35453,51.57211]},"properties":{"name":"Maya Pub","address":"Shaftesbury Avenue 3","postcode":"HA2 0AJ","real_ale":"","beer_garden":""}},{"type":"Feature","geometry":{"type":"Point","coordinates":[-0.13798,51.46209]},"properties":{"name":"O’Neill’s","address":"Clapham High Street 196","postcode":"SW4 7UD","real_ale":"","beer_garden":""}},{"type":"Feature","geometry":{"type":"Point","coordinates":[-0.20222,51.41905]},"properties":{"name":"The Wibbas Down Inn","address":"Gladstone Road 6-12","postcode":"SW19 1QT","real_ale":"","beer_garden":""}},{"type":"Feature","geometry":{"type":"Point","coordinates":[-0.2026,51.41977]},"properties":{"name":"O'Neills","address":"The Broadway 66","postcode":"SW19 1RQ","real_ale":"","beer_garden":""}},{"type":"Feature","geometry":{"type":"Point","coordinates":[-0.2055,51.41975]},"properties":{"name":"The Garratt & Gauge","address":"Hartfield Road 20","postcode":"SW19 3TA","real_ale":"","beer_garden":""}},{"type":"Feature","geometry":{"type":"Point","coordinates":[-0.24457,51.49508]},"properties":{"name":"The Raven","address":"Goldhawk Road 375","postcode":"","real_ale":"","beer_garden":""}},{"type":"Feature","geometry":{"type":"Point","coordinates":[0.18139,51.48099]},"properties":{"name":"The White Hart","address":"","postcode":"","real_ale":"","beer_garden":""}},{"type":"Feature","geometry":{"type":"Point","coordinates":[-0.2387,51.50658]},"properties":{"name":"Pocket Watch","address":"Uxbridge Road 434","postcode":"W12 0NS","real_ale":"","beer_garden":""}},{"type":"Feature","geometry":{"type":"Point","coordinates":[-0.1192,51.55739]},"properties":{"name":"Big Red","address":"Holloway Road 385","postcode":"N7 0RY","real_ale":"","beer_garden":""}},{"type":"Feature","geometry":{"type":"Point","coordinates":[0.16212,51.49033]},"properties":{"name":"Halfway House","address":"Lower Road 165","postcode":"DA17 6DQ","real_ale":"","beer_garden":""}},{"type":"Feature","geometry":{"type":"Point","coordinates":[-0.22357,51.54803]},"properties":{"name":"Angie's III","address":"","postcode":"","real_ale":"","beer_garden":""}},{"type":"Feature","geometry":{"type":"Point","coordinates":[0.14282,51.48896]},"properties":{"name":"The Leather Bottle","address":"","postcode":"","real_ale":"","beer_garden":""}},{"type":"Feature","geometry":{"type":"Point","coordinates":[-0.37796,51.64249]},"properties":{"name":"The Haydon Arms","address":"","postcode":"","real_ale":"","beer_garden":""}},{"type":"Feature","geometry":{"type":"Point","coordinates":[-0.21484,51.55723]},"properties":{"name":"Lucky 7","address":"","postcode":"","real_ale":"","beer_garden":""}},{"type":"Feature","geometry":{"type":"Point","coordinates":[-0.21459,51.55594]},"properties":{"name":"McGovern's","address":"Cricklewood Broadway","postcode":"","real_ale":"","beer_garden":""}},{"type":"Feature","geometry":{"type":"Point","coordinates":[0.19328,51.47145]},"properties":{"name":"The Corner Pin","address":"","postcode":"","real_ale":"","beer_garden":""}},{"type":"Feature","geometry":{"type":"Point","coordinates":[-0.21203,51.55357]},"properties":{"name":"The Windmill","address":"Cricklewood Broadway","postcode":"","real_ale":"","beer_garden":""}},{"type":"Feature","geometry":{"type":"Point","coordinates":[-0.21156,51.55367]},"properties":{"name":"The Beaten Docket","address":"Cricklewood Broadway","postcode":"","real_ale":"Usual Wetherspoons variety","beer_garden":""}},{"type":"Feature","geometry":{"type":"Point","coordinates":[-0.31541,51.51167]},"properties":{"name":"The Castlebar","address":"Uxbridge Road 84","postcode":"W13 8RA","real_ale":"","beer_garden":""}},{"type":"Feature","geometry":{"type":"Point","coordinates":[0.05214,51.45038]},"properties":{"name":"The Rusty Bucket","address":"Court Yard 11","postcode":"SE9 5PR","real_ale":"","beer_garden":""}},{"type":"Feature","geometry":{"type":"Point","coordinates":[0.17661,51.45304]},"properties":{"name":"The Duke's Head","address":"Crayford High Street 53","postcode":"DA1 4EJ","real_ale":"yes","beer_garden":""}},{"type":"Feature","geometry":{"type":"Point","coordinates":[-0.06412,51.47372]},"properties":{"name":"The Copper Tap","address":"Peckham High Street 190-192","postcode":"SE15 5EG","real_ale":"","beer_garden":""}},{"type":"Feature","geometry":{"type":"Point","coordinates":[0.17794,51.45185]},"properties":{"name":"The Bear and Ragged Staff","address":"London Road 2","postcode":"DA1 4BH","real_ale":"yes","beer_garden":""}},{"type":"Feature","geometry":{"type":"Point","coordinates":[-0.41337,51.56214]},"properties":{"name":"The Bell","address":"","postcode":"","real_ale":"","beer_garden":""}},{"type":"Feature","geometry":{"type":"Point","coordinates":[-0.22908,51.48934]},"properties":{"name":"The Old City Arms","address":"","postcode":"","real_ale":"","beer_garden":""}},{"type":"Feature","geometry":{"type":"Point","coordinates":[-0.22836,51.49243]},"properties":{"name":"The Hammersmith Ram","address":"","postcode":"","real_ale":"","beer_garden":""}},{"type":"Feature","geometry":{"type":"Point","coordinates":[0.03432,51.40578]},"properties":{"name":"The Oak","address":"Widmore Road 206","postcode":"BR1 2RH","real_ale":"","beer_garden":""}},{"type":"Feature","geometry":{"type":"Point","coordinates":[0.0205,51.39791]},"properties":{"name":"The Crown of Bromley","address":"Masons Hill 14","postcode":"","real_ale":"","beer_garden":""}},{"type":"Feature","geometry":{"type":"Point","coordinates":[0.08812,51.41492]},"properties":{"name":"The Sydney Arms","address":"","postcode":"","real_ale":"","beer_garden":""}},{"type":"Feature","geometry":{"type":"Point","coordinates":[0.01369,51.4059]},"properties":{"name":"Barrel & Horn","address":"High Street 204","postcode":"BR1 1PW","real_ale":"","beer_garden":""}},{"type":"Feature","geometry":{"type":"Point","coordinates":[0.01184,51.40693]},"properties":{"name":"Metropolis","address":"High Street 256","postcode":"BR1 1PG","real_ale":"","beer_garden":""}},{"type":"Feature","geometry":{"type":"Point","coordinates":[0.01255,51.40678]},"properties":{"name":"Star & Garter","address":"High Street 227","postcode":"BR1 1NZ","real_ale":"","beer_garden":""}},{"type":"Feature","geometry":{"type":"Point","coordinates":[0.0165,51.40776]},"properties":{"name":"The Railway Tavern","address":"East Street 45","postcode":"BR1 1QQ","real_ale":"","beer_garden":""}},{"type":"Feature","geometry":{"type":"Point","coordinates":[0.01591,51.40704]},"properties":{"name":"O'Neills","address":"East Street 27-29","postcode":"BR1 1QE","real_ale":"","beer_garden":""}},{"type":"Feature","geometry":{"type":"Point","coordinates":[-0.3077,51.40812]},"properties":{"name":"The Ram","address":"High Street 34","postcode":"KT1 1HL","real_ale":"","beer_garden":""}},{"type":"Feature","geometry":{"type":"Point","coordinates":[-0.11971,51.53245]},"properties":{"name":"King Charles I","address":"Northdown Street 55-57","postcode":"N1 9BL","real_ale":"4 local beers","beer_garden":""}},{"type":"Feature","geometry":{"type":"Point","coordinates":[-0.22851,51.50219]},"properties":{"name":"The Shepherd and Flock","address":"Goldhawk Road 84","postcode":"","real_ale":"","beer_garden":""}},{"type":"Feature","geometry":{"type":"Point","coordinates":[0.03571,51.39246]},"properties":{"name":"Chatterton Arms","address":"Chatterton Road 41","postcode":"BR2 9QW","real_ale":"","beer_garden":""}},{"type":"Feature","geometry":{"type":"Point","coordinates":[0.0619,51.42196]},"properties":{"name":"The Lounge","address":"","postcode":"","real_ale":"","beer_garden":""}},{"type":"Feature","geometry":{"type":"Point","coordinates":[0.06911,51.41975]},"properties":{"name":"Gordon Arms","address":"","postcode":"","real_ale":"","beer_garden":""}},{"type":"Feature","geometry":{"type":"Point","coordinates":[0.07659,51.41098]},"properties":{"name":"The Bull's Head","address":"","postcode":"","real_ale":"","beer_garden":""}},{"type":"Feature","geometry":{"type":"Point","coordinates":[-0.10393,51.43153]},"properties":{"name":"The Great North Wood","address":"Knights Hill 3","postcode":"SE27 0HS","real_ale":"","beer_garden":""}},{"type":"Feature","geometry":{"type":"Point","coordinates":[-0.11958,51.529]},"properties":{"name":"The Water Rats","address":"Gray's Inn Road 328","postcode":"WC1X 8BZ","real_ale":"","beer_garden":""}},{"type":"Feature","geometry":{"type":"Point","coordinates":[-0.37085,51.40246]},"properties":{"name":"The Cannon","address":"High Street 17","postcode":"KT8 2NA","real_ale":"","beer_garden":""}},{"type":"Feature","geometry":{"type":"Point","coordinates":[-0.1661,51.47294]},"properties":{"name":"Duke of Cambridge","address":"Battersea Bridge Road 228","postcode":"SW11 3AA","real_ale":"yes","beer_garden":""}},{"type":"Feature","geometry":{"type":"Point","coordinates":[0.09968,51.48563]},"properties":{"name":"Plume of Feathers","address":"","postcode":"","real_ale":"","beer_garden":""}},{"type":"Feature","geometry":{"type":"Point","coordinates":[0.08933,51.48856]},"properties":{"name":"O'Dowds","address":"","postcode":"","real_ale":"","beer_garden":""}},{"type":"Feature","geometry":{"type":"Point","coordinates":[-0.16266,51.48858]},"properties":{"name":"The Phoenix","address":"Smith Street 23","postcode":"","real_ale":"","beer_garden":""}},{"type":"Feature","geometry":{"type":"Point","coordinates":[-0.03258,51.47573]},"properties":{"name":"Amersham Arms","address":"New Cross Road 388","postcode":"SE14 6TY","real_ale":"","beer_garden":""}},{"type":"Feature","geometry":{"type":"Point","coordinates":[0.12765,51.35737]},"properties":{"name":"Five Bells Public House","address":"Church Road","postcode":"BR6 7RE","real_ale":"","beer_garden":""}},{"type":"Feature","geometry":{"type":"Point","coordinates":[-0.20881,51.51818]},"properties":{"name":"Nova Cafe","address":"","postcode":"","real_ale":"","beer_garden":""}},{"type":"Feature","geometry":{"type":"Point","coordinates":[-0.20989,51.51693]},"properties":{"name":"The Knight of Notting Hill","address":"Lancaster Road 139","postcode":"W10 6HJ","real_ale":"","beer_garden":""}},{"type":"Feature","geometry":{"type":"Point","coordinates":[0.02443,51.41026]},"properties":{"name":"Freelands Tavern","address":"Freelands Road 31","postcode":"BR1 3HZ","real_ale":"","beer_garden":""}},{"type":"Feature","geometry":{"type":"Point","coordinates":[0.02166,51.41004]},"properties":{"name":"Red Lion","address":"North Road 10","postcode":"BR1 3LG","real_ale":"","beer_garden":""}},{"type":"Feature","geometry":{"type":"Point","coordinates":[0.02106,51.40978]},"properties":{"name":"The White Horse","address":"Palace Road 64","postcode":"BR1 3JX","real_ale":"","beer_garden":""}},{"type":"Feature","geometry":{"type":"Point","coordinates":[0.22448,51.44137]},"properties":{"name":"Ivyleaf","address":"","postcode":"","real_ale":"","beer_garden":""}},{"type":"Feature","geometry":{"type":"Point","coordinates":[-0.17923,51.61151]},"properties":{"name":"Elephant Inn","address":"Ballards Lane 283","postcode":"N12 8NR","real_ale":"","beer_garden":""}},{"type":"Feature","geometry":{"type":"Point","coordinates":[0.01131,51.45686]},"properties":{"name":"Old Tigers Head","address":"Lee High Road 351","postcode":"SE12 8RU","real_ale":"","beer_garden":""}},{"type":"Feature","geometry":{"type":"Point","coordinates":[0.00931,51.45676]},"properties":{"name":"Duke of Edinburgh","address":"Lee High Road 394","postcode":"SE12 8RW","real_ale":"","beer_garden":""}},{"type":"Feature","geometry":{"type":"Point","coordinates":[-0.13761,51.51057]},"properties":{"name":"The Leicester Arms","address":"Glasshouse Street 44","postcode":"","real_ale":"","beer_garden":""}},{"type":"Feature","geometry":{"type":"Point","coordinates":[-0.14744,51.51433]},"properties":{"name":"Spread Eagle","address":"Woodstock Street 8","postcode":"","real_ale":"yes","beer_garden":""}},{"type":"Feature","geometry":{"type":"Point","coordinates":[-0.11042,51.5225]},"properties":{"name":"The Gunmakers","address":"","postcode":"","real_ale":"","beer_garden":""}},{"type":"Feature","geometry":{"type":"Point","coordinates":[-0.02474,51.4106]},"properties":{"name":"Patrick's","address":"High Street 5","postcode":"BR3 1AZ","real_ale":"","beer_garden":""}},{"type":"Feature","geometry":{"type":"Point","coordinates":[0.2157,51.4346]},"properties":{"name":"Cressy Arms","address":"Hawley Road 1","postcode":"DA1 1NP","real_ale":"","beer_garden":""}},{"type":"Feature","geometry":{"type":"Point","coordinates":[-0.09982,51.5616]},"properties":{"name":"Kings Head","address":"Blackstock Road 126","postcode":"N4 2DR","real_ale":"","beer_garden":""}},{"type":"Feature","geometry":{"type":"Point","coordinates":[-0.07899,51.56229]},"properties":{"name":"The Clarence","address":"Stoke Newington Church Street 102","postcode":"N16 0LA","real_ale":"","beer_garden":""}},{"type":"Feature","geometry":{"type":"Point","coordinates":[-0.06363,51.61764]},"properties":{"name":"Golden Fleece","address":"","postcode":"","real_ale":"","beer_garden":""}},{"type":"Feature","geometry":{"type":"Point","coordinates":[-0.06158,51.60568]},"properties":{"name":"The Bill Nicholson","address":"","postcode":"","real_ale":"","beer_garden":""}},{"type":"Feature","geometry":{"type":"Point","coordinates":[-0.11097,51.59822]},"properties":{"name":"P.J. O'Connor's","address":"High Road 239","postcode":"","real_ale":"","beer_garden":""}},{"type":"Feature","geometry":{"type":"Point","coordinates":[-0.06424,51.58476]},"properties":{"name":"Mannions Prince Arthur","address":"Broad Lane 158","postcode":"N15 4QJ","real_ale":"","beer_garden":""}},{"type":"Feature","geometry":{"type":"Point","coordinates":[-0.15091,51.51291]},"properties":{"name":"Barley Mow","address":"Duke Street 82","postcode":"","real_ale":"","beer_garden":""}},{"type":"Feature","geometry":{"type":"Point","coordinates":[-0.13631,51.51118]},"properties":{"name":"The Crown","address":"","postcode":"","real_ale":"","beer_garden":""}},{"type":"Feature","geometry":{"type":"Point","coordinates":[-0.02876,51.5688]},"properties":{"name":"Hare and Hounds","address":"","postcode":"","real_ale":"","beer_garden":""}},{"type":"Feature","geometry":{"type":"Point","coordinates":[-0.11309,51.48138]},"properties":{"name":"The Hanover Arms","address":"Kennington Park Road 326","postcode":"SE11 4PP","real_ale":"","beer_garden":""}},{"type":"Feature","geometry":{"type":"Point","coordinates":[0.01987,51.41587]},"properties":{"name":"Prince Frederick","address":"Nichol Lane 31","postcode":"BR1 4DE","real_ale":"","beer_garden":""}},{"type":"Feature","geometry":{"type":"Point","coordinates":[-0.10417,51.52022]},"properties":{"name":"The Castle","address":"Cowcross Street 34-35","postcode":"EC1M 6DB","real_ale":"","beer_garden":""}},{"type":"Feature","geometry":{"type":"Point","coordinates":[-0.13196,51.59331]},"properties":{"name":"The Phoenix","address":"Alexandra Palace Way","postcode":"N10 2QE","real_ale":"no","beer_garden":""}},{"type":"Feature","geometry":{"type":"Point","coordinates":[-0.0651,51.43077]},"properties":{"name":"The Talma","address":"","postcode":"","real_ale":"","beer_garden":""}},{"type":"Feature","geometry":{"type":"Point","coordinates":[-0.0476,51.44204]},"properties":{"name":"Railway Telegraph","address":"Stanstead Road 112","postcode":"SE23 1BS","real_ale":"","beer_garden":""}},{"type":"Feature","geometry":{"type":"Point","coordinates":[-0.05989,51.43099]},"properties":{"name":"The Fox & Hounds Pub","address":"Kirkdale 150","postcode":"SE26 4BB","real_ale":"","beer_garden":""}},{"type":"Feature","geometry":{"type":"Point","coordinates":[-0.13297,51.56481]},"properties":{"name":"The Mother Redcap","address":"","postcode":"","real_ale":"","beer_garden":""}},{"type":"Feature","geometry":{"type":"Point","coordinates":[-0.30123,51.41637]},"properties":{"name":"The Oak","address":"Richmond Road 98","postcode":"KT2 5EN","real_ale":"","beer_garden":""}},{"type":"Feature","geometry":{"type":"Point","coordinates":[-0.20346,51.50796]},"properties":{"name":"The Mitre","address":"Holland Park Avenue 40","postcode":"W11 3QY","real_ale":"","beer_garden":""}},{"type":"Feature","geometry":{"type":"Point","coordinates":[-0.14774,51.50614]},"properties":{"name":"Shepherds Tavern","address":"Hertford Street 50","postcode":"","real_ale":"","beer_garden":""}},{"type":"Feature","geometry":{"type":"Point","coordinates":[-0.08633,51.53185]},"properties":{"name":"The Beehive","address":"New North Road 36","postcode":"N1 6TE","real_ale":"","beer_garden":""}},{"type":"Feature","geometry":{"type":"Point","coordinates":[-0.05995,51.60259]},"properties":{"name":"The Olive Branch","address":"Park Lane 169","postcode":"N17 0HJ","real_ale":"","beer_garden":""}},{"type":"Feature","geometry":{"type":"Point","coordinates":[-0.14126,51.51506]},"properties":{"name":"The Argyll Arms","address":"Argyll Street 18","postcode":"","real_ale":"yes","beer_garden":""}},{"type":"Feature","geometry":{"type":"Point","coordinates":[-0.09117,51.53747]},"properties":{"name":"The North Pole","address":"New North Road 189-190","postcode":"","real_ale":"","beer_garden":""}},{"type":"Feature","geometry":{"type":"Point","coordinates":[-0.15779,51.51391]},"properties":{"name":"City Of Quebec","address":"","postcode":"","real_ale":"","beer_garden":""}},{"type":"Feature","geometry":{"type":"Point","coordinates":[-0.10457,51.5139]},"properties":{"name":"The Albion","address":"New Bridge Street 2-3","postcode":"EC4V 6AA","real_ale":"","beer_garden":""}},{"type":"Feature","geometry":{"type":"Point","coordinates":[0.07209,51.38931]},"properties":{"name":"The Sovereign of the Seas","address":"Queensway 109-111","postcode":"BR5 1DG","real_ale":"","beer_garden":""}},{"type":"Feature","geometry":{"type":"Point","coordinates":[0.07287,51.41053]},"properties":{"name":"The Crown Inn","address":"School Road","postcode":"BR7 5PQ","real_ale":"","beer_garden":""}},{"type":"Feature","geometry":{"type":"Point","coordinates":[0.23115,51.48282]},"properties":{"name":"The Royal Hotel","address":"","postcode":"","real_ale":"","beer_garden":""}},{"type":"Feature","geometry":{"type":"Point","coordinates":[-0.07475,51.60188]},"properties":{"name":"The Antwerp Arms","address":"Church Road 168-170","postcode":"N17 8AS","real_ale":"","beer_garden":""}},{"type":"Feature","geometry":{"type":"Point","coordinates":[-0.2498,51.37038]},"properties":{"name":"The Williow Tree","address":"","postcode":"","real_ale":"","beer_garden":""}},{"type":"Feature","geometry":{"type":"Point","coordinates":[-0.06979,51.59346]},"properties":{"name":"The Elbow Room","address":"High Road 503-505","postcode":"N17 6QA","real_ale":"","beer_garden":""}},{"type":"Feature","geometry":{"type":"Point","coordinates":[-0.06982,51.59332]},"properties":{"name":"The Ship","address":"High Road 499","postcode":"N17 6QA","real_ale":"","beer_garden":""}},{"type":"Feature","geometry":{"type":"Point","coordinates":[0.02557,51.50881]},"properties":{"name":"Fox @ Excel","address":"Western Gateway 2","postcode":"E16 1XL","real_ale":"","beer_garden":""}},{"type":"Feature","geometry":{"type":"Point","coordinates":[0.02088,51.40871]},"properties":{"name":"The Anglesey Arms","address":"Palace Road 90","postcode":"BR1 3JX","real_ale":"","beer_garden":""}},{"type":"Feature","geometry":{"type":"Point","coordinates":[0.02106,51.4078]},"properties":{"name":"The Crown and Anchor","address":"Park Road 19","postcode":"BR1 3HJ","real_ale":"","beer_garden":""}},{"type":"Feature","geometry":{"type":"Point","coordinates":[-0.09115,51.50481]},"properties":{"name":"The Sheaf","address":"Southwark Street 21","postcode":"SE1 1TY","real_ale":"","beer_garden":""}},{"type":"Feature","geometry":{"type":"Point","coordinates":[-0.25949,51.61664]},"properties":{"name":"Railway Tavern","address":"Hale Lane 129","postcode":"NW7 3SB","real_ale":"","beer_garden":""}},{"type":"Feature","geometry":{"type":"Point","coordinates":[-0.17208,51.49897]},"properties":{"name":"Eastside","address":"","postcode":"","real_ale":"","beer_garden":""}},{"type":"Feature","geometry":{"type":"Point","coordinates":[-0.32022,51.5252]},"properties":{"name":"Duke of Kent","address":"","postcode":"","real_ale":"","beer_garden":""}},{"type":"Feature","geometry":{"type":"Point","coordinates":[-0.30425,51.58727]},"properties":{"name":"The New Moon","address":"Kenton Road 25-26","postcode":"HA3 8DN","real_ale":"","beer_garden":""}},{"type":"Feature","geometry":{"type":"Point","coordinates":[-0.0342,51.47397]},"properties":{"name":"The Fat Walrus","address":"Lewisham Way 44","postcode":"SE14 6NP","real_ale":"","beer_garden":""}},{"type":"Feature","geometry":{"type":"Point","coordinates":[-0.06423,51.50019]},"properties":{"name":"The Old Justice","address":"Farncombe Street","postcode":"","real_ale":"","beer_garden":""}},{"type":"Feature","geometry":{"type":"Point","coordinates":[-0.13081,51.51514]},"properties":{"name":"Royal George","address":"Charing Cross Road 133","postcode":"WC2H 0EA","real_ale":"","beer_garden":""}},{"type":"Feature","geometry":{"type":"Point","coordinates":[-0.12304,51.51182]},"properties":{"name":"Punch & Judy","address":"","postcode":"","real_ale":"","beer_garden":""}},{"type":"Feature","geometry":{"type":"Point","coordinates":[-0.30572,51.50508]},"properties":{"name":"The New Inn","address":"St Marys Road 62","postcode":"W5 5EX","real_ale":"","beer_garden":""}},{"type":"Feature","geometry":{"type":"Point","coordinates":[-0.1549,51.49109]},"properties":{"name":"Fox and Hounds","address":"Passmore Street 29","postcode":"SW1W 8HR","real_ale":"","beer_garden":""}},{"type":"Feature","geometry":{"type":"Point","coordinates":[-0.02257,51.50431]},"properties":{"name":"The Henry Addington","address":"Mackenzie Walk 22-28","postcode":"E14 4PH","real_ale":"","beer_garden":""}},{"type":"Feature","geometry":{"type":"Point","coordinates":[-0.12889,51.50727]},"properties":{"name":"The Admiralty","address":"Trafalgar Square 66","postcode":"WC2N 5DS","real_ale":"4 or so from Fullers","beer_garden":""}},{"type":"Feature","geometry":{"type":"Point","coordinates":[-0.1125,51.49824]},"properties":{"name":"The Hercules","address":"Kennington Road 2","postcode":"SE1 7BL","real_ale":"","beer_garden":""}},{"type":"Feature","geometry":{"type":"Point","coordinates":[-0.0887,51.49481]},"properties":{"name":"Spit and Sawdust","address":"Bartholomew Street 21","postcode":"SE1 4AL","real_ale":"","beer_garden":""}},{"type":"Feature","geometry":{"type":"Point","coordinates":[-0.08628,51.51009]},"properties":{"name":"The Monument","address":"Fish Street Hill 18","postcode":"EC3R 6DB","real_ale":"","beer_garden":""}},{"type":"Feature","geometry":{"type":"Point","coordinates":[-0.08592,51.50994]},"properties":{"name":"The Britannia","address":"Monument Street 20","postcode":"EC3R 8AJ","real_ale":"","beer_garden":""}},{"type":"Feature","geometry":{"type":"Point","coordinates":[-0.09528,51.5054]},"properties":{"name":"Clinks Bar","address":"","postcode":"","real_ale":"","beer_garden":""}},{"type":"Feature","geometry":{"type":"Point","coordinates":[-0.12719,51.60874]},"properties":{"name":"The Ranelagh","address":"","postcode":"","real_ale":"","beer_garden":""}},{"type":"Feature","geometry":{"type":"Point","coordinates":[-0.1034,51.52045]},"properties":{"name":"The Boundary","address":"Cowcross Street","postcode":"EC1M 5UG","real_ale":"","beer_garden":""}},{"type":"Feature","geometry":{"type":"Point","coordinates":[0.11513,51.49779]},"properties":{"name":"The Birchwood","address":"Grovebury Road","postcode":"SE2 9BB","real_ale":"","beer_garden":""}},{"type":"Feature","geometry":{"type":"Point","coordinates":[-0.16459,51.55413]},"properties":{"name":"South End Green Social","address":"Fleet Road 154-156","postcode":"","real_ale":"","beer_garden":""}},{"type":"Feature","geometry":{"type":"Point","coordinates":[-0.16562,51.55558]},"properties":{"name":"The Magdala","address":"South Hill Park 2a","postcode":"NW3 2SB","real_ale":"","beer_garden":""}},{"type":"Feature","geometry":{"type":"Point","coordinates":[0.17729,51.60037]},"properties":{"name":"The Aspen Tree","address":"Gobions Avenue 73","postcode":"RM5 3SP","real_ale":"","beer_garden":""}},{"type":"Feature","geometry":{"type":"Point","coordinates":[0.21872,51.60532]},"properties":{"name":"The Alderman","address":"","postcode":"","real_ale":"","beer_garden":""}},{"type":"Feature","geometry":{"type":"Point","coordinates":[0.23035,51.59921]},"properties":{"name":"The Morris Dancer","address":"","postcode":"","real_ale":"","beer_garden":""}},{"type":"Feature","geometry":{"type":"Point","coordinates":[0.07968,51.53534]},"properties":{"name":"The Victoria","address":"Axe Street","postcode":"IG11 7LZ","real_ale":"","beer_garden":""}},{"type":"Feature","geometry":{"type":"Point","coordinates":[-0.13662,51.56836]},"properties":{"name":"Charlotte Despard","address":"","postcode":"","real_ale":"","beer_garden":""}},{"type":"Feature","geometry":{"type":"Point","coordinates":[-0.21862,51.37992]},"properties":{"name":"Lord Nelson","address":"","postcode":"","real_ale":"","beer_garden":""}},{"type":"Feature","geometry":{"type":"Point","coordinates":[-0.11069,51.49533]},"properties":{"name":"The Tankard","address":"Kennington Road 111","postcode":"SE11 6SF","real_ale":"","beer_garden":""}},{"type":"Feature","geometry":{"type":"Point","coordinates":[-0.11056,51.49319]},"properties":{"name":"The Ship","address":"Kennington Road 171","postcode":"SE11 6SF","real_ale":"","beer_garden":""}},{"type":"Feature","geometry":{"type":"Point","coordinates":[-0.09083,51.38894]},"properties":{"name":"White Horse","address":"","postcode":"","real_ale":"","beer_garden":""}},{"type":"Feature","geometry":{"type":"Point","coordinates":[-0.08995,51.3885]},"properties":{"name":"Two Brewers","address":"Gloucester Road 221","postcode":"CR0 2DW","real_ale":"","beer_garden":""}},{"type":"Feature","geometry":{"type":"Point","coordinates":[-0.09376,51.48943]},"properties":{"name":"The Gladstone","address":"","postcode":"","real_ale":"","beer_garden":""}},{"type":"Feature","geometry":{"type":"Point","coordinates":[-0.09329,51.48846]},"properties":{"name":"The Bell","address":"","postcode":"","real_ale":"","beer_garden":""}},{"type":"Feature","geometry":{"type":"Point","coordinates":[-0.09449,51.48787]},"properties":{"name":"Good Intent","address":"East Street 24-26","postcode":"SE17 2DN","real_ale":"","beer_garden":""}},{"type":"Feature","geometry":{"type":"Point","coordinates":[-0.03321,51.42799]},"properties":{"name":"Railway Tavern","address":"Southend Lane 401","postcode":"SE26 5BH","real_ale":"","beer_garden":""}},{"type":"Feature","geometry":{"type":"Point","coordinates":[-0.16288,51.46711]},"properties":{"name":"Fox and Hounds","address":"Latchmere Road 66-68","postcode":"SW11 2JU","real_ale":"","beer_garden":""}},{"type":"Feature","geometry":{"type":"Point","coordinates":[-0.03659,51.45597]},"properties":{"name":"Crofton Park Tavern","address":"Brockley Road 330-332","postcode":"SE4 2BT","real_ale":"","beer_garden":""}},{"type":"Feature","geometry":{"type":"Point","coordinates":[-0.09727,51.53957]},"properties":{"name":"The Green Man","address":"Essex Road 144a","postcode":"N1 8LX","real_ale":"","beer_garden":""}},{"type":"Feature","geometry":{"type":"Point","coordinates":[-0.14415,51.49511]},"properties":{"name":"Wetherspoons","address":"","postcode":"","real_ale":"","beer_garden":""}},{"type":"Feature","geometry":{"type":"Point","coordinates":[-0.07375,51.52069]},"properties":{"name":"Corbet Place","address":"Hanbury Street 15","postcode":"E1 6QR","real_ale":"","beer_garden":""}},{"type":"Feature","geometry":{"type":"Point","coordinates":[-0.1157,51.50722]},"properties":{"name":"The Riverfront pub","address":"","postcode":"","real_ale":"","beer_garden":""}},{"type":"Feature","geometry":{"type":"Point","coordinates":[-0.19169,51.55092]},"properties":{"name":"Alice House","address":"West End Lane 283-285","postcode":"NW6 1RD","real_ale":"","beer_garden":""}},{"type":"Feature","geometry":{"type":"Point","coordinates":[-0.22376,51.49055]},"properties":{"name":"Duke of Cornwall","address":"","postcode":"","real_ale":"","beer_garden":""}},{"type":"Feature","geometry":{"type":"Point","coordinates":[-0.22321,51.48931]},"properties":{"name":"Distillers","address":"","postcode":"","real_ale":"","beer_garden":""}},{"type":"Feature","geometry":{"type":"Point","coordinates":[-0.22295,51.48879]},"properties":{"name":"Old Suffolk Punch","address":"","postcode":"","real_ale":"","beer_garden":""}},{"type":"Feature","geometry":{"type":"Point","coordinates":[-0.01914,51.51071]},"properties":{"name":"The Manor Arms","address":"East India Dock Road 150","postcode":"E14 0BP","real_ale":"","beer_garden":""}},{"type":"Feature","geometry":{"type":"Point","coordinates":[-0.12629,51.53275]},"properties":{"name":"The Barrel Vault","address":"The Circle, Saint Pancras Station Unit 23","postcode":"N1C 4QP","real_ale":"yes","beer_garden":""}},{"type":"Feature","geometry":{"type":"Point","coordinates":[-0.11769,51.51997]},"properties":{"name":"The Dolphin Tavern","address":"44","postcode":"WC1R 4PF","real_ale":"","beer_garden":""}},{"type":"Feature","geometry":{"type":"Point","coordinates":[-0.12312,51.5803]},"properties":{"name":"Small Beer","address":"Tottenham Lane 22","postcode":"N8 8PT","real_ale":"","beer_garden":""}},{"type":"Feature","geometry":{"type":"Point","coordinates":[-0.07476,51.55592]},"properties":{"name":"Yucatan Bar","address":"Stoke Newington Road 121","postcode":"N16 8BT","real_ale":"","beer_garden":""}},{"type":"Feature","geometry":{"type":"Point","coordinates":[-0.05491,51.42676]},"properties":{"name":"The Pavillion","address":"Kirkdale 325","postcode":"SE26 4QB","real_ale":"","beer_garden":""}},{"type":"Feature","geometry":{"type":"Point","coordinates":[-0.12078,51.51555]},"properties":{"name":"Sway","address":"Great Queen Street 61-65","postcode":"WC2B 5BZ","real_ale":"","beer_garden":""}},{"type":"Feature","geometry":{"type":"Point","coordinates":[-0.07456,51.39929]},"properties":{"name":"The Jolly Sailor","address":"High Street 64","postcode":"SE25 6EB","real_ale":"","beer_garden":""}},{"type":"Feature","geometry":{"type":"Point","coordinates":[-0.07455,51.39965]},"properties":{"name":"The Albion","address":"High Street 26","postcode":"SE25 6HA","real_ale":"","beer_garden":""}},{"type":"Feature","geometry":{"type":"Point","coordinates":[0.05718,51.51435]},"properties":{"name":"Berneliu Uzeiga - Shepherds Inn","address":"Mary Rose Mall 16","postcode":"E6 5LX","real_ale":"","beer_garden":""}},{"type":"Feature","geometry":{"type":"Point","coordinates":[-0.09405,51.5136]},"properties":{"name":"The Saint","address":"Bow Churchyard 1","postcode":"EC4M 9DQ","real_ale":"","beer_garden":""}},{"type":"Feature","geometry":{"type":"Point","coordinates":[-0.07574,51.51217]},"properties":{"name":"The Chamberlain","address":"Minories 130-135","postcode":"EC3N 1NU","real_ale":"","beer_garden":""}},{"type":"Feature","geometry":{"type":"Point","coordinates":[-0.13175,51.50959]},"properties":{"name":"Tom Cribb","address":"Panton Street 36","postcode":"SW1Y 4EA","real_ale":"","beer_garden":""}},{"type":"Feature","geometry":{"type":"Point","coordinates":[-0.3504,51.55214]},"properties":{"name":"The Office","address":"Oldfields Circus 15","postcode":"UB5 4RR","real_ale":"","beer_garden":""}},{"type":"Feature","geometry":{"type":"Point","coordinates":[-0.31591,51.62106]},"properties":{"name":"Abercorn Arms","address":"Stanmore Hill","postcode":"","real_ale":"","beer_garden":""}},{"type":"Feature","geometry":{"type":"Point","coordinates":[-0.1068,51.61938]},"properties":{"name":"The Alfred Herring","address":"Green Lanes 316-322","postcode":"N13 5TT","real_ale":"","beer_garden":""}},{"type":"Feature","geometry":{"type":"Point","coordinates":[-0.13749,51.50632]},"properties":{"name":"The Golden Lion","address":"","postcode":"","real_ale":"","beer_garden":""}},{"type":"Feature","geometry":{"type":"Point","coordinates":[-0.13801,51.50605]},"properties":{"name":"Davy's","address":"Crown Passage","postcode":"SW1Y 6QY","real_ale":"","beer_garden":""}},{"type":"Feature","geometry":{"type":"Point","coordinates":[-0.13643,51.50832]},"properties":{"name":"The Red Lion","address":"","postcode":"","real_ale":"","beer_garden":""}},{"type":"Feature","geometry":{"type":"Point","coordinates":[-0.13515,51.50861]},"properties":{"name":"Three Crowns","address":"Babmaes Street","postcode":"","real_ale":"","beer_garden":""}},{"type":"Feature","geometry":{"type":"Point","coordinates":[-0.17823,51.54589]},"properties":{"name":"The North Star","address":"","postcode":"","real_ale":"","beer_garden":""}},{"type":"Feature","geometry":{"type":"Point","coordinates":[-0.35814,51.5604]},"properties":{"name":"O'Donnell's Bar","address":"Northolt Road 399","postcode":"HA2 8JE","real_ale":"","beer_garden":""}},{"type":"Feature","geometry":{"type":"Point","coordinates":[-0.16903,51.46064]},"properties":{"name":"Hawkins Forge","address":"Battersea Rise 110","postcode":"SW11 1EJ","real_ale":"","beer_garden":""}},{"type":"Feature","geometry":{"type":"Point","coordinates":[-0.0183,51.46556]},"properties":{"name":"The Rising Sun","address":"Loampit Vale 120","postcode":"SE13 7SN","real_ale":"","beer_garden":""}},{"type":"Feature","geometry":{"type":"Point","coordinates":[-0.11946,51.55951]},"properties":{"name":"The Swimmer At The Grafton Arms","address":"Eburne Road 13","postcode":"N7 6AR","real_ale":"","beer_garden":""}},{"type":"Feature","geometry":{"type":"Point","coordinates":[-0.03092,51.40662]},"properties":{"name":"The White Horse","address":"High Street 205 - 213","postcode":"BR3 1AH","real_ale":"","beer_garden":""}},{"type":"Feature","geometry":{"type":"Point","coordinates":[-0.02108,51.37693]},"properties":{"name":"The Wheatsheaf","address":"High Street 135","postcode":"BR4 0LU","real_ale":"","beer_garden":""}},{"type":"Feature","geometry":{"type":"Point","coordinates":[-0.03073,51.36974]},"properties":{"name":"The Apple Tree","address":"","postcode":"","real_ale":"","beer_garden":""}},{"type":"Feature","geometry":{"type":"Point","coordinates":[-0.12806,51.51135]},"properties":{"name":"Brewmaster","address":"Cranbourn Street 37","postcode":"WC2H 7AD","real_ale":"","beer_garden":""}},{"type":"Feature","geometry":{"type":"Point","coordinates":[-0.12806,51.51091]},"properties":{"name":"Round Table","address":"St Martin's Court 26-27","postcode":"WC2N 4AL","real_ale":"","beer_garden":""}},{"type":"Feature","geometry":{"type":"Point","coordinates":[-0.08329,51.51284]},"properties":{"name":"Lamb Tavern","address":"Leadenhall Market 10-12","postcode":"EC3V 1LR","real_ale":"","beer_garden":""}},{"type":"Feature","geometry":{"type":"Point","coordinates":[-0.08973,51.51165]},"properties":{"name":"The Cannick Tapps","address":"Cannon Street 109","postcode":"EC4N 5AD","real_ale":"","beer_garden":""}},{"type":"Feature","geometry":{"type":"Point","coordinates":[0.17698,51.45269]},"properties":{"name":"The Crayford Arms","address":"Crayford High Street 37","postcode":"DA1 4HH","real_ale":"yes","beer_garden":""}},{"type":"Feature","geometry":{"type":"Point","coordinates":[-0.17149,51.53581]},"properties":{"name":"The Ordnance Arms","address":"Ordnance Hill 29","postcode":"","real_ale":"","beer_garden":""}},{"type":"Feature","geometry":{"type":"Point","coordinates":[-0.13059,51.63335]},"properties":{"name":"The New Crown","address":"Chase Side 80-84","postcode":"N14 5PH","real_ale":"","beer_garden":""}},{"type":"Feature","geometry":{"type":"Point","coordinates":[-0.35416,51.3982]},"properties":{"name":"The Bell Inn","address":"Bell Road 4","postcode":"KT8 0SS","real_ale":"","beer_garden":""}},{"type":"Feature","geometry":{"type":"Point","coordinates":[-0.08421,51.50951]},"properties":{"name":"The Walrus & The Carpenter","address":"Monument Street 45","postcode":"EC3R 8BU","real_ale":"","beer_garden":""}},{"type":"Feature","geometry":{"type":"Point","coordinates":[0.07655,51.55981]},"properties":{"name":"General Havelock","address":"","postcode":"","real_ale":"","beer_garden":""}},{"type":"Feature","geometry":{"type":"Point","coordinates":[-0.32078,51.38308]},"properties":{"name":"British Legion","address":"","postcode":"","real_ale":"","beer_garden":""}},{"type":"Feature","geometry":{"type":"Point","coordinates":[-0.41353,51.40569]},"properties":{"name":"The Three Fishes","address":"Green Street 35","postcode":"TW16 6RE","real_ale":"","beer_garden":""}},{"type":"Feature","geometry":{"type":"Point","coordinates":[-0.0858,51.5137]},"properties":{"name":"Cock and Woolpack","address":"Finch Lane 6","postcode":"EC3V 3NA","real_ale":"","beer_garden":""}},{"type":"Feature","geometry":{"type":"Point","coordinates":[-0.24734,51.47348]},"properties":{"name":"The Sun Inn","address":"Church Road 7","postcode":"SW13 9HE","real_ale":"","beer_garden":""}},{"type":"Feature","geometry":{"type":"Point","coordinates":[-0.14765,51.59976]},"properties":{"name":"Furlong","address":"Colney Hatch Lane 89","postcode":"N10 1LR","real_ale":"","beer_garden":""}},{"type":"Feature","geometry":{"type":"Point","coordinates":[-0.23331,51.56677]},"properties":{"name":"Whelan's","address":"Oxgate Lane 341","postcode":"NW2 7HS","real_ale":"","beer_garden":""}},{"type":"Feature","geometry":{"type":"Point","coordinates":[-0.21308,51.46553]},"properties":{"name":"The Rocket","address":"Brewhouse Lane","postcode":"SW15 2JQ","real_ale":"","beer_garden":""}},{"type":"Feature","geometry":{"type":"Point","coordinates":[-0.09882,51.53625]},"properties":{"name":"The Bill Murray","address":"Queen's Head Street 39","postcode":"N1 8NQ","real_ale":"","beer_garden":""}},{"type":"Feature","geometry":{"type":"Point","coordinates":[-0.15631,51.54974]},"properties":{"name":"The Lord Southampton","address":"","postcode":"","real_ale":"","beer_garden":""}},{"type":"Feature","geometry":{"type":"Point","coordinates":[-0.12476,51.5289]},"properties":{"name":"The Dolphin","address":"Tonbridge Street 47","postcode":"WC1H 9DW","real_ale":"","beer_garden":""}},{"type":"Feature","geometry":{"type":"Point","coordinates":[-0.1579,51.62978]},"properties":{"name":"The Cavalier","address":"","postcode":"","real_ale":"","beer_garden":""}},{"type":"Feature","geometry":{"type":"Point","coordinates":[-0.12498,51.52402]},"properties":{"name":"Callaghan's","address":"Coram Street","postcode":"WC1N 1HT","real_ale":"","beer_garden":""}},{"type":"Feature","geometry":{"type":"Point","coordinates":[-0.30506,51.46091]},"properties":{"name":"The Britannia","address":"Brewer's Lane 5","postcode":"TW9 1HH","real_ale":"","beer_garden":""}},{"type":"Feature","geometry":{"type":"Point","coordinates":[-0.07459,51.51787]},"properties":{"name":"Duke of Wellington","address":"Toynbee Street 12-14","postcode":"E1 7NE","real_ale":"","beer_garden":""}},{"type":"Feature","geometry":{"type":"Point","coordinates":[-0.17338,51.49021]},"properties":{"name":"The Crown","address":"Dovehouse Street 153","postcode":"","real_ale":"","beer_garden":""}},{"type":"Feature","geometry":{"type":"Point","coordinates":[-0.3017,51.41061]},"properties":{"name":"Wheelwrights Arms","address":"Clarence Street 60","postcode":"KT1 1NP","real_ale":"","beer_garden":""}},{"type":"Feature","geometry":{"type":"Point","coordinates":[-0.30559,51.40921]},"properties":{"name":"O'Neills","address":"Eden Street 3","postcode":"KT1 1BQ","real_ale":"","beer_garden":""}},{"type":"Feature","geometry":{"type":"Point","coordinates":[-0.15278,51.5491]},"properties":{"name":"Sir Robert Peel","address":"Malden Road 108","postcode":"NW5 4DA","real_ale":"","beer_garden":""}},{"type":"Feature","geometry":{"type":"Point","coordinates":[-0.24157,51.54892]},"properties":{"name":"Tony's","address":"","postcode":"","real_ale":"","beer_garden":""}},{"type":"Feature","geometry":{"type":"Point","coordinates":[-0.33964,51.57924]},"properties":{"name":"Ward's Free House","address":"Lowlands Road 38-40","postcode":"HA1 3AT","real_ale":"","beer_garden":""}},{"type":"Feature","geometry":{"type":"Point","coordinates":[-0.19584,51.531]},"properties":{"name":"Marian Bar","address":"","postcode":"","real_ale":"","beer_garden":""}},{"type":"Feature","geometry":{"type":"Point","coordinates":[0.03954,51.37275]},"properties":{"name":"The Two Doves","address":"Oakley Road","postcode":"BR2 8HD","real_ale":"","beer_garden":""}},{"type":"Feature","geometry":{"type":"Point","coordinates":[-0.12703,51.48563]},"properties":{"name":"The Riverside Vauxhall","address":"St. George's Wharf 5","postcode":"SW8 2LE","real_ale":"","beer_garden":""}},{"type":"Feature","geometry":{"type":"Point","coordinates":[-0.33231,51.58262]},"properties":{"name":"The George","address":"","postcode":"","real_ale":"","beer_garden":""}},{"type":"Feature","geometry":{"type":"Point","coordinates":[-0.33413,51.57935]},"properties":{"name":"The Moon on the Hill","address":"Station Road 373-375","postcode":"HA1 2AW","real_ale":"","beer_garden":""}},{"type":"Feature","geometry":{"type":"Point","coordinates":[-0.30212,51.51099]},"properties":{"name":"King's Arms","address":"The Grove 55","postcode":"W5 5DX","real_ale":"4","beer_garden":""}},{"type":"Feature","geometry":{"type":"Point","coordinates":[0.04622,51.62525]},"properties":{"name":"Railway Bar & Grill","address":"","postcode":"","real_ale":"","beer_garden":""}},{"type":"Feature","geometry":{"type":"Point","coordinates":[0.10392,51.46292]},"properties":{"name":"The New Cross Turnpike","address":"Bellegrove Road 55","postcode":"DA16 3PB","real_ale":"yes","beer_garden":""}},{"type":"Feature","geometry":{"type":"Point","coordinates":[0.08829,51.35031]},"properties":{"name":"Rose and Crown","address":"Farnborough Way","postcode":"BR6 6BT","real_ale":"","beer_garden":""}},{"type":"Feature","geometry":{"type":"Point","coordinates":[0.06662,51.49023]},"properties":{"name":"Earl of Chatham","address":"Thomas Street 15","postcode":"SE18 6HU","real_ale":"","beer_garden":""}},{"type":"Feature","geometry":{"type":"Point","coordinates":[0.06671,51.48991]},"properties":{"name":"The Great Harry","address":"","postcode":"","real_ale":"","beer_garden":""}},{"type":"Feature","geometry":{"type":"Point","coordinates":[0.06317,51.49361]},"properties":{"name":"Coopers Arms","address":"","postcode":"","real_ale":"","beer_garden":""}},{"type":"Feature","geometry":{"type":"Point","coordinates":[0.06146,51.49288]},"properties":{"name":"The Castle Tavern","address":"Powis Street 179","postcode":"SE18 6JL","real_ale":"","beer_garden":""}},{"type":"Feature","geometry":{"type":"Point","coordinates":[-0.30243,51.46151]},"properties":{"name":"Tap Tavern","address":"The Square","postcode":"TW9 1ED","real_ale":"","beer_garden":""}},{"type":"Feature","geometry":{"type":"Point","coordinates":[-0.1723,51.59081]},"properties":{"name":"Five Bells","address":"East End Road 165-167","postcode":"N2 0LZ","real_ale":"","beer_garden":""}},{"type":"Feature","geometry":{"type":"Point","coordinates":[-0.20305,51.48235]},"properties":{"name":"The Wellington","address":"","postcode":"","real_ale":"","beer_garden":""}},{"type":"Feature","geometry":{"type":"Point","coordinates":[-0.30674,51.36804]},"properties":{"name":"The Lucky Rover","address":"Hook Road 312","postcode":"KT9 1NY","real_ale":"","beer_garden":""}},{"type":"Feature","geometry":{"type":"Point","coordinates":[-0.30618,51.49847]},"properties":{"name":"Roddy's Bar","address":"","postcode":"","real_ale":"","beer_garden":""}},{"type":"Feature","geometry":{"type":"Point","coordinates":[-0.11329,51.48117]},"properties":{"name":"The Derby","address":"Kennington Park Road 336","postcode":"SE11 4PP","real_ale":"","beer_garden":""}},{"type":"Feature","geometry":{"type":"Point","coordinates":[-0.06643,51.39742]},"properties":{"name":"The Albert Tavern","address":"Harrington Road","postcode":"SE25 4LX","real_ale":"","beer_garden":""}},{"type":"Feature","geometry":{"type":"Point","coordinates":[-0.16176,51.41008]},"properties":{"name":"The Gardeners Arms","address":"London Road 107","postcode":"CR4 2JA","real_ale":"","beer_garden":""}},{"type":"Feature","geometry":{"type":"Point","coordinates":[-0.1698,51.46332]},"properties":{"name":"The Junction","address":"Saint John's Hill 36","postcode":"SW11 1SA","real_ale":"","beer_garden":""}},{"type":"Feature","geometry":{"type":"Point","coordinates":[-0.14477,51.4681]},"properties":{"name":"The Plough Inn","address":"","postcode":"","real_ale":"","beer_garden":""}},{"type":"Feature","geometry":{"type":"Point","coordinates":[-0.16597,51.45743]},"properties":{"name":"The Northcote Saviour","address":"Northcote Road 94","postcode":"SW11 6QW","real_ale":"","beer_garden":""}},{"type":"Feature","geometry":{"type":"Point","coordinates":[-0.12478,51.5303]},"properties":{"name":"Betjeman Arms","address":"Unit 53","postcode":"N1C 4QL","real_ale":"Adnams Bitter, House beer brewed by Sharp's, +1 varies","beer_garden":""}},{"type":"Feature","geometry":{"type":"Point","coordinates":[-0.29953,51.51379]},"properties":{"name":"The Lodge Tavern","address":"","postcode":"","real_ale":"","beer_garden":""}},{"type":"Feature","geometry":{"type":"Point","coordinates":[-0.2988,51.51362]},"properties":{"name":"The Sir Michael Balcon","address":"The Mall 46-47","postcode":"W5 3TJ","real_ale":"","beer_garden":""}},{"type":"Feature","geometry":{"type":"Point","coordinates":[-0.14969,51.36006]},"properties":{"name":"The Whispering Moon","address":"Ross Parade 25","postcode":"SM6 8QF","real_ale":"","beer_garden":""}},{"type":"Feature","geometry":{"type":"Point","coordinates":[-0.19567,51.48018]},"properties":{"name":"Broadway Bar and Grill","address":"Fulham Road 474,476","postcode":"SW6 1BY","real_ale":"","beer_garden":""}},{"type":"Feature","geometry":{"type":"Point","coordinates":[-0.06607,51.62261]},"properties":{"name":"Hyde Arms","address":"","postcode":"","real_ale":"","beer_garden":""}},{"type":"Feature","geometry":{"type":"Point","coordinates":[-0.05754,51.62485]},"properties":{"name":"Railway Tavern","address":"Market Square 19-20","postcode":"N9 0TZ","real_ale":"","beer_garden":""}},{"type":"Feature","geometry":{"type":"Point","coordinates":[-0.18569,51.46453]},"properties":{"name":"The Waterfront","address":"Juniper Drive","postcode":"SW18 1TS","real_ale":"","beer_garden":""}},{"type":"Feature","geometry":{"type":"Point","coordinates":[-0.09558,51.51215]},"properties":{"name":"The Sea Horse","address":"Queen Victoria Street 64","postcode":"EC4N 4SJ","real_ale":"","beer_garden":""}},{"type":"Feature","geometry":{"type":"Point","coordinates":[-0.20973,51.48112]},"properties":{"name":"The Captain Cook","address":"Dawes Road 203-205","postcode":"SW6 7QY","real_ale":"","beer_garden":""}},{"type":"Feature","geometry":{"type":"Point","coordinates":[-0.08865,51.51781]},"properties":{"name":"Keats at the Globe","address":"","postcode":"","real_ale":"","beer_garden":""}},{"type":"Feature","geometry":{"type":"Point","coordinates":[-0.12436,51.50936]},"properties":{"name":"The Stranded","address":"Strand 430","postcode":"WC2R 0QN","real_ale":"","beer_garden":""}},{"type":"Feature","geometry":{"type":"Point","coordinates":[0.2336,51.60577]},"properties":{"name":"William The Conqueror","address":"","postcode":"","real_ale":"","beer_garden":""}},{"type":"Feature","geometry":{"type":"Point","coordinates":[0.0669,51.48247]},"properties":{"name":"Clyde","address":"","postcode":"","real_ale":"","beer_garden":""}},{"type":"Feature","geometry":{"type":"Point","coordinates":[0.07903,51.48083]},"properties":{"name":"The Star Inn","address":"Plumstead Common Road 158","postcode":"SE18 2UL","real_ale":"","beer_garden":""}},{"type":"Feature","geometry":{"type":"Point","coordinates":[-0.11815,51.52845]},"properties":{"name":"The Queen's Head","address":"Acton Street 66","postcode":"WC1X 9NB","real_ale":"yes","beer_garden":""}},{"type":"Feature","geometry":{"type":"Point","coordinates":[0.05322,51.64572]},"properties":{"name":"The Hollybush","address":"High Road 140","postcode":"IG10 4BE","real_ale":"","beer_garden":""}},{"type":"Feature","geometry":{"type":"Point","coordinates":[-0.39321,51.52645]},"properties":{"name":"The Walnut Tree","address":"","postcode":"","real_ale":"","beer_garden":""}},{"type":"Feature","geometry":{"type":"Point","coordinates":[-0.1469,51.47681]},"properties":{"name":"Masons Arms","address":"Battersea Park Road 169","postcode":"SW8 4BT","real_ale":"","beer_garden":""}},{"type":"Feature","geometry":{"type":"Point","coordinates":[-0.17822,51.41835]},"properties":{"name":"The Royal Standard","address":"High Street Colliers Wood 180","postcode":"SW19 2BN","real_ale":"","beer_garden":""}},{"type":"Feature","geometry":{"type":"Point","coordinates":[-0.16592,51.42609]},"properties":{"name":"The Antelope","address":"Mitcham Road 76","postcode":"SW17 9NG","real_ale":"","beer_garden":""}},{"type":"Feature","geometry":{"type":"Point","coordinates":[-0.12719,51.43012]},"properties":{"name":"The Leigham Arms","address":"Wellfield Road 1-3","postcode":"SW16 2BT","real_ale":"","beer_garden":""}},{"type":"Feature","geometry":{"type":"Point","coordinates":[-0.12966,51.43079]},"properties":{"name":"The White Lion","address":"Streatham High Road 232-234","postcode":"SW16 1BB","real_ale":"","beer_garden":""}},{"type":"Feature","geometry":{"type":"Point","coordinates":[-0.14642,51.45366]},"properties":{"name":"The Perky Nel","address":"Cavendish Road 7-8","postcode":"SW4 9DW","real_ale":"","beer_garden":""}},{"type":"Feature","geometry":{"type":"Point","coordinates":[-0.19627,51.43477]},"properties":{"name":"The Woodman","address":"Durnsford Road 222","postcode":"SW19 8DR","real_ale":"","beer_garden":""}},{"type":"Feature","geometry":{"type":"Point","coordinates":[-0.39989,51.57894]},"properties":{"name":"The Ascott","address":"Field End Road 144","postcode":"HA5 1RJ","real_ale":"4","beer_garden":""}},{"type":"Feature","geometry":{"type":"Point","coordinates":[-0.31963,51.60082]},"properties":{"name":"The Belmont","address":"","postcode":"","real_ale":"","beer_garden":""}},{"type":"Feature","geometry":{"type":"Point","coordinates":[0.0002,51.54024]},"properties":{"name":"The Abbey Tap","address":"Broadway 10-14","postcode":"E15 4QS","real_ale":"","beer_garden":""}},{"type":"Feature","geometry":{"type":"Point","coordinates":[-0.24283,51.59658]},"properties":{"name":"The Beaufort","address":"Heritage Avenue 2","postcode":"NW9 5TW","real_ale":"","beer_garden":""}},{"type":"Feature","geometry":{"type":"Point","coordinates":[-0.18216,51.4941]},"properties":{"name":"Stanhope Arms","address":"Gloucester Road 97","postcode":"","real_ale":"","beer_garden":""}},{"type":"Feature","geometry":{"type":"Point","coordinates":[-0.18757,51.48166]},"properties":{"name":"The Chelsea Gate","address":"Fulham Road 358","postcode":"SW10 9UU","real_ale":"","beer_garden":""}},{"type":"Feature","geometry":{"type":"Point","coordinates":[-0.2064,51.47508]},"properties":{"name":"The Fest","address":"Fulham Road 678-680","postcode":"SW6 5SA","real_ale":"","beer_garden":""}},{"type":"Feature","geometry":{"type":"Point","coordinates":[-0.20637,51.47514]},"properties":{"name":"The Brown Cow","address":"Fulham Road 676","postcode":"SW6 5SA","real_ale":"","beer_garden":""}},{"type":"Feature","geometry":{"type":"Point","coordinates":[-0.12092,51.53344]},"properties":{"name":"Central Station","address":"Wharfdale Road 37","postcode":"N1 9SD","real_ale":"","beer_garden":""}},{"type":"Feature","geometry":{"type":"Point","coordinates":[-0.25078,51.35224]},"properties":{"name":"The Wheatsheaf","address":"Kingston Road 34","postcode":"KT17 2AA","real_ale":"","beer_garden":""}},{"type":"Feature","geometry":{"type":"Point","coordinates":[-0.05842,51.52729]},"properties":{"name":"The Sun Tavern","address":"Bethnal Green Road 441","postcode":"E2 0AN","real_ale":"","beer_garden":""}},{"type":"Feature","geometry":{"type":"Point","coordinates":[-0.34693,51.63686]},"properties":{"name":"Three Crowns","address":"","postcode":"","real_ale":"","beer_garden":""}},{"type":"Feature","geometry":{"type":"Point","coordinates":[-0.12986,51.43011]},"properties":{"name":"The Holland Tringham","address":"Streatham High Road 107-109","postcode":"SW16 1HJ","real_ale":"","beer_garden":""}},{"type":"Feature","geometry":{"type":"Point","coordinates":[-0.17797,51.50041]},"properties":{"name":"FiveSixEight","address":"","postcode":"","real_ale":"","beer_garden":""}},{"type":"Feature","geometry":{"type":"Point","coordinates":[0.04845,51.49215]},"properties":{"name":"Le Wouri","address":"Woolwich Church Street 48","postcode":"SE18 5NN","real_ale":"","beer_garden":""}},{"type":"Feature","geometry":{"type":"Point","coordinates":[-0.22015,51.50638]},"properties":{"name":"The Bull","address":"Ariel Way","postcode":"W12 7GA","real_ale":"","beer_garden":""}},{"type":"Feature","geometry":{"type":"Point","coordinates":[-0.08566,51.51297]},"properties":{"name":"Jamaica Wine House","address":"St. Michaels Alley","postcode":"EC3V 9DS","real_ale":"","beer_garden":""}},{"type":"Feature","geometry":{"type":"Point","coordinates":[-0.08595,51.51303]},"properties":{"name":"Simpson's Tavern","address":"Ball Court 38 1/2","postcode":"EC3V 9DR","real_ale":"","beer_garden":""}},{"type":"Feature","geometry":{"type":"Point","coordinates":[-0.08577,51.51292]},"properties":{"name":"George and Vulture","address":"Castle Court 2-3","postcode":"EC3V 9DL","real_ale":"","beer_garden":""}},{"type":"Feature","geometry":{"type":"Point","coordinates":[-0.1033,51.63466]},"properties":{"name":"The Kings Head","address":"","postcode":"","real_ale":"yes","beer_garden":""}},{"type":"Feature","geometry":{"type":"Point","coordinates":[-0.11236,51.574]},"properties":{"name":"Nicholas Nickleby","address":"Ferme Park Road 6","postcode":"N4 4ED","real_ale":"","beer_garden":""}},{"type":"Feature","geometry":{"type":"Point","coordinates":[-0.22572,51.49275]},"properties":{"name":"The Hop Poles","address":"","postcode":"","real_ale":"yes","beer_garden":""}},{"type":"Feature","geometry":{"type":"Point","coordinates":[-0.21924,51.4879]},"properties":{"name":"Reynold's Bar","address":"","postcode":"","real_ale":"","beer_garden":""}},{"type":"Feature","geometry":{"type":"Point","coordinates":[-0.1165,51.55927]},"properties":{"name":"The Halfway House Bar","address":"","postcode":"","real_ale":"","beer_garden":""}},{"type":"Feature","geometry":{"type":"Point","coordinates":[-0.07941,51.51137]},"properties":{"name":"The Windsor","address":"New London Street 2","postcode":"EC3R 7NA","real_ale":"","beer_garden":""}},{"type":"Feature","geometry":{"type":"Point","coordinates":[-0.08079,51.50953]},"properties":{"name":"Hung, Drawn and Quartered","address":"Great Tower Street 26-27","postcode":"EC3R 5AQ","real_ale":"","beer_garden":""}},{"type":"Feature","geometry":{"type":"Point","coordinates":[0.06987,51.35956]},"properties":{"name":"The Change of Horses","address":"High Street 87","postcode":"BR6 7BB","real_ale":"","beer_garden":""}},{"type":"Feature","geometry":{"type":"Point","coordinates":[0.08775,51.35999]},"properties":{"name":"The Buff","address":"Pinewood Drive","postcode":"BR6 9NL","real_ale":"","beer_garden":""}},{"type":"Feature","geometry":{"type":"Point","coordinates":[-0.2017,51.51677]},"properties":{"name":"The Tabernacle","address":"","postcode":"","real_ale":"","beer_garden":""}},{"type":"Feature","geometry":{"type":"Point","coordinates":[-0.07947,51.58503]},"properties":{"name":"The Fountain","address":"West Green Road 125-127","postcode":"N15 5DE","real_ale":"","beer_garden":""}},{"type":"Feature","geometry":{"type":"Point","coordinates":[-0.13201,51.61618]},"properties":{"name":"Arnos Arms","address":"Bowes Road 338","postcode":"N11 1AN","real_ale":"","beer_garden":""}},{"type":"Feature","geometry":{"type":"Point","coordinates":[-0.17331,51.46157]},"properties":{"name":"The Plough","address":"St. John's Hill 89","postcode":"SW11 1SY","real_ale":"","beer_garden":""}},{"type":"Feature","geometry":{"type":"Point","coordinates":[-0.19273,51.41076]},"properties":{"name":"Prince of Wales","address":"Morden Road 98","postcode":"SW19 3BP","real_ale":"yes","beer_garden":"yes"}},{"type":"Feature","geometry":{"type":"Point","coordinates":[-0.1284,51.43542]},"properties":{"name":"The Rebel Inn","address":"Streatham High Road 78A-78B","postcode":"SW16 1BS","real_ale":"","beer_garden":""}},{"type":"Feature","geometry":{"type":"Point","coordinates":[-0.0899,51.47295]},"properties":{"name":"The Kerfield Arms","address":"Grove Lane 16","postcode":"SE5 8SY","real_ale":"","beer_garden":""}},{"type":"Feature","geometry":{"type":"Point","coordinates":[-0.1953,51.36815]},"properties":{"name":"The Crown","address":"High Street 285","postcode":"SM1 1LD","real_ale":"","beer_garden":""}},{"type":"Feature","geometry":{"type":"Point","coordinates":[-0.11062,51.55168]},"properties":{"name":"The Rocket (Student Bar)","address":"","postcode":"","real_ale":"","beer_garden":""}},{"type":"Feature","geometry":{"type":"Point","coordinates":[-0.2219,51.39109]},"properties":{"name":"The Morden Brook","address":"Lower Morden Lane","postcode":"SM4 4SS","real_ale":"","beer_garden":""}},{"type":"Feature","geometry":{"type":"Point","coordinates":[-0.14322,51.63181]},"properties":{"name":"The Osidge Arms","address":"Osidge Lane","postcode":"N14 5JP","real_ale":"","beer_garden":""}},{"type":"Feature","geometry":{"type":"Point","coordinates":[-0.10812,51.50707]},"properties":{"name":"The Thirsty Bear","address":"Stamford street 62","postcode":"SE1 9LX","real_ale":"","beer_garden":""}},{"type":"Feature","geometry":{"type":"Point","coordinates":[0.05396,51.45032]},"properties":{"name":"Old Post Office","address":"Passey Place 4","postcode":"SE9 5DQ","real_ale":"","beer_garden":""}},{"type":"Feature","geometry":{"type":"Point","coordinates":[-0.2191,51.50383]},"properties":{"name":"The Central Bar","address":"Shepherd's Bush Green","postcode":"W12 8PP","real_ale":"yes","beer_garden":""}},{"type":"Feature","geometry":{"type":"Point","coordinates":[-0.1632,51.45511]},"properties":{"name":"Eagle Ale House","address":"","postcode":"","real_ale":"","beer_garden":""}},{"type":"Feature","geometry":{"type":"Point","coordinates":[-0.18914,51.44288]},"properties":{"name":"The Wandle","address":"Garratt Lane 332","postcode":"SW18 4EJ","real_ale":"","beer_garden":""}},{"type":"Feature","geometry":{"type":"Point","coordinates":[-0.18727,51.44173]},"properties":{"name":"Halfway House","address":"Garratt Lane 521","postcode":"SW18 4SR","real_ale":"","beer_garden":""}},{"type":"Feature","geometry":{"type":"Point","coordinates":[-0.29567,51.53321]},"properties":{"name":"The Fox and Goose","address":"","postcode":"","real_ale":"","beer_garden":""}},{"type":"Feature","geometry":{"type":"Point","coordinates":[0.21667,51.5628]},"properties":{"name":"OJ's","address":"High Street 64-68","postcode":"RM12 4UW","real_ale":"","beer_garden":""}},{"type":"Feature","geometry":{"type":"Point","coordinates":[-0.13494,51.4715]},"properties":{"name":"Feeleys","address":"","postcode":"","real_ale":"","beer_garden":""}},{"type":"Feature","geometry":{"type":"Point","coordinates":[-0.25508,51.39889]},"properties":{"name":"The Watchman","address":"High Street 184","postcode":"KT3 4ES","real_ale":"","beer_garden":""}},{"type":"Feature","geometry":{"type":"Point","coordinates":[-0.2572,51.40432]},"properties":{"name":"The Glasshouse","address":"Coombe Road 14","postcode":"KT3 4QE","real_ale":"","beer_garden":""}},{"type":"Feature","geometry":{"type":"Point","coordinates":[-0.10117,51.4775]},"properties":{"name":"Clarendon Arms","address":"Camberwell New Road 225","postcode":"SE5 0TH","real_ale":"","beer_garden":""}},{"type":"Feature","geometry":{"type":"Point","coordinates":[-0.34697,51.38257]},"properties":{"name":"Cricketers on the Green","address":"","postcode":"","real_ale":"","beer_garden":""}},{"type":"Feature","geometry":{"type":"Point","coordinates":[-0.34729,51.38211]},"properties":{"name":"The Greyhound","address":"","postcode":"","real_ale":"","beer_garden":""}},{"type":"Feature","geometry":{"type":"Point","coordinates":[-0.16165,51.41953]},"properties":{"name":"Gorringe Park","address":"London Road 29","postcode":"SW17 9JR","real_ale":"","beer_garden":""}},{"type":"Feature","geometry":{"type":"Point","coordinates":[-0.39422,51.50207]},"properties":{"name":"The Scotsman","address":"Scotts Road 96","postcode":"UB2 5DE","real_ale":"","beer_garden":""}},{"type":"Feature","geometry":{"type":"Point","coordinates":[0.22552,51.50554]},"properties":{"name":"Lennards Inn","address":"","postcode":"","real_ale":"","beer_garden":""}},{"type":"Feature","geometry":{"type":"Point","coordinates":[-0.07806,51.63541]},"properties":{"name":"Stag & Hounds","address":"","postcode":"","real_ale":"","beer_garden":""}},{"type":"Feature","geometry":{"type":"Point","coordinates":[-0.07813,51.63454]},"properties":{"name":"The Beehive","address":"","postcode":"","real_ale":"","beer_garden":""}},{"type":"Feature","geometry":{"type":"Point","coordinates":[-0.0547,51.43805]},"properties":{"name":"Sylvan Post","address":"Dartmouth Road 24-28","postcode":"SE23 3XU","real_ale":"","beer_garden":""}},{"type":"Feature","geometry":{"type":"Point","coordinates":[0.08981,51.35226]},"properties":{"name":"The Queens Head","address":"High Street 73","postcode":"BR6 6BQ","real_ale":"","beer_garden":""}},{"type":"Feature","geometry":{"type":"Point","coordinates":[0.0887,51.35097]},"properties":{"name":"The Royal Oak","address":"High Street","postcode":"BR6 6BJ","real_ale":"","beer_garden":""}},{"type":"Feature","geometry":{"type":"Point","coordinates":[-0.13252,51.5126]},"properties":{"name":"Comptons of Soho","address":"Old Compton Street 51-53","postcode":"W1D 6HN","real_ale":"","beer_garden":""}},{"type":"Feature","geometry":{"type":"Point","coordinates":[-0.2631,51.50873]},"properties":{"name":"The Station House","address":"Churchfield Road","postcode":"W3 6BH","real_ale":"","beer_garden":""}},{"type":"Feature","geometry":{"type":"Point","coordinates":[-0.16409,51.45391]},"properties":{"name":"The Bolingbroke","address":"Northcote Road 174-172","postcode":"SW11 6RE","real_ale":"","beer_garden":""}},{"type":"Feature","geometry":{"type":"Point","coordinates":[-0.11751,51.51485]},"properties":{"name":"The Three Tuns","address":"","postcode":"","real_ale":"","beer_garden":""}},{"type":"Feature","geometry":{"type":"Point","coordinates":[-0.40777,51.4057]},"properties":{"name":"The Magpie","address":"Thames Street 64","postcode":"TW16 6AF","real_ale":"","beer_garden":""}},{"type":"Feature","geometry":{"type":"Point","coordinates":[-0.18662,51.43982]},"properties":{"name":"The Open Page","address":"Garratt Lane 573","postcode":"SW18 4ST","real_ale":"","beer_garden":"yes"}},{"type":"Feature","geometry":{"type":"Point","coordinates":[0.02404,51.59445]},"properties":{"name":"Slug and Lettuce","address":"George Lane 184","postcode":"E18 1AY","real_ale":"yes","beer_garden":""}},{"type":"Feature","geometry":{"type":"Point","coordinates":[0.06762,51.35925]},"properties":{"name":"The Woodman","address":"High Street 50","postcode":"BR6 7BA","real_ale":"","beer_garden":""}},{"type":"Feature","geometry":{"type":"Point","coordinates":[-0.27965,51.58467]},"properties":{"name":"Hennessys","address":"","postcode":"","real_ale":"","beer_garden":""}},{"type":"Feature","geometry":{"type":"Point","coordinates":[-0.19254,51.36186]},"properties":{"name":"Shinner and Sudtone","address":"High Street 67","postcode":"SM1 1DT","real_ale":"","beer_garden":""}},{"type":"Feature","geometry":{"type":"Point","coordinates":[-0.19246,51.36167]},"properties":{"name":"Ebb & Flow","address":"High Street 59-61","postcode":"SM1 1DT","real_ale":"","beer_garden":""}},{"type":"Feature","geometry":{"type":"Point","coordinates":[-0.0147,51.50464]},"properties":{"name":"BrewDog","address":"Churchill Place 2","postcode":"E14 5RB","real_ale":"","beer_garden":""}},{"type":"Feature","geometry":{"type":"Point","coordinates":[-0.18496,51.49453]},"properties":{"name":"Tavern Pub","address":"Cromwell Road 97","postcode":"SW7 4DN","real_ale":"","beer_garden":""}},{"type":"Feature","geometry":{"type":"Point","coordinates":[0.02554,51.61505]},"properties":{"name":"The Travellers Friend","address":"High Road 496-498","postcode":"IG8 0PN","real_ale":"4","beer_garden":""}},{"type":"Feature","geometry":{"type":"Point","coordinates":[-0.10111,51.3696]},"properties":{"name":"The Bull's Head","address":"Laud Street","postcode":"CR0 1SX","real_ale":"","beer_garden":""}},{"type":"Feature","geometry":{"type":"Point","coordinates":[-0.10838,51.37398]},"properties":{"name":"The Wandle Arms","address":"","postcode":"","real_ale":"","beer_garden":""}},{"type":"Feature","geometry":{"type":"Point","coordinates":[-0.05362,51.36804]},"properties":{"name":"The Surprise","address":"Upper Shirley Road 107","postcode":"CR0 5HF","real_ale":"","beer_garden":""}},{"type":"Feature","geometry":{"type":"Point","coordinates":[-0.0161,51.45514]},"properties":{"name":"The Jolly Farmer","address":"Lewisham High Street 354","postcode":"","real_ale":"","beer_garden":""}},{"type":"Feature","geometry":{"type":"Point","coordinates":[-0.20463,51.51881]},"properties":{"name":"The Pelican","address":"All Saints Road 45","postcode":"","real_ale":"","beer_garden":""}},{"type":"Feature","geometry":{"type":"Point","coordinates":[-0.11313,51.49331]},"properties":{"name":"Oxymoron - The Royal Oak","address":"Fitzalan Street 78","postcode":"SE11 6QU","real_ale":"","beer_garden":""}},{"type":"Feature","geometry":{"type":"Point","coordinates":[-0.30713,51.45938]},"properties":{"name":"Waterman's Arms","address":"Water Lane 10","postcode":"TW9 1TJ","real_ale":"","beer_garden":""}},{"type":"Feature","geometry":{"type":"Point","coordinates":[-0.09286,51.50047]},"properties":{"name":"Dover Castle","address":"Great Dover Street 6a","postcode":"SE1 4XW","real_ale":"","beer_garden":""}},{"type":"Feature","geometry":{"type":"Point","coordinates":[-0.10697,51.53371]},"properties":{"name":"The Islington","address":"Liverpool Road 13","postcode":"N1 0RW","real_ale":"","beer_garden":""}},{"type":"Feature","geometry":{"type":"Point","coordinates":[-0.15238,51.44495]},"properties":{"name":"Balham Bowls Club","address":"Ramsden Road 7-9","postcode":"SW12 8QX","real_ale":"","beer_garden":""}},{"type":"Feature","geometry":{"type":"Point","coordinates":[-0.1993,51.48566]},"properties":{"name":"George & Dragon","address":"","postcode":"","real_ale":"","beer_garden":""}},{"type":"Feature","geometry":{"type":"Point","coordinates":[-0.28245,51.56204]},"properties":{"name":"Sports Bar","address":"Wembley Park Drive 125","postcode":"HA9 8HQ","real_ale":"","beer_garden":""}},{"type":"Feature","geometry":{"type":"Point","coordinates":[-0.28264,51.56204]},"properties":{"name":"The Wembley Tavern","address":"Wembley Park Drive 121","postcode":"HA9 8HG","real_ale":"","beer_garden":""}},{"type":"Feature","geometry":{"type":"Point","coordinates":[-0.17257,51.42386]},"properties":{"name":"The Tooting Tavern","address":"Tooting High Street 196","postcode":"SW17 0SF","real_ale":"","beer_garden":""}},{"type":"Feature","geometry":{"type":"Point","coordinates":[-0.18421,51.52103]},"properties":{"name":"The Bridge House","address":"Westbourne Terrace Road 13","postcode":"","real_ale":"","beer_garden":""}},{"type":"Feature","geometry":{"type":"Point","coordinates":[-0.06805,51.59693]},"properties":{"name":"The Bluecoats Pub","address":"High Road 614","postcode":"N17 9TA","real_ale":"","beer_garden":""}},{"type":"Feature","geometry":{"type":"Point","coordinates":[-0.10164,51.368]},"properties":{"name":"The Surrey Cricketers","address":"West Street 23","postcode":"CR0 1DJ","real_ale":"","beer_garden":""}},{"type":"Feature","geometry":{"type":"Point","coordinates":[-0.14891,51.47588]},"properties":{"name":"Paya and Horse","address":"Battersea Park Road 181","postcode":"SW11 4LB","real_ale":"","beer_garden":""}},{"type":"Feature","geometry":{"type":"Point","coordinates":[-0.02208,51.543]},"properties":{"name":"Crate Brewery & Pizza","address":"White Post Lane 43","postcode":"E9 5EN","real_ale":"6","beer_garden":""}},{"type":"Feature","geometry":{"type":"Point","coordinates":[-0.09637,51.39292]},"properties":{"name":"Pawsons Arms","address":"Pawson's Road 69","postcode":"CR0 2QA","real_ale":"","beer_garden":""}},{"type":"Feature","geometry":{"type":"Point","coordinates":[-0.09994,51.39129]},"properties":{"name":"The Lion Inn","address":"Pawson's Road 182","postcode":"CR0 2QD","real_ale":"","beer_garden":""}},{"type":"Feature","geometry":{"type":"Point","coordinates":[-0.0684,51.60592]},"properties":{"name":"Bricklayers Arms","address":"High Road","postcode":"","real_ale":"","beer_garden":""}},{"type":"Feature","geometry":{"type":"Point","coordinates":[-0.30859,51.63918]},"properties":{"name":"the victory","address":"","postcode":"","real_ale":"","beer_garden":""}},{"type":"Feature","geometry":{"type":"Point","coordinates":[-0.12459,51.52285]},"properties":{"name":"Friend at Hand","address":"Herbrand Street 2-4","postcode":"WC1N 1HX","real_ale":"","beer_garden":""}},{"type":"Feature","geometry":{"type":"Point","coordinates":[-0.07719,51.61648]},"properties":{"name":"Dicey Reilly's","address":"Silver Street 161","postcode":"N18 1PY","real_ale":"","beer_garden":""}},{"type":"Feature","geometry":{"type":"Point","coordinates":[-0.17646,51.61532]},"properties":{"name":"The Bohemia","address":"High Road 762","postcode":"N12 9QH","real_ale":"yes","beer_garden":""}},{"type":"Feature","geometry":{"type":"Point","coordinates":[-0.38466,51.59567]},"properties":{"name":"Oddfellows Arms","address":"Waxwell Lane 2","postcode":"HA5 3EN","real_ale":"","beer_garden":""}},{"type":"Feature","geometry":{"type":"Point","coordinates":[-0.32933,51.56054]},"properties":{"name":"The Black Horse","address":"Harrow Road 1018","postcode":"HA0 2QP","real_ale":"","beer_garden":""}},{"type":"Feature","geometry":{"type":"Point","coordinates":[-0.05553,51.427]},"properties":{"name":"The Greyhound","address":"Kirkdale 313-315","postcode":"SE26 4QB","real_ale":"","beer_garden":""}},{"type":"Feature","geometry":{"type":"Point","coordinates":[0.18099,51.6137]},"properties":{"name":"The Orange Tree","address":"Orange Tree Hill 67","postcode":"RM4 1PJ","real_ale":"","beer_garden":""}},{"type":"Feature","geometry":{"type":"Point","coordinates":[-0.40362,51.58884]},"properties":{"name":"The Case Is Altered","address":"High Road Eastcote","postcode":"HA5 2EW","real_ale":"","beer_garden":""}},{"type":"Feature","geometry":{"type":"Point","coordinates":[-0.38792,51.49518]},"properties":{"name":"Old Oak Tree","address":"","postcode":"","real_ale":"","beer_garden":""}},{"type":"Feature","geometry":{"type":"Point","coordinates":[-0.13023,51.64834]},"properties":{"name":"Doyle's","address":"Bramley Road 155","postcode":"N14 4XA","real_ale":"","beer_garden":""}},{"type":"Feature","geometry":{"type":"Point","coordinates":[-0.29441,51.57288]},"properties":{"name":"the fléadh","address":"Preston Road 278","postcode":"HA3 0QA","real_ale":"","beer_garden":""}},{"type":"Feature","geometry":{"type":"Point","coordinates":[-0.054,51.63336]},"properties":{"name":"The Cock Tavern","address":"Hertford Road, Edmonton 269","postcode":"","real_ale":"","beer_garden":""}},{"type":"Feature","geometry":{"type":"Point","coordinates":[-0.04363,51.42573]},"properties":{"name":"Prince Alfred","address":"Sydenham Road 178","postcode":"SE26 5RP","real_ale":"","beer_garden":""}},{"type":"Feature","geometry":{"type":"Point","coordinates":[-0.05588,51.63004]},"properties":{"name":"The King William","address":"Hertford Road 192","postcode":"","real_ale":"","beer_garden":""}},{"type":"Feature","geometry":{"type":"Point","coordinates":[0.05014,51.45105]},"properties":{"name":"Draughts","address":"Eltham High Street 34","postcode":"SE9 1BT","real_ale":"","beer_garden":""}},{"type":"Feature","geometry":{"type":"Point","coordinates":[-0.12082,51.53108]},"properties":{"name":"The Scottish Stores","address":"Caledonian Road 2-4","postcode":"N1 9DT","real_ale":"2 from Hammerton +1, may vary","beer_garden":""}},{"type":"Feature","geometry":{"type":"Point","coordinates":[0.05122,51.45673]},"properties":{"name":"Berry and Barrel","address":"Well Hall Parade 18","postcode":"SE9 6SP","real_ale":"yes","beer_garden":""}},{"type":"Feature","geometry":{"type":"Point","coordinates":[-0.17056,51.51905]},"properties":{"name":"Brewdog Paddington","address":"West End Quay Unit 1","postcode":"W2 1JX","real_ale":"","beer_garden":""}},{"type":"Feature","geometry":{"type":"Point","coordinates":[-0.12593,51.44796]},"properties":{"name":"The Sultan","address":"New Park Road 37-39","postcode":"SW2 4DU","real_ale":"","beer_garden":""}},{"type":"Feature","geometry":{"type":"Point","coordinates":[-0.0089,51.46246]},"properties":{"name":"Lewisham Tavern","address":"Lee High Road 1","postcode":"SE13 5LD","real_ale":"","beer_garden":""}},{"type":"Feature","geometry":{"type":"Point","coordinates":[0.21641,51.56282]},"properties":{"name":"J.J. Moon's","address":"High Street 46–62","postcode":"RM12 4UN","real_ale":"","beer_garden":""}},{"type":"Feature","geometry":{"type":"Point","coordinates":[-0.10341,51.54573]},"properties":{"name":"The White Swan","address":"Upper Street 255-256","postcode":"N1 1RY","real_ale":"","beer_garden":""}},{"type":"Feature","geometry":{"type":"Point","coordinates":[-0.06877,51.64153]},"properties":{"name":"Bush Hill Park","address":"St Mark's Road 141","postcode":"EN1 1BA","real_ale":"","beer_garden":""}},{"type":"Feature","geometry":{"type":"Point","coordinates":[-0.14456,51.55424]},"properties":{"name":"Never For Ever","address":"Highgate Road 79","postcode":"NW5 1TL","real_ale":"","beer_garden":""}},{"type":"Feature","geometry":{"type":"Point","coordinates":[-0.1273,51.52389]},"properties":{"name":"London Pub","address":"","postcode":"","real_ale":"","beer_garden":""}},{"type":"Feature","geometry":{"type":"Point","coordinates":[-0.14366,51.55853]},"properties":{"name":"Dartmouth Arms","address":"","postcode":"","real_ale":"","beer_garden":""}},{"type":"Feature","geometry":{"type":"Point","coordinates":[-0.01424,51.45685]},"properties":{"name":"The Fox & Firkin","address":"Lewisham High Street 316","postcode":"SE13 6JZ","real_ale":"","beer_garden":""}},{"type":"Feature","geometry":{"type":"Point","coordinates":[0.08022,51.48109]},"properties":{"name":"The Ship","address":"Plumstead Common Road 205","postcode":"SE18 2UJ","real_ale":"","beer_garden":""}},{"type":"Feature","geometry":{"type":"Point","coordinates":[-0.30829,51.41002]},"properties":{"name":"The Gazebo","address":"Riverside Walk","postcode":"KT1 1QN","real_ale":"","beer_garden":""}},{"type":"Feature","geometry":{"type":"Point","coordinates":[-0.05617,51.52833]},"properties":{"name":"Mother Kelly's","address":"Paradise Row 251","postcode":"E2 9LE","real_ale":"","beer_garden":""}},{"type":"Feature","geometry":{"type":"Point","coordinates":[-0.03709,51.45467]},"properties":{"name":"LDN Beer Dispensary","address":"Brockley Road 389","postcode":"SE4 2PH","real_ale":"","beer_garden":""}},{"type":"Feature","geometry":{"type":"Point","coordinates":[-0.04118,51.44765]},"properties":{"name":"Chandos","address":"Brockley Rise 56","postcode":"SE23 1LN","real_ale":"","beer_garden":""}},{"type":"Feature","geometry":{"type":"Point","coordinates":[-0.33748,51.50633]},"properties":{"name":"Prince of Wales","address":"Boston Road 62","postcode":"W7 3TP","real_ale":"","beer_garden":""}},{"type":"Feature","geometry":{"type":"Point","coordinates":[-0.3372,51.5059]},"properties":{"name":"Village Inn","address":"","postcode":"","real_ale":"","beer_garden":""}},{"type":"Feature","geometry":{"type":"Point","coordinates":[-0.08037,51.51094]},"properties":{"name":"Balls Brothers","address":"Minster Court 2","postcode":"EC3R 7BB","real_ale":"","beer_garden":""}},{"type":"Feature","geometry":{"type":"Point","coordinates":[-0.06111,51.51733]},"properties":{"name":"The Good Samaritan","address":"Turner Street 87","postcode":"E1 2AE","real_ale":"","beer_garden":""}},{"type":"Feature","geometry":{"type":"Point","coordinates":[-0.17923,51.46526]},"properties":{"name":"The Anchor","address":"Hope Street 82","postcode":"","real_ale":"","beer_garden":""}},{"type":"Feature","geometry":{"type":"Point","coordinates":[0.01692,51.63433]},"properties":{"name":"The Royal Forest","address":"Ranger's Road 4","postcode":"E4 7QH","real_ale":"","beer_garden":""}},{"type":"Feature","geometry":{"type":"Point","coordinates":[-0.41332,51.57332]},"properties":{"name":"J.J. Moon's","address":"Victoria Road 12","postcode":"","real_ale":"yes","beer_garden":""}},{"type":"Feature","geometry":{"type":"Point","coordinates":[-0.1878,51.52267]},"properties":{"name":"The Waterway","address":"Formosa Street 54","postcode":"W9 2JU","real_ale":"","beer_garden":""}},{"type":"Feature","geometry":{"type":"Point","coordinates":[-0.24482,51.6021]},"properties":{"name":"Hind and Hart","address":"","postcode":"","real_ale":"","beer_garden":""}},{"type":"Feature","geometry":{"type":"Point","coordinates":[-0.37292,51.5135]},"properties":{"name":"The Plough","address":"North Road 89","postcode":"","real_ale":"","beer_garden":""}},{"type":"Feature","geometry":{"type":"Point","coordinates":[-0.14882,51.49294]},"properties":{"name":"Travellers Tavern","address":"Elizabeth Street 4","postcode":"SW1W 9RB","real_ale":"","beer_garden":""}},{"type":"Feature","geometry":{"type":"Point","coordinates":[-0.31928,51.51424]},"properties":{"name":"The Drayton Court","address":"The Avenue 2","postcode":"W13 8PH","real_ale":"","beer_garden":"yes"}},{"type":"Feature","geometry":{"type":"Point","coordinates":[-0.33744,51.50673]},"properties":{"name":"Dodo","address":"Boston Road 52","postcode":"W7 3TR","real_ale":"yes","beer_garden":""}},{"type":"Feature","geometry":{"type":"Point","coordinates":[-0.00823,51.54213]},"properties":{"name":"The Cow","address":"Montfichet Road 4","postcode":"E20 1GL","real_ale":"","beer_garden":""}},{"type":"Feature","geometry":{"type":"Point","coordinates":[-0.30069,51.41133]},"properties":{"name":"The Kings Tun","address":"Clarence Street 153-157","postcode":"KT1 1QT","real_ale":"","beer_garden":""}},{"type":"Feature","geometry":{"type":"Point","coordinates":[-0.363,51.64548]},"properties":{"name":"The King Stag","address":"Bournehall Road 15","postcode":"WD23 3EH","real_ale":"","beer_garden":""}},{"type":"Feature","geometry":{"type":"Point","coordinates":[-0.3919,51.499]},"properties":{"name":"Prince of Wales","address":"Western Road 202","postcode":"UB2 5ED","real_ale":"","beer_garden":""}},{"type":"Feature","geometry":{"type":"Point","coordinates":[-0.15603,51.46568]},"properties":{"name":"The Crown","address":"Lavender Hill 102","postcode":"SW11 5RD","real_ale":"","beer_garden":""}},{"type":"Feature","geometry":{"type":"Point","coordinates":[-0.15085,51.47531]},"properties":{"name":"The Magic Garden","address":"Battersea Park Road 231","postcode":"SW11 4LG","real_ale":"","beer_garden":""}},{"type":"Feature","geometry":{"type":"Point","coordinates":[-0.18809,51.44238]},"properties":{"name":"The Earlsfield","address":"Garratt Lane 511","postcode":"SW18 4SW","real_ale":"","beer_garden":""}},{"type":"Feature","geometry":{"type":"Point","coordinates":[-0.15708,51.47409]},"properties":{"name":"The Lost Society","address":"Battersea Park Road 339","postcode":"SW11 4LS","real_ale":"","beer_garden":""}},{"type":"Feature","geometry":{"type":"Point","coordinates":[-0.13882,51.52812]},"properties":{"name":"Shaker and Co","address":"","postcode":"","real_ale":"","beer_garden":""}},{"type":"Feature","geometry":{"type":"Point","coordinates":[-0.09593,51.48516]},"properties":{"name":"Orbit Beers Brewery Tap Room","address":"Fielding Street","postcode":"SE17 3HD","real_ale":"","beer_garden":""}},{"type":"Feature","geometry":{"type":"Point","coordinates":[-0.07594,51.59835]},"properties":{"name":"The Elmhurst","address":"Lordship Lane 131","postcode":"N17 6XE","real_ale":"","beer_garden":""}},{"type":"Feature","geometry":{"type":"Point","coordinates":[-0.2847,51.4874]},"properties":{"name":"The Steam Packet","address":"Strand on the Green 85","postcode":"W4 3NN","real_ale":"yes","beer_garden":""}},{"type":"Feature","geometry":{"type":"Point","coordinates":[0.06659,51.4693]},"properties":{"name":"The Bull","address":"","postcode":"","real_ale":"","beer_garden":""}},{"type":"Feature","geometry":{"type":"Point","coordinates":[-0.02875,51.51222]},"properties":{"name":"Star of the East","address":"Commercial Road 805A","postcode":"E14 7HG","real_ale":"yes","beer_garden":""}},{"type":"Feature","geometry":{"type":"Point","coordinates":[-0.35482,51.40032]},"properties":{"name":"The Poyntz Arms","address":"Walton Road 85","postcode":"KT8 0DP","real_ale":"","beer_garden":""}},{"type":"Feature","geometry":{"type":"Point","coordinates":[-0.10357,51.43413]},"properties":{"name":"Badger Badger","address":"Norwood Road 543","postcode":"SE27 9DL","real_ale":"","beer_garden":""}},{"type":"Feature","geometry":{"type":"Point","coordinates":[-0.14408,51.49573]},"properties":{"name":"Sports Bar and Grill","address":"","postcode":"","real_ale":"","beer_garden":""}},{"type":"Feature","geometry":{"type":"Point","coordinates":[-0.17832,51.49863]},"properties":{"name":"ħ","address":"","postcode":"","real_ale":"","beer_garden":""}},{"type":"Feature","geometry":{"type":"Point","coordinates":[-0.14486,51.53612]},"properties":{"name":"The Edinboro Castle","address":"Mornington Terrace 57","postcode":"","real_ale":"","beer_garden":"yes"}},{"type":"Feature","geometry":{"type":"Point","coordinates":[0.11322,51.46194]},"properties":{"name":"The Door Hinge","address":"Welling High Street 11","postcode":"DA16 1TR","real_ale":"yes","beer_garden":""}},{"type":"Feature","geometry":{"type":"Point","coordinates":[-0.07111,51.47366]},"properties":{"name":"The Hope","address":"Melon Road 3","postcode":"SE15 5QW","real_ale":"","beer_garden":""}},{"type":"Feature","geometry":{"type":"Point","coordinates":[-0.10523,51.58999]},"properties":{"name":"The Toll Gate","address":"Turnpike Lane 26-30","postcode":"N8 0PS","real_ale":"","beer_garden":""}},{"type":"Feature","geometry":{"type":"Point","coordinates":[-0.22418,51.4917]},"properties":{"name":"The Craft Beer Co.","address":"Broadway Shopping Centre 17-18","postcode":"","real_ale":"","beer_garden":""}},{"type":"Feature","geometry":{"type":"Point","coordinates":[-0.10409,51.48741]},"properties":{"name":"Royal British Legion","address":"","postcode":"","real_ale":"","beer_garden":""}},{"type":"Feature","geometry":{"type":"Point","coordinates":[-0.09716,51.49015]},"properties":{"name":"The Tankard","address":"Walworth Road 178","postcode":"SE17 1JL","real_ale":"","beer_garden":""}},{"type":"Feature","geometry":{"type":"Point","coordinates":[-0.17645,51.51678]},"properties":{"name":"Beer House","address":"","postcode":"","real_ale":"yes","beer_garden":""}},{"type":"Feature","geometry":{"type":"Point","coordinates":[-0.10277,51.48276]},"properties":{"name":"Canterbury Arms","address":"2-4","postcode":"SE17 3NH","real_ale":"","beer_garden":""}},{"type":"Feature","geometry":{"type":"Point","coordinates":[-0.105,51.51403]},"properties":{"name":"Crown & Sugar Loaf","address":"Bride Lane 26","postcode":"EC4Y 8DT","real_ale":"","beer_garden":""}},{"type":"Feature","geometry":{"type":"Point","coordinates":[0.17849,51.45223]},"properties":{"name":"Penny Farthing","address":"Waterside 3","postcode":"DA1 4JJ","real_ale":"yes","beer_garden":""}},{"type":"Feature","geometry":{"type":"Point","coordinates":[-0.08549,51.47854]},"properties":{"name":"The Flying Dutchman","address":"Wells Way 156","postcode":"SE5 7SY","real_ale":"","beer_garden":""}},{"type":"Feature","geometry":{"type":"Point","coordinates":[-0.17364,51.51866]},"properties":{"name":"The Sir Alexander Fleming","address":"Merchant Square 5","postcode":"W2 1AS","real_ale":"","beer_garden":""}},{"type":"Feature","geometry":{"type":"Point","coordinates":[0.07176,51.49236]},"properties":{"name":"SALT Woolwich","address":"Major Draper Street 15","postcode":"SE18 6GD","real_ale":"","beer_garden":""}},{"type":"Feature","geometry":{"type":"Point","coordinates":[-0.07741,51.51521]},"properties":{"name":"City Bar & Kitchen","address":"Stoney Lane 9","postcode":"E1 7BH","real_ale":"","beer_garden":""}},{"type":"Feature","geometry":{"type":"Point","coordinates":[-0.19187,51.55118]},"properties":{"name":"The Black Lion","address":"West End Lane 295-297","postcode":"NW6 1RD","real_ale":"","beer_garden":""}},{"type":"Feature","geometry":{"type":"Point","coordinates":[-0.1888,51.47468]},"properties":{"name":"Queen Elisabeth","address":"","postcode":"","real_ale":"","beer_garden":""}},{"type":"Feature","geometry":{"type":"Point","coordinates":[-0.11489,51.50459]},"properties":{"name":"Waterloo Tap","address":"Sutton Walk","postcode":"SE1 7ES","real_ale":"","beer_garden":""}},{"type":"Feature","geometry":{"type":"Point","coordinates":[-0.20566,51.42093]},"properties":{"name":"601 Queens Road","address":"The Broadway","postcode":"SW19 8ND","real_ale":"","beer_garden":""}},{"type":"Feature","geometry":{"type":"Point","coordinates":[-0.05879,51.49138]},"properties":{"name":"EeBria","address":"Almond Road 15","postcode":"SE16 3LR","real_ale":"","beer_garden":""}},{"type":"Feature","geometry":{"type":"Point","coordinates":[0.18873,51.57542]},"properties":{"name":"Queen Victoria","address":"","postcode":"","real_ale":"","beer_garden":""}},{"type":"Feature","geometry":{"type":"Point","coordinates":[-0.1046,51.43601]},"properties":{"name":"Knowles of Norwood","address":"Norwood Road 294-296","postcode":"SE27 9AF","real_ale":"","beer_garden":""}},{"type":"Feature","geometry":{"type":"Point","coordinates":[-0.06136,51.51732]},"properties":{"name":"The Griff Inn Bar & Kitchen","address":"Newark Street","postcode":"E1 2AT","real_ale":"","beer_garden":""}},{"type":"Feature","geometry":{"type":"Point","coordinates":[-0.10509,51.56202]},"properties":{"name":"The Auld Triangle","address":"","postcode":"","real_ale":"","beer_garden":""}},{"type":"Feature","geometry":{"type":"Point","coordinates":[-0.14684,51.5468]},"properties":{"name":"Camden Beer Hall","address":"Wilkin Street Mews 55-59","postcode":"NW5 3NN","real_ale":"","beer_garden":""}},{"type":"Feature","geometry":{"type":"Point","coordinates":[-0.38253,51.59441]},"properties":{"name":"Beer Asylum","address":"Bridge Street 1","postcode":"HA5 3JD","real_ale":"","beer_garden":""}},{"type":"Feature","geometry":{"type":"Point","coordinates":[-0.0686,51.44445]},"properties":{"name":"Dulwich Beer Dispensary","address":"Lordship Lane 481","postcode":"SE22 8JY","real_ale":"","beer_garden":""}},{"type":"Feature","geometry":{"type":"Point","coordinates":[0.1775,51.56584]},"properties":{"name":"The Havering Well","address":"Rush Green Road","postcode":"","real_ale":"","beer_garden":""}},{"type":"Feature","geometry":{"type":"Point","coordinates":[0.15746,51.47438]},"properties":{"name":"Duchess of Kent","address":"","postcode":"","real_ale":"yes","beer_garden":""}},{"type":"Feature","geometry":{"type":"Point","coordinates":[-0.40216,51.36632]},"properties":{"name":"Bricklayers Arms","address":"Queens Road 6","postcode":"KT12 5LS","real_ale":"","beer_garden":""}},{"type":"Feature","geometry":{"type":"Point","coordinates":[0.05962,51.45694]},"properties":{"name":"The Long Pond","address":"Westmount Road 110","postcode":"SE9 1UT","real_ale":"yes","beer_garden":""}},{"type":"Feature","geometry":{"type":"Point","coordinates":[-0.09096,51.63606]},"properties":{"name":"Little Green Dragon","address":"Green Lanes 928","postcode":"","real_ale":"yes","beer_garden":""}},{"type":"Feature","geometry":{"type":"Point","coordinates":[-0.13031,51.51344]},"properties":{"name":"The Three Greyhounds","address":"","postcode":"","real_ale":"yes","beer_garden":""}},{"type":"Feature","geometry":{"type":"Point","coordinates":[-0.07714,51.50059]},"properties":{"name":"Southwark Brewing","address":"Druid Street 46","postcode":"SE1 2EZ","real_ale":"","beer_garden":""}},{"type":"Feature","geometry":{"type":"Point","coordinates":[0.06917,51.49188]},"properties":{"name":"The Guard House","address":"No 1 Street","postcode":"SE18 6GH","real_ale":"","beer_garden":""}},{"type":"Feature","geometry":{"type":"Point","coordinates":[-0.11809,51.54575]},"properties":{"name":"The Cally","address":"Caledonian Road 427","postcode":"N7 9BG","real_ale":"","beer_garden":""}},{"type":"Feature","geometry":{"type":"Point","coordinates":[-0.05835,51.52695]},"properties":{"name":"The Bethnal Green Tavern","address":"Bethnal Green Road 456","postcode":"E2 0EA","real_ale":"","beer_garden":"yes"}},{"type":"Feature","geometry":{"type":"Point","coordinates":[-0.09966,51.49536]},"properties":{"name":"The Elephant and Castle","address":"Newington Causeway 119","postcode":"SE1 6BN","real_ale":"","beer_garden":""}},{"type":"Feature","geometry":{"type":"Point","coordinates":[-0.08262,51.51169]},"properties":{"name":"Nancy Spains","address":"Fenchurch Street 143","postcode":"EC3M 6BL","real_ale":"","beer_garden":""}},{"type":"Feature","geometry":{"type":"Point","coordinates":[0.00461,51.5461]},"properties":{"name":"Cheers Bar & Lounge","address":"Leytonstone Road 5-9","postcode":"E15 1JA","real_ale":"","beer_garden":""}},{"type":"Feature","geometry":{"type":"Point","coordinates":[-0.19351,51.40242]},"properties":{"name":"Ganley's Irish Bar","address":"London Road 43-45","postcode":"SM4 5HT","real_ale":"","beer_garden":""}},{"type":"Feature","geometry":{"type":"Point","coordinates":[-0.16732,51.36633]},"properties":{"name":"The Racehorse","address":"","postcode":"","real_ale":"","beer_garden":""}},{"type":"Feature","geometry":{"type":"Point","coordinates":[-0.37087,51.57329]},"properties":{"name":"The Man of Aran","address":"","postcode":"","real_ale":"","beer_garden":""}},{"type":"Feature","geometry":{"type":"Point","coordinates":[-0.13407,51.4595]},"properties":{"name":"The King & Co.","address":"Clapham Park Road 100","postcode":"SW4 7BZ","real_ale":"","beer_garden":""}},{"type":"Feature","geometry":{"type":"Point","coordinates":[-0.17615,51.51881]},"properties":{"name":"Heist Bank","address":"North Wharf Road 5","postcode":"W2 1LA","real_ale":"","beer_garden":""}},{"type":"Feature","geometry":{"type":"Point","coordinates":[-0.07467,51.49884]},"properties":{"name":"Hiver Taproom","address":"Stanworth Street 56","postcode":"SE1 3NY","real_ale":"","beer_garden":""}},{"type":"Feature","geometry":{"type":"Point","coordinates":[-0.08967,51.46801]},"properties":{"name":"The Phoenix","address":"Windsor Walk","postcode":"SE5 8BB","real_ale":"","beer_garden":""}},{"type":"Feature","geometry":{"type":"Point","coordinates":[-0.14885,51.57826]},"properties":{"name":"The Highgate Inn","address":"","postcode":"","real_ale":"","beer_garden":""}},{"type":"Feature","geometry":{"type":"Point","coordinates":[-0.18327,51.41327]},"properties":{"name":"The Merton Apprentice","address":"Watermill Way 14","postcode":"SW19 2RD","real_ale":"","beer_garden":""}},{"type":"Feature","geometry":{"type":"Point","coordinates":[-0.31142,51.36782]},"properties":{"name":"The Cricketers","address":"","postcode":"","real_ale":"","beer_garden":""}},{"type":"Feature","geometry":{"type":"Point","coordinates":[-0.0855,51.52198]},"properties":{"name":"Long Arm Pub & Brewery","address":"Worship Street 20-26","postcode":"EC2A 2DX","real_ale":"","beer_garden":""}},{"type":"Feature","geometry":{"type":"Point","coordinates":[-0.1375,51.48253]},"properties":{"name":"Nine Elms Tavern","address":"Riverlight Quay 3","postcode":"SW11 8AY","real_ale":"","beer_garden":""}},{"type":"Feature","geometry":{"type":"Point","coordinates":[-0.19183,51.40287]},"properties":{"name":"The Royal Surrey","address":"","postcode":"","real_ale":"","beer_garden":""}},{"type":"Feature","geometry":{"type":"Point","coordinates":[-0.08998,51.51093]},"properties":{"name":"The Sir John Hawkshaw","address":"Cannon Street","postcode":"EC4N 6AP","real_ale":"yes","beer_garden":""}},{"type":"Feature","geometry":{"type":"Point","coordinates":[-0.10749,51.52242]},"properties":{"name":"Ninth Ward","address":"Farringdon Road 99-101","postcode":"EC1R 3BN","real_ale":"","beer_garden":""}},{"type":"Feature","geometry":{"type":"Point","coordinates":[-0.07474,51.49938]},"properties":{"name":"Fabal Beerhall","address":"Druid Street 88","postcode":"SE1 2HQ","real_ale":"","beer_garden":""}},{"type":"Feature","geometry":{"type":"Point","coordinates":[-0.30639,51.45936]},"properties":{"name":"The Bootlegger Vault","address":"Hill Street 5","postcode":"TW9 1SX","real_ale":"","beer_garden":""}},{"type":"Feature","geometry":{"type":"Point","coordinates":[-0.1391,51.49715]},"properties":{"name":"Lane7","address":"","postcode":"","real_ale":"","beer_garden":""}},{"type":"Feature","geometry":{"type":"Point","coordinates":[0.11554,51.46107]},"properties":{"name":"Guy, Earl of Warwick","address":"","postcode":"","real_ale":"yes","beer_garden":""}},{"type":"Feature","geometry":{"type":"Point","coordinates":[-0.06981,51.51361]},"properties":{"name":"The Running Horse","address":"Piazza Walk 7","postcode":"E1 8FU","real_ale":"","beer_garden":""}},{"type":"Feature","geometry":{"type":"Point","coordinates":[-0.01906,51.44178]},"properties":{"name":"Catford Cricket Club","address":"Penerley Road","postcode":"SE6 2LQ","real_ale":"","beer_garden":""}},{"type":"Feature","geometry":{"type":"Point","coordinates":[-0.08557,51.50219]},"properties":{"name":"The Rose","address":"","postcode":"","real_ale":"","beer_garden":""}},{"type":"Feature","geometry":{"type":"Point","coordinates":[0.14299,51.45581]},"properties":{"name":"Brewers Fayre","address":"","postcode":"","real_ale":"yes","beer_garden":""}},{"type":"Feature","geometry":{"type":"Point","coordinates":[0.10861,51.47536]},"properties":{"name":"Foresters Arms","address":"","postcode":"","real_ale":"yes","beer_garden":""}},{"type":"Feature","geometry":{"type":"Point","coordinates":[0.11289,51.46201]},"properties":{"name":"Rose and Crown","address":"Welling High Street 15","postcode":"DA16 1TR","real_ale":"yes","beer_garden":""}},{"type":"Feature","geometry":{"type":"Point","coordinates":[0.18264,51.57635]},"properties":{"name":"The Crowning Angel","address":"South Street 87-89","postcode":"RM1 1PA","real_ale":"","beer_garden":""}},{"type":"Feature","geometry":{"type":"Point","coordinates":[0.18318,51.5757]},"properties":{"name":"Ivy Tree","address":"South Street 113-117","postcode":"RM1 1NX","real_ale":"","beer_garden":""}},{"type":"Feature","geometry":{"type":"Point","coordinates":[0.18007,51.57848]},"properties":{"name":"The Golden Lion","address":"High Street 2","postcode":"RM1 1HR","real_ale":"","beer_garden":""}},{"type":"Feature","geometry":{"type":"Point","coordinates":[-0.10483,51.50357]},"properties":{"name":"The Ring","address":"Blackfriars Road 72","postcode":"SE1 8HA","real_ale":"","beer_garden":""}},{"type":"Feature","geometry":{"type":"Point","coordinates":[-0.02412,51.49215]},"properties":{"name":"The Space Bar","address":"Westferry Road 269","postcode":"E14 3RS","real_ale":"","beer_garden":""}},{"type":"Feature","geometry":{"type":"Point","coordinates":[-0.10199,51.50383]},"properties":{"name":"The Charlotte","address":"","postcode":"","real_ale":"","beer_garden":""}},{"type":"Feature","geometry":{"type":"Point","coordinates":[-0.14316,51.51746]},"properties":{"name":"The Wigmore","address":"Langham Place 15","postcode":"","real_ale":"","beer_garden":""}},{"type":"Feature","geometry":{"type":"Point","coordinates":[-0.18719,51.43687]},"properties":{"name":"The Leather Bottle","address":"Garratt Lane 538","postcode":"SW17 0NY","real_ale":"","beer_garden":"yes"}},{"type":"Feature","geometry":{"type":"Point","coordinates":[-0.30555,51.37095]},"properties":{"name":"The North Star","address":"Hook Road 271","postcode":"KT9 1EQ","real_ale":"","beer_garden":""}},{"type":"Feature","geometry":{"type":"Point","coordinates":[-0.08076,51.5099]},"properties":{"name":"BrewDog","address":"Great Tower Street","postcode":"EC3R 5AR","real_ale":"","beer_garden":""}},{"type":"Feature","geometry":{"type":"Point","coordinates":[-0.08281,51.51297]},"properties":{"name":"One Under Lime","address":"Leadenhall Place 1","postcode":"EC3M 7DX","real_ale":"","beer_garden":""}},{"type":"Feature","geometry":{"type":"Point","coordinates":[-0.01426,51.48304]},"properties":{"name":"The Sail Loft","address":"Victoria Parade 11","postcode":"SE10 9FR","real_ale":"","beer_garden":""}},{"type":"Feature","geometry":{"type":"Point","coordinates":[-0.08084,51.52001]},"properties":{"name":"Exchange Square","address":"","postcode":"","real_ale":"","beer_garden":""}},{"type":"Feature","geometry":{"type":"Point","coordinates":[-0.24902,51.61414]},"properties":{"name":"Bridge Tavern","address":"","postcode":"","real_ale":"","beer_garden":""}},{"type":"Feature","geometry":{"type":"Point","coordinates":[0.17548,51.39505]},"properties":{"name":"The Cotton Mill","address":"Station Road","postcode":"BR8 8ET","real_ale":"","beer_garden":""}},{"type":"Feature","geometry":{"type":"Point","coordinates":[-0.18896,51.44203]},"properties":{"name":"The Country House","address":"Groton Road 2","postcode":"SW18 4EP","real_ale":"","beer_garden":""}},{"type":"Feature","geometry":{"type":"Point","coordinates":[0.16092,51.59889]},"properties":{"name":"The Colley Rowe Inn","address":"Collier Row Road 54-56","postcode":"RM5 3PA","real_ale":"yes","beer_garden":""}},{"type":"Feature","geometry":{"type":"Point","coordinates":[0.00536,51.50049]},"properties":{"name":"The Dial","address":"Peninsula Square","postcode":"SE10 0SQ","real_ale":"","beer_garden":""}},{"type":"Feature","geometry":{"type":"Point","coordinates":[-0.09278,51.57098]},"properties":{"name":"The Naturalist","address":"14","postcode":"N4 2GB","real_ale":"","beer_garden":""}},{"type":"Feature","geometry":{"type":"Point","coordinates":[0.10267,51.44529]},"properties":{"name":"The Hangar","address":"The Oval 37","postcode":"DA15 9ER","real_ale":"yes","beer_garden":""}},{"type":"Feature","geometry":{"type":"Point","coordinates":[-0.0266,51.47805]},"properties":{"name":"Salt Deptford","address":"Market Yard","postcode":"SE8 4BX","real_ale":"","beer_garden":""}},{"type":"Feature","geometry":{"type":"Point","coordinates":[-0.10503,51.40742]},"properties":{"name":"Welcome Inn","address":"Parchmore Road 300","postcode":"CR7 8HB","real_ale":"","beer_garden":""}},{"type":"Feature","geometry":{"type":"Point","coordinates":[-0.06291,51.3813]},"properties":{"name":"The Cricketers","address":"Shirley Road 47","postcode":"CR0 7ER","real_ale":"","beer_garden":""}},{"type":"Feature","geometry":{"type":"Point","coordinates":[-0.04015,51.38585]},"properties":{"name":"The Orchard","address":"Orchard Way 116","postcode":"CR0 7NN","real_ale":"","beer_garden":""}},{"type":"Feature","geometry":{"type":"Point","coordinates":[-0.01851,51.50622]},"properties":{"name":"Sports Bar & Grill","address":"Crossrail Place 1","postcode":"E14 5AR","real_ale":"","beer_garden":""}},{"type":"Feature","geometry":{"type":"Point","coordinates":[-0.25016,51.55942]},"properties":{"name":"Tiffty Tom's","address":"Neasden Lane 249","postcode":"NW10 1QG","real_ale":"","beer_garden":""}},{"type":"Feature","geometry":{"type":"Point","coordinates":[-0.14264,51.56345]},"properties":{"name":"The Star","address":"","postcode":"","real_ale":"","beer_garden":""}},{"type":"Feature","geometry":{"type":"Point","coordinates":[-0.41217,51.47982]},"properties":{"name":"VII Hotel and Indian Food","address":"Bath Road 760-762","postcode":"TW5 9TY","real_ale":"","beer_garden":""}},{"type":"Feature","geometry":{"type":"Point","coordinates":[-0.07612,51.51892]},"properties":{"name":"The Gun","address":"Brushfield Street 54","postcode":"E1 6AG","real_ale":"","beer_garden":""}},{"type":"Feature","geometry":{"type":"Point","coordinates":[-0.31277,51.48225]},"properties":{"name":"Northumberland Arms","address":"London Road 11","postcode":"TW8 8JB","real_ale":"","beer_garden":""}},{"type":"Feature","geometry":{"type":"Point","coordinates":[-0.14321,51.51994]},"properties":{"name":"Stag's Head","address":"New Cavendish Street 102","postcode":"","real_ale":"","beer_garden":""}},{"type":"Feature","geometry":{"type":"Point","coordinates":[-0.28,51.58463]},"properties":{"name":"J.J. Moon's","address":"Kingsbury Road 553","postcode":"NW9 9EL","real_ale":"","beer_garden":""}},{"type":"Feature","geometry":{"type":"Point","coordinates":[-0.16841,51.42787]},"properties":{"name":"J.J. Moon's","address":"","postcode":"","real_ale":"","beer_garden":""}},{"type":"Feature","geometry":{"type":"Point","coordinates":[-0.09574,51.63199]},"properties":{"name":"On Broadway","address":"","postcode":"","real_ale":"","beer_garden":""}},{"type":"Feature","geometry":{"type":"Point","coordinates":[-0.09592,51.6317]},"properties":{"name":"The Three Wishes","address":"","postcode":"","real_ale":"","beer_garden":""}},{"type":"Feature","geometry":{"type":"Point","coordinates":[-0.30182,51.48554]},"properties":{"name":"The Black Dog","address":"","postcode":"","real_ale":"","beer_garden":""}},{"type":"Feature","geometry":{"type":"Point","coordinates":[-0.14704,51.48285]},"properties":{"name":"Battersea Brewery","address":"Arches Lane 12-14","postcode":"SW11 8AB","real_ale":"","beer_garden":""}},{"type":"Feature","geometry":{"type":"Point","coordinates":[-0.15814,51.51527]},"properties":{"name":"The Grazing Goat","address":"New Quebec Street 6","postcode":"","real_ale":"","beer_garden":""}},{"type":"Feature","geometry":{"type":"Point","coordinates":[-0.11225,51.5166]},"properties":{"name":"The Pregnant Man","address":"Chancery Lane 40","postcode":"WC2A 1JA","real_ale":"","beer_garden":""}},{"type":"Feature","geometry":{"type":"Point","coordinates":[-0.07013,51.58938]},"properties":{"name":"The High Cross","address":"High Road 350","postcode":"N17 9HT","real_ale":"","beer_garden":""}},{"type":"Feature","geometry":{"type":"Point","coordinates":[-0.13287,51.52803]},"properties":{"name":"The Signal Box","address":"Eversholt Street","postcode":"NW1 2HS","real_ale":"","beer_garden":""}},{"type":"Feature","geometry":{"type":"Point","coordinates":[-0.00998,51.54805]},"properties":{"name":"Mother Kelly's E20","address":"Victory Parade 27-30","postcode":"E20 1FS","real_ale":"yes","beer_garden":""}},{"type":"Feature","geometry":{"type":"Point","coordinates":[-0.1171,51.37155]},"properties":{"name":"The Hare and Hounds","address":"Purley Way 325","postcode":"CR0 4NU","real_ale":"","beer_garden":""}},{"type":"Feature","geometry":{"type":"Point","coordinates":[-0.12637,51.53175]},"properties":{"name":"The Station Pantry","address":"","postcode":"","real_ale":"","beer_garden":""}},{"type":"Feature","geometry":{"type":"Point","coordinates":[-0.10168,51.44817]},"properties":{"name":"Bullfinch Brewery","address":"","postcode":"SE24 9EH","real_ale":"","beer_garden":""}},{"type":"Feature","geometry":{"type":"Point","coordinates":[-0.31556,51.51139]},"properties":{"name":"O'Briens","address":"Uxbridge Road 137","postcode":"W13 9AU","real_ale":"","beer_garden":""}},{"type":"Feature","geometry":{"type":"Point","coordinates":[-0.07225,51.56614]},"properties":{"name":"The Wheatsheaf","address":"Windus Road 6","postcode":"N16 6UP","real_ale":"","beer_garden":""}},{"type":"Feature","geometry":{"type":"Point","coordinates":[-0.36429,51.64547]},"properties":{"name":"The Swan","address":"Park Road 25","postcode":"WD23 3EE","real_ale":"","beer_garden":""}},{"type":"Feature","geometry":{"type":"Point","coordinates":[-0.14566,51.54076]},"properties":{"name":"The Ice Wharf","address":"Jamestown Road","postcode":"NW1 7BY","real_ale":"yes","beer_garden":""}},{"type":"Feature","geometry":{"type":"Point","coordinates":[-0.28687,51.47612]},"properties":{"name":"Kew Gardens Hotel","address":"","postcode":"","real_ale":"","beer_garden":""}},{"type":"Feature","geometry":{"type":"Point","coordinates":[-0.0595,51.49171]},"properties":{"name":"Battersea Brewery","address":"Almond Road 8","postcode":"SE16 3LR","real_ale":"","beer_garden":""}},{"type":"Feature","geometry":{"type":"Point","coordinates":[-0.11247,51.59448]},"properties":{"name":"Karamel","address":"Coburg Road 4","postcode":"","real_ale":"","beer_garden":""}},{"type":"Feature","geometry":{"type":"Point","coordinates":[-0.08862,51.51571]},"properties":{"name":"The Telegraph","address":"Telegraph Street 11","postcode":"EC2R 7AR","real_ale":"","beer_garden":""}},{"type":"Feature","geometry":{"type":"Point","coordinates":[-0.05804,51.59053]},"properties":{"name":"Pressure Drop","address":"","postcode":"","real_ale":"","beer_garden":""}},{"type":"Feature","geometry":{"type":"Point","coordinates":[0.13005,51.57047]},"properties":{"name":"The Eva Hart","address":"High Road 1128","postcode":"RM6 4AH","real_ale":"yes","beer_garden":""}},{"type":"Feature","geometry":{"type":"Point","coordinates":[0.0944,51.45675]},"properties":{"name":"The Bolthole","address":"Falconwood Parade 12","postcode":"DA16 2PL","real_ale":"yes","beer_garden":""}},{"type":"Feature","geometry":{"type":"Point","coordinates":[-0.07172,51.51363]},"properties":{"name":"White Swan","address":"Alie Street 21","postcode":"E1 8DE","real_ale":"","beer_garden":""}},{"type":"Feature","geometry":{"type":"Point","coordinates":[-0.07073,51.51371]},"properties":{"name":"Black Horse","address":"Leman Street 40","postcode":"E1 8EU","real_ale":"","beer_garden":""}},{"type":"Feature","geometry":{"type":"Point","coordinates":[-0.04147,51.59325]},"properties":{"name":"Exale Taproom","address":"Blackhorse Lane","postcode":"E17 5QJ","real_ale":"","beer_garden":""}},{"type":"Feature","geometry":{"type":"Point","coordinates":[-0.13132,51.47448]},"properties":{"name":"The Surprise","address":"Southville 16","postcode":"SW8 2PP","real_ale":"","beer_garden":""}},{"type":"Feature","geometry":{"type":"Point","coordinates":[-0.19135,51.51537]},"properties":{"name":"The Hayden","address":"","postcode":"","real_ale":"","beer_garden":""}},{"type":"Feature","geometry":{"type":"Point","coordinates":[-0.08791,51.50509]},"properties":{"name":"The Telephone Exchange","address":"London Bridge Street 10-18","postcode":"SE1 9SG","real_ale":"","beer_garden":""}},{"type":"Feature","geometry":{"type":"Point","coordinates":[-0.3272,51.50977]},"properties":{"name":"The Leather Saddle","address":"Broadway 138","postcode":"W13 0TL","real_ale":"","beer_garden":""}},{"type":"Feature","geometry":{"type":"Point","coordinates":[-0.32656,51.50995]},"properties":{"name":"The Old Hat","address":"Broadway 128","postcode":"W13 0SY","real_ale":"","beer_garden":""}},{"type":"Feature","geometry":{"type":"Point","coordinates":[-0.00538,51.51359]},"properties":{"name":"The Tommy Flowers","address":"Aberfeldy Street 50","postcode":"E14 0NU","real_ale":"","beer_garden":""}},{"type":"Feature","geometry":{"type":"Point","coordinates":[-0.07488,51.49947]},"properties":{"name":"The Barrel Project","address":"Druid Street 80","postcode":"SE1 2HQ","real_ale":"","beer_garden":""}},{"type":"Feature","geometry":{"type":"Point","coordinates":[-0.07273,51.49782]},"properties":{"name":"71 Enid Street","address":"Enid Street 71","postcode":"SE16 3RA","real_ale":"","beer_garden":""}},{"type":"Feature","geometry":{"type":"Point","coordinates":[-0.07266,51.49778]},"properties":{"name":"Gosnells Meadery Taproom","address":"Enid Street 72","postcode":"SE16 3RA","real_ale":"","beer_garden":""}},{"type":"Feature","geometry":{"type":"Point","coordinates":[0.03102,51.49944]},"properties":{"name":"The Windjammer","address":"Admiralty Avenue 25","postcode":"E16 2PN","real_ale":"","beer_garden":""}},{"type":"Feature","geometry":{"type":"Point","coordinates":[-0.19092,51.50235]},"properties":{"name":"The Prince of Wales","address":"Kensington Church Street 8","postcode":"W8 4EP","real_ale":"","beer_garden":""}},{"type":"Feature","geometry":{"type":"Point","coordinates":[-0.11886,51.52224]},"properties":{"name":"The Perseverance","address":"Lamb's Conduit Street 63","postcode":"","real_ale":"","beer_garden":""}},{"type":"Feature","geometry":{"type":"Point","coordinates":[-0.11702,51.52068]},"properties":{"name":"The Queens Head","address":"Theobalds Road 64","postcode":"WC1X 8SF","real_ale":"","beer_garden":""}},{"type":"Feature","geometry":{"type":"Point","coordinates":[-0.11736,51.52199]},"properties":{"name":"The Rugby Tavern","address":"Great James Street 19","postcode":"WC1N 3ES","real_ale":"","beer_garden":""}},{"type":"Feature","geometry":{"type":"Point","coordinates":[-0.33733,51.50869]},"properties":{"name":"The Kings Arms","address":"Uxbridge Road 110","postcode":"W7 3SU","real_ale":"","beer_garden":""}},{"type":"Feature","geometry":{"type":"Point","coordinates":[-0.11507,51.52205]},"properties":{"name":"The Lady Ottoline","address":"Northington Street 11a","postcode":"WC1N 2JF","real_ale":"4","beer_garden":""}},{"type":"Feature","geometry":{"type":"Point","coordinates":[-0.03913,51.40852]},"properties":{"name":"Three Hounds","address":"Beckenham Road 57","postcode":"BR3 4PR","real_ale":"","beer_garden":""}},{"type":"Feature","geometry":{"type":"Point","coordinates":[-0.1189,51.60655]},"properties":{"name":"Tap Room","address":"","postcode":"","real_ale":"","beer_garden":""}},{"type":"Feature","geometry":{"type":"Point","coordinates":[-0.18254,51.49089]},"properties":{"name":"The Duke of Clarence","address":"Old Brompton Road 148","postcode":"SW5 0BE","real_ale":"","beer_garden":""}},{"type":"Feature","geometry":{"type":"Point","coordinates":[-0.11702,51.52487]},"properties":{"name":"London Welsh Bar","address":"Gray's Inn Road 157-163","postcode":"WC1X 8UE","real_ale":"","beer_garden":""}},{"type":"Feature","geometry":{"type":"Point","coordinates":[-0.08892,51.5863]},"properties":{"name":"K K McCools","address":"West Green Road 265","postcode":"N15 3BH","real_ale":"yes","beer_garden":""}},{"type":"Feature","geometry":{"type":"Point","coordinates":[-0.19149,51.48892]},"properties":{"name":"The Pembroke","address":"Old Brompton Road 261","postcode":"SW5 9JA","real_ale":"","beer_garden":""}},{"type":"Feature","geometry":{"type":"Point","coordinates":[-0.1141,51.59328]},"properties":{"name":"The Goodness Brewing Company","address":"","postcode":"","real_ale":"","beer_garden":""}},{"type":"Feature","geometry":{"type":"Point","coordinates":[-0.16951,51.48876]},"properties":{"name":"The Sydney Arms","address":"Sydney Street 70","postcode":"SW3 6NJ","real_ale":"","beer_garden":""}},{"type":"Feature","geometry":{"type":"Point","coordinates":[-0.07419,51.48676]},"properties":{"name":"The Lord Nelson","address":"Old Kent Road 386","postcode":"SE1 5AA","real_ale":"","beer_garden":""}},{"type":"Feature","geometry":{"type":"Point","coordinates":[-0.00774,51.56971]},"properties":{"name":"Gravity Well Taproom","address":"Midland Road Arch 155","postcode":"E10 6JT","real_ale":"","beer_garden":""}},{"type":"Feature","geometry":{"type":"Point","coordinates":[-0.15695,51.49011]},"properties":{"name":"Rose & Crown","address":"Lower Sloane Street 90-92","postcode":"SW1W 8BU","real_ale":"","beer_garden":""}},{"type":"Feature","geometry":{"type":"Point","coordinates":[-0.31736,51.51112]},"properties":{"name":"Black George","address":"Uxbridge Road 181","postcode":"W13 9AA","real_ale":"","beer_garden":""}},{"type":"Feature","geometry":{"type":"Point","coordinates":[0.0102,51.37599]},"properties":{"name":"The Craft Beer Rooms","address":"","postcode":"","real_ale":"","beer_garden":""}},{"type":"Feature","geometry":{"type":"Point","coordinates":[0.00069,51.37017]},"properties":{"name":"The Coney","address":"Croydon Road 35","postcode":"BR4 9HZ","real_ale":"","beer_garden":""}},{"type":"Feature","geometry":{"type":"Point","coordinates":[-0.36657,51.3716]},"properties":{"name":"The Wheatsheaf on the Green","address":"Esher Green 40","postcode":"KT10 8AG","real_ale":"","beer_garden":""}},{"type":"Feature","geometry":{"type":"Point","coordinates":[-0.16678,51.42669]},"properties":{"name":"Tooting Tram & Social","address":"","postcode":"","real_ale":"","beer_garden":""}},{"type":"Feature","geometry":{"type":"Point","coordinates":[-0.2304,51.51046]},"properties":{"name":"Queens Tavern","address":"South Africa Road 121","postcode":"W12 7PA","real_ale":"","beer_garden":""}},{"type":"Feature","geometry":{"type":"Point","coordinates":[-0.22487,51.50531]},"properties":{"name":"The Green","address":"Uxbridge Road 172-174","postcode":"W12 7JP","real_ale":"","beer_garden":""}},{"type":"Feature","geometry":{"type":"Point","coordinates":[-0.317,51.50297]},"properties":{"name":"The Owl and the Pussycat","address":"Northfield Avenue 106","postcode":"W13 9RT","real_ale":"","beer_garden":""}},{"type":"Feature","geometry":{"type":"Point","coordinates":[-0.31543,51.50097]},"properties":{"name":"Players","address":"Northfield Avenue 184","postcode":"W13 9SB","real_ale":"","beer_garden":""}},{"type":"Feature","geometry":{"type":"Point","coordinates":[-0.1602,51.42267]},"properties":{"name":"Ramble Inn","address":"","postcode":"","real_ale":"","beer_garden":""}},{"type":"Feature","geometry":{"type":"Point","coordinates":[-0.31404,51.49837]},"properties":{"name":"Ryan's","address":"Northfield Avenue 282-284","postcode":"W5 4UB","real_ale":"","beer_garden":""}},{"type":"Feature","geometry":{"type":"Point","coordinates":[-0.07035,51.38701]},"properties":{"name":"The Joiners Arms","address":"Woodside Green 50-52","postcode":"SE25 5EU","real_ale":"","beer_garden":""}},{"type":"Feature","geometry":{"type":"Point","coordinates":[-0.12586,51.53771]},"properties":{"name":"Babel Beerhouse","address":"Lewis Cubitt Walk 1","postcode":"N1C 4DL","real_ale":"","beer_garden":""}},{"type":"Feature","geometry":{"type":"Point","coordinates":[-0.14896,51.54265]},"properties":{"name":"The Dark Horse","address":"North Yard 87/88","postcode":"NW1 8AH","real_ale":"","beer_garden":""}},{"type":"Feature","geometry":{"type":"Point","coordinates":[0.03529,51.40153]},"properties":{"name":"Bickley & Widmore Working Men's Club","address":"","postcode":"","real_ale":"","beer_garden":""}},{"type":"Feature","geometry":{"type":"Point","coordinates":[-0.0596,51.49176]},"properties":{"name":"The Outpost","address":"Almond Road 7","postcode":"","real_ale":"","beer_garden":""}},{"type":"Feature","geometry":{"type":"Point","coordinates":[-0.07258,51.49774]},"properties":{"name":"Cloudwater","address":"Enid Street 73","postcode":"SE16 3RA","real_ale":"","beer_garden":""}},{"type":"Feature","geometry":{"type":"Point","coordinates":[-0.07195,51.49743]},"properties":{"name":"Bianca Road Brew Co.","address":"Enid Street 83-84","postcode":"SE16 3RA","real_ale":"","beer_garden":""}},{"type":"Feature","geometry":{"type":"Point","coordinates":[-0.07171,51.49731]},"properties":{"name":"Craft Beer Junction","address":"Enid Street 86","postcode":"SE16 3RA","real_ale":"","beer_garden":""}},{"type":"Feature","geometry":{"type":"Point","coordinates":[-0.02383,51.4785]},"properties":{"name":"Villages","address":"Resolution Way 21-26","postcode":"SE8 4NT","real_ale":"","beer_garden":""}},{"type":"Feature","geometry":{"type":"Point","coordinates":[-0.03372,51.44232]},"properties":{"name":"The Blythe Hill Tavern","address":"Stanstead Road 319","postcode":"SE23 1JB","real_ale":"","beer_garden":""}},{"type":"Feature","geometry":{"type":"Point","coordinates":[-0.21276,51.49441]},"properties":{"name":"The Albion","address":"Hammersmith Road 121","postcode":"W14 0QL","real_ale":"yes","beer_garden":""}},{"type":"Feature","geometry":{"type":"Point","coordinates":[-0.08133,51.51092]},"properties":{"name":"Tank & Paddle Minster Court","address":"Mincing Lane 3","postcode":"EC3R 7AA","real_ale":"","beer_garden":""}},{"type":"Feature","geometry":{"type":"Point","coordinates":[-0.11726,51.46991]},"properties":{"name":"Grosvenor Arms","address":"Sidney Road 17","postcode":"SW9 0TP","real_ale":"","beer_garden":""}},{"type":"Feature","geometry":{"type":"Point","coordinates":[-0.3447,51.40264]},"properties":{"name":"Prince of Wales","address":"Bridge Road 23","postcode":"KT8 9EU","real_ale":"","beer_garden":""}},{"type":"Feature","geometry":{"type":"Point","coordinates":[-0.07577,51.5308]},"properties":{"name":"The Hoxton Hound","address":"","postcode":"","real_ale":"","beer_garden":""}},{"type":"Feature","geometry":{"type":"Point","coordinates":[-0.0373,51.4642]},"properties":{"name":"Parlez","address":"Coulgate Street 16","postcode":"SE4 2RW","real_ale":"","beer_garden":""}},{"type":"Feature","geometry":{"type":"Point","coordinates":[0.21303,51.44549]},"properties":{"name":"The Growler Stop","address":"Spital Street","postcode":"DA1 2EH","real_ale":"","beer_garden":""}},{"type":"Feature","geometry":{"type":"Point","coordinates":[-0.01074,51.46324]},"properties":{"name":"Joiners Arms","address":"Lewisham High Street 66","postcode":"SE13 5JH","real_ale":"","beer_garden":""}},{"type":"Feature","geometry":{"type":"Point","coordinates":[-0.02622,51.47908]},"properties":{"name":"Badger Badger","address":"Deptford High Street 139-145","postcode":"SE8 3NU","real_ale":"","beer_garden":""}},{"type":"Feature","geometry":{"type":"Point","coordinates":[0.23116,51.43672]},"properties":{"name":"Champions Bar","address":"","postcode":"","real_ale":"","beer_garden":""}},{"type":"Feature","geometry":{"type":"Point","coordinates":[0.07867,51.48084]},"properties":{"name":"The Plum Tree Beer Shop","address":"Plumstead Common Road 154","postcode":"SE18 2UL","real_ale":"","beer_garden":""}},{"type":"Feature","geometry":{"type":"Point","coordinates":[-0.0568,51.59062]},"properties":{"name":"Beavertown Brewery Taproom","address":"Mill Mead Road","postcode":"N17 9QP","real_ale":"","beer_garden":""}},{"type":"Feature","geometry":{"type":"Point","coordinates":[-0.10662,51.50346]},"properties":{"name":"The Anchor & Hope","address":"The Cut 36","postcode":"SE1 8LP","real_ale":"","beer_garden":""}},{"type":"Feature","geometry":{"type":"Point","coordinates":[-0.10479,51.56482]},"properties":{"name":"The Twelve Pins","address":"Seven Sisters Road 263","postcode":"N4 2DE","real_ale":"no","beer_garden":""}},{"type":"Feature","geometry":{"type":"Point","coordinates":[-0.06953,51.4696]},"properties":{"name":"Brick Brewery Taproom","address":"","postcode":"","real_ale":"","beer_garden":""}},{"type":"Feature","geometry":{"type":"Point","coordinates":[-0.35865,51.64124]},"properties":{"name":"Horse & Chains","address":"","postcode":"","real_ale":"","beer_garden":""}},{"type":"Feature","geometry":{"type":"Point","coordinates":[-0.1422,51.46612]},"properties":{"name":"Old Town Tavern","address":"North Street 29","postcode":"","real_ale":"","beer_garden":""}},{"type":"Feature","geometry":{"type":"Point","coordinates":[0.01885,51.47714]},"properties":{"name":"The Green Goddess","address":"Vanbrugh Park 43A","postcode":"SE3 7AB","real_ale":"","beer_garden":""}},{"type":"Feature","geometry":{"type":"Point","coordinates":[-0.21317,51.47413]},"properties":{"name":"Bishops","address":"Fulham Palace Road 399","postcode":"SW6 6TA","real_ale":"","beer_garden":""}},{"type":"Feature","geometry":{"type":"Point","coordinates":[-0.11548,51.50218]},"properties":{"name":"BrewDog","address":"The Sidings 1","postcode":"","real_ale":"","beer_garden":""}},{"type":"Feature","geometry":{"type":"Point","coordinates":[-0.09733,51.49386]},"properties":{"name":"The Rosy Hue","address":"","postcode":"","real_ale":"","beer_garden":""}},{"type":"Feature","geometry":{"type":"Point","coordinates":[-0.10946,51.46349]},"properties":{"name":"Brixton Brewery Tap Room","address":"Brixton Station Road 548","postcode":"SW9 8PF","real_ale":"","beer_garden":""}},{"type":"Feature","geometry":{"type":"Point","coordinates":[-0.09341,51.53611]},"properties":{"name":"The Hanbury","address":"Linton Street 33","postcode":"N1 7DU","real_ale":"","beer_garden":""}},{"type":"Feature","geometry":{"type":"Point","coordinates":[0.06345,51.49337]},"properties":{"name":"Prince Albert Rose's","address":"","postcode":"","real_ale":"","beer_garden":""}},{"type":"Feature","geometry":{"type":"Point","coordinates":[-0.01539,51.47314]},"properties":{"name":"The Graduate","address":"Blackheath Road 107-109","postcode":"SE10 8PD","real_ale":"","beer_garden":""}},{"type":"Feature","geometry":{"type":"Point","coordinates":[-0.31817,51.60088]},"properties":{"name":"Life of Reilly","address":"","postcode":"","real_ale":"","beer_garden":""}},{"type":"Feature","geometry":{"type":"Point","coordinates":[-0.30063,51.41431]},"properties":{"name":"The Grey Horse","address":"Richmond Road 46","postcode":"KT2 5EE","real_ale":"","beer_garden":""}},{"type":"Feature","geometry":{"type":"Point","coordinates":[-0.17565,51.61297]},"properties":{"name":"Finchley Tavern","address":"High Road 686","postcode":"N12 9PT","real_ale":"","beer_garden":""}},{"type":"Feature","geometry":{"type":"Point","coordinates":[-0.07241,51.52096]},"properties":{"name":"Brick Lane Taproom","address":"Brick Lane","postcode":"E1 6QL","real_ale":"","beer_garden":""}},{"type":"Feature","geometry":{"type":"Point","coordinates":[-0.07027,51.51725]},"properties":{"name":"The Buxton","address":"Osborn Street 42","postcode":"E1 6TD","real_ale":"","beer_garden":""}},{"type":"Feature","geometry":{"type":"Point","coordinates":[0.01329,51.48627]},"properties":{"name":"The River Ale House","address":"Woolwich Road 131","postcode":"SE10 0RJ","real_ale":"yes","beer_garden":""}},{"type":"Feature","geometry":{"type":"Point","coordinates":[-0.06741,51.60225]},"properties":{"name":"Beavertown Corner Pin","address":"High Road 732","postcode":"N17 0AG","real_ale":"","beer_garden":""}},{"type":"Feature","geometry":{"type":"Point","coordinates":[-0.06746,51.60205]},"properties":{"name":"No.8 Tottenham","address":"High Road 724-726","postcode":"N17 0AG","real_ale":"","beer_garden":""}},{"type":"Feature","geometry":{"type":"Point","coordinates":[-0.00799,51.48085]},"properties":{"name":"Kings Arms","address":"King William Walk 16","postcode":"SE10 9JH","real_ale":"","beer_garden":""}},{"type":"Feature","geometry":{"type":"Point","coordinates":[-0.00902,51.48126]},"properties":{"name":"The Coach and Horses","address":"13","postcode":"SE10 9HZ","real_ale":"","beer_garden":""}},{"type":"Feature","geometry":{"type":"Point","coordinates":[-0.00989,51.48168]},"properties":{"name":"The Spanish Galleon","address":"Greenwich Church Street 48","postcode":"SE10 9BL","real_ale":"","beer_garden":""}},{"type":"Feature","geometry":{"type":"Point","coordinates":[-0.00913,51.48194]},"properties":{"name":"The Admiral Hardy","address":"College Approach 7","postcode":"SE10 9HY","real_ale":"","beer_garden":""}},{"type":"Feature","geometry":{"type":"Point","coordinates":[-0.0098,51.48227]},"properties":{"name":"The Gipsy Moth","address":"Greenwich Church Street 60","postcode":"SE10 9BL","real_ale":"","beer_garden":""}},{"type":"Feature","geometry":{"type":"Point","coordinates":[-0.00717,51.4798]},"properties":{"name":"Greenwich Tavern","address":"King William Walk 1","postcode":"SE10 9JH","real_ale":"","beer_garden":""}},{"type":"Feature","geometry":{"type":"Point","coordinates":[-0.00113,51.48185]},"properties":{"name":"The Plume of Feathers","address":"Park Vista 19","postcode":"SE10 9LZ","real_ale":"yes","beer_garden":""}},{"type":"Feature","geometry":{"type":"Point","coordinates":[0.00782,51.46672]},"properties":{"name":"O'Neill's","address":"Tranquil Vale 52","postcode":"SE3 0BH","real_ale":"","beer_garden":""}},{"type":"Feature","geometry":{"type":"Point","coordinates":[0.07515,51.3894]},"properties":{"name":"Daylight Inn","address":"Station Square","postcode":"BR5 1LZ","real_ale":"","beer_garden":""}},{"type":"Feature","geometry":{"type":"Point","coordinates":[-0.16148,51.51934]},"properties":{"name":"The Duke of Wellington","address":"Crawford Street 94A","postcode":"W1H 2HQ","real_ale":"","beer_garden":""}},{"type":"Feature","geometry":{"type":"Point","coordinates":[0.06987,51.55964]},"properties":{"name":"Jono's","address":"Cranbrook Road","postcode":"","real_ale":"","beer_garden":""}},{"type":"Feature","geometry":{"type":"Point","coordinates":[0.08109,51.58843]},"properties":{"name":"The Chequers","address":"High Street 2","postcode":"IG6 2DD","real_ale":"","beer_garden":""}},{"type":"Feature","geometry":{"type":"Point","coordinates":[-0.06538,51.49247]},"properties":{"name":"The Tranquil Tiger","address":"","postcode":"","real_ale":"","beer_garden":""}},{"type":"Feature","geometry":{"type":"Point","coordinates":[0.06903,51.47958]},"properties":{"name":"The Lord Herbert","address":"Herbert Road 47","postcode":"SE18 3SZ","real_ale":"","beer_garden":""}},{"type":"Feature","geometry":{"type":"Point","coordinates":[-0.177,51.51602]},"properties":{"name":"The Mad Bishop & Bear","address":"","postcode":"","real_ale":"","beer_garden":""}},{"type":"Feature","geometry":{"type":"Point","coordinates":[-0.25145,51.58711]},"properties":{"name":"Erins Hope","address":"Edgware Road 189","postcode":"NW9 6LP","real_ale":"","beer_garden":""}},{"type":"Feature","geometry":{"type":"Point","coordinates":[-0.12434,51.52649]},"properties":{"name":"Shuffleboard Bar London","address":"Tavistock Place 37","postcode":"","real_ale":"","beer_garden":""}},{"type":"Feature","geometry":{"type":"Point","coordinates":[0.12014,51.62198]},"properties":{"name":"Two Brewers","address":"","postcode":"","real_ale":"","beer_garden":""}},{"type":"Feature","geometry":{"type":"Point","coordinates":[-0.01649,51.35264]},"properties":{"name":"Man on the Moon","address":"","postcode":"","real_ale":"","beer_garden":""}},{"type":"Feature","geometry":{"type":"Point","coordinates":[-0.11124,51.46092]},"properties":{"name":"Ghost Whale","address":"Atlantic Road 70","postcode":"SW9 8PX","real_ale":"","beer_garden":""}},{"type":"Feature","geometry":{"type":"Point","coordinates":[-0.07164,51.49727]},"properties":{"name":"Enid Street Tavern","address":"Enid Street 87","postcode":"","real_ale":"","beer_garden":""}},{"type":"Feature","geometry":{"type":"Point","coordinates":[-0.29768,51.38963]},"properties":{"name":"The Prince of Wales","address":"Ewell Road 117","postcode":"KT6 6AL","real_ale":"","beer_garden":""}},{"type":"Feature","geometry":{"type":"Point","coordinates":[0.00948,51.5134]},"properties":{"name":"Husk Brewery & Taproom","address":"Silvertown Way 5","postcode":"E16 1EA","real_ale":"","beer_garden":""}},{"type":"Feature","geometry":{"type":"Point","coordinates":[-0.14333,51.5422]},"properties":{"name":"3 Locks Brewing Company","address":"","postcode":"","real_ale":"","beer_garden":""}},{"type":"Feature","geometry":{"type":"Point","coordinates":[-0.03228,51.58059]},"properties":{"name":"Untraditional Pub","address":"St James Street 35","postcode":"E17 7FY","real_ale":"","beer_garden":""}},{"type":"Feature","geometry":{"type":"Point","coordinates":[0.01341,51.40644]},"properties":{"name":"The Greyhound","address":"High Street 205","postcode":"BR1 1NY","real_ale":"","beer_garden":""}},{"type":"Feature","geometry":{"type":"Point","coordinates":[-0.0768,51.52939]},"properties":{"name":"Great Beyond Brewery","address":"Union Walk 417","postcode":"","real_ale":"","beer_garden":""}},{"type":"Feature","geometry":{"type":"Point","coordinates":[-0.08082,51.50046]},"properties":{"name":"CROL&CO","address":"Tanner Street","postcode":"SE1 3LE","real_ale":"","beer_garden":""}},{"type":"Feature","geometry":{"type":"Point","coordinates":[-0.35993,51.40107]},"properties":{"name":"The Europa","address":"Walton Road 171","postcode":"KT8 0DX","real_ale":"","beer_garden":""}},{"type":"Feature","geometry":{"type":"Point","coordinates":[-0.0204,51.35553]},"properties":{"name":"Radnall Tavern","address":"","postcode":"","real_ale":"","beer_garden":""}},{"type":"Feature","geometry":{"type":"Point","coordinates":[-0.10981,51.61782]},"properties":{"name":"Chestnut Tree","address":"Alderman's Hill","postcode":"","real_ale":"","beer_garden":""}},{"type":"Feature","geometry":{"type":"Point","coordinates":[0.06985,51.48223]},"properties":{"name":"Fox & Hounds","address":"Plumstead Common Road 57","postcode":"SE18 3AS","real_ale":"","beer_garden":""}},{"type":"Feature","geometry":{"type":"Point","coordinates":[-0.07294,51.49793]},"properties":{"name":"It ain't much, if it ain't Dutch","address":"Enid Street 67-68","postcode":"","real_ale":"","beer_garden":""}},{"type":"Feature","geometry":{"type":"Point","coordinates":[-0.07976,51.50195]},"properties":{"name":"HOP KINGDOM","address":"Druid Street 16","postcode":"SE1 2EY","real_ale":"","beer_garden":""}},{"type":"Feature","geometry":{"type":"Point","coordinates":[-0.22283,51.50958]},"properties":{"name":"Westwood","address":"","postcode":"","real_ale":"","beer_garden":""}},{"type":"Feature","geometry":{"type":"Point","coordinates":[-0.12803,51.43658]},"properties":{"name":"Stanley's of Streatham","address":"Streatham High Road","postcode":"","real_ale":"","beer_garden":""}},{"type":"Feature","geometry":{"type":"Point","coordinates":[-0.12809,51.43629]},"properties":{"name":"Five Bells","address":"Streatham High Road 68-70","postcode":"SW16 1DA","real_ale":"","beer_garden":""}},{"type":"Feature","geometry":{"type":"Point","coordinates":[0.07384,51.39009]},"properties":{"name":"One Inn the Wood","address":"Petts Wood Road 209","postcode":"BR5 1LA","real_ale":"","beer_garden":""}},{"type":"Feature","geometry":{"type":"Point","coordinates":[-0.31129,51.46122]},"properties":{"name":"The White Swan","address":"Old Palace Lane 26","postcode":"TW9 1PG","real_ale":"","beer_garden":""}},{"type":"Feature","geometry":{"type":"Point","coordinates":[-0.13235,51.52897]},"properties":{"name":"The Captain Flinders","address":"Eversholt Street 34-38","postcode":"","real_ale":"","beer_garden":""}},{"type":"Feature","geometry":{"type":"Point","coordinates":[-0.33967,51.60388]},"properties":{"name":"The Laurels","address":"","postcode":"","real_ale":"","beer_garden":""}},{"type":"Feature","geometry":{"type":"Point","coordinates":[-0.13639,51.54152]},"properties":{"name":"Werewolf Beer","address":"Randolph Street 87","postcode":"NW1 0SR","real_ale":"","beer_garden":""}},{"type":"Feature","geometry":{"type":"Point","coordinates":[-0.0135,51.50283]},"properties":{"name":"Crate","address":"Water Street 14","postcode":"E14 5GX","real_ale":"","beer_garden":""}},{"type":"Feature","geometry":{"type":"Point","coordinates":[-0.18696,51.43076]},"properties":{"name":"The Phoenix","address":"Plough Lane","postcode":"SW17 0NR","real_ale":"","beer_garden":""}},{"type":"Feature","geometry":{"type":"Point","coordinates":[-0.03408,51.45919]},"properties":{"name":"Joyce","address":"Brockley Road 294","postcode":"SE4 2RA","real_ale":"","beer_garden":""}},{"type":"Feature","geometry":{"type":"Point","coordinates":[-0.13164,51.63354]},"properties":{"name":"Annie Twomeys","address":"Chase Side 110-112","postcode":"N14 5PH","real_ale":"","beer_garden":""}},{"type":"Feature","geometry":{"type":"Point","coordinates":[-0.13233,51.5108]},"properties":{"name":"Waxy O'Connor's London","address":"Rupert Street 14-16","postcode":"","real_ale":"","beer_garden":""}},{"type":"Feature","geometry":{"type":"Point","coordinates":[-0.30049,51.41304]},"properties":{"name":"Whelans","address":"Richmond Road 20","postcode":"KT2 5EB","real_ale":"","beer_garden":""}},{"type":"Feature","geometry":{"type":"Point","coordinates":[-0.11869,51.5875]},"properties":{"name":"Three Compasses","address":"High Street 62","postcode":"N8 7NX","real_ale":"","beer_garden":""}},{"type":"Feature","geometry":{"type":"Point","coordinates":[-0.12046,51.58723]},"properties":{"name":"North Eight","address":"High Street 26","postcode":"N8 7PB","real_ale":"","beer_garden":""}},{"type":"Feature","geometry":{"type":"Point","coordinates":[-0.28077,51.55817]},"properties":{"name":"The White Horse","address":"Wembley Park Boulevard 4","postcode":"HA9 0HP","real_ale":"","beer_garden":""}},{"type":"Feature","geometry":{"type":"Point","coordinates":[-0.11188,51.46174]},"properties":{"name":"Flamingo Electric","address":"","postcode":"","real_ale":"","beer_garden":""}},{"type":"Feature","geometry":{"type":"Point","coordinates":[-0.13337,51.51769]},"properties":{"name":"Bricklayers Arms","address":"Gresse Street 31","postcode":"W1T 1QS","real_ale":"no","beer_garden":""}},{"type":"Feature","geometry":{"type":"Point","coordinates":[-0.29162,51.52926]},"properties":{"name":"Ashbourne Bar and Restaurant","address":"","postcode":"","real_ale":"","beer_garden":""}},{"type":"Feature","geometry":{"type":"Point","coordinates":[-0.13797,51.46236]},"properties":{"name":"VennStreet Records","address":"Venn Street 78","postcode":"","real_ale":"","beer_garden":""}},{"type":"Feature","geometry":{"type":"Point","coordinates":[-0.13918,51.51301]},"properties":{"name":"The Ganton Arms","address":"Ganton Street","postcode":"","real_ale":"","beer_garden":""}},{"type":"Feature","geometry":{"type":"Point","coordinates":[0.0187,51.47678]},"properties":{"name":"The Royal Standard","address":"Vanbrugh Park 44","postcode":"SE3 7JQ","real_ale":"","beer_garden":""}},{"type":"Feature","geometry":{"type":"Point","coordinates":[0.01042,51.46935]},"properties":{"name":"The Princess of Wales","address":"Montpelier Row 1a","postcode":"SE3 0RL","real_ale":"","beer_garden":"yes"}},{"type":"Feature","geometry":{"type":"Point","coordinates":[-0.15001,51.44614]},"properties":{"name":"Bob's Courtyard Bar","address":"Balham High Road 92A","postcode":"SW12 9AG","real_ale":"","beer_garden":""}},{"type":"Feature","geometry":{"type":"Point","coordinates":[-0.00752,51.55884]},"properties":{"name":"The Leyton Engineer","address":"High Road Leyton 256","postcode":"E10 5QN","real_ale":"","beer_garden":""}},{"type":"Feature","geometry":{"type":"Point","coordinates":[-0.15013,51.44626]},"properties":{"name":"Balham House","address":"Balham High Road 92A","postcode":"SW12 9AG","real_ale":"","beer_garden":""}},{"type":"Feature","geometry":{"type":"Point","coordinates":[0.00718,51.46654]},"properties":{"name":"The Crown","address":"Tranquil Vale 49","postcode":"SE3 0BS","real_ale":"","beer_garden":""}},{"type":"Feature","geometry":{"type":"Point","coordinates":[-0.25268,51.56054]},"properties":{"name":"Katie's Bar","address":"","postcode":"","real_ale":"","beer_garden":""}},{"type":"Feature","geometry":{"type":"Point","coordinates":[-0.1151,51.50284]},"properties":{"name":"Wetherspoons - The Lion & The Unicorn","address":"The Sidings, Waterloo Station","postcode":"SE1 7BH","real_ale":"","beer_garden":""}},{"type":"Feature","geometry":{"type":"Point","coordinates":[-0.09088,51.51455]},"properties":{"name":"Goldwood","address":"","postcode":"","real_ale":"","beer_garden":""}},{"type":"Feature","geometry":{"type":"Point","coordinates":[-0.06362,51.62549]},"properties":{"name":"The Lamb","address":"","postcode":"","real_ale":"","beer_garden":""}},{"type":"Feature","geometry":{"type":"Point","coordinates":[-0.09328,51.51298]},"properties":{"name":"The Wren Tavern","address":"Watling Street 67-69","postcode":"","real_ale":"","beer_garden":""}},{"type":"Feature","geometry":{"type":"Point","coordinates":[-0.19486,51.50724]},"properties":{"name":"The Blue Stoops","address":"Kensington Church Street 127-129","postcode":"W8 7LP","real_ale":"","beer_garden":""}},{"type":"Feature","geometry":{"type":"Point","coordinates":[0.08024,51.45894]},"properties":{"name":"Lingfield","address":"Lingfield Crescent 11","postcode":"","real_ale":"","beer_garden":""}},{"type":"Feature","geometry":{"type":"Point","coordinates":[-0.07272,51.51152]},"properties":{"name":"Goodman's Field","address":"Mansell Street 87-91","postcode":"E1 8AP","real_ale":"yes","beer_garden":""}},{"type":"Feature","geometry":{"type":"Point","coordinates":[-0.02084,51.54059]},"properties":{"name":"Lvls","address":"Succession Walk","postcode":"E3 2RX","real_ale":"","beer_garden":""}},{"type":"Feature","geometry":{"type":"Point","coordinates":[-0.03566,51.47545]},"properties":{"name":"The Shirker's Rest","address":"Lewisham Way 9","postcode":"SE14 6PP","real_ale":"5","beer_garden":""}},{"type":"Feature","geometry":{"type":"Point","coordinates":[-0.03593,51.47559]},"properties":{"name":"Marquis of Granby","address":"New Cross Road 322","postcode":"SE14 6AG","real_ale":"","beer_garden":""}},{"type":"Feature","geometry":{"type":"Point","coordinates":[-0.02588,51.47837]},"properties":{"name":"Jam Circus","address":"Deptford High Street 120-122","postcode":"SE8 4NS","real_ale":"","beer_garden":""}},{"type":"Feature","geometry":{"type":"Point","coordinates":[-0.07847,51.5126]},"properties":{"name":"The Fenchurch","address":"Fenchurch Street 72","postcode":"","real_ale":"","beer_garden":""}},{"type":"Feature","geometry":{"type":"Point","coordinates":[-0.09267,51.51174]},"properties":{"name":"The Bolter","address":"Queen Street","postcode":"","real_ale":"","beer_garden":""}},{"type":"Feature","geometry":{"type":"Point","coordinates":[-0.04669,51.47549]},"properties":{"name":"The Five Bells","address":"New Cross Road 155","postcode":"SE14 5DJ","real_ale":"","beer_garden":""}},{"type":"Feature","geometry":{"type":"Point","coordinates":[-0.05866,51.47371]},"properties":{"name":"Beer Rebellion","address":"Queen's Road 129","postcode":"SE15 2NB","real_ale":"","beer_garden":""}},{"type":"Feature","geometry":{"type":"Point","coordinates":[-0.09265,51.47381]},"properties":{"name":"The Tiger","address":"Camberwell Green 18-19","postcode":"SE5 7AA","real_ale":"","beer_garden":""}},{"type":"Feature","geometry":{"type":"Point","coordinates":[-0.09064,51.47382]},"properties":{"name":"The Hermits Cave","address":"Camberwell Church Street 28","postcode":"SE5 8QU","real_ale":"","beer_garden":""}},{"type":"Feature","geometry":{"type":"Point","coordinates":[-0.09039,51.47403]},"properties":{"name":"Stormbird","address":"Camberwell Church Street 25","postcode":"SE5 8TR","real_ale":"","beer_garden":""}},{"type":"Feature","geometry":{"type":"Point","coordinates":[-0.09287,51.47238]},"properties":{"name":"The Joiners Arms","address":"Denmark Hill 35","postcode":"SE5 8RS","real_ale":"","beer_garden":""}},{"type":"Feature","geometry":{"type":"Point","coordinates":[-0.08836,51.47373]},"properties":{"name":"The Camberwell Arms","address":"Camberwell Church Street 65","postcode":"SE5 8TR","real_ale":"","beer_garden":""}},{"type":"Feature","geometry":{"type":"Point","coordinates":[-0.14023,51.47467]},"properties":{"name":"Mondo Tap","address":"Stewarts Road 86-92","postcode":"SW8 4UG","real_ale":"","beer_garden":""}},{"type":"Feature","geometry":{"type":"Point","coordinates":[-0.07748,51.5118]},"properties":{"name":"Feeney's 5 Lloyds Avenue","address":"Lloyd's Avenue 5","postcode":"EC3N 3AE","real_ale":"","beer_garden":""}},{"type":"Feature","geometry":{"type":"Point","coordinates":[-0.17462,51.5241]},"properties":{"name":"Three Falcons Indian Gastropub","address":"Orchardson Street","postcode":"NW8 8NG","real_ale":"","beer_garden":""}},{"type":"Feature","geometry":{"type":"Point","coordinates":[-0.0457,51.40991]},"properties":{"name":"BR3WERY Craft Brewing Co.","address":"Beckenham Road 253","postcode":"BR3 4RP","real_ale":"","beer_garden":""}},{"type":"Feature","geometry":{"type":"Point","coordinates":[-0.12192,51.58098]},"properties":{"name":"The Queens","address":"Tottenham Lane 26","postcode":"N8 9DE","real_ale":"yes","beer_garden":""}},{"type":"Feature","geometry":{"type":"Point","coordinates":[-0.12398,51.58056]},"properties":{"name":"The Fox at Crouch End","address":"Park Road 2","postcode":"N8 8TD","real_ale":"","beer_garden":""}},{"type":"Feature","geometry":{"type":"Point","coordinates":[-0.12632,51.58173]},"properties":{"name":"Maynard Arms","address":"Park Road 70","postcode":"N8 8SX","real_ale":"","beer_garden":""}},{"type":"Feature","geometry":{"type":"Point","coordinates":[-0.12445,51.57765]},"properties":{"name":"The Railway Tavern","address":"Crouch End Hill 23","postcode":"N8 8DH","real_ale":"","beer_garden":""}},{"type":"Feature","geometry":{"type":"Point","coordinates":[-0.41965,51.53233]},"properties":{"name":"The Brook House","address":"Kingshill Avenue 240","postcode":"UB4 8BZ","real_ale":"","beer_garden":""}},{"type":"Feature","geometry":{"type":"Point","coordinates":[-0.13264,51.46394]},"properties":{"name":"The Ox","address":"Clapham High Street 50","postcode":"SW4 7UL","real_ale":"","beer_garden":""}},{"type":"Feature","geometry":{"type":"Point","coordinates":[-0.30672,51.39204]},"properties":{"name":"The Elm Tree","address":"","postcode":"","real_ale":"","beer_garden":""}},{"type":"Feature","geometry":{"type":"Point","coordinates":[-0.33197,51.39211]},"properties":{"name":"The Red Lion","address":"High Street 85","postcode":"KT7 0SF","real_ale":"","beer_garden":""}},{"type":"Feature","geometry":{"type":"Point","coordinates":[-0.06648,51.46977]},"properties":{"name":"Eko Brewery and Taproom","address":"Copeland Park, Copeland Rd Unit 2A-2, 133","postcode":"SE15 3SN","real_ale":"","beer_garden":""}},{"type":"Feature","geometry":{"type":"Point","coordinates":[-0.09194,51.50256]},"properties":{"name":"The Blue Maid","address":"Borough High Street 173","postcode":"SE1 1HR","real_ale":"","beer_garden":""}},{"type":"Feature","geometry":{"type":"Point","coordinates":[0.00473,51.48505]},"properties":{"name":"The Crown","address":"Trafalgar Road 176","postcode":"SE10 9TZ","real_ale":"","beer_garden":""}},{"type":"Feature","geometry":{"type":"Point","coordinates":[-0.02607,51.47577]},"properties":{"name":"Big J's Biltong Bar","address":"Deptford High Street 29","postcode":"SE8 4AD","real_ale":"","beer_garden":""}},{"type":"Feature","geometry":{"type":"Point","coordinates":[-0.28612,51.48517]},"properties":{"name":"The Greyhound","address":"Kew Green 82","postcode":"TW9 3AP","real_ale":"","beer_garden":""}},{"type":"Feature","geometry":{"type":"Point","coordinates":[-0.32232,51.39097]},"properties":{"name":"The City Arms","address":"","postcode":"","real_ale":"","beer_garden":""}},{"type":"Feature","geometry":{"type":"Point","coordinates":[-0.02862,51.47198]},"properties":{"name":"Royal George","address":"Tanners Hill 85","postcode":"SE8 4QD","real_ale":"","beer_garden":""}},{"type":"Feature","geometry":{"type":"Point","coordinates":[-0.02687,51.47514]},"properties":{"name":"The Little Crown","address":"New Cross Road 495","postcode":"SE14 6TJ","real_ale":"","beer_garden":""}},{"type":"Feature","geometry":{"type":"Point","coordinates":[-0.08309,51.51274]},"properties":{"name":"Golden Goose","address":"Leadenhall Market 13-15","postcode":"","real_ale":"","beer_garden":""}},{"type":"Feature","geometry":{"type":"Point","coordinates":[-0.09961,51.49924]},"properties":{"name":"Duke of York","address":"Borough Road 47","postcode":"SE1 1DR","real_ale":"","beer_garden":""}},{"type":"Feature","geometry":{"type":"Point","coordinates":[-0.00986,51.47618]},"properties":{"name":"The Prince Of Greenwich","address":"Royal Hill 70,72","postcode":"SE10 8RT","real_ale":"","beer_garden":""}},{"type":"Feature","geometry":{"type":"Point","coordinates":[-0.00962,51.47657]},"properties":{"name":"Richard I","address":"Royal Hill 52,54","postcode":"SE10 8RT","real_ale":"2","beer_garden":""}},{"type":"Feature","geometry":{"type":"Point","coordinates":[-0.01158,51.47699]},"properties":{"name":"Morden Arms","address":"Brand Street 1","postcode":"SE10 8SP","real_ale":"","beer_garden":""}},{"type":"Feature","geometry":{"type":"Point","coordinates":[-0.12685,51.51394]},"properties":{"name":"The Crown","address":"Monmouth Street 43","postcode":"WC2H 9DD","real_ale":"yes","beer_garden":""}},{"type":"Feature","geometry":{"type":"Point","coordinates":[-0.12727,51.51336]},"properties":{"name":"The Two Brewers","address":"Monmouth Street 40","postcode":"WC2H 9EP","real_ale":"yes","beer_garden":""}},{"type":"Feature","geometry":{"type":"Point","coordinates":[-0.12474,51.51451]},"properties":{"name":"The Cross Keys","address":"Endell Street 31","postcode":"WC2H 9BA","real_ale":"yes","beer_garden":""}},{"type":"Feature","geometry":{"type":"Point","coordinates":[-0.01148,51.47844]},"properties":{"name":"The Lost Hour","address":"Greenwich High Road 217-219","postcode":"SE10 8NB","real_ale":"","beer_garden":""}},{"type":"Feature","geometry":{"type":"Point","coordinates":[-0.01679,51.47686]},"properties":{"name":"The North Pole","address":"Greenwich High Road 131","postcode":"SE10 8JA","real_ale":"","beer_garden":""}},{"type":"Feature","geometry":{"type":"Point","coordinates":[-0.12918,51.4216]},"properties":{"name":"The Black Kitchen","address":"Streatham High Road 426-428","postcode":"SW16 3PX","real_ale":"","beer_garden":""}},{"type":"Feature","geometry":{"type":"Point","coordinates":[-0.13539,51.51152]},"properties":{"name":"Glasshouse Stores","address":"Brewer Street 55","postcode":"","real_ale":"","beer_garden":""}},{"type":"Feature","geometry":{"type":"Point","coordinates":[-0.13468,51.51186]},"properties":{"name":"Duke of Argyll","address":"Brewer Street 37","postcode":"","real_ale":"","beer_garden":""}},{"type":"Feature","geometry":{"type":"Point","coordinates":[-0.11388,51.49719]},"properties":{"name":"The Pineapple","address":"Hercules Road 53","postcode":"SE1 7DZ","real_ale":"","beer_garden":""}},{"type":"Feature","geometry":{"type":"Point","coordinates":[-0.11127,51.49669]},"properties":{"name":"The Three Stags","address":"Kennington Road 67-69","postcode":"SE1 7PZ","real_ale":"","beer_garden":""}},{"type":"Feature","geometry":{"type":"Point","coordinates":[-0.10651,51.4987]},"properties":{"name":"Flowers of the Forest","address":"Westminster Bridge Road 14","postcode":"SE1 7QX","real_ale":"","beer_garden":""}},{"type":"Feature","geometry":{"type":"Point","coordinates":[-0.10393,51.4974]},"properties":{"name":"Albert Arms","address":"Gladstone Street 1","postcode":"SE1 6EY","real_ale":"","beer_garden":""}},{"type":"Feature","geometry":{"type":"Point","coordinates":[-0.11265,51.49692]},"properties":{"name":"The Steam Engine","address":"Cosser Street 41-42","postcode":"SE1 7BU","real_ale":"","beer_garden":""}},{"type":"Feature","geometry":{"type":"Point","coordinates":[-0.40929,51.60082]},"properties":{"name":"The Three Wishes","address":"","postcode":"","real_ale":"","beer_garden":""}},{"type":"Feature","geometry":{"type":"Point","coordinates":[-0.02583,51.47544]},"properties":{"name":"The Lucky Anchor","address":"Deptford High Street 18","postcode":"SE8 4AF","real_ale":"","beer_garden":""}},{"type":"Feature","geometry":{"type":"Point","coordinates":[-0.11325,51.5007]},"properties":{"name":"Camel & Artichoke","address":"Lower Marsh 121","postcode":"SE1 7AE","real_ale":"","beer_garden":""}},{"type":"Feature","geometry":{"type":"Point","coordinates":[-0.0225,51.52782]},"properties":{"name":"The Little Driver","address":"Bow Road 125","postcode":"E3 2AN","real_ale":"","beer_garden":""}},{"type":"Feature","geometry":{"type":"Point","coordinates":[-0.15491,51.50148]},"properties":{"name":"The Grenadier","address":"Wilton Row 18","postcode":"SW1X 7NR","real_ale":"","beer_garden":""}},{"type":"Feature","geometry":{"type":"Point","coordinates":[-0.05112,51.41718]},"properties":{"name":"The Alexandra","address":"Parish Lane 163","postcode":"","real_ale":"","beer_garden":""}},{"type":"Feature","geometry":{"type":"Point","coordinates":[-0.07048,51.58806]},"properties":{"name":"The Post Bar","address":"High Road 316","postcode":"N15 4BN","real_ale":"","beer_garden":""}},{"type":"Feature","geometry":{"type":"Point","coordinates":[-0.05511,51.52469]},"properties":{"name":"Three Colts Tavern","address":"Cambridge Heath Road 199","postcode":"E2 0EL","real_ale":"","beer_garden":""}},{"type":"Feature","geometry":{"type":"Point","coordinates":[-0.09412,51.4769]},"properties":{"name":"Nag's Head","address":"Camberwell Road 242","postcode":"SE5 0DP","real_ale":"","beer_garden":""}},{"type":"Feature","geometry":{"type":"Point","coordinates":[-0.08579,51.50558]},"properties":{"name":"The Sun Wharf","address":"","postcode":"","real_ale":"","beer_garden":""}},{"type":"Feature","geometry":{"type":"Point","coordinates":[-0.09809,51.50184]},"properties":{"name":"Great Guns Social","address":"Southwark Bridge Road 96","postcode":"SE1 0EF","real_ale":"","beer_garden":""}},{"type":"Feature","geometry":{"type":"Point","coordinates":[-0.11033,51.50713]},"properties":{"name":"The Mulberry Bush","address":"Upper Ground 89","postcode":"SE1 9PP","real_ale":"","beer_garden":""}},{"type":"Feature","geometry":{"type":"Point","coordinates":[-0.22476,51.50991]},"properties":{"name":"The Broadcast","address":"","postcode":"","real_ale":"","beer_garden":""}},{"type":"Feature","geometry":{"type":"Point","coordinates":[-0.36206,51.58666]},"properties":{"name":"The Three Wishes","address":"Broadwalk, Pinner Road 20","postcode":"HA2 6ED","real_ale":"","beer_garden":""}},{"type":"Feature","geometry":{"type":"Point","coordinates":[-0.36231,51.58691]},"properties":{"name":"McCafferty's Bar","address":"Broadwalk, Pinner Road 25","postcode":"HA2 6ED","real_ale":"","beer_garden":""}},{"type":"Feature","geometry":{"type":"Point","coordinates":[-0.14309,51.52148]},"properties":{"name":"Sixes","address":"","postcode":"","real_ale":"","beer_garden":""}},{"type":"Feature","geometry":{"type":"Point","coordinates":[0.12108,51.49071]},"properties":{"name":"The Abbey Arms","address":"Wilton Road 31","postcode":"SE2 9RH","real_ale":"","beer_garden":""}},{"type":"Feature","geometry":{"type":"Point","coordinates":[-0.22391,51.50293]},"properties":{"name":"The Bush Tavern","address":"","postcode":"","real_ale":"","beer_garden":""}},{"type":"Feature","geometry":{"type":"Point","coordinates":[-0.30036,51.41202]},"properties":{"name":"CornerStone","address":"","postcode":"","real_ale":"","beer_garden":""}},{"type":"Feature","geometry":{"type":"Point","coordinates":[-0.30022,51.41162]},"properties":{"name":"Bonnie Rogues","address":"","postcode":"","real_ale":"","beer_garden":""}},{"type":"Feature","geometry":{"type":"Point","coordinates":[-0.13103,51.51097]},"properties":{"name":"The Imperial","address":"Leicester Street 5","postcode":"WC2H 7BL","real_ale":"","beer_garden":""}},{"type":"Feature","geometry":{"type":"Point","coordinates":[-0.1329,51.46517]},"properties":{"name":"the Bridge bar","address":"","postcode":"","real_ale":"","beer_garden":""}},{"type":"Feature","geometry":{"type":"Point","coordinates":[-0.02736,51.40767]},"properties":{"name":"Erin's","address":"High Street 150-154","postcode":"BR3 1EA","real_ale":"","beer_garden":""}},{"type":"Feature","geometry":{"type":"Point","coordinates":[-0.22801,51.58255]},"properties":{"name":"The Bodhran","address":"Vivian Avenue 3","postcode":"NW4 3UT","real_ale":"","beer_garden":""}},{"type":"Feature","geometry":{"type":"Point","coordinates":[0.06396,51.451]},"properties":{"name":"The Last Drop Inn","address":"Eltham High Street 279","postcode":"SE9 1TY","real_ale":"","beer_garden":""}}]}