{"type":"FeatureCollection","meta":{"id":"supermarkets","generated":"2026-09-25","count":1386,"source":"OpenStreetMap via Overpass API","vintage":"OSM snapshot at generation date"},"features":[{"type":"Feature","geometry":{"type":"Point","coordinates":[-0.14204,51.53781]},"properties":{"name":"M&S Foodhall","brand":"M&S","address":"Camden High Street 143-151","postcode":"NW1 7JX","opening_hours":"Mo-Sa 08:00-21:00; Su 12:00-18:00"}},{"type":"Feature","geometry":{"type":"Point","coordinates":[-0.18726,51.51649]},"properties":{"name":"Waitrose","brand":"Waitrose","address":"Porchester Road 38","postcode":"W2 6ES","opening_hours":"Mo-Sa 07:30-22:00; Su 11:00-17:00"}},{"type":"Feature","geometry":{"type":"Point","coordinates":[-0.31972,51.5515]},"properties":{"name":"Siragro Food & Wine","brand":"","address":"Odeon Parade, Allendale Road 12","postcode":"","opening_hours":""}},{"type":"Feature","geometry":{"type":"Point","coordinates":[-0.16108,51.3652]},"properties":{"name":"Co-op Food","brand":"Co-op","address":"","postcode":"","opening_hours":"Mo-Su 07:00-22:00"}},{"type":"Feature","geometry":{"type":"Point","coordinates":[0.23339,51.5936]},"properties":{"name":"Co-op Food","brand":"Co-op","address":"","postcode":"","opening_hours":"Mo-Sa 06:00-22:00; Su 07:00-22:00"}},{"type":"Feature","geometry":{"type":"Point","coordinates":[-0.17144,51.64957]},"properties":{"name":"Sainsbury's New Barnet","brand":"Sainsbury's","address":"","postcode":"","opening_hours":""}},{"type":"Feature","geometry":{"type":"Point","coordinates":[-0.20392,51.65596]},"properties":{"name":"Waitrose","brand":"Waitrose","address":"","postcode":"EN5 5XY","opening_hours":""}},{"type":"Feature","geometry":{"type":"Point","coordinates":[-0.0894,51.28798]},"properties":{"name":"Co-op Food","brand":"Co-op","address":"Raglan Precinct 16-17,19-21","postcode":"CR3 5UG","opening_hours":"Mo-Su 07:00-22:00"}},{"type":"Feature","geometry":{"type":"Point","coordinates":[-0.04804,51.42528]},"properties":{"name":"Lidl","brand":"Lidl","address":"Sydenham Road 106-112","postcode":"SE26 5JX","opening_hours":"Mo-Sa 08:00-22:00; Su 10:00-16:00"}},{"type":"Feature","geometry":{"type":"Point","coordinates":[-0.0263,51.42632]},"properties":{"name":"Lidl","brand":"Lidl","address":"Southend Lane 237-249","postcode":"SE6 3DS","opening_hours":""}},{"type":"Feature","geometry":{"type":"Point","coordinates":[-0.14678,51.45337]},"properties":{"name":"Tesco","brand":"Tesco","address":"Clapham Common South Side 128","postcode":"SW4 9DF","opening_hours":"Mo-Sa 08:00-22:00; Su 10:00-16:00"}},{"type":"Feature","geometry":{"type":"Point","coordinates":[-0.09053,51.52561]},"properties":{"name":"Co-op Food","brand":"Co-op","address":"Old Street 185","postcode":"EC1V 9NP","opening_hours":"Mo-Sa 06:00-24:00, Su 11:00-17:00"}},{"type":"Feature","geometry":{"type":"Point","coordinates":[-0.08024,51.53298]},"properties":{"name":"Lidl","brand":"Lidl","address":"Hoxton Street","postcode":"N1 5LG","opening_hours":"Mo-Sa,PH 08:00-22:00; Su 11:00-17:00"}},{"type":"Feature","geometry":{"type":"Point","coordinates":[-0.05259,51.52034]},"properties":{"name":"China Ark","brand":"","address":"Mile End Road 86","postcode":"E1 4UN","opening_hours":""}},{"type":"Feature","geometry":{"type":"Point","coordinates":[-0.07526,51.5622]},"properties":{"name":"Whole Foods Market","brand":"Whole Foods","address":"Stoke Newington Church Street 32-40","postcode":"N16 0LU","opening_hours":"Mo-Sa 08:00-21:00; Su 09:00-21:00"}},{"type":"Feature","geometry":{"type":"Point","coordinates":[-0.28719,51.51018]},"properties":{"name":"Drinks, Food And Wine","brand":"Costcutter","address":"Station Parade 11","postcode":"","opening_hours":""}},{"type":"Feature","geometry":{"type":"Point","coordinates":[-0.11103,51.55383]},"properties":{"name":"Arsenal Mini Mart","brand":"","address":"","postcode":"","opening_hours":""}},{"type":"Feature","geometry":{"type":"Point","coordinates":[-0.09929,51.5005]},"properties":{"name":"Co-op Food","brand":"Co-op","address":"Southwark Bridge Road 136","postcode":"SE1 0DG","opening_hours":"Mo-Su,PH 07:00-23:00"}},{"type":"Feature","geometry":{"type":"Point","coordinates":[-0.09212,51.52229]},"properties":{"name":"Waitrose","brand":"Waitrose","address":"Cherry Tree Walk","postcode":"EC1Y 8NX","opening_hours":"Mo-Fr 07:00-22:00; Sa 08:00-21:00; Su 11:00-17:00"}},{"type":"Feature","geometry":{"type":"Point","coordinates":[-0.07065,51.38704]},"properties":{"name":"Tesco Express","brand":"Tesco","address":"Woodside Green 47","postcode":"SE25 5HQ","opening_hours":""}},{"type":"Feature","geometry":{"type":"Point","coordinates":[-0.16771,51.52519]},"properties":{"name":"Costless Supermarket","brand":"","address":"","postcode":"","opening_hours":""}},{"type":"Feature","geometry":{"type":"Point","coordinates":[-0.09948,51.53787]},"properties":{"name":"Planet Organic","brand":"Planet Organic","address":"","postcode":"","opening_hours":"Mo-Sa 08:00-19:00; Su 09:00-19:00"}},{"type":"Feature","geometry":{"type":"Point","coordinates":[-0.02535,51.4093]},"properties":{"name":"M&S Foodhall","brand":"M&S","address":"High Street 44","postcode":"BR3 1AY","opening_hours":"Mo-Fr 08:00-21:00; Sa 08:00-20:00; Su 10:30-16:30"}},{"type":"Feature","geometry":{"type":"Point","coordinates":[-0.2463,51.5358]},"properties":{"name":"Supersave Food & Wine","brand":"","address":"High Street Harlesden 80a-82","postcode":"NW10 4SJ","opening_hours":""}},{"type":"Feature","geometry":{"type":"Point","coordinates":[-0.25064,51.5388]},"properties":{"name":"Pak Discount Cash & Carry","brand":"","address":"","postcode":"","opening_hours":""}},{"type":"Feature","geometry":{"type":"Point","coordinates":[-0.28101,51.56117]},"properties":{"name":"Lidl","brand":"Lidl","address":"Wembley Park Drive 3","postcode":"HA9 8TS","opening_hours":""}},{"type":"Feature","geometry":{"type":"Point","coordinates":[-0.19319,51.40294]},"properties":{"name":"Sainsbury's","brand":"Sainsbury's","address":"","postcode":"","opening_hours":""}},{"type":"Feature","geometry":{"type":"Point","coordinates":[-0.23956,51.49327]},"properties":{"name":"Sriracha Market","brand":"","address":"King Street 283-287","postcode":"W6 9NH","opening_hours":""}},{"type":"Feature","geometry":{"type":"Point","coordinates":[-0.1336,51.51964]},"properties":{"name":"M&S Foodhall","brand":"M&S","address":"Tottenham Court Road 55","postcode":"W1T 2EQ","opening_hours":"Mo-Fr 07:30-21:00; Sa 08:00-21:00; Su 12:00-18:00"}},{"type":"Feature","geometry":{"type":"Point","coordinates":[-0.10346,51.54359]},"properties":{"name":"Budgens","brand":"Budgens","address":"Upper Street 213-215","postcode":"N1 1RL","opening_hours":"Mo-Th 07:00-22:00; Fr,Sa 07:00-23:00; Su 10:00-19:00"}},{"type":"Feature","geometry":{"type":"Point","coordinates":[-0.02465,51.56843]},"properties":{"name":"Longdan","brand":"","address":"Estate Way 4","postcode":"","opening_hours":"Mo-Su 09:00-18:00"}},{"type":"Feature","geometry":{"type":"Point","coordinates":[-0.21251,51.48032]},"properties":{"name":"Budgens","brand":"Budgens","address":"","postcode":"","opening_hours":""}},{"type":"Feature","geometry":{"type":"Point","coordinates":[-0.09761,51.40472]},"properties":{"name":"Costcutter","brand":"Costcutter","address":"Norbury Road 39-41","postcode":"CR7 8JP","opening_hours":""}},{"type":"Feature","geometry":{"type":"Point","coordinates":[-0.07396,51.55972]},"properties":{"name":"Organic Food Centre","brand":"","address":"","postcode":"","opening_hours":""}},{"type":"Feature","geometry":{"type":"Point","coordinates":[0.13017,51.45825]},"properties":{"name":"Asda","brand":"Asda","address":"Crook Log 13-15","postcode":"DA6 8DZ","opening_hours":"Mo-Sa 07:00-22:00; Su 10:00-16:00"}},{"type":"Feature","geometry":{"type":"Point","coordinates":[-0.1926,51.55156]},"properties":{"name":"Little Waitrose","brand":"Waitrose","address":"","postcode":"","opening_hours":""}},{"type":"Feature","geometry":{"type":"Point","coordinates":[-0.46927,51.64097]},"properties":{"name":"Waitrose","brand":"Waitrose","address":"","postcode":"","opening_hours":""}},{"type":"Feature","geometry":{"type":"Point","coordinates":[0.00596,51.53289]},"properties":{"name":"Lina Food Centre","brand":"","address":"Leywick Street 1","postcode":"E15 3DD","opening_hours":""}},{"type":"Feature","geometry":{"type":"Point","coordinates":[0.01489,51.40401]},"properties":{"name":"Lidl","brand":"Lidl","address":"High Street 124-126","postcode":"BR1 1EZ","opening_hours":"Mo-Sa,PH 08:00-21:00; Su 11:00-17:00"}},{"type":"Feature","geometry":{"type":"Point","coordinates":[0.03416,51.39327]},"properties":{"name":"The Co-operative Food","brand":"Co-op","address":"","postcode":"","opening_hours":"Mo-Sa 07:00-22:00; Su 10:00-16:00"}},{"type":"Feature","geometry":{"type":"Point","coordinates":[-0.08919,51.53568]},"properties":{"name":"The Co-operative Food","brand":"Co-op","address":"New North Road 167","postcode":"N1 6SU","opening_hours":"Mo-Su 07:00-22:00"}},{"type":"Feature","geometry":{"type":"Point","coordinates":[-0.32772,51.29618]},"properties":{"name":"Sainsbury's","brand":"Sainsbury's","address":"The Swan Centre","postcode":"","opening_hours":""}},{"type":"Feature","geometry":{"type":"Point","coordinates":[-0.35557,51.40024]},"properties":{"name":"Tesco","brand":"Tesco","address":"Walton Road 108-118","postcode":"KT8 0HP","opening_hours":""}},{"type":"Feature","geometry":{"type":"Point","coordinates":[0.21896,51.44539]},"properties":{"name":"Aldi","brand":"Aldi","address":"Orchards Shopping Centre","postcode":"DA1 1DN","opening_hours":""}},{"type":"Feature","geometry":{"type":"Point","coordinates":[0.24981,51.55833]},"properties":{"name":"M&S Simply Food","brand":"M&S","address":"","postcode":"","opening_hours":"Mo-Fr 08:00-21:00; Sa 08:00-20:30; Su 10:00-16:00"}},{"type":"Feature","geometry":{"type":"Point","coordinates":[-0.16229,51.5152]},"properties":{"name":"Green Valley","brand":"","address":"Upper Berkeley Street 36-37","postcode":"W1H 5QF","opening_hours":""}},{"type":"Feature","geometry":{"type":"Point","coordinates":[-0.21912,51.50641]},"properties":{"name":"Waitrose","brand":"Waitrose","address":"","postcode":"W12 7GA","opening_hours":"Mo-Sa 08:00-22:00; Su 12:00-18:00"}},{"type":"Feature","geometry":{"type":"Point","coordinates":[-0.11068,51.59871]},"properties":{"name":"Costcutter","brand":"Costcutter","address":"","postcode":"","opening_hours":""}},{"type":"Feature","geometry":{"type":"Point","coordinates":[-0.09476,51.4869]},"properties":{"name":"Lidl","brand":"Lidl","address":"","postcode":"","opening_hours":"Mo-Sa 07:00-22:00"}},{"type":"Feature","geometry":{"type":"Point","coordinates":[-0.0658,51.56878]},"properties":{"name":"So Real","brand":"","address":"","postcode":"","opening_hours":""}},{"type":"Feature","geometry":{"type":"Point","coordinates":[-0.11379,51.4994]},"properties":{"name":"Spar","brand":"Spar","address":"Westminster Bridge Road 131","postcode":"SE1 7HR","opening_hours":""}},{"type":"Feature","geometry":{"type":"Point","coordinates":[-0.07289,51.56345]},"properties":{"name":"Kollos Supermarket","brand":"","address":"Stoke Newington High Street 230-240","postcode":"N16 7HU","opening_hours":""}},{"type":"Feature","geometry":{"type":"Point","coordinates":[-0.07321,51.54748]},"properties":{"name":"Sainsbury's","brand":"Sainsbury's","address":"Kingsland High Street","postcode":"E8 2LX","opening_hours":"Mo-Sa 08:00-22:00; Su 11:00-17:00"}},{"type":"Feature","geometry":{"type":"Point","coordinates":[-0.19115,51.51555]},"properties":{"name":"Planet Organic","brand":"Planet Organic","address":"Westbourne Grove 42","postcode":"","opening_hours":""}},{"type":"Feature","geometry":{"type":"Point","coordinates":[-0.12393,51.5795]},"properties":{"name":"Waitrose","brand":"Waitrose","address":"The Broadway 35-39","postcode":"N8 8DU","opening_hours":"Mo-Fr 07:00-22:00; Sa 08:00-21:00; Su 12:00-18:00"}},{"type":"Feature","geometry":{"type":"Point","coordinates":[-0.18145,51.69399]},"properties":{"name":"Tesco","brand":"Tesco","address":"Mutton Lane","postcode":"EN6 2PB","opening_hours":"Mo-Sa 06:00-00:00; Su 10:00-16:00"}},{"type":"Feature","geometry":{"type":"Point","coordinates":[0.29815,51.66775]},"properties":{"name":"Budgens","brand":"Budgens","address":"","postcode":"","opening_hours":""}},{"type":"Feature","geometry":{"type":"Point","coordinates":[-0.47478,51.54859]},"properties":{"name":"Sainsbury's","brand":"Sainsbury's","address":"York Road","postcode":"UB8 1QW","opening_hours":"Mo-Sa 07:00-23:00; Su 10:00-16:00"}},{"type":"Feature","geometry":{"type":"Point","coordinates":[-0.0611,51.58681]},"properties":{"name":"Lidl","brand":"Lidl","address":"Broad Lane","postcode":"N15 4QD","opening_hours":""}},{"type":"Feature","geometry":{"type":"Point","coordinates":[-0.09787,51.53925]},"properties":{"name":"Food Bazaar","brand":"","address":"","postcode":"","opening_hours":""}},{"type":"Feature","geometry":{"type":"Point","coordinates":[-0.30615,51.50002]},"properties":{"name":"Co-op Food","brand":"Co-op","address":"South Ealing Road 89","postcode":"W5 4QS","opening_hours":"Mo-Su 07:00-23:00"}},{"type":"Feature","geometry":{"type":"Point","coordinates":[-0.00134,51.5417]},"properties":{"name":"Sainsbury's","brand":"Sainsbury's","address":"The Mall 39-40","postcode":"E15 1XE","opening_hours":"Mo-Fr 06:00-22:00; Sa 07:00-22:00; Su 11:00-17:00"}},{"type":"Feature","geometry":{"type":"Point","coordinates":[0.30676,51.29336]},"properties":{"name":"Co-op Food","brand":"Co-op","address":"Station Approach","postcode":"TN15 8AD","opening_hours":"Mo-Su 06:00-22:00"}},{"type":"Feature","geometry":{"type":"Point","coordinates":[-0.42159,51.38489]},"properties":{"name":"Sainsbury's","brand":"Sainsbury's","address":"New Zealand Avenue 53","postcode":"KT12 1AD","opening_hours":""}},{"type":"Feature","geometry":{"type":"Point","coordinates":[-0.11237,51.50092]},"properties":{"name":"Greensmiths","brand":"","address":"Lower Marsh 27","postcode":"SE1 7RG","opening_hours":""}},{"type":"Feature","geometry":{"type":"Point","coordinates":[-0.17964,51.54642]},"properties":{"name":"Waitrose","brand":"Waitrose","address":"Finchley Road 199","postcode":"NW3 6NN","opening_hours":"Mo-Sa 08:00-22:00; Su 11:00-17:00"}},{"type":"Feature","geometry":{"type":"Point","coordinates":[0.16394,51.59889]},"properties":{"name":"Tesco","brand":"Tesco","address":"Collier Row Lane 316-318","postcode":"RM5 3NL","opening_hours":""}},{"type":"Feature","geometry":{"type":"Point","coordinates":[-0.21858,51.50322]},"properties":{"name":"Lidl","brand":"Lidl","address":"114-125","postcode":"W12 8PP","opening_hours":"Mo-Sa 08:00-22:00; Su 11:00-17:00"}},{"type":"Feature","geometry":{"type":"Point","coordinates":[-0.13042,51.54979]},"properties":{"name":"Bumblebee Natural Foods","brand":"","address":"Brecknock Road 33","postcode":"N7 0BT","opening_hours":"Mo-Sa 09:00-18:30"}},{"type":"Feature","geometry":{"type":"Point","coordinates":[-0.30341,51.40973]},"properties":{"name":"Sainsbury's","brand":"Sainsbury's","address":"Eden Walk 6-12","postcode":"KT1 1BU","opening_hours":"Mo-Sa 07:00-21:00; Su 11:00-17:00"}},{"type":"Feature","geometry":{"type":"Point","coordinates":[-0.1267,51.53265]},"properties":{"name":"M&S Food","brand":"M&S","address":"The Circle Unit 23","postcode":"N1C 4QL","opening_hours":"Mo-Su 06:00-24:00"}},{"type":"Feature","geometry":{"type":"Point","coordinates":[-0.17801,51.61659]},"properties":{"name":"Q Stores","brand":"","address":"Lodge Lane 19","postcode":"N12 8JG","opening_hours":""}},{"type":"Feature","geometry":{"type":"Point","coordinates":[-0.07399,51.56112]},"properties":{"name":"The 99p shop","brand":"","address":"Stoke Newington High Street 149","postcode":"N16 0NY","opening_hours":""}},{"type":"Feature","geometry":{"type":"Point","coordinates":[-0.08146,51.65049]},"properties":{"name":"Lidl","brand":"Lidl","address":"Cecil Road 107","postcode":"EN2 6TR","opening_hours":""}},{"type":"Feature","geometry":{"type":"Point","coordinates":[-0.0966,51.57657]},"properties":{"name":"Aldi","brand":"Aldi","address":"Williamson Road","postcode":"N4 1ED","opening_hours":"Mo-Sa 08:00-22:00,Su 11:00-17:00"}},{"type":"Feature","geometry":{"type":"Point","coordinates":[-0.35518,51.56359]},"properties":{"name":"Iceland","brand":"Iceland","address":"Northolt Road 274-278","postcode":"HA2 8EB","opening_hours":""}},{"type":"Feature","geometry":{"type":"Point","coordinates":[-0.03063,51.40596]},"properties":{"name":"Sainsbury's","brand":"Sainsbury's","address":"High Street 181","postcode":"BR3 1AH","opening_hours":""}},{"type":"Feature","geometry":{"type":"Point","coordinates":[-0.08488,51.51252]},"properties":{"name":"Amazon Fresh","brand":"Amazon Fresh","address":"","postcode":"","opening_hours":"Mo-Su 07:00-23:00"}},{"type":"Feature","geometry":{"type":"Point","coordinates":[-0.05774,51.40626]},"properties":{"name":"The Co-operative Food","brand":"Co-op","address":"Elmers End Road 70-72","postcode":"SE20 7UX","opening_hours":"Mo-Su 07:00-22:00"}},{"type":"Feature","geometry":{"type":"Point","coordinates":[-0.10464,51.55334]},"properties":{"name":"Addis Food and Wine","brand":"","address":"Drayton Park 64","postcode":"N5 1ND","opening_hours":""}},{"type":"Feature","geometry":{"type":"Point","coordinates":[-0.10273,51.52415]},"properties":{"name":"Waitrose","brand":"Waitrose","address":"St. John Street 174","postcode":"EC1V 4DE","opening_hours":"Mo-Fr 07:30-22:00, Sa 07:30-21:00, Su 12:00-18:00"}},{"type":"Feature","geometry":{"type":"Point","coordinates":[-0.41877,51.38682]},"properties":{"name":"M&S Foodhall","brand":"M&S","address":"Church Street 20-32","postcode":"KT12 2QS","opening_hours":"Mo-Sa 08:00-20:00; Su 11:00-17:00"}},{"type":"Feature","geometry":{"type":"Point","coordinates":[0.30509,51.36594]},"properties":{"name":"Co-op Food","brand":"Co-op","address":"The Row 22","postcode":"DA3 8JB","opening_hours":"Mo-Sa 07:00-22:00; Su 10:00-16:00"}},{"type":"Feature","geometry":{"type":"Point","coordinates":[0.09363,51.45728]},"properties":{"name":"The Co-operative Food","brand":"Co-op","address":"Falconwood Parade 21,23","postcode":"DA16 2PQ","opening_hours":"Mo-Su 07:00-22:00"}},{"type":"Feature","geometry":{"type":"Point","coordinates":[-0.21634,51.35872]},"properties":{"name":"Little Waitrose","brand":"Waitrose","address":"","postcode":"","opening_hours":""}},{"type":"Feature","geometry":{"type":"Point","coordinates":[-0.13547,51.56517]},"properties":{"name":"M&S Food","brand":"M&S","address":"","postcode":"","opening_hours":"Mo-Fr 08:00-22:00; Sa 08:00-21:00; Su 11:00-17:00"}},{"type":"Feature","geometry":{"type":"Point","coordinates":[-0.07806,51.65223]},"properties":{"name":"Nisa Local","brand":"","address":"Colman Parade 12-14","postcode":"EN1 1YY","opening_hours":""}},{"type":"Feature","geometry":{"type":"Point","coordinates":[-0.09722,51.52928]},"properties":{"name":"City Road Supermarket","brand":"","address":"Central Street 152","postcode":"EC1V 8AY","opening_hours":"24/7"}},{"type":"Feature","geometry":{"type":"Point","coordinates":[-0.25244,51.56124]},"properties":{"name":"Iceland","brand":"Iceland","address":"","postcode":"","opening_hours":"Mo-Fr 09:00-18:00;Sa-Su 10:00-16:00"}},{"type":"Feature","geometry":{"type":"Point","coordinates":[-0.30473,51.51185]},"properties":{"name":"Planet Organic","brand":"Planet Organic","address":"High Street 17-21","postcode":"","opening_hours":"Mo-Sa 08:00-21:00; Su 10:30-18:00"}},{"type":"Feature","geometry":{"type":"Point","coordinates":[-0.18696,51.51094]},"properties":{"name":"Smart","brand":"","address":"Queensway 22","postcode":"","opening_hours":""}},{"type":"Feature","geometry":{"type":"Point","coordinates":[-0.28646,51.51002]},"properties":{"name":"Empire","brand":"","address":"","postcode":"","opening_hours":""}},{"type":"Feature","geometry":{"type":"Point","coordinates":[0.02519,51.59343]},"properties":{"name":"International Supermarket","brand":"","address":"George Lane 146-150","postcode":"E18 1AY","opening_hours":""}},{"type":"Feature","geometry":{"type":"Point","coordinates":[-0.12408,51.57855]},"properties":{"name":"The Source Bulk Foods","brand":"The Source Bulk Foods","address":"","postcode":"","opening_hours":"Mo-Fr 09:00-19:30; Sa 09:00-19:00; Su 10:00-18:00"}},{"type":"Feature","geometry":{"type":"Point","coordinates":[-0.30664,51.50012]},"properties":{"name":"Ealing Supermarket","brand":"","address":"South Ealing Road 110","postcode":"","opening_hours":""}},{"type":"Feature","geometry":{"type":"Point","coordinates":[-0.30634,51.4992]},"properties":{"name":"Neighbourhood Grocers","brand":"","address":"South Ealing Road 142","postcode":"","opening_hours":""}},{"type":"Feature","geometry":{"type":"Point","coordinates":[-0.00415,51.59006]},"properties":{"name":"Metro Food Centre","brand":"","address":"Wood Street 15-19","postcode":"E17 3JX","opening_hours":""}},{"type":"Feature","geometry":{"type":"Point","coordinates":[-0.16669,51.46376]},"properties":{"name":"Whole Foods Market","brand":"Whole Foods","address":"Lavender Hill 305-311","postcode":"SW11 1LN","opening_hours":"Mo-Sa 08:00-21:00; Su 11:00-17:00"}},{"type":"Feature","geometry":{"type":"Point","coordinates":[-0.16779,51.46261]},"properties":{"name":"Waitrose","brand":"Waitrose","address":"St John's Rd","postcode":"SW11 1PW","opening_hours":""}},{"type":"Feature","geometry":{"type":"Point","coordinates":[-0.19233,51.36225]},"properties":{"name":"Lidl","brand":"Lidl","address":"High Street 78-82","postcode":"SM1 1EZ","opening_hours":"Mo-Sa 08:00-21:00; Su 11:00-17:00; PH 08:00-21:00"}},{"type":"Feature","geometry":{"type":"Point","coordinates":[-0.14818,51.35833]},"properties":{"name":"Sainsbury's","brand":"Sainsbury's","address":"","postcode":"","opening_hours":""}},{"type":"Feature","geometry":{"type":"Point","coordinates":[-0.13247,51.56462]},"properties":{"name":"Bottega Italia","brand":"","address":"Holloway Road 651","postcode":"N19 5SE","opening_hours":""}},{"type":"Feature","geometry":{"type":"Point","coordinates":[-0.47427,51.51456]},"properties":{"name":"Aldi","brand":"Aldi","address":"High Street 141-161","postcode":"UB7 7QN","opening_hours":"Mo-Sa 08:00-22:00;Su 10:00-16:00"}},{"type":"Feature","geometry":{"type":"Point","coordinates":[-0.32303,51.44958]},"properties":{"name":"Co-op Food","brand":"Co-op","address":"Richmond Road 71","postcode":"TW1 3AW","opening_hours":"Mo-Su 07:00-23:00"}},{"type":"Feature","geometry":{"type":"Point","coordinates":[-0.1809,51.54791]},"properties":{"name":"Aldi","brand":"Aldi","address":"Finchley Road 255","postcode":"NW3 6LU","opening_hours":"Mo-Sa 07:00-23:00; Su 11:00-17:00"}},{"type":"Feature","geometry":{"type":"Point","coordinates":[-0.1826,51.48483]},"properties":{"name":"Chelsea farm","brand":"","address":"","postcode":"","opening_hours":""}},{"type":"Feature","geometry":{"type":"Point","coordinates":[-0.38493,51.59537]},"properties":{"name":"Lidl","brand":"Lidl","address":"Bridge Street 69","postcode":"HA5 3HZ","opening_hours":"Mo-Sa 08:00-22:00; Su 11:00-17:00"}},{"type":"Feature","geometry":{"type":"Point","coordinates":[-0.39913,51.5792]},"properties":{"name":"Aldi","brand":"Aldi","address":"Field End Road 127-133","postcode":"HA5 1QH","opening_hours":"Mo-Sa 08:00-22:00; Su 11:00-17:00"}},{"type":"Feature","geometry":{"type":"Point","coordinates":[-0.00106,51.54171]},"properties":{"name":"Lidl","brand":"Lidl","address":"The Mall 41-42","postcode":"E15 1XE","opening_hours":"Mo-Fr 07:00-22:00; Sa 07:00-22:00; Su 11:00-17:00"}},{"type":"Feature","geometry":{"type":"Point","coordinates":[-0.00123,51.54162]},"properties":{"name":"Loon Fung","brand":"","address":"The Mall 33-34","postcode":"E15 1XD","opening_hours":""}},{"type":"Feature","geometry":{"type":"Point","coordinates":[-0.24286,51.59633]},"properties":{"name":"Tesco Express","brand":"Tesco","address":"Heritage Avenue 8","postcode":"NW9 5EN","opening_hours":"Mo-Su 06:00-23:00"}},{"type":"Feature","geometry":{"type":"Point","coordinates":[0.06272,51.51647]},"properties":{"name":"Lituanica","brand":"","address":"Alpine Way","postcode":"E6 6LA","opening_hours":"Mo-Sa 09:00-21:00"}},{"type":"Feature","geometry":{"type":"Point","coordinates":[-0.32896,51.44848]},"properties":{"name":"Waitrose & Partners","brand":"Waitrose","address":"London Road 50","postcode":"TW1 3RJ","opening_hours":"Mo-Fr 07:30-21:00; Sa 08:00-20:00; Su 10:00-16:00"}},{"type":"Feature","geometry":{"type":"Point","coordinates":[0.32882,51.63084]},"properties":{"name":"Co-op Food","brand":"Co-op","address":"","postcode":"","opening_hours":"Mo-Su 06:00-23:00"}},{"type":"Feature","geometry":{"type":"Point","coordinates":[-0.33692,51.58029]},"properties":{"name":"Lidl","brand":"Lidl","address":"","postcode":"","opening_hours":""}},{"type":"Feature","geometry":{"type":"Point","coordinates":[-0.08146,51.6457]},"properties":{"name":"Co-Operative","brand":"Co-op","address":"","postcode":"","opening_hours":""}},{"type":"Feature","geometry":{"type":"Point","coordinates":[-0.11633,51.53676]},"properties":{"name":"Village wholefoods","brand":"Whole Foods","address":"Caledonian Road 210-212","postcode":"N1 0SQ","opening_hours":""}},{"type":"Feature","geometry":{"type":"Point","coordinates":[-0.2151,51.55721]},"properties":{"name":"Co-op Food","brand":"Co-op","address":"","postcode":"","opening_hours":"Mo-Sa 07:00-23:00; Su 11:00-17:00"}},{"type":"Feature","geometry":{"type":"Point","coordinates":[-0.30586,51.41116]},"properties":{"name":"Waitrose","brand":"Waitrose","address":"Wood Street","postcode":"KT1 1TE","opening_hours":"Mo-We 08:30-19:00; Th 08:30-21:00; Fr 08:30-20:00; Sa 08:00-19:00; Su 11:00-17:00"}},{"type":"Feature","geometry":{"type":"Point","coordinates":[-0.12528,51.63354]},"properties":{"name":"M&S Simply Food","brand":"M&S","address":"Winchmore Hill Road 21","postcode":"N14 6AQ","opening_hours":"Mo-Fr 08:00-21:00; Sa 08:00-20:30; Su 10:00-16:00"}},{"type":"Feature","geometry":{"type":"Point","coordinates":[0.33852,51.48895]},"properties":{"name":"Co-op Food","brand":"Co-op","address":"Lodge Lane","postcode":"","opening_hours":"Mo-Su 06:00-22:00"}},{"type":"Feature","geometry":{"type":"Point","coordinates":[-0.15862,51.58193]},"properties":{"name":"Dacha Russian and Eastern European Shop","brand":"","address":"Aylmer Parade 34","postcode":"","opening_hours":""}},{"type":"Feature","geometry":{"type":"Point","coordinates":[-0.19982,51.65317]},"properties":{"name":"Tesco Express","brand":"Tesco","address":"High Street 64","postcode":"EN5 5SJ","opening_hours":""}},{"type":"Feature","geometry":{"type":"Point","coordinates":[-0.20136,51.65417]},"properties":{"name":"Village Food Centre","brand":"","address":"High Street 108","postcode":"EN5 5XQ","opening_hours":""}},{"type":"Feature","geometry":{"type":"Point","coordinates":[-0.08416,51.65171]},"properties":{"name":"Waitrose","brand":"Waitrose","address":"Palace Gardens 8-12","postcode":"EN2 6SN","opening_hours":"Mo-We,Sa 08:30-19:00; Th,Fr 08:30-20:00; Su 10:30-16:30"}},{"type":"Feature","geometry":{"type":"Point","coordinates":[-0.19504,51.4808]},"properties":{"name":"Sainsbury's","brand":"Sainsbury's","address":"Fulham Road","postcode":"SW6 1BW","opening_hours":""}},{"type":"Feature","geometry":{"type":"Point","coordinates":[0.11907,51.49591]},"properties":{"name":"Lidl","brand":"Lidl","address":"Eynsham Drive 1B","postcode":"SE2 9RQ","opening_hours":""}},{"type":"Feature","geometry":{"type":"Point","coordinates":[0.11371,51.48737]},"properties":{"name":"Co-op Food","brand":"Co-op","address":"","postcode":"","opening_hours":"Mo-Su 07:00-22:00"}},{"type":"Feature","geometry":{"type":"Point","coordinates":[-0.3055,51.39253]},"properties":{"name":"M&S Simply Food","brand":"M&S","address":"Victoria Road 78","postcode":"KT6 4NS","opening_hours":"Mo-Sa 08:00-20:30; Su 09:00-20:00; PH 09:00-19:00"}},{"type":"Feature","geometry":{"type":"Point","coordinates":[-0.31003,51.36049]},"properties":{"name":"Lidl","brand":"Lidl","address":"Leatherhead Road 64","postcode":"KT9 2HY","opening_hours":""}},{"type":"Feature","geometry":{"type":"Point","coordinates":[-0.01673,51.50463]},"properties":{"name":"Waitrose","brand":"Waitrose","address":"Canada Square 16-19","postcode":"E14 5EW","opening_hours":"Mo-Th 07:00-22:00;Sa 08:00-21:00;Su 12:00-18:00"}},{"type":"Feature","geometry":{"type":"Point","coordinates":[-0.02476,51.58286]},"properties":{"name":"Asda","brand":"Asda","address":"Selborne Walk 19","postcode":"E17 7JR","opening_hours":"Mo-Sa 08:00-21:00; Su 11:00-17:00"}},{"type":"Feature","geometry":{"type":"Point","coordinates":[0.14922,51.45619]},"properties":{"name":"Sainsbury's","brand":"Sainsbury's","address":"","postcode":"","opening_hours":""}},{"type":"Feature","geometry":{"type":"Point","coordinates":[-0.21943,51.48393]},"properties":{"name":"Little Waitrose","brand":"Waitrose","address":"","postcode":"","opening_hours":""}},{"type":"Feature","geometry":{"type":"Point","coordinates":[0.19303,51.29633]},"properties":{"name":"Sainsbury's","brand":"Sainsbury's","address":"Otford Road","postcode":"TN14 5EG","opening_hours":"Mo-Fr 06:30-22:30; Sa 06:30-22:00; Su 10:00-16:00"}},{"type":"Feature","geometry":{"type":"Point","coordinates":[-0.12957,51.431]},"properties":{"name":"Lidl","brand":"Lidl","address":"Streatham High Road 222-224","postcode":"SW16 1BB","opening_hours":"Mo-Sa 08:00-22:00; Su 11:00-17:00"}},{"type":"Feature","geometry":{"type":"Point","coordinates":[0.05294,51.46698]},"properties":{"name":"Costcutter","brand":"Costcutter","address":"Well Hall Road 428-430","postcode":"SE9 6UD","opening_hours":""}},{"type":"Feature","geometry":{"type":"Point","coordinates":[-0.19376,51.40134]},"properties":{"name":"Lidl","brand":"Lidl","address":"Aberconway Road 31","postcode":"SM4 5LN","opening_hours":"Mo-Sa 07:00-22:00; Su 11:00-17:00"}},{"type":"Feature","geometry":{"type":"Point","coordinates":[-0.28125,51.58529]},"properties":{"name":"Tesco Express","brand":"Tesco","address":"Kingsbury Road 664","postcode":"NW9 9HN","opening_hours":""}},{"type":"Feature","geometry":{"type":"Point","coordinates":[-0.08444,51.51791]},"properties":{"name":"Whole Foods Market","brand":"Whole Foods","address":"Blomfield Street 35","postcode":"EC2M 7BD","opening_hours":""}},{"type":"Feature","geometry":{"type":"Point","coordinates":[-0.10704,51.5338]},"properties":{"name":"Oseyo","brand":"","address":"Liverpool Road 15","postcode":"N1 0RW","opening_hours":"Mo-Sa 10:00-22:00; Su 10:00-20:00"}},{"type":"Feature","geometry":{"type":"Point","coordinates":[-0.16728,51.47911]},"properties":{"name":"Foodways","brand":"","address":"","postcode":"","opening_hours":""}},{"type":"Feature","geometry":{"type":"Point","coordinates":[0.02867,51.59134]},"properties":{"name":"Co-op Food","brand":"Co-op","address":"George Lane 55-57","postcode":"E18 1JJ","opening_hours":"Mo-Su 07:00-23:00"}},{"type":"Feature","geometry":{"type":"Point","coordinates":[-0.28569,51.47746]},"properties":{"name":"Orion","brand":"","address":"Station Approach 5","postcode":"TW9 3QB","opening_hours":""}},{"type":"Feature","geometry":{"type":"Point","coordinates":[-0.0585,51.52719]},"properties":{"name":"Bengali Fonga Market","brand":"","address":"Bethnal Green Road 325","postcode":"E2 0EG","opening_hours":""}},{"type":"Feature","geometry":{"type":"Point","coordinates":[-0.25002,51.46328]},"properties":{"name":"St. Marcus","brand":"","address":"Rockingham Close 1-3","postcode":"SW15 5RW","opening_hours":""}},{"type":"Feature","geometry":{"type":"Point","coordinates":[-0.17048,51.47914]},"properties":{"name":"The Co-operative Food","brand":"Co-op","address":"Battersea Bridge Road 27-35","postcode":"SW11 3BA","opening_hours":"Mo-Su 06:00-23:00"}},{"type":"Feature","geometry":{"type":"Point","coordinates":[-0.33688,51.5556]},"properties":{"name":"Nisa Local","brand":"","address":"Greenford Road 1219-1225","postcode":"UB6 0HY","opening_hours":"Mo-Su 07:00-23:00"}},{"type":"Feature","geometry":{"type":"Point","coordinates":[-0.22914,51.56723]},"properties":{"name":"Wing Yip","brand":"","address":"Edgware Road 395","postcode":"NW2 6LN","opening_hours":""}},{"type":"Feature","geometry":{"type":"Point","coordinates":[-0.35047,51.52724]},"properties":{"name":"Lidl","brand":"Lidl","address":"Ruislip Road East 309","postcode":"UB6 9FH","opening_hours":""}},{"type":"Feature","geometry":{"type":"Point","coordinates":[-0.15947,51.51407]},"properties":{"name":"Cumberland Food & Wine","brand":"","address":"Great Cumberland Place 11","postcode":"W1H 7AL","opening_hours":""}},{"type":"Feature","geometry":{"type":"Point","coordinates":[-0.37397,51.54448]},"properties":{"name":"Co-op Food","brand":"Co-op","address":"","postcode":"","opening_hours":""}},{"type":"Feature","geometry":{"type":"Point","coordinates":[-0.39443,51.53519]},"properties":{"name":"Co-operative Food","brand":"Co-op","address":"","postcode":"","opening_hours":"Mo-Su 07:00-22:00"}},{"type":"Feature","geometry":{"type":"Point","coordinates":[0.08218,51.58591]},"properties":{"name":"Tesco","brand":"Tesco","address":"Cranbrook Road 796","postcode":"IG6 1HY","opening_hours":"Mo-Sa 08:00-22:00; Su 10:00-16:00"}},{"type":"Feature","geometry":{"type":"Point","coordinates":[-0.09803,51.49148]},"properties":{"name":"Longdan","brand":"Longdan","address":"Walworth Road 128-132","postcode":"SE17 1JL","opening_hours":""}},{"type":"Feature","geometry":{"type":"Point","coordinates":[-0.10023,51.58415]},"properties":{"name":"Euromax Market","brand":"","address":"Green Lanes 589-591","postcode":"N8 0RG","opening_hours":"Mo-We 09:00-19:00; Th-Sa 09:00-20:00; Su 10:00-18:30"}},{"type":"Feature","geometry":{"type":"Point","coordinates":[-0.17694,51.61327]},"properties":{"name":"Ari Food Centre","brand":"","address":"Grand Arcade 16","postcode":"N12 0EH","opening_hours":""}},{"type":"Feature","geometry":{"type":"Point","coordinates":[-0.01566,51.48232]},"properties":{"name":"Waitrose","brand":"Waitrose","address":"Victoria Parade","postcode":"SE10 9DD","opening_hours":"Mo-Sa 07:00-22:30; Su 11:00-17:00"}},{"type":"Feature","geometry":{"type":"Point","coordinates":[-0.16762,51.42756]},"properties":{"name":"Londis","brand":"Londis","address":"Mitcham Road 4","postcode":"SW17 9NA","opening_hours":""}},{"type":"Feature","geometry":{"type":"Point","coordinates":[-0.167,51.42876]},"properties":{"name":"Aldi","brand":"Aldi","address":"Tooting High Street 33-35","postcode":"SW17 0SP","opening_hours":""}},{"type":"Feature","geometry":{"type":"Point","coordinates":[-0.12914,51.64895]},"properties":{"name":"Local Express","brand":"","address":"Bramley Road 189","postcode":"N14 4XA","opening_hours":""}},{"type":"Feature","geometry":{"type":"Point","coordinates":[-0.34564,51.36094]},"properties":{"name":"Co-op Food","brand":"Co-op","address":"","postcode":"","opening_hours":"Mo-Su 07:00-22:00"}},{"type":"Feature","geometry":{"type":"Point","coordinates":[-0.05222,51.63558]},"properties":{"name":"Express Supermarket","brand":"","address":"Hertford Road, Edmonton 351","postcode":"","opening_hours":""}},{"type":"Feature","geometry":{"type":"Point","coordinates":[-0.05975,51.62465]},"properties":{"name":"Lidl","brand":"Lidl","address":"The Concourse 21-29","postcode":"N9 0TY","opening_hours":""}},{"type":"Feature","geometry":{"type":"Point","coordinates":[0.00255,51.68478]},"properties":{"name":"Tesco","brand":"Tesco","address":"Sewardstone Road","postcode":"","opening_hours":""}},{"type":"Feature","geometry":{"type":"Point","coordinates":[0.05062,51.45684]},"properties":{"name":"The Co-operative Food","brand":"Co-op","address":"Well Hall Road","postcode":"","opening_hours":""}},{"type":"Feature","geometry":{"type":"Point","coordinates":[-0.13172,51.5577]},"properties":{"name":"Budgens","brand":"Budgens","address":"","postcode":"","opening_hours":""}},{"type":"Feature","geometry":{"type":"Point","coordinates":[-0.33564,51.58019]},"properties":{"name":"Naz Food Centre","brand":"","address":"","postcode":"","opening_hours":""}},{"type":"Feature","geometry":{"type":"Point","coordinates":[0.19923,51.5489]},"properties":{"name":"Co-op Food","brand":"Co-op","address":"Station Parade 10-15","postcode":"RM12 5AB","opening_hours":"Mo-Sa 06:00-22:00; Su 07:00-22:00"}},{"type":"Feature","geometry":{"type":"Point","coordinates":[0.18027,51.57517]},"properties":{"name":"Sainsbury's","brand":"Sainsbury's","address":"","postcode":"","opening_hours":""}},{"type":"Feature","geometry":{"type":"Point","coordinates":[0.07093,51.43841]},"properties":{"name":"Co-op Food","brand":"Co-op","address":"Footscray Road 370-380","postcode":"SE9 2AA","opening_hours":"Mo-Su 07:00-23:00"}},{"type":"Feature","geometry":{"type":"Point","coordinates":[-0.00515,51.46041]},"properties":{"name":"Lidl","brand":"Lidl","address":"Lee High Road 104-120","postcode":"SE13 5PT","opening_hours":"Mo-Sa 08:00-22:00; Su 11:00-17:00"}},{"type":"Feature","geometry":{"type":"Point","coordinates":[-0.14455,51.52913]},"properties":{"name":"Londis","brand":"Londis","address":"Albany Street 9-10","postcode":"NW1 4BU","opening_hours":"Mo-Fr 07:00-23:00; Sa 08:00-23:00; Su 08:00-22:00"}},{"type":"Feature","geometry":{"type":"Point","coordinates":[-0.14365,51.5284]},"properties":{"name":"Neel's news","brand":"","address":"Robert Street 159","postcode":"","opening_hours":""}},{"type":"Feature","geometry":{"type":"Point","coordinates":[-0.14343,51.52834]},"properties":{"name":"Robert Street Supermarket","brand":"","address":"","postcode":"","opening_hours":"Mo-Su 08:00-21:00"}},{"type":"Feature","geometry":{"type":"Point","coordinates":[-0.19619,51.51901]},"properties":{"name":"Westbourne Nogs Grocery","brand":"","address":"Chepstow Road 110","postcode":"","opening_hours":""}},{"type":"Feature","geometry":{"type":"Point","coordinates":[0.00088,51.68325]},"properties":{"name":"Lidl","brand":"Lidl","address":"Cartersfield Road 118-126","postcode":"EN9 1JD","opening_hours":""}},{"type":"Feature","geometry":{"type":"Point","coordinates":[-0.48367,51.53523]},"properties":{"name":"Lidl","brand":"Lidl","address":"Cowley Road 137","postcode":"UB8 2AG","opening_hours":"Mo-Sa 08:00-22:00;Su 10:00-16:00"}},{"type":"Feature","geometry":{"type":"Point","coordinates":[0.00737,51.61856]},"properties":{"name":"Londis","brand":"Londis","address":"","postcode":"","opening_hours":""}},{"type":"Feature","geometry":{"type":"Point","coordinates":[-0.26394,51.5647]},"properties":{"name":"Lidl","brand":"Lidl","address":"Blackbird Hill","postcode":"NW9 8SD","opening_hours":""}},{"type":"Feature","geometry":{"type":"Point","coordinates":[-0.13609,51.51053]},"properties":{"name":"Whole Foods Market","brand":"Whole Foods","address":"Glasshouse Street 20","postcode":"W1B 5AR","opening_hours":"Mo-Sa 08:00-21:00; Su 12:00-18:00"}},{"type":"Feature","geometry":{"type":"Point","coordinates":[-0.15804,51.45558]},"properties":{"name":"Londis","brand":"Londis","address":"Alfriston Road 99","postcode":"","opening_hours":""}},{"type":"Feature","geometry":{"type":"Point","coordinates":[-0.10963,51.58885]},"properties":{"name":"Olive Tree Organic","brand":"","address":"Turnpike Lane 131-139","postcode":"N8 0DU","opening_hours":"Mo-Su 07:00-23:00"}},{"type":"Feature","geometry":{"type":"Point","coordinates":[-0.05153,51.63572]},"properties":{"name":"Oncu Food","brand":"","address":"","postcode":"","opening_hours":""}},{"type":"Feature","geometry":{"type":"Point","coordinates":[-0.04603,51.64165]},"properties":{"name":"Asda","brand":"Asda","address":"High Street 67","postcode":"EN3 4EF","opening_hours":"Mo-Sa 08:00-22:00; Su 11:00-17:00"}},{"type":"Feature","geometry":{"type":"Point","coordinates":[-0.1105,51.61759]},"properties":{"name":"Morrisons","brand":"Morrisons","address":"Alderman's Hill 19","postcode":"N13 4YD","opening_hours":""}},{"type":"Feature","geometry":{"type":"Point","coordinates":[-0.07386,51.65232]},"properties":{"name":"Booze Store","brand":"","address":"Southbury Road 34","postcode":"","opening_hours":""}},{"type":"Feature","geometry":{"type":"Point","coordinates":[-0.16675,51.46091]},"properties":{"name":"The Source Bulk Foods","brand":"The Source Bulk Foods","address":"St. John's Road 99","postcode":"SW11 1QY","opening_hours":"Mo-Fr 09:00-20:00, Sa 09:00-18:00, Su 11:00-17:00"}},{"type":"Feature","geometry":{"type":"Point","coordinates":[-0.34025,51.54209]},"properties":{"name":"Lidl","brand":"Lidl","address":"Greenford Road 1000","postcode":"UB6 0UW","opening_hours":""}},{"type":"Feature","geometry":{"type":"Point","coordinates":[-0.13279,51.49041]},"properties":{"name":"Costcutter","brand":"Costcutter","address":"Vauxhall Bridge Road 40-44","postcode":"SW1V 2RX","opening_hours":""}},{"type":"Feature","geometry":{"type":"Point","coordinates":[-0.17995,51.54702]},"properties":{"name":"Pricewise Food & Wine","brand":"","address":"","postcode":"","opening_hours":""}},{"type":"Feature","geometry":{"type":"Point","coordinates":[-0.12455,51.60715]},"properties":{"name":"The Bounds Greens","brand":"","address":"","postcode":"","opening_hours":""}},{"type":"Feature","geometry":{"type":"Point","coordinates":[-0.33625,51.50812]},"properties":{"name":"Lidl","brand":"Lidl","address":"Uxbridge Road 90-94","postcode":"W7 3SU","opening_hours":""}},{"type":"Feature","geometry":{"type":"Point","coordinates":[-0.06998,51.59238]},"properties":{"name":"Ozdiller Supermarket","brand":"","address":"High Road 467-469","postcode":"N17 6QA","opening_hours":""}},{"type":"Feature","geometry":{"type":"Point","coordinates":[-0.21686,51.53131]},"properties":{"name":"Tesco Express","brand":"Tesco","address":"Chamberlayne Road 31","postcode":"NW10 3NB","opening_hours":"07:00-23:00"}},{"type":"Feature","geometry":{"type":"Point","coordinates":[-0.37839,51.50766]},"properties":{"name":"Mor Foods","brand":"","address":"South Road 96 - 102","postcode":"UB1 1RB","opening_hours":""}},{"type":"Feature","geometry":{"type":"Point","coordinates":[-0.14282,51.50694]},"properties":{"name":"M&S Simply Food","brand":"M&S","address":"Piccadilly 78","postcode":"","opening_hours":"Mo-Fr 07:00-22:00; Sa 08:00-22:00; Su 12:00-18:00"}},{"type":"Feature","geometry":{"type":"Point","coordinates":[-0.14971,51.51397]},"properties":{"name":"M&S Simply Food","brand":"M&S","address":"","postcode":"","opening_hours":"Mo-Sa 08:00-21:00; Su 10:00-20:00"}},{"type":"Feature","geometry":{"type":"Point","coordinates":[-0.07529,51.52134]},"properties":{"name":"Aldi","brand":"Aldi","address":"Commercial Street 132","postcode":"E1 6NF","opening_hours":"Mo-Sa 07:00-23:00; Su 11:00-17:00"}},{"type":"Feature","geometry":{"type":"Point","coordinates":[-0.10008,51.38547]},"properties":{"name":"Foodland Supermarket","brand":"","address":"Windmill Road 70","postcode":"CR0 2XP","opening_hours":""}},{"type":"Feature","geometry":{"type":"Point","coordinates":[-0.24513,51.53599]},"properties":{"name":"Sahar","brand":"","address":"High Street Harlesden 106-108","postcode":"NW10 4SL","opening_hours":""}},{"type":"Feature","geometry":{"type":"Point","coordinates":[-0.24763,51.53628]},"properties":{"name":"Way 2 Save","brand":"","address":"High Street Harlesden 37-41","postcode":"NW10 4NE","opening_hours":"24/7"}},{"type":"Feature","geometry":{"type":"Point","coordinates":[-0.06609,51.60605]},"properties":{"name":"Sainsbury's","brand":"Sainsbury's","address":"Northumberland Park 28-48","postcode":"N17 0TX","opening_hours":"Mo-Sa 08:00-22:00; Su 11:00-17:00"}},{"type":"Feature","geometry":{"type":"Point","coordinates":[-0.13881,51.52753]},"properties":{"name":"Mestizo Mexican Market","brand":"","address":"","postcode":"","opening_hours":""}},{"type":"Feature","geometry":{"type":"Point","coordinates":[-0.46053,51.43226]},"properties":{"name":"Londis","brand":"Londis","address":"Church Road 83","postcode":"TW15 2PE","opening_hours":""}},{"type":"Feature","geometry":{"type":"Point","coordinates":[-0.46294,51.43297]},"properties":{"name":"Co-op Food","brand":"Co-op","address":"Church Parade 17","postcode":"TW15 2TX","opening_hours":"Mo-Su 07:00-22:00"}},{"type":"Feature","geometry":{"type":"Point","coordinates":[-0.06759,51.51477]},"properties":{"name":"E1 Local","brand":"Nisa Local","address":"Commercial Road 58a","postcode":"E1 1LP","opening_hours":"Mo-Th,Su 07:00-24:00, Fr,Sa 07:00-02:00"}},{"type":"Feature","geometry":{"type":"Point","coordinates":[-0.09671,51.5198]},"properties":{"name":"Geranium","brand":"","address":"Lauderdale Place","postcode":"EC2Y 8BY","opening_hours":""}},{"type":"Feature","geometry":{"type":"Point","coordinates":[-0.19515,51.51581]},"properties":{"name":"Tawana Oriental Supermarket","brand":"","address":"Chepstow Road 16-18","postcode":"W2 5BD","opening_hours":"10:00-20:00"}},{"type":"Feature","geometry":{"type":"Point","coordinates":[-0.20087,51.47492]},"properties":{"name":"Co-op Food","brand":"Co-op","address":"Parsons Green Lane 60","postcode":"SW6 4HU","opening_hours":"Mo-Sa 07:00-23:00; Su 08:00-23:00"}},{"type":"Feature","geometry":{"type":"Point","coordinates":[-0.43433,51.42133]},"properties":{"name":"Costcutter","brand":"Costcutter","address":"","postcode":"","opening_hours":""}},{"type":"Feature","geometry":{"type":"Point","coordinates":[-0.08654,51.38044]},"properties":{"name":"Cooperative Food","brand":"Co-op","address":"Lower Addiscombe Road 61","postcode":"CR0 6PQ","opening_hours":"Mo-Su 07:00-22:00"}},{"type":"Feature","geometry":{"type":"Point","coordinates":[-0.13923,51.45479]},"properties":{"name":"Co-op Food","brand":"Co-op","address":"","postcode":"","opening_hours":"Mo-Su 07:00-23:00"}},{"type":"Feature","geometry":{"type":"Point","coordinates":[-0.16024,51.43553]},"properties":{"name":"Tolian's","brand":"","address":"Upper Tooting Road 4-8","postcode":"SW17 7PG","opening_hours":"Mo-Su 07:00-23:30"}},{"type":"Feature","geometry":{"type":"Point","coordinates":[-0.13512,51.48241]},"properties":{"name":"Waitrose","brand":"Waitrose","address":"New Union Square 1","postcode":"SW11 7DN","opening_hours":"Mo-Sa 07:30-22:00; Su 12:00-18:00"}},{"type":"Feature","geometry":{"type":"Point","coordinates":[-0.11825,51.55738]},"properties":{"name":"Lidl","brand":"Lidl","address":"Holloway Road 422-434","postcode":"N7 6QD","opening_hours":""}},{"type":"Feature","geometry":{"type":"Point","coordinates":[-0.22946,51.50615]},"properties":{"name":"Al-Dimashqi","brand":"","address":"Uxbridge Road 260-262","postcode":"W12 7JA","opening_hours":""}},{"type":"Feature","geometry":{"type":"Point","coordinates":[-0.23933,51.50635]},"properties":{"name":"Premier Food & Wine","brand":"","address":"Uxbridge Road 197","postcode":"W12 9RA","opening_hours":""}},{"type":"Feature","geometry":{"type":"Point","coordinates":[-0.08993,51.52566]},"properties":{"name":"M&S Food","brand":"M&S","address":"Old Street 201","postcode":"EC1V 9NP","opening_hours":"Mo-Sa 08:00-21:00; Su 12:00-18:00"}},{"type":"Feature","geometry":{"type":"Point","coordinates":[0.10767,51.52033]},"properties":{"name":"Co-op Food","brand":"Co-op","address":"Minter Road 21","postcode":"","opening_hours":"Mo-Su 07:00-22:00"}},{"type":"Feature","geometry":{"type":"Point","coordinates":[-0.12351,51.53609]},"properties":{"name":"Waitrose","brand":"Waitrose","address":"Wharf Road 1","postcode":"N1C 4BZ","opening_hours":"Tu-Sa 08:00-22:00; Mo 10:00-20:00"}},{"type":"Feature","geometry":{"type":"Point","coordinates":[-0.1031,51.59082]},"properties":{"name":"Chung Hwa Hong Supermarket","brand":"","address":"","postcode":"","opening_hours":""}},{"type":"Feature","geometry":{"type":"Point","coordinates":[-0.02479,51.49238]},"properties":{"name":"Fodal Oriental Supermarket","brand":"","address":"Westferry Road 156","postcode":"E14 3QA","opening_hours":""}},{"type":"Feature","geometry":{"type":"Point","coordinates":[0.07722,51.5373]},"properties":{"name":"Asda","brand":"Asda","address":"Short Blue Place 2","postcode":"IG11 8FJ","opening_hours":"Mo-Sa 07:00-23:00; Su 11:00-17:00"}},{"type":"Feature","geometry":{"type":"Point","coordinates":[-0.04377,51.45878]},"properties":{"name":"The Co-operative Food","brand":"Co-op","address":"St Norbert Road 100","postcode":"SE4 2BN","opening_hours":"Mo-Su 07:00-22:00"}},{"type":"Feature","geometry":{"type":"Point","coordinates":[0.01024,51.51689]},"properties":{"name":"Food Inn","brand":"","address":"Barking Road 95-99","postcode":"E16 4HB","opening_hours":"24/7"}},{"type":"Feature","geometry":{"type":"Point","coordinates":[-0.28283,51.66797]},"properties":{"name":"Co-op Food","brand":"Co-op","address":"","postcode":"","opening_hours":"Mo-Su 07:00-22:00"}},{"type":"Feature","geometry":{"type":"Point","coordinates":[-0.10972,51.55327]},"properties":{"name":"Co-op Food","brand":"Co-op","address":"Benwell Road 54","postcode":"","opening_hours":"PH,Mo-Su 07:00-23:00"}},{"type":"Feature","geometry":{"type":"Point","coordinates":[-0.01048,51.44216]},"properties":{"name":"Co-op Food","brand":"Co-op","address":"Sangley Road 308-312","postcode":"SE6 2JT","opening_hours":"07:00-23:00"}},{"type":"Feature","geometry":{"type":"Point","coordinates":[-0.09529,51.47515]},"properties":{"name":"Turkish Food Centre","brand":"","address":"Camberwell New Road 303","postcode":"","opening_hours":"Mo-Su 08:00-21:00"}},{"type":"Feature","geometry":{"type":"Point","coordinates":[0.07915,51.53722]},"properties":{"name":"Lituanica","brand":"","address":"","postcode":"","opening_hours":""}},{"type":"Feature","geometry":{"type":"Point","coordinates":[-0.19744,51.56317]},"properties":{"name":"Co-op Food","brand":"Co-op","address":"Finchley Road 713","postcode":"NW2 2JN","opening_hours":"Mo-Su 07:00-23:00"}},{"type":"Feature","geometry":{"type":"Point","coordinates":[-0.30123,51.41025]},"properties":{"name":"Aldi","brand":"Aldi","address":"Fairfield West 13","postcode":"KT1 1DF","opening_hours":"Mo-Sa 08:00-22:00; Su 11:00-17:00"}},{"type":"Feature","geometry":{"type":"Point","coordinates":[-0.2066,51.42072]},"properties":{"name":"Aldi","brand":"Aldi","address":"Wimbledon Bridge 4","postcode":"SW19 7NW","opening_hours":"Mo-Sa 07:00-23:00; Su 11:00-17:00"}},{"type":"Feature","geometry":{"type":"Point","coordinates":[-0.17993,51.54195]},"properties":{"name":"Save More","brand":"","address":"Fairfax Road 95","postcode":"","opening_hours":""}},{"type":"Feature","geometry":{"type":"Point","coordinates":[-0.05129,51.41364]},"properties":{"name":"Mega Saver","brand":"Mega Saver","address":"High Street 183–189","postcode":"SE20 7PF","opening_hours":"Mo-Su 08:00-20:00"}},{"type":"Feature","geometry":{"type":"Point","coordinates":[-0.05105,51.41325]},"properties":{"name":"Penge Food Centre","brand":"","address":"High Street 197 - 199","postcode":"SE20 7PF","opening_hours":""}},{"type":"Feature","geometry":{"type":"Point","coordinates":[-0.20718,51.57806]},"properties":{"name":"Kosher Kingdom","brand":"","address":"Russell Parade 7-9","postcode":"","opening_hours":""}},{"type":"Feature","geometry":{"type":"Point","coordinates":[-0.2302,51.40879]},"properties":{"name":"The Savanna","brand":"","address":"Approach Road","postcode":"SW20 0JY","opening_hours":"Mo-Sa 10:00-20:00; Su 11:00-17:00"}},{"type":"Feature","geometry":{"type":"Point","coordinates":[-0.14534,51.55503]},"properties":{"name":"Londis","brand":"Londis","address":"Highgate Road","postcode":"","opening_hours":""}},{"type":"Feature","geometry":{"type":"Point","coordinates":[0.11193,51.69987]},"properties":{"name":"M&S Foodhall","brand":"M&S","address":"High Street 237-243","postcode":"CM16 4BP","opening_hours":"Mo-Sa 08:00-20:00; Su 10:00-16:00"}},{"type":"Feature","geometry":{"type":"Point","coordinates":[-0.30404,51.51351]},"properties":{"name":"Morrisons","brand":"Morrisons","address":"","postcode":"","opening_hours":""}},{"type":"Feature","geometry":{"type":"Point","coordinates":[-0.2058,51.44536]},"properties":{"name":"M&S Foodhall","brand":"M&S","address":"Wimbledon Park Road 229","postcode":"SW18 5RJ","opening_hours":"Mo-Sa 08:00-22:00; Su 11:00-17:00"}},{"type":"Feature","geometry":{"type":"Point","coordinates":[-0.04357,51.4351]},"properties":{"name":"Corner Shop","brand":"","address":"","postcode":"","opening_hours":""}},{"type":"Feature","geometry":{"type":"Point","coordinates":[-0.12386,51.47141]},"properties":{"name":"Brazilian Centre","brand":"","address":"","postcode":"","opening_hours":""}},{"type":"Feature","geometry":{"type":"Point","coordinates":[-0.12479,51.4706]},"properties":{"name":"Iceland","brand":"Iceland","address":"","postcode":"","opening_hours":""}},{"type":"Feature","geometry":{"type":"Point","coordinates":[-0.24033,51.57846]},"properties":{"name":"Way 2 Save","brand":"","address":"West Hendon Broadway","postcode":"NW9 6AG","opening_hours":"24/7"}},{"type":"Feature","geometry":{"type":"Point","coordinates":[-0.13708,51.51077]},"properties":{"name":"Rice Wine Shop","brand":"","address":"Brewer Street 82","postcode":"W1F 9UA","opening_hours":"Mo-Sa 10:00-20:00; Su 12:00-19:00"}},{"type":"Feature","geometry":{"type":"Point","coordinates":[-0.18495,51.43042]},"properties":{"name":"Lidl","brand":"Lidl","address":"Plough Lane","postcode":"SW17 0BW","opening_hours":"Mo-Sa 07:00-22:00; PH,Su 11:00-17:00"}},{"type":"Feature","geometry":{"type":"Point","coordinates":[-0.40152,51.55969]},"properties":{"name":"Aldi","brand":"Aldi","address":"Victoria Road","postcode":"","opening_hours":""}},{"type":"Feature","geometry":{"type":"Point","coordinates":[-0.40124,51.55949]},"properties":{"name":"B&M Stores","brand":"","address":"","postcode":"","opening_hours":"Mo-Sa 08:00-22:00; Su 11:00-17:00"}},{"type":"Feature","geometry":{"type":"Point","coordinates":[-0.073,51.50034]},"properties":{"name":"Co-op Food","brand":"Co-op","address":"Mill Street 1-3","postcode":"SE1 2DE","opening_hours":"Mo-Su 07:00-23:00"}},{"type":"Feature","geometry":{"type":"Point","coordinates":[-0.00396,51.42409]},"properties":{"name":"Iceland","brand":"Iceland","address":"Bromley Road 470","postcode":"BR1 4PP","opening_hours":""}},{"type":"Feature","geometry":{"type":"Point","coordinates":[0.11764,51.5548]},"properties":{"name":"Premier Shop","brand":"","address":"Becontree Avenue 127","postcode":"","opening_hours":""}},{"type":"Feature","geometry":{"type":"Point","coordinates":[0.00624,51.53294]},"properties":{"name":"Off License - Mini-Market","brand":"","address":"Mitre Road 6","postcode":"","opening_hours":""}},{"type":"Feature","geometry":{"type":"Point","coordinates":[0.00535,51.54924]},"properties":{"name":"Aseda Trading","brand":"","address":"Leytonstone Road 66","postcode":"E15 1SQ","opening_hours":""}},{"type":"Feature","geometry":{"type":"Point","coordinates":[-0.09828,51.55415]},"properties":{"name":"Highbury Natural","brand":"","address":"Highbury Park 21","postcode":"","opening_hours":""}},{"type":"Feature","geometry":{"type":"Point","coordinates":[-0.20818,51.42125]},"properties":{"name":"Bubboo Oriental Grocery","brand":"","address":"St. George's Road 6-10","postcode":"SW19 4DP","opening_hours":"Mo-Sa 10:00-19:30; Su 11:00-18:00"}},{"type":"Feature","geometry":{"type":"Point","coordinates":[-0.02662,51.59977]},"properties":{"name":"Co-op Food","brand":"Co-op","address":"Billet Road","postcode":"E17 5DT","opening_hours":"Mo-Sa 06:00-22:00, Su 09:00-21:00"}},{"type":"Feature","geometry":{"type":"Point","coordinates":[0.0396,51.5481]},"properties":{"name":"Sri Supermarket","brand":"","address":"Romford Road 522","postcode":"E7 8AF","opening_hours":""}},{"type":"Feature","geometry":{"type":"Point","coordinates":[-0.23951,51.47557]},"properties":{"name":"Tesco","brand":"Tesco","address":"","postcode":"","opening_hours":"Mo-Su 07:00-23:00"}},{"type":"Feature","geometry":{"type":"Point","coordinates":[-0.19434,51.45565]},"properties":{"name":"Lidl","brand":"Lidl","address":"Wandsworth High Street","postcode":"SW18 4TG","opening_hours":"Mo-Sa 08:00-21:00; Su 11:00-17:00"}},{"type":"Feature","geometry":{"type":"Point","coordinates":[-0.10306,51.59134]},"properties":{"name":"Jiahe Supermarket","brand":"","address":"Whymark Avenue","postcode":"N22 6DJ","opening_hours":""}},{"type":"Feature","geometry":{"type":"Point","coordinates":[-0.10658,51.5936]},"properties":{"name":"Sulaymaniyah Intl Food Centre","brand":"","address":"Lymington Avenue 2A","postcode":"N22 6JA","opening_hours":""}},{"type":"Feature","geometry":{"type":"Point","coordinates":[-0.16487,51.37893]},"properties":{"name":"Shilpa's News","brand":"","address":"Otter Drive 1","postcode":"SM5 2FH","opening_hours":""}},{"type":"Feature","geometry":{"type":"Point","coordinates":[-0.43612,51.48759]},"properties":{"name":"The Co-operative Food","brand":"Co-op","address":"","postcode":"","opening_hours":"Mo-Su 07:00-23:00"}},{"type":"Feature","geometry":{"type":"Point","coordinates":[-0.35556,51.56278]},"properties":{"name":"Abis Cash & Carry","brand":"","address":"Northolt Road 301-303","postcode":"HA2 8JA","opening_hours":""}},{"type":"Feature","geometry":{"type":"Point","coordinates":[0.1064,51.60827]},"properties":{"name":"Nisa Extra","brand":"Nisa Extra","address":"Manford Way 187","postcode":"IG7 4DN","opening_hours":""}},{"type":"Feature","geometry":{"type":"Point","coordinates":[-0.00195,51.68667]},"properties":{"name":"Co-op Food","brand":"Co-op","address":"Sun Street 7-9","postcode":"EN9 1ER","opening_hours":"Mo-Su 07:00-22:00"}},{"type":"Feature","geometry":{"type":"Point","coordinates":[-0.14584,51.5894]},"properties":{"name":"Planet Organic","brand":"Planet Organic","address":"Muswell Hill Road 111-117","postcode":"N10 3HS","opening_hours":"Mo-Sa 08:00-21:00; Su 11:00-17:00"}},{"type":"Feature","geometry":{"type":"Point","coordinates":[-0.07673,51.52774]},"properties":{"name":"Longdan","brand":"Longdan","address":"Hackney Road 25","postcode":"E2 7NX","opening_hours":"10:00-20:30"}},{"type":"Feature","geometry":{"type":"Point","coordinates":[-0.37096,51.57716]},"properties":{"name":"Rayners Food Centre","brand":"","address":"Rayners Lane 416 - 420","postcode":"HA5 5DY","opening_hours":""}},{"type":"Feature","geometry":{"type":"Point","coordinates":[0.21835,51.60681]},"properties":{"name":"Co-op Food","brand":"Co-op","address":"","postcode":"","opening_hours":"Mo-Sa 07:00-23:00; Su 10:00-16:00"}},{"type":"Feature","geometry":{"type":"Point","coordinates":[-0.37133,51.57673]},"properties":{"name":"Rayners Lane Supermarket","brand":"","address":"","postcode":"","opening_hours":""}},{"type":"Feature","geometry":{"type":"Point","coordinates":[-0.25075,51.59538]},"properties":{"name":"Sainsbury's Local","brand":"Sainsbury's","address":"","postcode":"","opening_hours":"Mo-Su 07:00-23:00"}},{"type":"Feature","geometry":{"type":"Point","coordinates":[0.07068,51.49162]},"properties":{"name":"M&S Foodhall","brand":"M&S","address":"Victory Parade 4","postcode":"SE18 6FL","opening_hours":"Mo-Fr 07:00-22:00; Sa 08:00-21:00; Su 12:00-18:00"}},{"type":"Feature","geometry":{"type":"Point","coordinates":[-0.13186,51.51174]},"properties":{"name":"陽城海鮮舫 Young Cheng Fresh Seafood Shop","brand":"","address":"","postcode":"","opening_hours":""}},{"type":"Feature","geometry":{"type":"Point","coordinates":[-0.09764,51.49457]},"properties":{"name":"Sainsbury's","brand":"Sainsbury's","address":"New Kent Road 40","postcode":"SE1 6TJ","opening_hours":"Mo-Sa 07:00-23:00; Su 11:00-17:00"}},{"type":"Feature","geometry":{"type":"Point","coordinates":[-0.11376,51.52183]},"properties":{"name":"Co-op Food","brand":"Co-op","address":"Grays Inn Road 39-43","postcode":"WC1X 8PR","opening_hours":"Mo-Sa 07:00-23:00; Su 07:00-22:30"}},{"type":"Feature","geometry":{"type":"Point","coordinates":[-0.11312,51.45438]},"properties":{"name":"Brixton Food & WIne","brand":"","address":"Tulse Hill 27-29","postcode":"","opening_hours":""}},{"type":"Feature","geometry":{"type":"Point","coordinates":[-0.51154,51.32678]},"properties":{"name":"Co-op Food","brand":"Co-op","address":"Coldharbour Road","postcode":"GU22 8SW","opening_hours":"Mo-Su 07:00-22:00"}},{"type":"Feature","geometry":{"type":"Point","coordinates":[-0.14152,51.59141]},"properties":{"name":"Greens on the Hill","brand":"","address":"Muswell Hill Broadway 310","postcode":"","opening_hours":"08:00-21:00"}},{"type":"Feature","geometry":{"type":"Point","coordinates":[-0.24911,51.50648]},"properties":{"name":"Tesco","brand":"Tesco","address":"The Vale 31","postcode":"W3 7RR","opening_hours":"Mo-Sa 07:00-22:00; Su 11:00-17:00"}},{"type":"Feature","geometry":{"type":"Point","coordinates":[-0.12657,51.45037]},"properties":{"name":"Phambra Food Store","brand":"","address":"","postcode":"","opening_hours":""}},{"type":"Feature","geometry":{"type":"Point","coordinates":[-0.37156,51.5734]},"properties":{"name":"Moon Cash & Carry","brand":"","address":"Alexandra Avenue 425-429","postcode":"HA2 9SE","opening_hours":""}},{"type":"Feature","geometry":{"type":"Point","coordinates":[-0.37093,51.57673]},"properties":{"name":"Sriram Cash & Carry","brand":"","address":"Rayners Lane 396-398","postcode":"HA5 5DY","opening_hours":""}},{"type":"Feature","geometry":{"type":"Point","coordinates":[-0.18356,51.49836]},"properties":{"name":"Partridges","brand":"","address":"Gloucester Road 17-21","postcode":"","opening_hours":""}},{"type":"Feature","geometry":{"type":"Point","coordinates":[-0.17754,51.37573]},"properties":{"name":"St. Helier Food & Wine","brand":"","address":"Wrythe Lane 131","postcode":"SM5 2RU","opening_hours":""}},{"type":"Feature","geometry":{"type":"Point","coordinates":[-0.09584,51.48882]},"properties":{"name":"Hiep Phat Vietnamese Supermarket","brand":"","address":"","postcode":"","opening_hours":""}},{"type":"Feature","geometry":{"type":"Point","coordinates":[-0.19214,51.40225]},"properties":{"name":"Global Food Store","brand":"","address":"Abbotsbury Road 31","postcode":"SM4 5LJ","opening_hours":""}},{"type":"Feature","geometry":{"type":"Point","coordinates":[-0.32925,51.29472]},"properties":{"name":"Waitrose","brand":"Waitrose","address":"Church Street 14-22","postcode":"KT22 8DW","opening_hours":"Mo-Sa 07:00-21:00; Su 10:00-16:00"}},{"type":"Feature","geometry":{"type":"Point","coordinates":[-0.33308,51.58188]},"properties":{"name":"North West International Supermarket","brand":"","address":"","postcode":"","opening_hours":""}},{"type":"Feature","geometry":{"type":"Point","coordinates":[-0.18053,51.36987]},"properties":{"name":"Costcutter","brand":"Costcutter","address":"Erskine Road 45","postcode":"SM1 3AT","opening_hours":""}},{"type":"Feature","geometry":{"type":"Point","coordinates":[-0.33908,51.54204]},"properties":{"name":"M&S Foodhall","brand":"M&S","address":"","postcode":"","opening_hours":"Mo-Sa 08:00-21:00; Su 10:00-16:00"}},{"type":"Feature","geometry":{"type":"Point","coordinates":[-0.11984,51.37393]},"properties":{"name":"Lidl","brand":"Lidl","address":"Trojan Way 2","postcode":"CR0 4XL","opening_hours":""}},{"type":"Feature","geometry":{"type":"Point","coordinates":[-0.22637,51.49273]},"properties":{"name":"M&S Foodhall","brand":"M&S","address":"","postcode":"","opening_hours":"Mo-Fr 08:00-20:00; Sa 08:00-19:00; Su 11:00-17:00"}},{"type":"Feature","geometry":{"type":"Point","coordinates":[-0.07489,51.54612]},"properties":{"name":"Co-op Food","brand":"Co-op","address":"Dalston Square","postcode":"E8 3FT","opening_hours":"Mo-Su 07:00-23:00"}},{"type":"Feature","geometry":{"type":"Point","coordinates":[-0.22569,51.58982]},"properties":{"name":"Co-op Food","brand":"Co-op","address":"","postcode":"","opening_hours":"Mo-Su 07:00-23:00"}},{"type":"Feature","geometry":{"type":"Point","coordinates":[-0.26935,51.62649]},"properties":{"name":"Martin’s","brand":"","address":"13","postcode":"","opening_hours":""}},{"type":"Feature","geometry":{"type":"Point","coordinates":[-0.29484,51.59586]},"properties":{"name":"Triple A Cash and Carry","brand":"","address":"Honeypot Lane 401","postcode":"","opening_hours":""}},{"type":"Feature","geometry":{"type":"Point","coordinates":[-0.19492,51.60009]},"properties":{"name":"Little Waitrose","brand":"Waitrose","address":"Regent's Park Road 318-320","postcode":"N3 2LN","opening_hours":"Mo-Su 07:00-22:00"}},{"type":"Feature","geometry":{"type":"Point","coordinates":[-0.12431,51.50785]},"properties":{"name":"Jumbo","brand":"Jumbo","address":"","postcode":"","opening_hours":""}},{"type":"Feature","geometry":{"type":"Point","coordinates":[-0.14841,51.44865]},"properties":{"name":"Co-op Food","brand":"Co-op","address":"","postcode":"","opening_hours":"Mo-Su 07:00-22:00"}},{"type":"Feature","geometry":{"type":"Point","coordinates":[-0.31438,51.48903]},"properties":{"name":"Co-op Food","brand":"Co-op","address":"Boston Manor Road","postcode":"TW8 9GB","opening_hours":"Mo-Su 07:00-23:00"}},{"type":"Feature","geometry":{"type":"Point","coordinates":[-0.02229,51.5842]},"properties":{"name":"Lidl","brand":"Lidl","address":"Selborne Walk 38","postcode":"E17 7JR","opening_hours":"Mo-Sa 07:00-22:00, Su 11:00-17:00"}},{"type":"Feature","geometry":{"type":"Point","coordinates":[0.17763,51.58081]},"properties":{"name":"Mixas","brand":"","address":"North Street 95","postcode":"RM1 1EU","opening_hours":""}},{"type":"Feature","geometry":{"type":"Point","coordinates":[-0.11786,51.50092]},"properties":{"name":"AP Food Express","brand":"","address":"","postcode":"","opening_hours":""}},{"type":"Feature","geometry":{"type":"Point","coordinates":[-0.23188,51.40954]},"properties":{"name":"Co-op Food","brand":"Co-op","address":"Coombe Lane 68-74","postcode":"SW20 0AX","opening_hours":"Mo-Su 07:00-23:00"}},{"type":"Feature","geometry":{"type":"Point","coordinates":[-0.13152,51.50971]},"properties":{"name":"Japan Centre","brand":"","address":"Panton Street 35b","postcode":"SW1Y 4EA","opening_hours":"Mo-Su 10:00-21:30"}},{"type":"Feature","geometry":{"type":"Point","coordinates":[-0.10664,51.59383]},"properties":{"name":"Lidl","brand":"Lidl","address":"High Road 88-96","postcode":"N22 6HE","opening_hours":"Mo-Sa 07:00-22:00; Su 11:00-17:00; PH 07:00-22:00"}},{"type":"Feature","geometry":{"type":"Point","coordinates":[-0.23782,51.39501]},"properties":{"name":"Ecklee","brand":"","address":"West Barnes Lane 341-345","postcode":"KT3 6JF","opening_hours":"Mo-Su 08:00-21:00"}},{"type":"Feature","geometry":{"type":"Point","coordinates":[-0.03411,51.4591]},"properties":{"name":"Co-op Food","brand":"Co-op","address":"Brockley Road 294","postcode":"SE4 2RA","opening_hours":"Mo-Su 07:00-23:00"}},{"type":"Feature","geometry":{"type":"Point","coordinates":[-0.11035,51.50233]},"properties":{"name":"Oseyo","brand":"","address":"Waterloo Road 158","postcode":"SE1 8SB","opening_hours":"Mo-Sa 11:00-21:30; Su 11:00-21:00"}},{"type":"Feature","geometry":{"type":"Point","coordinates":[-0.04041,51.58791]},"properties":{"name":"Co-op Food","brand":"Co-op","address":"","postcode":"","opening_hours":"Mo-Su 07:00-22:00"}},{"type":"Feature","geometry":{"type":"Point","coordinates":[-0.29504,51.38475]},"properties":{"name":"Co-op Food","brand":"Co-op","address":"Ellerton Road 2A","postcode":"KT6 7TX","opening_hours":"Mo-Su 07:00-22:00"}},{"type":"Feature","geometry":{"type":"Point","coordinates":[-0.29098,51.51639]},"properties":{"name":"Little Waitrose","brand":"Waitrose","address":"","postcode":"","opening_hours":"24/7"}},{"type":"Feature","geometry":{"type":"Point","coordinates":[-0.1374,51.51537]},"properties":{"name":"Soho Express","brand":"","address":"Poland Street 28","postcode":"","opening_hours":""}},{"type":"Feature","geometry":{"type":"Point","coordinates":[-0.11794,51.54505]},"properties":{"name":"U.see.inn Continental Supermarket","brand":"","address":"","postcode":"","opening_hours":""}},{"type":"Feature","geometry":{"type":"Point","coordinates":[-0.14199,51.5133]},"properties":{"name":"Vital Ingredient","brand":"","address":"Maddox Street 18a","postcode":"","opening_hours":""}},{"type":"Feature","geometry":{"type":"Point","coordinates":[-0.07567,51.54799]},"properties":{"name":"M&S Foodhall","brand":"M&S","address":"Kingsland High Street 51-57","postcode":"E8 2JS","opening_hours":"Mo-Sa 08:00-21:00; Su 11:00-17:00"}},{"type":"Feature","geometry":{"type":"Point","coordinates":[0.03493,51.53604]},"properties":{"name":"Lidl","brand":"Lidl","address":"Green Street 374-378","postcode":"E13 9AP","opening_hours":""}},{"type":"Feature","geometry":{"type":"Point","coordinates":[-0.00452,51.54622]},"properties":{"name":"Wa Na Hong Oriental Supermarket","brand":"","address":"Penny Brookes Street 15-19","postcode":"E20 1BN","opening_hours":"Mo-Sa 10:00-21:00; Su 12:00-18:00"}},{"type":"Feature","geometry":{"type":"Point","coordinates":[-0.24918,51.61411]},"properties":{"name":"M&S Simply Food","brand":"M&S","address":"The Broadway 3-7","postcode":"NW7 3LN","opening_hours":"Mo-Sa 08:00-20:00; Su 10:00-16:00"}},{"type":"Feature","geometry":{"type":"Point","coordinates":[-0.26653,51.60094]},"properties":{"name":"Food 4 Less","brand":"","address":"","postcode":"","opening_hours":""}},{"type":"Feature","geometry":{"type":"Point","coordinates":[-0.27747,51.59777]},"properties":{"name":"A Day Fresh","brand":"","address":"","postcode":"","opening_hours":""}},{"type":"Feature","geometry":{"type":"Point","coordinates":[-0.33363,51.58091]},"properties":{"name":"Gayatri","brand":"","address":"","postcode":"","opening_hours":""}},{"type":"Feature","geometry":{"type":"Point","coordinates":[-0.27831,51.59812]},"properties":{"name":"Hak Food Centre","brand":"","address":"","postcode":"","opening_hours":""}},{"type":"Feature","geometry":{"type":"Point","coordinates":[0.03089,51.68938]},"properties":{"name":"Co-Op","brand":"Co-op","address":"","postcode":"","opening_hours":"Mo-Su 06:00-22:00"}},{"type":"Feature","geometry":{"type":"Point","coordinates":[-0.03816,51.35087]},"properties":{"name":"Co-op Food","brand":"Co-op","address":"Featherbed Lane","postcode":"CR0 9AS","opening_hours":"Mo-Su 07:00-22:00"}},{"type":"Feature","geometry":{"type":"Point","coordinates":[0.29599,51.52255]},"properties":{"name":"Ockendon Food & Wine","brand":"Co-op","address":"Canterbury Parade 3-4","postcode":"","opening_hours":"06:30-22:00"}},{"type":"Feature","geometry":{"type":"Point","coordinates":[-0.15935,51.52273]},"properties":{"name":"The Fruit Garden","brand":"","address":"Melcombe Street 21-23","postcode":"NW1 6AG","opening_hours":""}},{"type":"Feature","geometry":{"type":"Point","coordinates":[-0.05011,51.42611]},"properties":{"name":"Istanbul","brand":"","address":"Sydenham Road 91","postcode":"SE26 5UA","opening_hours":""}},{"type":"Feature","geometry":{"type":"Point","coordinates":[-0.05288,51.42616]},"properties":{"name":"Endora House Food & Wine","brand":"","address":"Sydenham Road 28","postcode":"SE26 5QW","opening_hours":""}},{"type":"Feature","geometry":{"type":"Point","coordinates":[-0.05183,51.42602]},"properties":{"name":"PFC","brand":"","address":"Sydenham Road 42","postcode":"SE26 5QF","opening_hours":""}},{"type":"Feature","geometry":{"type":"Point","coordinates":[-0.04819,51.42559]},"properties":{"name":"To Tu Polish Food Shop","brand":"","address":"Sydenham Road 104","postcode":"SE26 5JX","opening_hours":""}},{"type":"Feature","geometry":{"type":"Point","coordinates":[-0.04437,51.42555]},"properties":{"name":"S K Food & Wine","brand":"","address":"Sydenham Road 168","postcode":"SE26 5JZ","opening_hours":""}},{"type":"Feature","geometry":{"type":"Point","coordinates":[-0.04348,51.42573]},"properties":{"name":"Istanbul Supermarket","brand":"","address":"Sydenham Road 180-190","postcode":"SE26 5RP","opening_hours":""}},{"type":"Feature","geometry":{"type":"Point","coordinates":[-0.47012,51.63372]},"properties":{"name":"Tesco","brand":"Tesco","address":"Harefield Road","postcode":"WD3 1LX","opening_hours":"Mo-Sa 06:00-23:00; Su 11:00-17:00"}},{"type":"Feature","geometry":{"type":"Point","coordinates":[-0.08039,51.53381]},"properties":{"name":"Hoxton Brothers","brand":"","address":"","postcode":"","opening_hours":""}},{"type":"Feature","geometry":{"type":"Point","coordinates":[-0.10592,51.40878]},"properties":{"name":"The Co-operative Food","brand":"Co-op","address":"Green Lane 26-28","postcode":"CR7 8BB","opening_hours":"Mo-Su 07:00-22:00"}},{"type":"Feature","geometry":{"type":"Point","coordinates":[-0.19637,51.57183]},"properties":{"name":"Seoul Plaza","brand":"","address":"","postcode":"","opening_hours":""}},{"type":"Feature","geometry":{"type":"Point","coordinates":[0.00109,51.36964]},"properties":{"name":"Co-op Food","brand":"Co-op","address":"Croydon Road 42 - 46","postcode":"BR4 9HU","opening_hours":"Mo-Su 07:00-22:00"}},{"type":"Feature","geometry":{"type":"Point","coordinates":[0.02225,51.49089]},"properties":{"name":"ALDI","brand":"Aldi","address":"Brocklebank Road 2","postcode":"SE7 7FR","opening_hours":"Mo-Sa 08:00-22:00; Su 11:00-17:00"}},{"type":"Feature","geometry":{"type":"Point","coordinates":[-0.27035,51.60273]},"properties":{"name":"Iceland","brand":"Iceland","address":"","postcode":"","opening_hours":""}},{"type":"Feature","geometry":{"type":"Point","coordinates":[-0.06174,51.58653]},"properties":{"name":"The Food Warehouse","brand":"The Food Warehouse","address":"","postcode":"","opening_hours":""}},{"type":"Feature","geometry":{"type":"Point","coordinates":[-0.17357,51.35678]},"properties":{"name":"The Co-operative Food","brand":"Co-op","address":"Banstead Road 89-91","postcode":"SM5 3NP","opening_hours":"Mo-Su 07:00-22:00"}},{"type":"Feature","geometry":{"type":"Point","coordinates":[-0.08708,51.52977]},"properties":{"name":"Oriental Supermarket","brand":"","address":"","postcode":"","opening_hours":""}},{"type":"Feature","geometry":{"type":"Point","coordinates":[-0.04693,51.37532]},"properties":{"name":"Co-op Food","brand":"Co-op","address":"Wickham Road 225","postcode":"CR0 8TG","opening_hours":"Mo-Su 07:00-22:00"}},{"type":"Feature","geometry":{"type":"Point","coordinates":[-0.04021,51.38597]},"properties":{"name":"The Co-operative Food","brand":"Co-op","address":"Orchard Way 118-122","postcode":"CR0 7NN","opening_hours":"Mo-Su 07:00-22:00"}},{"type":"Feature","geometry":{"type":"Point","coordinates":[-0.03327,51.51337]},"properties":{"name":"Bangla Bazar Cash & Carry","brand":"","address":"Salmon Lane 130-132","postcode":"E14 7PQ","opening_hours":""}},{"type":"Feature","geometry":{"type":"Point","coordinates":[-0.01623,51.34234]},"properties":{"name":"Co-op Food","brand":"Co-op","address":"Central Parade 7-10","postcode":"CR0 0JB","opening_hours":"Mo-Su 07:00-22:00"}},{"type":"Feature","geometry":{"type":"Point","coordinates":[-0.01379,51.34072]},"properties":{"name":"Tropical Essentials Supermarket","brand":"","address":"Central Parade 52","postcode":"CR0 0JD","opening_hours":""}},{"type":"Feature","geometry":{"type":"Point","coordinates":[-0.13228,51.3997]},"properties":{"name":"Co-op Food","brand":"Co-op","address":"South Lodge Avenue 32","postcode":"CR4 1LU","opening_hours":"Mo-Su 07:00-22:00"}},{"type":"Feature","geometry":{"type":"Point","coordinates":[-0.18108,51.58594]},"properties":{"name":"Co-operative Food","brand":"Co-op","address":"","postcode":"","opening_hours":"Mo-Su 07:00-22:00"}},{"type":"Feature","geometry":{"type":"Point","coordinates":[0.02463,51.54921]},"properties":{"name":"Co-op Food","brand":"Co-op","address":"Woodgrange Road 67-73","postcode":"E7 0EL","opening_hours":"Mo-Sa 07:00-23:00; Su 11:00-17:00"}},{"type":"Feature","geometry":{"type":"Point","coordinates":[-0.15058,51.36117]},"properties":{"name":"Wallington Food Centre","brand":"","address":"Manor Road 120-124","postcode":"SM6 0DS","opening_hours":""}},{"type":"Feature","geometry":{"type":"Point","coordinates":[-0.01659,51.46511]},"properties":{"name":"Asda","brand":"Asda","address":"Loampit Vale","postcode":"SE13 7LL","opening_hours":"Mo-Sa 06:00-23:00; Su 11:00-17:00"}},{"type":"Feature","geometry":{"type":"Point","coordinates":[0.29911,51.61954]},"properties":{"name":"Day 1","brand":"","address":"","postcode":"","opening_hours":""}},{"type":"Feature","geometry":{"type":"Point","coordinates":[0.29907,51.61949]},"properties":{"name":"Smoker Shop","brand":"","address":"","postcode":"","opening_hours":""}},{"type":"Feature","geometry":{"type":"Point","coordinates":[0.2992,51.61947]},"properties":{"name":"A J news & wine","brand":"","address":"High Street 96a","postcode":"CM14 4AP","opening_hours":""}},{"type":"Feature","geometry":{"type":"Point","coordinates":[-0.17882,51.41592]},"properties":{"name":"Aldi","brand":"Aldi","address":"High Street Colliers Wood","postcode":"","opening_hours":""}},{"type":"Feature","geometry":{"type":"Point","coordinates":[-0.26293,51.33429]},"properties":{"name":"Epsom Food Express","brand":"","address":"Upper High Street 15","postcode":"KT17 4QY","opening_hours":""}},{"type":"Feature","geometry":{"type":"Point","coordinates":[-0.26319,51.33425]},"properties":{"name":"Co-op Food","brand":"Co-op","address":"Upper High Street 9","postcode":"KT17 4QY","opening_hours":"Mo-Su 06:00-23:00"}},{"type":"Feature","geometry":{"type":"Point","coordinates":[-0.14202,51.5387]},"properties":{"name":"oseyo","brand":"","address":"","postcode":"","opening_hours":""}},{"type":"Feature","geometry":{"type":"Point","coordinates":[-0.326,51.46843]},"properties":{"name":"Co-op Food","brand":"Co-op","address":"South Street 33","postcode":"TW7 7AL","opening_hours":"Mo-Su 07:00-23:00"}},{"type":"Feature","geometry":{"type":"Point","coordinates":[-0.20626,51.53708]},"properties":{"name":"Co-op Food","brand":"Co-op","address":"Salusbury Road 104","postcode":"NW6 6RG","opening_hours":"Mo-Su 07:00-23:00"}},{"type":"Feature","geometry":{"type":"Point","coordinates":[-0.09402,51.63308]},"properties":{"name":"Green Lanes Surgery & Pharmacy","brand":"","address":"","postcode":"","opening_hours":""}},{"type":"Feature","geometry":{"type":"Point","coordinates":[-0.14612,51.48218]},"properties":{"name":"The Battersea General Store","brand":"","address":"Circus Road West 9-10","postcode":"SW11 8EZ","opening_hours":"Mo-Sa 07:00-23:00, Su 12:00-18:00"}},{"type":"Feature","geometry":{"type":"Point","coordinates":[-0.09397,51.63533]},"properties":{"name":"Waitrose","brand":"Waitrose","address":"Green Lanes 889","postcode":"N21 2QP","opening_hours":""}},{"type":"Feature","geometry":{"type":"Point","coordinates":[-0.23338,51.40918]},"properties":{"name":"Waitrose","brand":"Waitrose","address":"Coombe Lane 25","postcode":"SW20 0BW","opening_hours":"Mo-Fr 08:00-21:00; Sa 09:00-20:00; Su 10:00-16:00"}},{"type":"Feature","geometry":{"type":"Point","coordinates":[-0.07944,51.58537]},"properties":{"name":"Loco Food Centre","brand":"","address":"West Green Road","postcode":"","opening_hours":""}},{"type":"Feature","geometry":{"type":"Point","coordinates":[-0.07272,51.47351]},"properties":{"name":"Hao Wah Chinese Supermarket","brand":"","address":"","postcode":"","opening_hours":""}},{"type":"Feature","geometry":{"type":"Point","coordinates":[-0.23758,51.29667]},"properties":{"name":"Tadworth Supermarket","brand":"","address":"Shelvers Hill 7-9","postcode":"KT20 5PU","opening_hours":""}},{"type":"Feature","geometry":{"type":"Point","coordinates":[-0.11724,51.58877]},"properties":{"name":"Sainsbury's","brand":"Sainsbury's","address":"High Street","postcode":"N8 7SA","opening_hours":"Mo-Sa 08:00-22:00; Su 11:00-17:00"}},{"type":"Feature","geometry":{"type":"Point","coordinates":[-0.07116,51.47348]},"properties":{"name":"Kim Lien Mini Market","brand":"","address":"Peckham High Street 47","postcode":"SE15 5EB","opening_hours":""}},{"type":"Feature","geometry":{"type":"Point","coordinates":[-0.09838,51.58747]},"properties":{"name":"Market Basket","brand":"Market Basket","address":"","postcode":"","opening_hours":""}},{"type":"Feature","geometry":{"type":"Point","coordinates":[-0.02188,51.57165]},"properties":{"name":"Nadeem Halal Meat & Grocery","brand":"","address":"Lea Bridge Road 437","postcode":"E10 7EA","opening_hours":""}},{"type":"Feature","geometry":{"type":"Point","coordinates":[-0.02337,51.57114]},"properties":{"name":"Madina Cash & Carry","brand":"","address":"Lea Bridge Road 371-373","postcode":"E10 7EA","opening_hours":""}},{"type":"Feature","geometry":{"type":"Point","coordinates":[-0.02372,51.571]},"properties":{"name":"KGN Wholesale & Retail","brand":"","address":"Lea Bridge Road 359","postcode":"E10 7LA","opening_hours":""}},{"type":"Feature","geometry":{"type":"Point","coordinates":[-0.11613,51.50309]},"properties":{"name":"M&S Foodhall","brand":"M&S","address":"","postcode":"","opening_hours":"Mo-Fr 07:00-22:00; Sa 08:00-22:00; Su 12:00-18:00"}},{"type":"Feature","geometry":{"type":"Point","coordinates":[-0.06957,51.4735]},"properties":{"name":"Kumasi Market","brand":"","address":"Peckham High Street 74","postcode":"SE15 5ED","opening_hours":""}},{"type":"Feature","geometry":{"type":"Point","coordinates":[-0.17071,51.52059]},"properties":{"name":"Gulf market","brand":"","address":"Edgware Road 316","postcode":"","opening_hours":""}},{"type":"Feature","geometry":{"type":"Point","coordinates":[-0.10197,51.37364]},"properties":{"name":"Abad Halal Supermarket","brand":"","address":"Church Street 20","postcode":"CR0 1FZ","opening_hours":""}},{"type":"Feature","geometry":{"type":"Point","coordinates":[-0.32499,51.50934]},"properties":{"name":"Sainsbury's","brand":"Sainsbury's","address":"Melbourne Avenue","postcode":"W13 9BZ","opening_hours":"Mo-Sa 07:00-21:00; Su 11:00-17:00"}},{"type":"Feature","geometry":{"type":"Point","coordinates":[-0.32478,51.5102]},"properties":{"name":"Lidl","brand":"Lidl","address":"Broadway 90-94","postcode":"W13 0SY","opening_hours":"Mo-Sa,PH 08:00-21:00; Su 11:00-17:00"}},{"type":"Feature","geometry":{"type":"Point","coordinates":[-0.17083,51.52321]},"properties":{"name":"Sindbad","brand":"","address":"Church Street 74-78","postcode":"","opening_hours":""}},{"type":"Feature","geometry":{"type":"Point","coordinates":[-0.27927,51.5595]},"properties":{"name":"Co-op Food","brand":"Co-op","address":"Olympic Way 25","postcode":"HA9 0FR","opening_hours":"Mo-Su 07:00-22:00"}},{"type":"Feature","geometry":{"type":"Point","coordinates":[-0.17228,51.53346]},"properties":{"name":"Panzer's Delicatessen","brand":"","address":"Circus Road 13-19","postcode":"","opening_hours":""}},{"type":"Feature","geometry":{"type":"Point","coordinates":[-0.22262,51.57735]},"properties":{"name":"Waitrose","brand":"Waitrose","address":"","postcode":"","opening_hours":""}},{"type":"Feature","geometry":{"type":"Point","coordinates":[-0.41552,51.44008]},"properties":{"name":"CEO African Caribbean Food","brand":"","address":"High Street 3","postcode":"TW13 4HJ","opening_hours":""}},{"type":"Feature","geometry":{"type":"Point","coordinates":[-0.22307,51.39258]},"properties":{"name":"Co-op Food","brand":"Co-op","address":"","postcode":"","opening_hours":"Mo-Su 07:00-22:00"}},{"type":"Feature","geometry":{"type":"Point","coordinates":[-0.19429,51.50077]},"properties":{"name":"Amazon Fresh","brand":"Amazon Fresh","address":"Kensington High Street 133","postcode":"","opening_hours":""}},{"type":"Feature","geometry":{"type":"Point","coordinates":[-0.51354,51.28172]},"properties":{"name":"Little Waitrose","brand":"Waitrose","address":"Portsmouth Road","postcode":"GU23 7JY","opening_hours":"06:00-22:00"}},{"type":"Feature","geometry":{"type":"Point","coordinates":[-0.19613,51.50009]},"properties":{"name":"La Mart","brand":"","address":"Kensington High Street 172-174","postcode":"","opening_hours":""}},{"type":"Feature","geometry":{"type":"Point","coordinates":[-0.18934,51.53473]},"properties":{"name":"Milad Supermarket","brand":"","address":"Maida Vale 235-239","postcode":"","opening_hours":""}},{"type":"Feature","geometry":{"type":"Point","coordinates":[-0.1855,51.53032]},"properties":{"name":"Al-Shaheen Supermarket","brand":"","address":"Elgin Avenue 253","postcode":"","opening_hours":""}},{"type":"Feature","geometry":{"type":"Point","coordinates":[-0.20674,51.53768]},"properties":{"name":"Planet Organic","brand":"Planet Organic","address":"Salusbury Road 117-121","postcode":"","opening_hours":""}},{"type":"Feature","geometry":{"type":"Point","coordinates":[-0.12643,51.43937]},"properties":{"name":"M&S Foodhall","brand":"M&S","address":"142-170","postcode":"SW2 4RU","opening_hours":"Mo-Sa 08:00-22:00; Su 11:00-17:00"}},{"type":"Feature","geometry":{"type":"Point","coordinates":[-0.17118,51.51907]},"properties":{"name":"Co-op Food","brand":"Co-op","address":"Merchant Square 4","postcode":"","opening_hours":""}},{"type":"Feature","geometry":{"type":"Point","coordinates":[0.01178,51.497]},"properties":{"name":"Co-op Food","brand":"Co-op","address":"Chandlers Avenue 40","postcode":"SE10 0GE","opening_hours":"Mo-Su 07:00-23:00"}},{"type":"Feature","geometry":{"type":"Point","coordinates":[-0.03827,51.3916]},"properties":{"name":"Co-op Food","brand":"Co-op","address":"Upper Elmers End Road 164A","postcode":"BR3 3DY","opening_hours":"Mo-Su 07:00-22:00"}},{"type":"Feature","geometry":{"type":"Point","coordinates":[-0.01771,51.50286]},"properties":{"name":"M&S Simply Food","brand":"M&S","address":"Bank Street 45","postcode":"E14 5NY","opening_hours":"Mo-Fr 08:00-21:00; Sa 09:00-21:00; Su 12:00-18:00"}},{"type":"Feature","geometry":{"type":"Point","coordinates":[-0.19268,51.51522]},"properties":{"name":"Prezzemolo & Vitale","brand":"","address":"Westbourne Grove 87","postcode":"","opening_hours":""}},{"type":"Feature","geometry":{"type":"Point","coordinates":[-0.01943,51.49784]},"properties":{"name":"Tian Tian Oriental Supermarket","brand":"","address":"Lanterns Way 48","postcode":"E14 9JP","opening_hours":"Mo-Th 10:00-21:00; Fr,Sa 10:00-21:30; Su 12:00-18:00"}},{"type":"Feature","geometry":{"type":"Point","coordinates":[-0.15423,51.5142]},"properties":{"name":"M&S Simply Food","brand":"M&S","address":"","postcode":"","opening_hours":""}},{"type":"Feature","geometry":{"type":"Point","coordinates":[-0.34671,51.38482]},"properties":{"name":"Ditton Foodstore","brand":"","address":"The Broadway 5","postcode":"KT7 0LX","opening_hours":""}},{"type":"Feature","geometry":{"type":"Point","coordinates":[-0.19779,51.50902]},"properties":{"name":"Osyeo","brand":"","address":"Notting Hill Gate 102","postcode":"","opening_hours":""}},{"type":"Feature","geometry":{"type":"Point","coordinates":[-0.0178,51.52773]},"properties":{"name":"Stroudley Walk Grocery","brand":"","address":"Stroudley Walk 2-4","postcode":"E3 3EW","opening_hours":""}},{"type":"Feature","geometry":{"type":"Point","coordinates":[-0.22032,51.50864]},"properties":{"name":"Marks & Spencer","brand":"M&S","address":"Ariel Way","postcode":"W12 7GA","opening_hours":"Mo-Sa 10:00-21:00; Su 12:00-18:00"}},{"type":"Feature","geometry":{"type":"Point","coordinates":[-0.24557,51.50689]},"properties":{"name":"Magaza Balkan food","brand":"","address":"The Vale 6","postcode":"W3 7SB","opening_hours":""}},{"type":"Feature","geometry":{"type":"Point","coordinates":[-0.20914,51.51645]},"properties":{"name":"Ikkyu Conveni","brand":"","address":"Ladbroke Grove 102","postcode":"W11 1PY","opening_hours":"Tu-Su 11:00-22:00"}},{"type":"Feature","geometry":{"type":"Point","coordinates":[-0.20652,51.51796]},"properties":{"name":"R Garcia & Sons","brand":"","address":"Portobello Road 248-250","postcode":"W11 1LL","opening_hours":"Su,Mo 10:00-18:00; Tu-Sa 09:00-18:00"}},{"type":"Feature","geometry":{"type":"Point","coordinates":[-0.24008,51.31014]},"properties":{"name":"The Co-operative Food","brand":"Co-op","address":"Tattenham Crescent 29-31","postcode":"KT18 5QJ","opening_hours":"Mo-Su 07:00-22:00"}},{"type":"Feature","geometry":{"type":"Point","coordinates":[-0.20629,51.52345]},"properties":{"name":"Costcutter","brand":"Costcutter","address":"Golborne Road 17","postcode":"W10 5NY","opening_hours":""}},{"type":"Feature","geometry":{"type":"Point","coordinates":[-0.20522,51.49706]},"properties":{"name":"Green Valley","brand":"","address":"Kensington High Street 348-354","postcode":"","opening_hours":""}},{"type":"Feature","geometry":{"type":"Point","coordinates":[-0.16278,51.49013]},"properties":{"name":"Whole Foods Market","brand":"Whole Foods","address":"King's Road 120","postcode":"","opening_hours":""}},{"type":"Feature","geometry":{"type":"Point","coordinates":[-0.05265,51.439]},"properties":{"name":"Forest Hill Supermarket","brand":"","address":"","postcode":"","opening_hours":""}},{"type":"Feature","geometry":{"type":"Point","coordinates":[-0.21112,51.51247]},"properties":{"name":"Oksa Quality Food","brand":"","address":"Clarendon Road 121","postcode":"","opening_hours":""}},{"type":"Feature","geometry":{"type":"Point","coordinates":[-0.12751,51.43643]},"properties":{"name":"Mieszko","brand":"","address":"Streatham High Road 13-17","postcode":"SW16 1DS","opening_hours":"Mo-Sa 08:00-22:00; Su 09:00-21:00"}},{"type":"Feature","geometry":{"type":"Point","coordinates":[-0.33182,51.45913]},"properties":{"name":"Asda","brand":"Asda","address":"Twickenham Road","postcode":"TW7 7DY","opening_hours":"Mo-Sa 07:00-23:00; Su 11:00-17:00"}},{"type":"Feature","geometry":{"type":"Point","coordinates":[0.02469,51.48959]},"properties":{"name":"Lidl","brand":"Lidl","address":"Bugsby's Way","postcode":"SE7 7SR","opening_hours":"Mo-Sa 08:00-22:00; Su 11:00-17:00"}},{"type":"Feature","geometry":{"type":"Point","coordinates":[-0.33696,51.51354]},"properties":{"name":"Hanwell Local","brand":"","address":"","postcode":"","opening_hours":""}},{"type":"Feature","geometry":{"type":"Point","coordinates":[-0.07178,51.52236]},"properties":{"name":"Harvest E1","brand":"","address":"Brick Lane 103","postcode":"E1 6SE","opening_hours":""}},{"type":"Feature","geometry":{"type":"Point","coordinates":[0.01042,51.515]},"properties":{"name":"Morrisons","brand":"Morrisons","address":"Silvertown Square 3","postcode":"E16 1GW","opening_hours":""}},{"type":"Feature","geometry":{"type":"Point","coordinates":[-0.02119,51.4324]},"properties":{"name":"Co-op Food","brand":"Co-op","address":"Randlesdown Road 36-40","postcode":"SE6 3BT","opening_hours":"07:00-22:00"}},{"type":"Feature","geometry":{"type":"Point","coordinates":[-0.16435,51.58974]},"properties":{"name":"Budgens","brand":"Budgens","address":"","postcode":"","opening_hours":"Su 10:00-19:00; Mo-Th 07:00-22:00; Fr,Sa 07:00-23:00"}},{"type":"Feature","geometry":{"type":"Point","coordinates":[-0.16445,51.59014]},"properties":{"name":"Iceland","brand":"Iceland","address":"","postcode":"","opening_hours":"Mo-Sa 08:00-22:00; Su 11:00-17:00"}},{"type":"Feature","geometry":{"type":"Point","coordinates":[-0.36124,51.47103]},"properties":{"name":"Asda","brand":"Asda","address":"Prince Regent Road","postcode":"TW3 1NL","opening_hours":"Mo-Fr 06:00-24:00; Sa 06:00-22:00; Su 11:00-17:00"}},{"type":"Feature","geometry":{"type":"Point","coordinates":[-0.11056,51.60846]},"properties":{"name":"Sirwan Food Centre","brand":"","address":"","postcode":"","opening_hours":""}},{"type":"Feature","geometry":{"type":"Point","coordinates":[-0.20341,51.47226]},"properties":{"name":"Co-op Food","brand":"Co-op","address":"New King's Road 100","postcode":"SW6 4LU","opening_hours":"Mo-Su 07:00-23:00"}},{"type":"Feature","geometry":{"type":"Point","coordinates":[-0.11756,51.60651]},"properties":{"name":"Ayta Food Centre","brand":"","address":"Myddleton Road 86-88","postcode":"N22 8NQ","opening_hours":""}},{"type":"Feature","geometry":{"type":"Point","coordinates":[-0.44902,51.53059]},"properties":{"name":"Hillingdon Food Centre","brand":"","address":"Uxbridge Road 5","postcode":"UB10 0PQ","opening_hours":""}},{"type":"Feature","geometry":{"type":"Point","coordinates":[-0.14039,51.61666]},"properties":{"name":"International Food Centre","brand":"","address":"","postcode":"","opening_hours":""}},{"type":"Feature","geometry":{"type":"Point","coordinates":[-0.1943,51.48021]},"properties":{"name":"Aldi","brand":"Aldi","address":"Fulham Road","postcode":"SW6 1BW","opening_hours":"Mo-Sa 08:00-22:00; Su 11:00-17:00"}},{"type":"Feature","geometry":{"type":"Point","coordinates":[-0.13137,51.42616]},"properties":{"name":"M&S Food","brand":"M&S","address":"","postcode":"","opening_hours":"Mo-Fr 07:00-21:00; Sa 08:00-21:00; Su 11:00-17:00"}},{"type":"Feature","geometry":{"type":"Point","coordinates":[-0.1314,51.42627]},"properties":{"name":"Aldi","brand":"Aldi","address":"Streatham High Road 350 - 372","postcode":"SW16 6HP","opening_hours":""}},{"type":"Feature","geometry":{"type":"Point","coordinates":[0.14505,51.53102]},"properties":{"name":"Aldi","brand":"Aldi","address":"Merrielands Crescent","postcode":"RM9 6SJ","opening_hours":"Mo-Sa 08:00-22:00; Su 10:00-16:00"}},{"type":"Feature","geometry":{"type":"Point","coordinates":[-0.17733,51.48377]},"properties":{"name":"Mestizo Mexican Market","brand":"","address":"King's Road 396","postcode":"","opening_hours":""}},{"type":"Feature","geometry":{"type":"Point","coordinates":[0.11753,51.56751]},"properties":{"name":"Masala Bazaar","brand":"","address":"High Road 850-860","postcode":"RM6 4HX","opening_hours":""}},{"type":"Feature","geometry":{"type":"Point","coordinates":[-0.09734,51.49051]},"properties":{"name":"Co-op Food","brand":"Co-op","address":"Walworth Road 156-164","postcode":"SE17 1JL","opening_hours":"Mo-Su 06:00-23:00"}},{"type":"Feature","geometry":{"type":"Point","coordinates":[-0.12575,51.5624]},"properties":{"name":"Co-op Food","brand":"Co-op","address":"","postcode":"","opening_hours":"Mo-Su 07:00-22:00"}},{"type":"Feature","geometry":{"type":"Point","coordinates":[-0.1069,51.42223]},"properties":{"name":"Lidl","brand":"Lidl","address":"Beulah Hill 411","postcode":"SE19 3HD","opening_hours":"Mo-Sa 08:00-22:00; Su 11:00-17:00"}},{"type":"Feature","geometry":{"type":"Point","coordinates":[-0.32121,51.51077]},"properties":{"name":"Cudi Food Centre","brand":"","address":"Broadway 26-26A","postcode":"W13 0SU","opening_hours":""}},{"type":"Feature","geometry":{"type":"Point","coordinates":[-0.19792,51.50901]},"properties":{"name":"M&S Simply Food","brand":"M&S","address":"Notting Hill Gate 104-106","postcode":"W11 3QA","opening_hours":"Mo-Sa 07:00-22:00; Su 12:00-18:00; PH 08:00-21:00"}},{"type":"Feature","geometry":{"type":"Point","coordinates":[0.07229,51.50856]},"properties":{"name":"Co-op Food","brand":"Co-op","address":"Atlantis Avenue 1","postcode":"E16 2UB","opening_hours":"Mo-Fr 06:00-23:00; Sa-Su 07:00-22:00"}},{"type":"Feature","geometry":{"type":"Point","coordinates":[-0.14868,51.47994]},"properties":{"name":"Store Park Central","brand":"","address":"Queenstown Road 344","postcode":"SW11 8BY","opening_hours":"Mo-Su 07:00-23:00"}},{"type":"Feature","geometry":{"type":"Point","coordinates":[-0.14859,51.48185]},"properties":{"name":"Market Place Store","brand":"","address":"Queenstown Road 364","postcode":"SW8 4NH","opening_hours":"Mo-Su 07:30-23:00"}},{"type":"Feature","geometry":{"type":"Point","coordinates":[-0.04758,51.44249]},"properties":{"name":"Co-op Food","brand":"Co-op","address":"","postcode":"","opening_hours":"Mo-Su 07:00-22:00"}},{"type":"Feature","geometry":{"type":"Point","coordinates":[-0.35754,51.47002]},"properties":{"name":"M & A Ghadeer Supermarket","brand":"","address":"High Street 84","postcode":"TW3 1NH","opening_hours":""}},{"type":"Feature","geometry":{"type":"Point","coordinates":[-0.35775,51.46998]},"properties":{"name":"Instanbul Grand Bazaar Butcher","brand":"","address":"","postcode":"","opening_hours":""}},{"type":"Feature","geometry":{"type":"Point","coordinates":[-0.35803,51.46992]},"properties":{"name":"Safa & Marna Supermarket","brand":"","address":"","postcode":"","opening_hours":""}},{"type":"Feature","geometry":{"type":"Point","coordinates":[-0.29839,51.31016]},"properties":{"name":"M&S Foodhall","brand":"M&S","address":"","postcode":"","opening_hours":"Mo-Sa 08:00-21:00; Su 11:00-17:00"}},{"type":"Feature","geometry":{"type":"Point","coordinates":[-0.10615,51.57757]},"properties":{"name":"New Istanbul Supermarket","brand":"","address":"Quernmore Road 45","postcode":"N4 4QP","opening_hours":""}},{"type":"Feature","geometry":{"type":"Point","coordinates":[-0.16991,51.48806]},"properties":{"name":"Here Organic Warehouse","brand":"","address":"Sydney Street 125","postcode":"","opening_hours":""}},{"type":"Feature","geometry":{"type":"Point","coordinates":[-0.06055,51.60797]},"properties":{"name":"Loon Fung Tottenham","brand":"","address":"Brantwood Road 111","postcode":"N17 0DX","opening_hours":"Mo-Sa 09:30-18:00; Su 11:00-17:00"}},{"type":"Feature","geometry":{"type":"Point","coordinates":[-0.16671,51.34861]},"properties":{"name":"Costcutter","brand":"Costcutter","address":"Damson Way","postcode":"","opening_hours":""}},{"type":"Feature","geometry":{"type":"Point","coordinates":[-0.12826,51.63175]},"properties":{"name":"Fio's Continental","brand":"","address":"Crown Lane 100-110","postcode":"N14 5AA","opening_hours":""}},{"type":"Feature","geometry":{"type":"Point","coordinates":[0.03381,51.4894]},"properties":{"name":"The Food Warehouse","brand":"The Food Warehouse","address":"Woolwich Road 601","postcode":"SE7 8LU","opening_hours":"Mo-Sa 08:00-21:00; Su 10:00-16:00"}},{"type":"Feature","geometry":{"type":"Point","coordinates":[-0.31879,51.51111]},"properties":{"name":"Hyper Marché","brand":"","address":"Uxbridge Road 150 - 152","postcode":"W13 8SB","opening_hours":""}},{"type":"Feature","geometry":{"type":"Point","coordinates":[-0.06855,51.51366]},"properties":{"name":"Tian Tian Market","brand":"","address":"Piazza Walk 18","postcode":"E1 8ZN","opening_hours":"Mo-Th,Su 10:00-21:00; Fr-Sa 10:00-21:30"}},{"type":"Feature","geometry":{"type":"Point","coordinates":[0.06627,51.48927]},"properties":{"name":"Tesco Extra","brand":"Tesco","address":"Grand Depot Road 13","postcode":"SE18 6HQ","opening_hours":"Mo-Sa 06:00-24:00, Su 11:00-17:00"}},{"type":"Feature","geometry":{"type":"Point","coordinates":[0.001,51.36929]},"properties":{"name":"Londis","brand":"Londis","address":"Kingsway 10","postcode":"BR4 9JF","opening_hours":""}},{"type":"Feature","geometry":{"type":"Point","coordinates":[-0.50793,51.43521]},"properties":{"name":"Co-op Food","brand":"Co-op","address":"High Street 126","postcode":"TW18 4EY","opening_hours":"Mo-Su 07:00-22:00"}},{"type":"Feature","geometry":{"type":"Point","coordinates":[-0.32218,51.51037]},"properties":{"name":"Damas Food Centre","brand":"","address":"Broadway 7","postcode":"","opening_hours":""}},{"type":"Feature","geometry":{"type":"Point","coordinates":[-0.44886,51.64845]},"properties":{"name":"The Green Stores","brand":"","address":"New Road 125","postcode":"WD3 3EN","opening_hours":""}},{"type":"Feature","geometry":{"type":"Point","coordinates":[-0.16471,51.43145]},"properties":{"name":"Lidl","brand":"Lidl","address":"Upper Tooting Road 180-214","postcode":"SW17 7EW","opening_hours":""}},{"type":"Feature","geometry":{"type":"Point","coordinates":[-0.08016,51.51865]},"properties":{"name":"Eataly","brand":"Eataly","address":"","postcode":"","opening_hours":""}},{"type":"Feature","geometry":{"type":"Point","coordinates":[-0.08653,51.60495]},"properties":{"name":"Dayi","brand":"","address":"","postcode":"","opening_hours":""}},{"type":"Feature","geometry":{"type":"Point","coordinates":[-0.23739,51.50961]},"properties":{"name":"Londis","brand":"Londis","address":"Adelaide Grove 98","postcode":"","opening_hours":""}},{"type":"Feature","geometry":{"type":"Point","coordinates":[-0.01339,51.45794]},"properties":{"name":"Longdan","brand":"Longdan","address":"Lewisham High Street 262 - 274","postcode":"SE13 6AD","opening_hours":"10:00-20:30"}},{"type":"Feature","geometry":{"type":"Point","coordinates":[-0.38935,51.64951]},"properties":{"name":"Aldi","brand":"Aldi","address":"Dalton Way","postcode":"","opening_hours":"Mo-Sa 08:00-22:00; Su 11:00-17:00; PH 08:00-20:00"}},{"type":"Feature","geometry":{"type":"Point","coordinates":[-0.06495,51.61137]},"properties":{"name":"Silverpoint Food Centre","brand":"","address":"","postcode":"","opening_hours":""}},{"type":"Feature","geometry":{"type":"Point","coordinates":[-0.01803,51.44734]},"properties":{"name":"Korona","brand":"","address":"Rushey Green 99-101","postcode":"SE6 4AF","opening_hours":""}},{"type":"Feature","geometry":{"type":"Point","coordinates":[-0.23892,51.50005]},"properties":{"name":"Co-op Food","brand":"Co-op","address":"Goldhawk Road 260","postcode":"","opening_hours":"Mo-Sa 07:00-23:00; Su 08:00-22:00"}},{"type":"Feature","geometry":{"type":"Point","coordinates":[0.00272,51.48754]},"properties":{"name":"Co-op Food","brand":"Co-op","address":"Banning Street 51","postcode":"SE10 0FE","opening_hours":"Mo-Su 07:00-22:00"}},{"type":"Feature","geometry":{"type":"Point","coordinates":[-0.104,51.53871]},"properties":{"name":"The Boutique Grocer","brand":"","address":"Esther Anne Place 6","postcode":"","opening_hours":""}},{"type":"Feature","geometry":{"type":"Point","coordinates":[0.06177,51.51694]},"properties":{"name":"Kacha Bazar Extra","brand":"","address":"","postcode":"","opening_hours":""}},{"type":"Feature","geometry":{"type":"Point","coordinates":[0.0619,51.51737]},"properties":{"name":"Food Bazar","brand":"","address":"","postcode":"","opening_hours":""}},{"type":"Feature","geometry":{"type":"Point","coordinates":[-0.17607,51.41372]},"properties":{"name":"Lidl","brand":"Lidl","address":"Tandem Way","postcode":"SW19 2TY","opening_hours":""}},{"type":"Feature","geometry":{"type":"Point","coordinates":[-0.05894,51.49865]},"properties":{"name":"Khun Ya Thai Supermarket","brand":"","address":"Jamaica Road 250","postcode":"","opening_hours":""}},{"type":"Feature","geometry":{"type":"Point","coordinates":[-0.25506,51.50647]},"properties":{"name":"Baghdad Food Centre","brand":"","address":"The Vale 149","postcode":"","opening_hours":"Mo-Sa 07:00-21:30; Su 11:00-17:30"}},{"type":"Feature","geometry":{"type":"Point","coordinates":[-0.11888,51.37236]},"properties":{"name":"Aldi","brand":"Aldi","address":"Purley Way 330","postcode":"CR0 4XJ","opening_hours":""}},{"type":"Feature","geometry":{"type":"Point","coordinates":[0.03085,51.50166]},"properties":{"name":"Jiamart","brand":"","address":"Starboard Way 5","postcode":"E16 2NY","opening_hours":""}},{"type":"Feature","geometry":{"type":"Point","coordinates":[-0.15544,51.378]},"properties":{"name":"Lidl","brand":"Lidl","address":"Spinning Wheel Way 1","postcode":"SM6 7DS","opening_hours":""}},{"type":"Feature","geometry":{"type":"Point","coordinates":[-0.10019,51.58394]},"properties":{"name":"Harringay Local Store","brand":"","address":"Green Lanes 581C","postcode":"N8 0RG","opening_hours":"Mo-We 09:00-19:00; Th-Sa 09:00-20:00; Su 10:00-18:30"}},{"type":"Feature","geometry":{"type":"Point","coordinates":[-0.25001,51.59484]},"properties":{"name":"Co-op Food","brand":"Co-op","address":"","postcode":"","opening_hours":"PH,Mo-Su 07:00-23:00"}},{"type":"Feature","geometry":{"type":"Point","coordinates":[-0.27868,51.6567]},"properties":{"name":"Lidl","brand":"Lidl","address":"","postcode":"WD6 4PR","opening_hours":""}},{"type":"Feature","geometry":{"type":"Point","coordinates":[0.15652,51.49694]},"properties":{"name":"Lidl","brand":"Lidl","address":"Clydesdale Way","postcode":"DA17 6FD","opening_hours":""}},{"type":"Feature","geometry":{"type":"Point","coordinates":[-0.01974,51.34642]},"properties":{"name":"Lidl","brand":"Lidl","address":"Parkway","postcode":"CR0 0JA","opening_hours":""}},{"type":"Feature","geometry":{"type":"Point","coordinates":[-0.10761,51.56611]},"properties":{"name":"Lidl","brand":"Lidl","address":"Morris Place 2","postcode":"N4 3JG","opening_hours":""}},{"type":"Feature","geometry":{"type":"Point","coordinates":[-0.26999,51.50739]},"properties":{"name":"Lidl","brand":"Lidl","address":"High Street","postcode":"W3 6RE","opening_hours":"Mo-Fr 08:00-21:00; Sa 09:00-21:00; Su 10:00-16:00"}},{"type":"Feature","geometry":{"type":"Point","coordinates":[0.0789,51.5606]},"properties":{"name":"Lidl","brand":"Lidl","address":"High Road 261-275","postcode":"IG1 1NJ","opening_hours":""}},{"type":"Feature","geometry":{"type":"Point","coordinates":[-0.22751,51.4932]},"properties":{"name":"Lidl","brand":"Lidl","address":"King Street","postcode":"W6 9HW","opening_hours":"Mo-Sa 08:00-21:00; Su 11:00-17:00"}},{"type":"Feature","geometry":{"type":"Point","coordinates":[-0.08346,51.50285]},"properties":{"name":"The Savanna","brand":"","address":"St. Thomas Street 69","postcode":"","opening_hours":"Mo-Fr 08:00-20:00; Sa-Su 09:00-18:00; PH 09:00-18:00"}},{"type":"Feature","geometry":{"type":"Point","coordinates":[-0.3555,51.47025]},"properties":{"name":"Ortadogu Supermarket","brand":"","address":"High Street 51-53","postcode":"TW3 1RB","opening_hours":""}},{"type":"Feature","geometry":{"type":"Point","coordinates":[0.0164,51.49175]},"properties":{"name":"Co-op Food","brand":"Co-op","address":"Trathen Square 2","postcode":"SE10 0ZN","opening_hours":"Mo-Su 07:00-23:00"}},{"type":"Feature","geometry":{"type":"Point","coordinates":[-0.35659,51.46993]},"properties":{"name":"USSR Retail","brand":"","address":"High Street 79-83","postcode":"TW3 1RB","opening_hours":""}},{"type":"Feature","geometry":{"type":"Point","coordinates":[-0.19181,51.36083]},"properties":{"name":"Fone And Vape","brand":"","address":"","postcode":"","opening_hours":""}},{"type":"Feature","geometry":{"type":"Point","coordinates":[-0.25531,51.39823]},"properties":{"name":"Seoul Plaza","brand":"","address":"","postcode":"","opening_hours":""}},{"type":"Feature","geometry":{"type":"Point","coordinates":[-0.11862,51.36414]},"properties":{"name":"Budgens","brand":"Budgens","address":"","postcode":"","opening_hours":""}},{"type":"Feature","geometry":{"type":"Point","coordinates":[-0.07014,51.51351]},"properties":{"name":"Amazon Fresh","brand":"Amazon Fresh","address":"Leman Street","postcode":"E1 8PU","opening_hours":"Mo-Su 07:00-23:00; Dec 25-26 off; Dec 27 09:00-23:00"}},{"type":"Feature","geometry":{"type":"Point","coordinates":[-0.37855,51.51127]},"properties":{"name":"Darbari Fancy Textiles","brand":"","address":"The Broadway 59","postcode":"UB1 1JY","opening_hours":"Mo-Su 10:30-19:15"}},{"type":"Feature","geometry":{"type":"Point","coordinates":[-0.12966,51.54908]},"properties":{"name":"Brazilian Delights","brand":"","address":"Brecknock Road 3","postcode":"N7 0BL","opening_hours":""}},{"type":"Feature","geometry":{"type":"Point","coordinates":[-0.17481,51.55551]},"properties":{"name":"Planet Organic","brand":"Planet Organic","address":"Hampstead High Street 6","postcode":"NW3 1PR","opening_hours":"Mo-Sa 08:00-20:00; Su 09:00-20:00"}},{"type":"Feature","geometry":{"type":"Point","coordinates":[-0.3812,51.59416]},"properties":{"name":"M&S Foodhall","brand":"M&S","address":"Bishops Walk 4","postcode":"","opening_hours":""}},{"type":"Feature","geometry":{"type":"Point","coordinates":[-0.07452,51.56575]},"properties":{"name":"1010 Supermarket","brand":"","address":"Manor Road 4","postcode":"","opening_hours":""}},{"type":"Feature","geometry":{"type":"Point","coordinates":[-0.06093,51.4983]},"properties":{"name":"River Supermarket","brand":"","address":"Jamaica Road 208","postcode":"SE16 4RT","opening_hours":""}},{"type":"Feature","geometry":{"type":"Point","coordinates":[-0.19197,51.36147]},"properties":{"name":"sMart Oriental","brand":"","address":"High Street 52","postcode":"SM1 1HY","opening_hours":"Mo-Sa 09:00-19:00; Su 12:00-18:00"}},{"type":"Feature","geometry":{"type":"Point","coordinates":[-0.25907,51.52264]},"properties":{"name":"Jaz Food & Wine","brand":"","address":"Victoria Road 154","postcode":"W3 6UL","opening_hours":""}},{"type":"Feature","geometry":{"type":"Point","coordinates":[-0.03153,51.5518]},"properties":{"name":"Riverside Supermarket","brand":"","address":"","postcode":"","opening_hours":"Mo-Su 07:00-22:00"}},{"type":"Feature","geometry":{"type":"Point","coordinates":[-0.10762,51.56474]},"properties":{"name":"M&S Food","brand":"M&S","address":"","postcode":"","opening_hours":"Mo-Sa 08:00-21:00; Su 12:00-18:00"}},{"type":"Feature","geometry":{"type":"Point","coordinates":[-0.13162,51.42491]},"properties":{"name":"Tesco Extra","brand":"Tesco","address":"Streatham High Road 384","postcode":"SW16 6HP","opening_hours":""}},{"type":"Feature","geometry":{"type":"Point","coordinates":[0.04991,51.39017]},"properties":{"name":"Budgens","brand":"","address":"Southborough Lane 209-211","postcode":"BR2 8AR","opening_hours":""}},{"type":"Feature","geometry":{"type":"Point","coordinates":[-0.09118,51.65332]},"properties":{"name":"Chase Supermarket","brand":"","address":"","postcode":"","opening_hours":""}},{"type":"Feature","geometry":{"type":"Point","coordinates":[-0.33706,51.51403]},"properties":{"name":"East Europe Food","brand":"","address":"Greenford Avenue 49","postcode":"W7 1LL","opening_hours":""}},{"type":"Feature","geometry":{"type":"Point","coordinates":[0.00972,51.51445]},"properties":{"name":"Tian Tian Market","brand":"","address":"Minnie Baldock Street 6 - 8","postcode":"E16 1YE","opening_hours":"Mo-Th 10:00-21:00,Fr-Sa 10:00-21:30,Su 10:00-21:00"}},{"type":"Feature","geometry":{"type":"Point","coordinates":[-0.22334,51.376]},"properties":{"name":"Aldi","brand":"Aldi","address":"London Road 673","postcode":"SM3 9DL","opening_hours":""}},{"type":"Feature","geometry":{"type":"Point","coordinates":[0.1047,51.56535]},"properties":{"name":"Aldi","brand":"Aldi","address":"High Road 700","postcode":"IG3 8RS","opening_hours":""}},{"type":"Feature","geometry":{"type":"Point","coordinates":[-0.17569,51.52411]},"properties":{"name":"Aldi","brand":"Aldi","address":"Edgware Road 466-490","postcode":"W2 1EJ","opening_hours":""}},{"type":"Feature","geometry":{"type":"Point","coordinates":[-0.22306,51.51104]},"properties":{"name":"Amazon Fresh","brand":"Amazon Fresh","address":"Fountain Park Way 1.1A","postcode":"W12 7NP","opening_hours":"Mo-Su 07:00-23:00"}},{"type":"Feature","geometry":{"type":"Point","coordinates":[-0.2604,51.33436]},"properties":{"name":"Lidl","brand":"Lidl","address":"Upper High Street 1","postcode":"KT17 4ER","opening_hours":"Mo-Sa 08:00-22:00; Su 10:00-16:00; PH 08:00-20:00"}},{"type":"Feature","geometry":{"type":"Point","coordinates":[-0.07921,51.49477]},"properties":{"name":"Co-op Food","brand":"Co-op","address":"","postcode":"","opening_hours":"Mo-Su 07:00-22:00"}},{"type":"Feature","geometry":{"type":"Point","coordinates":[-0.01887,51.50339]},"properties":{"name":"The Savanna","brand":"","address":"Bank Street","postcode":"E14 5HL","opening_hours":"Mo-Fr 08:00-20:00; Sa-Su 09:00-18:00"}},{"type":"Feature","geometry":{"type":"Point","coordinates":[-0.19399,51.36576]},"properties":{"name":"Europol","brand":"","address":"High Street 192","postcode":"SM1 1NR","opening_hours":""}},{"type":"Feature","geometry":{"type":"Point","coordinates":[-0.0085,51.50864]},"properties":{"name":"Nest","brand":"","address":"Poplar High Street 284-286","postcode":"E14 0BB","opening_hours":""}},{"type":"Feature","geometry":{"type":"Point","coordinates":[-0.10442,51.56503]},"properties":{"name":"Lidl","brand":"Lidl","address":"Seven Sisters Road 269-271","postcode":"N4 2DF","opening_hours":"Mo-Sa 07:00-23:00; Su 10:00-19:00"}},{"type":"Feature","geometry":{"type":"Point","coordinates":[-0.10344,51.56513]},"properties":{"name":"Planet Food","brand":"","address":"Seven Sisters Road 298","postcode":"N4 2AG","opening_hours":""}},{"type":"Feature","geometry":{"type":"Point","coordinates":[-0.27536,51.49256]},"properties":{"name":"Co-op Food","brand":"Co-op","address":"Chiswick High Road 578-586","postcode":"W4 5RP","opening_hours":"Mo-Su 07:00-23:00"}},{"type":"Feature","geometry":{"type":"Point","coordinates":[-0.3161,51.52576]},"properties":{"name":"Trustcos","brand":"","address":"Pitshanger Lane 42","postcode":"","opening_hours":""}},{"type":"Feature","geometry":{"type":"Point","coordinates":[-0.02407,51.53926]},"properties":{"name":"Welcome","brand":"","address":"Monier Road 79-85","postcode":"","opening_hours":"07:00-22:00"}},{"type":"Feature","geometry":{"type":"Point","coordinates":[-0.1439,51.61587]},"properties":{"name":"Co-op Food","brand":"Co-op","address":"Friern Barnet Road 43","postcode":"N11 1ND","opening_hours":"Mo-Su 07:00-23:00"}},{"type":"Feature","geometry":{"type":"Point","coordinates":[-0.01914,51.37653]},"properties":{"name":"Wickham Food Centre","brand":"","address":"High Street 89 - 91","postcode":"BR4 0LS","opening_hours":""}},{"type":"Feature","geometry":{"type":"Point","coordinates":[-0.0191,51.37676]},"properties":{"name":"M&S Foodhall","brand":"M&S","address":"","postcode":"","opening_hours":"Mo-Sa 08:00-20:00; Su 10:30-16:30"}},{"type":"Feature","geometry":{"type":"Point","coordinates":[-0.23127,51.4927]},"properties":{"name":"Istanbul Organic Supermarket","brand":"","address":"","postcode":"","opening_hours":""}},{"type":"Feature","geometry":{"type":"Point","coordinates":[-0.35898,51.46973]},"properties":{"name":"Kujawiak","brand":"","address":"High Street 112","postcode":"","opening_hours":""}},{"type":"Feature","geometry":{"type":"Point","coordinates":[0.25024,51.50929]},"properties":{"name":"Londis","brand":"Londis","address":"Romford Road 160-162","postcode":"RM15 4PJ","opening_hours":"Mo-Sa 05:30-20:00; Su 06:00-18:00"}},{"type":"Feature","geometry":{"type":"Point","coordinates":[-0.09023,51.50521]},"properties":{"name":"Taste Croatia","brand":"","address":"","postcode":"","opening_hours":""}},{"type":"Feature","geometry":{"type":"Point","coordinates":[-0.27783,51.65587]},"properties":{"name":"Longdan","brand":"Longdan","address":"","postcode":"","opening_hours":""}},{"type":"Feature","geometry":{"type":"Point","coordinates":[0.01986,51.52084]},"properties":{"name":"Local Express","brand":"","address":"Barking Road","postcode":"","opening_hours":""}},{"type":"Feature","geometry":{"type":"Point","coordinates":[0.11819,51.53075]},"properties":{"name":"Major Foods Ltd","brand":"","address":"Renwick Road","postcode":"IG11 0SB","opening_hours":"Mo-Sa 08:00-18:00"}},{"type":"Feature","geometry":{"type":"Point","coordinates":[0.10468,51.52904]},"properties":{"name":"Costcutter","brand":"Costcutter","address":"Farr Avenue 14-20","postcode":"IG11 0NZ","opening_hours":""}},{"type":"Feature","geometry":{"type":"Point","coordinates":[0.10423,51.52876]},"properties":{"name":"Welcome","brand":"","address":"Farr Avenue 5","postcode":"","opening_hours":""}},{"type":"Feature","geometry":{"type":"Point","coordinates":[-0.01218,51.45884]},"properties":{"name":"Lewisham Food Centre","brand":"","address":"Lewisham High Street 213","postcode":"SE13 6LY","opening_hours":""}},{"type":"Feature","geometry":{"type":"Point","coordinates":[-0.14441,51.48086]},"properties":{"name":"M&S Foodhall","brand":"M&S","address":"Lumen Lane 5","postcode":"SW8 5BN","opening_hours":"Mo-Sa 08:00-22:00; Su 12:00-18:00"}},{"type":"Feature","geometry":{"type":"Point","coordinates":[-0.08215,51.50122]},"properties":{"name":"Giddy Grocer","brand":"","address":"Bermondsey Street 80","postcode":"","opening_hours":""}},{"type":"Feature","geometry":{"type":"Point","coordinates":[-0.30581,51.56249]},"properties":{"name":"Londis","brand":"Londis","address":"","postcode":"","opening_hours":""}},{"type":"Feature","geometry":{"type":"Point","coordinates":[-0.06759,51.60054]},"properties":{"name":"Szampion Polskie Delikatesy","brand":"","address":"High Road 678-682","postcode":"N17 0AE","opening_hours":""}},{"type":"Feature","geometry":{"type":"Point","coordinates":[-0.06815,51.5998]},"properties":{"name":"Nazar Supermarket","brand":"","address":"High Road 657-663","postcode":"N17 8AA","opening_hours":""}},{"type":"Feature","geometry":{"type":"Point","coordinates":[0.0289,51.46372]},"properties":{"name":"ALDI","brand":"Aldi","address":"Kidbrooke Park Road 241","postcode":"SE3 9PP","opening_hours":"Mo-Sa 08:00-22:00; Su 10:00-16:00"}},{"type":"Feature","geometry":{"type":"Point","coordinates":[-0.07447,51.55899]},"properties":{"name":"Jarr Market","brand":"","address":"Stoke Newington High Street 67","postcode":"","opening_hours":"Mo,We-Fr 10:00-18:00; Tu 10:00-19:00; Sa 10:00-17:00; Su 11:00-17:00"}},{"type":"Feature","geometry":{"type":"Point","coordinates":[-0.26195,51.59441]},"properties":{"name":"M&S Foodhall","brand":"M&S","address":"","postcode":"","opening_hours":"Mo-Sa 08:30-19:30; Su 11:00-17:00"}},{"type":"Feature","geometry":{"type":"Point","coordinates":[-0.26245,51.59471]},"properties":{"name":"Aldi","brand":"Aldi","address":"Capitol Way","postcode":"NW9 0AW","opening_hours":""}},{"type":"Feature","geometry":{"type":"Point","coordinates":[-0.01732,51.50608]},"properties":{"name":"M&S Food","brand":"M&S","address":"","postcode":"","opening_hours":"Mo-Fr 08:00-21:00; Sa 09:00-21:00; Su 12:00-18:00"}},{"type":"Feature","geometry":{"type":"Point","coordinates":[-0.25969,51.66062]},"properties":{"name":"Lidl","brand":"Lidl","address":"York Way","postcode":"WD6 1PX","opening_hours":"Mo-Sa 08:00-22:00; Su 10:00-16:00"}},{"type":"Feature","geometry":{"type":"Point","coordinates":[-0.13272,51.58728]},"properties":{"name":"The Co-op","brand":"Co-op","address":"Priory Road 171-173","postcode":"N8 8NB","opening_hours":"Mo-Su 06:00-23:00"}},{"type":"Feature","geometry":{"type":"Point","coordinates":[-0.17627,51.61357]},"properties":{"name":"Cosmo Foods","brand":"","address":"High Road 727","postcode":"N12 0BP","opening_hours":""}},{"type":"Feature","geometry":{"type":"Point","coordinates":[-0.17547,51.61192]},"properties":{"name":"Sultan Food Centre","brand":"","address":"High Road 654","postcode":"N12 0NL","opening_hours":""}},{"type":"Feature","geometry":{"type":"Point","coordinates":[-0.30184,51.46137]},"properties":{"name":"Waitrose","brand":"Waitrose","address":"Sheen Road 4-10","postcode":"TW9 1AE","opening_hours":"Mo-Fr 08:00-21:00; Sa 08:00-20:00; Su 11:00-17:00"}},{"type":"Feature","geometry":{"type":"Point","coordinates":[-0.01981,51.47547]},"properties":{"name":"Dag Supermarket","brand":"","address":"","postcode":"","opening_hours":""}},{"type":"Feature","geometry":{"type":"Point","coordinates":[-0.27245,51.50741]},"properties":{"name":"Mleczko delikatesy","brand":"","address":"High Street 193, 195","postcode":"W3 9DD","opening_hours":"Mo-We 07:00-21:00, Th-Sa 07:00-22:00, Su 09:00-20:00"}},{"type":"Feature","geometry":{"type":"Point","coordinates":[0.07062,51.55855]},"properties":{"name":"Star Fruit & Veg","brand":"","address":"","postcode":"","opening_hours":""}},{"type":"Feature","geometry":{"type":"Point","coordinates":[-0.05513,51.54356]},"properties":{"name":"Grains & Green","brand":"","address":"Mare Street 214","postcode":"","opening_hours":""}},{"type":"Feature","geometry":{"type":"Point","coordinates":[0.06766,51.56255]},"properties":{"name":"Cranbrook Supermarket","brand":"","address":"Cranbrook Road 177-185","postcode":"IG1 4TA","opening_hours":""}},{"type":"Feature","geometry":{"type":"Point","coordinates":[-0.0172,51.43308]},"properties":{"name":"Costcutter Express","brand":"Costcutter","address":"Bromley Road 241","postcode":"SE6 2RA","opening_hours":"Mo-Sa 06:00-23:00; Su 07:00-23:00"}},{"type":"Feature","geometry":{"type":"Point","coordinates":[-0.11503,51.48679]},"properties":{"name":"Tesco","brand":"Tesco","address":"Kennington Lane 281","postcode":"SE11 5QU","opening_hours":"Mo-Sa 07:00-22:00; Su 10:00-16:00"}},{"type":"Feature","geometry":{"type":"Point","coordinates":[0.04969,51.5903]},"properties":{"name":"Archies","brand":"","address":"Claybury Broadway 3","postcode":"IG5 0LQ","opening_hours":""}},{"type":"Feature","geometry":{"type":"Point","coordinates":[-0.01761,51.49801]},"properties":{"name":"YOHOME","brand":"","address":"Millharbour 35","postcode":"E14 9TX","opening_hours":""}},{"type":"Feature","geometry":{"type":"Point","coordinates":[0.08328,51.59116]},"properties":{"name":"Acasa Delicatessen Limited","brand":"","address":"High Street 102","postcode":"IG6 2DR","opening_hours":""}},{"type":"Feature","geometry":{"type":"Point","coordinates":[0.08408,51.59289]},"properties":{"name":"Baylis Food and Wine","brand":"","address":"High Street 161","postcode":"IG6 2AJ","opening_hours":""}},{"type":"Feature","geometry":{"type":"Point","coordinates":[-0.3427,51.52639]},"properties":{"name":"Drayton Manor High School PTA car boot","brand":"","address":"Greenford Avenue","postcode":"W7 3DD","opening_hours":"Sa 06:30-12:30 \"fortnightly\""}},{"type":"Feature","geometry":{"type":"Point","coordinates":[-0.00124,51.4207]},"properties":{"name":"FM Food Centre","brand":"","address":"Bromley Hill 28-30","postcode":"BR1 4JX","opening_hours":""}},{"type":"Feature","geometry":{"type":"Point","coordinates":[-0.37623,51.5096]},"properties":{"name":"Sira Cash and Carry","brand":"","address":"South Road 43","postcode":"UB1 1SW","opening_hours":""}},{"type":"Feature","geometry":{"type":"Point","coordinates":[-0.06539,51.49242]},"properties":{"name":"St. James Supermarket","brand":"","address":"Southwark Park Road 191","postcode":"SE16 3TX","opening_hours":"Mo-Su 00:00-24:00"}},{"type":"Feature","geometry":{"type":"Point","coordinates":[-0.22185,51.37645]},"properties":{"name":"Costcutter","brand":"Costcutter","address":"London Road 712-714","postcode":"SM3 9BY","opening_hours":"Mo-Su 07:00-22:30"}},{"type":"Feature","geometry":{"type":"Point","coordinates":[-0.19445,51.36008]},"properties":{"name":"OK OK Chinese Supermarket","brand":"","address":"Grove Road 64","postcode":"SM1 1BT","opening_hours":"Mo-Sa 08:00-20:00; Su 08:00-18:00"}},{"type":"Feature","geometry":{"type":"Point","coordinates":[-0.27483,51.61596]},"properties":{"name":"Hadar Kosher Supermarket","brand":"","address":"Hale Lane 299-303","postcode":"HA8 7AX","opening_hours":""}},{"type":"Feature","geometry":{"type":"Point","coordinates":[-0.07698,51.58486]},"properties":{"name":"Dadinho Distributions","brand":"","address":"West Green Road 94","postcode":"N15 5NS","opening_hours":""}},{"type":"Feature","geometry":{"type":"Point","coordinates":[-0.21019,51.60917]},"properties":{"name":"Co-op Food","brand":"Co-op","address":"Royal Engineers Way 24","postcode":"NW7 1NW","opening_hours":"Mo-Su 06:00-23:00"}},{"type":"Feature","geometry":{"type":"Point","coordinates":[-0.08945,51.57097]},"properties":{"name":"YOHOME Oriental Lifestyle","brand":"","address":"","postcode":"","opening_hours":""}},{"type":"Feature","geometry":{"type":"Point","coordinates":[-0.1185,51.49152]},"properties":{"name":"Prince Food & Wine","brand":"","address":"Black Prince Road 57-59","postcode":"SE11 6AB","opening_hours":""}},{"type":"Feature","geometry":{"type":"Point","coordinates":[0.06277,51.49241]},"properties":{"name":"TFC","brand":"","address":"Powis Street 131","postcode":"SE18 6JL","opening_hours":""}},{"type":"Feature","geometry":{"type":"Point","coordinates":[-0.1875,51.60586]},"properties":{"name":"Mega Food Centre","brand":"","address":"Ballards Lane 179","postcode":"N3 1LP","opening_hours":""}},{"type":"Feature","geometry":{"type":"Point","coordinates":[-0.18732,51.60599]},"properties":{"name":"Persia","brand":"","address":"Ballards Lane 183","postcode":"N3 1LP","opening_hours":""}},{"type":"Feature","geometry":{"type":"Point","coordinates":[-0.18707,51.60615]},"properties":{"name":"Mega Organix","brand":"","address":"Ballards Lane 193","postcode":"N3 1LP","opening_hours":""}},{"type":"Feature","geometry":{"type":"Point","coordinates":[-0.00428,51.42523]},"properties":{"name":"Best Food Mega Mart","brand":"","address":"Bromley Road 445-449","postcode":"BR1 4PH","opening_hours":""}},{"type":"Feature","geometry":{"type":"Point","coordinates":[-0.37189,51.53085]},"properties":{"name":"Best Foods Supermarket","brand":"","address":"","postcode":"","opening_hours":""}},{"type":"Feature","geometry":{"type":"Point","coordinates":[-0.49222,51.37662]},"properties":{"name":"Co-op Food","brand":"Co-op","address":"Chertsey Road","postcode":"KT15 2ED","opening_hours":"24/7"}},{"type":"Feature","geometry":{"type":"Point","coordinates":[-0.50966,51.4348]},"properties":{"name":"Longdan","brand":"Longdan","address":"","postcode":"","opening_hours":""}},{"type":"Feature","geometry":{"type":"Point","coordinates":[-0.47126,51.51359]},"properties":{"name":"Family Sari Sari Store","brand":"","address":"Fairfiled Road 31A","postcode":"UB7 8EY","opening_hours":""}},{"type":"Feature","geometry":{"type":"Point","coordinates":[-0.17718,51.61292]},"properties":{"name":"Aldi","brand":"Aldi","address":"Ballards Lane 350","postcode":"N12 0DD","opening_hours":""}},{"type":"Feature","geometry":{"type":"Point","coordinates":[-0.27654,51.61588]},"properties":{"name":"Kosher Edge","brand":"","address":"","postcode":"","opening_hours":""}},{"type":"Feature","geometry":{"type":"Point","coordinates":[-0.40962,51.60149]},"properties":{"name":"Northwood Hills Supermarket","brand":"","address":"Joel Street 44-46","postcode":"HA6 1PA","opening_hours":""}},{"type":"Feature","geometry":{"type":"Point","coordinates":[-0.21067,51.47081]},"properties":{"name":"Planet Plenty","brand":"","address":"Fulham High Street 25-29","postcode":"SW6 3JH","opening_hours":"Mo-Fr 07:00-22:00, Sa 08:0-22:00, Su 09:00-22:00"}},{"type":"Feature","geometry":{"type":"Point","coordinates":[-0.38722,51.47305]},"properties":{"name":"Mieszko Polish Supermarket","brand":"","address":"Bath Road 316","postcode":"TW4 7HW","opening_hours":""}},{"type":"Feature","geometry":{"type":"Point","coordinates":[-0.30875,51.48267]},"properties":{"name":"Morrisons","brand":"Morrisons","address":"","postcode":"","opening_hours":""}},{"type":"Feature","geometry":{"type":"Point","coordinates":[-0.30632,51.49914]},"properties":{"name":"Wawel Tradycyjne Polski Smaki","brand":"","address":"South Ealing Road 144","postcode":"","opening_hours":""}},{"type":"Feature","geometry":{"type":"Point","coordinates":[-0.17701,51.61719]},"properties":{"name":"Nazar Food Centre","brand":"","address":"High Road 837","postcode":"","opening_hours":""}},{"type":"Feature","geometry":{"type":"Point","coordinates":[-0.29951,51.53995]},"properties":{"name":"Lidl","brand":"Lidl","address":"Ealing Rd","postcode":"HA0 4PE","opening_hours":""}},{"type":"Feature","geometry":{"type":"Point","coordinates":[-0.27532,51.61534]},"properties":{"name":"Polski Sklep n Cioci","brand":"","address":"Station Road 242","postcode":"","opening_hours":""}},{"type":"Feature","geometry":{"type":"Point","coordinates":[-0.18687,51.51069]},"properties":{"name":"Simply Food & Wine","brand":"","address":"Queensway 8-12","postcode":"","opening_hours":"Mo-Th 08:00-23:00; Fr,Sa 08:00-23:30; Su 09:00-23:00"}},{"type":"Feature","geometry":{"type":"Point","coordinates":[-0.13623,51.51055]},"properties":{"name":"England Pharmacy","brand":"","address":"Glasshouse Street 20","postcode":"W1B 5AR","opening_hours":"Mo-Fr 09:00-18:00"}},{"type":"Feature","geometry":{"type":"Point","coordinates":[-0.30137,51.41092]},"properties":{"name":"Oseyo","brand":"","address":"Clarence Street 99-101","postcode":"KT1 1QY","opening_hours":"Mo-Su 09:00-22:00"}},{"type":"Feature","geometry":{"type":"Point","coordinates":[-0.41922,51.50491]},"properties":{"name":"Save More Superstore","brand":"","address":"Station Road 75","postcode":"UB3 4BG","opening_hours":""}},{"type":"Feature","geometry":{"type":"Point","coordinates":[0.05255,51.53629]},"properties":{"name":"Northwest","brand":"","address":"High Street North","postcode":"","opening_hours":""}},{"type":"Feature","geometry":{"type":"Point","coordinates":[-0.30592,51.51362]},"properties":{"name":"Tian Tian Market","brand":"","address":"","postcode":"","opening_hours":"Mo-Th 11:00-21:00; Fr-Sa 10:00-21:30; Su 12:00-18:00"}},{"type":"Feature","geometry":{"type":"Point","coordinates":[-0.28082,51.56023]},"properties":{"name":"Tian Tian Market","brand":"","address":"","postcode":"","opening_hours":""}},{"type":"Feature","geometry":{"type":"Point","coordinates":[0.02622,51.48872]},"properties":{"name":"Sainsbury's","brand":"Sainsbury's","address":"Gallions Road 7-11","postcode":"SE7 7FA","opening_hours":"Mo-Sa 07:00-23:00; Su 11:00-17:00"}},{"type":"Feature","geometry":{"type":"Point","coordinates":[-0.34655,51.50902]},"properties":{"name":"Landis","brand":"","address":"Uxbridge Road 445-447","postcode":"","opening_hours":"Mo-Sa 07:00-22:00; Su 09:00-22:00"}},{"type":"Feature","geometry":{"type":"Point","coordinates":[0.18524,51.56887]},"properties":{"name":"ALDI","brand":"Aldi","address":"Rom Valley Way","postcode":"RM7 0AN","opening_hours":""}},{"type":"Feature","geometry":{"type":"Point","coordinates":[-0.24945,51.51354]},"properties":{"name":"Lidl","brand":"Lidl","address":"Western Avenue","postcode":"W3 7XX","opening_hours":"Mo-Sa 07:00-23:00; Su 11:00-17:00"}},{"type":"Feature","geometry":{"type":"Point","coordinates":[-0.30275,51.41007]},"properties":{"name":"Seoul Plaza","brand":"","address":"Eden Street 55","postcode":"KT1 1BW","opening_hours":""}},{"type":"Feature","geometry":{"type":"Point","coordinates":[-0.28721,51.51025]},"properties":{"name":"Duri Korean Grocery","brand":"","address":"","postcode":"","opening_hours":""}},{"type":"Feature","geometry":{"type":"Point","coordinates":[-0.11985,51.58199]},"properties":{"name":"Harvest International N8","brand":"","address":"Tottenham Lane 159","postcode":"N8 9BT","opening_hours":"Mo-Su 07:00-23:00"}},{"type":"Feature","geometry":{"type":"Point","coordinates":[-0.14503,51.48034]},"properties":{"name":"Oseyo","brand":"","address":"Electric Boulvard 34","postcode":"SW11 8BJ","opening_hours":""}},{"type":"Feature","geometry":{"type":"Point","coordinates":[-0.21077,51.553]},"properties":{"name":"Co-op Food","brand":"Co-op","address":"Cricklewood Broadway 22-26","postcode":"NW2 3HD","opening_hours":"Mo-Su 07:00-23:00"}},{"type":"Feature","geometry":{"type":"Point","coordinates":[-0.13414,51.50744]},"properties":{"name":"Benjamin Ball Associates Ltd","brand":"","address":"St James's Square 33","postcode":"SW1Y 4JS","opening_hours":"Mo-Fr 08:00-18:00"}},{"type":"Feature","geometry":{"type":"Point","coordinates":[-0.09963,51.58321]},"properties":{"name":"Evmolpia","brand":"","address":"Green Lanes 570","postcode":"N8 0RP","opening_hours":""}},{"type":"Feature","geometry":{"type":"Point","coordinates":[-0.09908,51.58251]},"properties":{"name":"Harringay Food Centre","brand":"","address":"St Ann's Road 450","postcode":"N15 3JH","opening_hours":""}},{"type":"Feature","geometry":{"type":"Point","coordinates":[-0.09591,51.57026]},"properties":{"name":"Co-op Food","brand":"Co-op","address":"Green Lanes","postcode":"N4 2LX","opening_hours":"Mo-Su 07:00-23:00"}},{"type":"Feature","geometry":{"type":"Point","coordinates":[-0.09743,51.58715]},"properties":{"name":"Lo Sfizio","brand":"","address":"West Green Road 452","postcode":"N15 3PT","opening_hours":""}},{"type":"Feature","geometry":{"type":"Point","coordinates":[-0.09625,51.58684]},"properties":{"name":"Cudi Food Centre","brand":"","address":"West Green Road 424-426","postcode":"N15 3PU","opening_hours":"Mo-Su 06:00-00:00"}},{"type":"Feature","geometry":{"type":"Point","coordinates":[-0.07803,51.58499]},"properties":{"name":"4th Gardens Groceries & Takeaway","brand":"","address":"West Green Road 107","postcode":"N15 5DE","opening_hours":""}},{"type":"Feature","geometry":{"type":"Point","coordinates":[-0.07617,51.58435]},"properties":{"name":"West Green Supermarket","brand":"","address":"West Green Road 57-59","postcode":"N15 5DA","opening_hours":""}},{"type":"Feature","geometry":{"type":"Point","coordinates":[-0.07553,51.58439]},"properties":{"name":"C&G Cash and Carry","brand":"","address":"West Green Road 62","postcode":"N15 5NR","opening_hours":""}},{"type":"Feature","geometry":{"type":"Point","coordinates":[-0.20734,51.6044]},"properties":{"name":"Thornfield Supermarket","brand":"","address":"Thornfield Parade 4","postcode":"NW7 1LN","opening_hours":"Mo-Su 07:00-22:00"}},{"type":"Feature","geometry":{"type":"Point","coordinates":[-0.20727,51.6052]},"properties":{"name":"Kosher Cuisine","brand":"","address":"Bittacy Hill 4","postcode":"NW7 1LB","opening_hours":""}},{"type":"Feature","geometry":{"type":"Point","coordinates":[-0.06902,51.47041]},"properties":{"name":"One Below","brand":"","address":"","postcode":"","opening_hours":""}},{"type":"Feature","geometry":{"type":"Point","coordinates":[-0.39512,51.6549]},"properties":{"name":"M&S Simply Food","brand":"M&S","address":"","postcode":"","opening_hours":"Mo-Sa 08:00-19:00; Su 11:00-17:00"}},{"type":"Feature","geometry":{"type":"Point","coordinates":[-0.06177,51.62193]},"properties":{"name":"TFC supermarket","brand":"","address":"Fore Street 363","postcode":"N9 0NR","opening_hours":"Mo-Su 08:00-21:30"}},{"type":"Feature","geometry":{"type":"Point","coordinates":[-0.29215,51.52883]},"properties":{"name":"The Olive Tree","brand":"","address":"","postcode":"","opening_hours":""}},{"type":"Feature","geometry":{"type":"Point","coordinates":[-0.29216,51.52889]},"properties":{"name":"Kopernik Polish Supermarket","brand":"","address":"","postcode":"","opening_hours":""}},{"type":"Feature","geometry":{"type":"Point","coordinates":[-0.37977,51.68041]},"properties":{"name":"Co-op Food","brand":"Co-op","address":"","postcode":"","opening_hours":""}},{"type":"Feature","geometry":{"type":"Point","coordinates":[-0.16404,51.43241]},"properties":{"name":"Dailyfresh Foods","brand":"","address":"Upper Tooting Road 152-156","postcode":"SW17 7ER","opening_hours":""}},{"type":"Feature","geometry":{"type":"Point","coordinates":[-0.12837,51.48022]},"properties":{"name":"0086 Supermarket","brand":"","address":"","postcode":"","opening_hours":""}},{"type":"Feature","geometry":{"type":"Point","coordinates":[-0.26189,51.52346]},"properties":{"name":"Fu Lai","brand":"","address":"Victoria Road 1","postcode":"W3 6FA","opening_hours":""}},{"type":"Feature","geometry":{"type":"Point","coordinates":[-0.12604,51.63288]},"properties":{"name":"Yasar Halim","brand":"","address":"Winchmore Hill Road 2-4","postcode":"N14 6PT","opening_hours":"Mo-Su 08:00-22:00"}},{"type":"Feature","geometry":{"type":"Point","coordinates":[0.02022,51.47681]},"properties":{"name":"M&S Simply Food","brand":"M&S","address":"Old Dover Road 17","postcode":"SE3 7SX","opening_hours":"Mo-Sa 08:00-21:30; Su 11:00-17:00"}},{"type":"Feature","geometry":{"type":"Point","coordinates":[-0.13814,51.51514]},"properties":{"name":"M&S Food","brand":"M&S","address":"","postcode":"","opening_hours":""}},{"type":"Feature","geometry":{"type":"Point","coordinates":[-0.24889,51.5377]},"properties":{"name":"Blue Mountain Peak","brand":"","address":"Craven Park Road 4-8","postcode":"NW10 4AB","opening_hours":""}},{"type":"Feature","geometry":{"type":"Point","coordinates":[-0.06619,51.52642]},"properties":{"name":"Mas Bazar Bethnal Green","brand":"","address":"Bethnal Green Road","postcode":"","opening_hours":""}},{"type":"Feature","geometry":{"type":"Point","coordinates":[-0.2477,51.53594]},"properties":{"name":"Mang Pinoy @ Kabul Plaza","brand":"","address":"High Street Harlesden 42-44","postcode":"NW10 4LS","opening_hours":""}},{"type":"Feature","geometry":{"type":"Point","coordinates":[-0.27593,51.61471]},"properties":{"name":"Greens International Food Centre","brand":"","address":"Station Road 159","postcode":"HA8 7JS","opening_hours":""}},{"type":"Feature","geometry":{"type":"Point","coordinates":[-0.1281,51.63279]},"properties":{"name":"Food Palace","brand":"","address":"Chase Side 16","postcode":"N14 5PA","opening_hours":""}},{"type":"Feature","geometry":{"type":"Point","coordinates":[0.03515,51.47448]},"properties":{"name":"Co-op Food","brand":"Co-op","address":"Shooters Hill Road 196-200","postcode":"SE3 8RP","opening_hours":"Mo-Su 07:00-23:00"}},{"type":"Feature","geometry":{"type":"Point","coordinates":[-0.12645,51.63225]},"properties":{"name":"Beren Supermarket","brand":"","address":"The Broadway 21","postcode":"N14 6PH","opening_hours":""}},{"type":"Feature","geometry":{"type":"Point","coordinates":[-0.11161,51.59682]},"properties":{"name":"Mleczko","brand":"","address":"Station Road 33","postcode":"N22 6UX","opening_hours":"Mo-We 07:00-21:00, Th-Sa 07:00-22:00, Su 09:00-20:00"}},{"type":"Feature","geometry":{"type":"Point","coordinates":[0.01048,51.51442]},"properties":{"name":"Lidl","brand":"Lidl","address":"Minnie Baldock Street 19-23","postcode":"E16 1DT","opening_hours":"Mo-Sa 07:00-22:00;Su 11:00-17:00"}},{"type":"Feature","geometry":{"type":"Point","coordinates":[-0.12854,51.63284]},"properties":{"name":"Southgate Food Centre","brand":"","address":"Chase Side 30-32","postcode":"N14 5PA","opening_hours":""}},{"type":"Feature","geometry":{"type":"Point","coordinates":[-0.12938,51.63304]},"properties":{"name":"UUGO Oriental Mini Mart","brand":"","address":"Chase Side 54","postcode":"N14 5PA","opening_hours":""}},{"type":"Feature","geometry":{"type":"Point","coordinates":[-0.11189,51.55198]},"properties":{"name":"Aldi","brand":"Aldi","address":"Holloway Road 271-275","postcode":"N7 8FB","opening_hours":"Mo-Sa 08:00-23:00; Su 11:00-17:00"}},{"type":"Feature","geometry":{"type":"Point","coordinates":[-0.17496,51.51655]},"properties":{"name":"Oseyo","brand":"","address":"","postcode":"","opening_hours":""}},{"type":"Feature","geometry":{"type":"Point","coordinates":[-0.18845,51.60438]},"properties":{"name":"Bucharest Supermarket","brand":"","address":"Long Lane","postcode":"N3 2PT","opening_hours":""}},{"type":"Feature","geometry":{"type":"Point","coordinates":[-0.12342,51.6245]},"properties":{"name":"Diamond Supermarket","brand":"","address":"Cannon Hill 52-54","postcode":"N14 6LH","opening_hours":""}},{"type":"Feature","geometry":{"type":"Point","coordinates":[-0.03973,51.48977]},"properties":{"name":"China Ark Market","brand":"","address":"Gothenburg Court, Bailey St Unit K","postcode":"SE8 5EY","opening_hours":""}},{"type":"Feature","geometry":{"type":"Point","coordinates":[-0.38688,51.62689]},"properties":{"name":"Lidl","brand":"Lidl","address":"","postcode":"","opening_hours":"Mo-Sa 08:00-22:00; Su 10:00-16:00"}},{"type":"Feature","geometry":{"type":"Point","coordinates":[-0.19096,51.5487]},"properties":{"name":"Amazon Fresh","brand":"Amazon Fresh","address":"","postcode":"","opening_hours":""}},{"type":"Feature","geometry":{"type":"Point","coordinates":[-0.3941,51.49811]},"properties":{"name":"B&B Super Shop","brand":"","address":"Western Road 270A","postcode":"UB2 5JT","opening_hours":""}},{"type":"Feature","geometry":{"type":"Point","coordinates":[-0.41537,51.50885]},"properties":{"name":"Hayes Food Centre","brand":"","address":"Coldharbour Lane 66-70","postcode":"UB3 3ES","opening_hours":""}},{"type":"Feature","geometry":{"type":"Point","coordinates":[-0.19593,51.50016]},"properties":{"name":"Damascene Rose","brand":"","address":"Kensington High Street 168","postcode":"","opening_hours":""}},{"type":"Feature","geometry":{"type":"Point","coordinates":[0.01024,51.41089]},"properties":{"name":"Co-Op Food","brand":"Co-op","address":"London Road 54","postcode":"BR1 3QZ","opening_hours":""}},{"type":"Feature","geometry":{"type":"Point","coordinates":[-0.46446,51.43342]},"properties":{"name":"Porto Maderia Supermarket","brand":"","address":"Church Road 49","postcode":"TW15 2TY","opening_hours":""}},{"type":"Feature","geometry":{"type":"Point","coordinates":[-0.1959,51.50929]},"properties":{"name":"Amazon Fresh","brand":"Amazon Fresh","address":"Notting Hill Gate 66-68","postcode":"W11 3HT","opening_hours":""}},{"type":"Feature","geometry":{"type":"Point","coordinates":[-0.02603,51.47735]},"properties":{"name":"Deptford Supermarket","brand":"","address":"Deptford High Street 101-103","postcode":"SE8 4AA","opening_hours":""}},{"type":"Feature","geometry":{"type":"Point","coordinates":[-0.02578,51.47736]},"properties":{"name":"Ha-Noi","brand":"","address":"Deptford High Street 84","postcode":"SE8 4RG","opening_hours":""}},{"type":"Feature","geometry":{"type":"Point","coordinates":[-0.02621,51.47524]},"properties":{"name":"Asda","brand":"Asda","address":"Deptford High Street 5-9","postcode":"SE8 4AD","opening_hours":"Mo-Sa 07:00-22:00; Su 11:00-17:00"}},{"type":"Feature","geometry":{"type":"Point","coordinates":[-0.09333,51.47273]},"properties":{"name":"Lidl","brand":"Lidl","address":"","postcode":"","opening_hours":""}},{"type":"Feature","geometry":{"type":"Point","coordinates":[-0.09342,51.47344]},"properties":{"name":"Co-op Food","brand":"Co-op","address":"Denmark Hill 28-32","postcode":"SE5 8RZ","opening_hours":"Mo-Su 07:00-23:00"}},{"type":"Feature","geometry":{"type":"Point","coordinates":[-0.08862,51.47355]},"properties":{"name":"The Pantry","brand":"","address":"Camberwell Church Street 62","postcode":"SE5 8QZ","opening_hours":"Tu,Th 11:00-14:00; We 11:00-14:30"}},{"type":"Feature","geometry":{"type":"Point","coordinates":[0.03709,51.48199]},"properties":{"name":"Co-op Food","brand":"Co-op","address":"The Village 19-23","postcode":"SE7 8UG","opening_hours":"Mo-Sa 07:00-22:00; Su 08:00-22:00"}},{"type":"Feature","geometry":{"type":"Point","coordinates":[-0.16486,51.5502]},"properties":{"name":"pomona","brand":"","address":"","postcode":"","opening_hours":""}},{"type":"Feature","geometry":{"type":"Point","coordinates":[-0.12342,51.57782]},"properties":{"name":"Fridge Of Plenty","brand":"","address":"Crouch Hill 132","postcode":"N8 9DX","opening_hours":"Mo off; Tu-Th 09:30-18:00; Fr 09:30-19:00; Sa 08:30-18:00; Su 10:00-17:00"}},{"type":"Feature","geometry":{"type":"Point","coordinates":[-0.42134,51.53197]},"properties":{"name":"Co-op Food","brand":"Co-op","address":"Kingshill Avenue 274-276","postcode":"UB4 8BY","opening_hours":"Mo-Su 07:00-22:00"}},{"type":"Feature","geometry":{"type":"Point","coordinates":[-0.06061,51.49567]},"properties":{"name":"Londis","brand":"Londis","address":"","postcode":"","opening_hours":"Mo-Sa 07:00-22:00; Su 08:00-22:00"}},{"type":"Feature","geometry":{"type":"Point","coordinates":[-0.07939,51.59807]},"properties":{"name":"Bilo Food Centre","brand":"","address":"","postcode":"","opening_hours":""}},{"type":"Feature","geometry":{"type":"Point","coordinates":[-0.22289,51.48971]},"properties":{"name":"Yo Home","brand":"","address":"","postcode":"","opening_hours":"Mo-Su 10:00-22:00"}},{"type":"Feature","geometry":{"type":"Point","coordinates":[-0.16462,51.31581]},"properties":{"name":"Tesco","brand":"Tesco","address":"","postcode":"","opening_hours":""}},{"type":"Feature","geometry":{"type":"Point","coordinates":[0.02754,51.46125]},"properties":{"name":"Tesco Express","brand":"Tesco","address":"","postcode":"","opening_hours":""}},{"type":"Feature","geometry":{"type":"Point","coordinates":[-0.45671,51.37369]},"properties":{"name":"Waitrose","brand":"Waitrose","address":"High Street 62-66","postcode":"KT13 8BL","opening_hours":"Mo-Sa 07:30-20:00, Su 10:00-16:00"}},{"type":"Feature","geometry":{"type":"Point","coordinates":[0.02805,51.46156]},"properties":{"name":"Kidbrooke Food Market","brand":"","address":"","postcode":"","opening_hours":"07:00-23:00"}},{"type":"Feature","geometry":{"type":"Point","coordinates":[-0.30195,51.51478]},"properties":{"name":"M&S Food","brand":"M&S","address":"5","postcode":"W5 2NU","opening_hours":""}},{"type":"Feature","geometry":{"type":"Point","coordinates":[-0.30581,51.50496]},"properties":{"name":"Ealing Bazar Fresh Halal","brand":"","address":"","postcode":"","opening_hours":""}},{"type":"Feature","geometry":{"type":"Point","coordinates":[-0.07625,51.52806]},"properties":{"name":"Earthed","brand":"","address":"","postcode":"","opening_hours":""}},{"type":"Feature","geometry":{"type":"Point","coordinates":[-0.30602,51.41215]},"properties":{"name":"Longdan","brand":"Longdan","address":"","postcode":"","opening_hours":"10:00-20:00"}},{"type":"Feature","geometry":{"type":"Point","coordinates":[-0.47306,51.33781]},"properties":{"name":"Co-op Food","brand":"Co-op","address":"High Road","postcode":"KT14 7RA","opening_hours":"Mo-Su 07:00-22:00"}},{"type":"Feature","geometry":{"type":"Point","coordinates":[-0.25531,51.39815]},"properties":{"name":"JK Enterprises","brand":"","address":"","postcode":"","opening_hours":""}},{"type":"Feature","geometry":{"type":"Point","coordinates":[-0.25541,51.39969]},"properties":{"name":"New Malden Food Centre","brand":"","address":"","postcode":"","opening_hours":""}},{"type":"Feature","geometry":{"type":"Point","coordinates":[-0.25544,51.39996]},"properties":{"name":"Loon Fung","brand":"","address":"","postcode":"","opening_hours":""}},{"type":"Feature","geometry":{"type":"Point","coordinates":[-0.07998,51.46154]},"properties":{"name":"M&S Food","brand":"M&S","address":"","postcode":"","opening_hours":""}},{"type":"Feature","geometry":{"type":"Point","coordinates":[-0.26977,51.62645]},"properties":{"name":"BKosher","brand":"","address":"","postcode":"","opening_hours":""}},{"type":"Feature","geometry":{"type":"Point","coordinates":[-0.23817,51.49354]},"properties":{"name":"Saffron","brand":"","address":"","postcode":"","opening_hours":""}},{"type":"Feature","geometry":{"type":"Point","coordinates":[-0.02174,51.47442]},"properties":{"name":"Co-op Food","brand":"Co-op","address":"","postcode":"","opening_hours":"Mo-Su 07:00-23:00"}},{"type":"Feature","geometry":{"type":"Point","coordinates":[-0.11696,51.46665]},"properties":{"name":"Co-op Food","brand":"Co-op","address":"","postcode":"","opening_hours":""}},{"type":"Feature","geometry":{"type":"Point","coordinates":[-0.03504,51.68886]},"properties":{"name":"Aldi","brand":"Aldi","address":"","postcode":"","opening_hours":"Mo-Sa 08:00-22:00; Su 10:00-16:00"}},{"type":"Feature","geometry":{"type":"Point","coordinates":[-0.1612,51.46441]},"properties":{"name":"Harley’s Food Hall","brand":"","address":"","postcode":"","opening_hours":""}},{"type":"Feature","geometry":{"type":"Point","coordinates":[0.12182,51.49646]},"properties":{"name":"Welcome","brand":"","address":"Wagtail Walk 3","postcode":"SE2 9FD","opening_hours":"Mo-Su 07:00-22:00"}},{"type":"Feature","geometry":{"type":"Point","coordinates":[-0.05426,51.5138]},"properties":{"name":"Brit Bazar","brand":"","address":"","postcode":"","opening_hours":""}},{"type":"Feature","geometry":{"type":"Point","coordinates":[0.05357,51.53332]},"properties":{"name":"Lidl","brand":"Lidl","address":"Barking Road 363","postcode":"E6 1FG","opening_hours":""}},{"type":"Feature","geometry":{"type":"Point","coordinates":[-0.2564,51.40192]},"properties":{"name":"M&S Food","brand":"M&S","address":"High Street 53-59","postcode":"KT3 4BY","opening_hours":""}},{"type":"Feature","geometry":{"type":"Point","coordinates":[-0.12206,51.61289]},"properties":{"name":"Arnos Food & Wine","brand":"","address":"Bowes Road 165","postcode":"N11 2JA","opening_hours":"Mo-Su 06:00-22:30"}},{"type":"Feature","geometry":{"type":"Point","coordinates":[0.06657,51.57528]},"properties":{"name":"Where 2 Save","brand":"","address":"","postcode":"","opening_hours":""}},{"type":"Feature","geometry":{"type":"Point","coordinates":[-0.24011,51.57777]},"properties":{"name":"Co-op Food - Hendon - West Hendon Broadway","brand":"Co-op","address":"West Hendon Broadway 297","postcode":"NW9 7DE","opening_hours":"Mo-Su 07:00-23:00"}},{"type":"Feature","geometry":{"type":"Point","coordinates":[-0.1292,51.63299]},"properties":{"name":"Faraj Supermarket","brand":"","address":"Chase Side 46-52","postcode":"N14 5PA","opening_hours":"Mo-Sa 06:00-00:00; Su 08:00-22:00"}},{"type":"Feature","geometry":{"type":"Point","coordinates":[-0.07903,51.28387]},"properties":{"name":"Lidl","brand":"Lidl","address":"","postcode":"","opening_hours":"Mo-Sa 07:00-22:00; Su 10:00-16:00 and open for browsing from 09:30"}},{"type":"Feature","geometry":{"type":"Point","coordinates":[-0.29547,51.38552]},"properties":{"name":"Snow White Food And Wine","brand":"","address":"","postcode":"","opening_hours":""}},{"type":"Feature","geometry":{"type":"Point","coordinates":[-0.13653,51.46251]},"properties":{"name":"M&S Food","brand":"M&S","address":"Clapham High Street 156-164","postcode":"","opening_hours":""}},{"type":"Feature","geometry":{"type":"Point","coordinates":[-0.47661,51.54578]},"properties":{"name":"Lidl","brand":"Lidl","address":"High Street","postcode":"UB8 1GA","opening_hours":""}},{"type":"Feature","geometry":{"type":"Point","coordinates":[-0.25879,51.5927]},"properties":{"name":"Loon Fung","brand":"","address":"Edgware Road 399f","postcode":"NW9 0FH","opening_hours":"Mo-Su 10:00-21:00; Su 11:00-17:00"}},{"type":"Feature","geometry":{"type":"Point","coordinates":[-0.27669,51.55788]},"properties":{"name":"Union Park Grocers","brand":"","address":"Hudson Walk 4","postcode":"HA9 0JS","opening_hours":""}},{"type":"Feature","geometry":{"type":"Point","coordinates":[-0.28786,51.38282]},"properties":{"name":"Bulgarian Food & Delicatessen","brand":"","address":"","postcode":"","opening_hours":""}},{"type":"Feature","geometry":{"type":"Point","coordinates":[-0.36209,51.58502]},"properties":{"name":"way4save Harrow","brand":"","address":"Station Road 63-65","postcode":"HA2 7SU","opening_hours":""}},{"type":"Feature","geometry":{"type":"Point","coordinates":[-0.05586,51.47883]},"properties":{"name":"Aldi","brand":"Aldi","address":"Old Kent Road 840","postcode":"","opening_hours":"Mo-Sa 08:00-22:00; Su 11:00-17:00"}},{"type":"Feature","geometry":{"type":"Point","coordinates":[-0.47965,51.54936]},"properties":{"name":"Aldi","brand":"Aldi","address":"Harefield Road 12","postcode":"UB8 1JS","opening_hours":"Mo-Sa 08:00-22:00; Su 10:00-16:00"}},{"type":"Feature","geometry":{"type":"Point","coordinates":[-0.36255,51.58449]},"properties":{"name":"Harrow Superstore","brand":"","address":"","postcode":"","opening_hours":""}},{"type":"Feature","geometry":{"type":"Point","coordinates":[-0.1307,51.51202]},"properties":{"name":"唐人街兴隆门行 Xing Long Men Supermarket","brand":"","address":"Gerrard Street 9","postcode":"W1D 5PL","opening_hours":""}},{"type":"Feature","geometry":{"type":"Point","coordinates":[-0.18082,51.47847]},"properties":{"name":"Sainsburys","brand":"Sainsbury's","address":"","postcode":"","opening_hours":""}},{"type":"Feature","geometry":{"type":"Point","coordinates":[-0.21503,51.46413]},"properties":{"name":"Marks & Spencer","brand":"M&S","address":"Putney High Street 59","postcode":"SW15 1SP","opening_hours":""}},{"type":"Feature","geometry":{"type":"Point","coordinates":[-0.11295,51.59319]},"properties":{"name":"Co-op Food","brand":"Co-op","address":"","postcode":"","opening_hours":""}},{"type":"Feature","geometry":{"type":"Point","coordinates":[0.13062,51.57097]},"properties":{"name":"Costcutter","brand":"Costcutter","address":"High Road 13-15","postcode":"RM6 6PU","opening_hours":""}},{"type":"Feature","geometry":{"type":"Point","coordinates":[0.13189,51.5712]},"properties":{"name":"Freshco","brand":"","address":"High Road 39-43","postcode":"RM6 6QJ","opening_hours":""}},{"type":"Feature","geometry":{"type":"Point","coordinates":[-0.03325,51.43013]},"properties":{"name":"Sainsbury's","brand":"Sainsbury's","address":"Southend Lane","postcode":"SE26 4PU","opening_hours":"Mo-Sa 07:00-24:00; Su 11:00-17:00; PH 07:00-22:00"}},{"type":"Feature","geometry":{"type":"Point","coordinates":[-0.22551,51.54677]},"properties":{"name":"Sainsbury's","brand":"Sainsbury's","address":"High Road","postcode":"NW10 2TD","opening_hours":"Mo-Su 08:00-22:00, Su 11:00-17:00"}},{"type":"Feature","geometry":{"type":"Point","coordinates":[-0.1758,51.63142]},"properties":{"name":"Waitrose","brand":"Waitrose","address":"High Road 1305","postcode":"N20 9HX","opening_hours":"Mo-Sa 08:00-20:30; Su 11:00-17:00"}},{"type":"Feature","geometry":{"type":"Point","coordinates":[-0.1758,51.63477]},"properties":{"name":"M&S","brand":"M&S","address":"High Road 1430","postcode":"N20 9BS","opening_hours":"Mo-Sa 08:00-21:00; Su 11:00-17:00"}},{"type":"Feature","geometry":{"type":"Point","coordinates":[-0.21485,51.57431]},"properties":{"name":"Tesco","brand":"Tesco","address":"Tilling Road","postcode":"NW2 1LZ","opening_hours":"24/7"}},{"type":"Feature","geometry":{"type":"Point","coordinates":[-0.30321,51.41559]},"properties":{"name":"Sainsbury's","brand":"Sainsbury's","address":"Sury Basin 1","postcode":"KT2 5NZ","opening_hours":""}},{"type":"Feature","geometry":{"type":"Point","coordinates":[-0.12924,51.41969]},"properties":{"name":"Sainsbury's","brand":"Sainsbury's","address":"Streatham High Road 480-496","postcode":"SW16 3PY","opening_hours":""}},{"type":"Feature","geometry":{"type":"Point","coordinates":[-0.11966,51.45985]},"properties":{"name":"Tesco","brand":"Tesco","address":"Acre Lane 13","postcode":"SW2 5RS","opening_hours":"Mo-Sa 06:00-23:00; Su 11:00-17:00"}},{"type":"Feature","geometry":{"type":"Point","coordinates":[-0.25774,51.34164]},"properties":{"name":"Sainsbury's","brand":"Sainsbury's","address":"Kiln Lane","postcode":"KT17 1EQ","opening_hours":"Mo-We 07:00-22:00; Th-Fr 07:00-23:00; Sa 07:00-22:00; Su 10:00-16:00"}},{"type":"Feature","geometry":{"type":"Point","coordinates":[-0.09554,51.5772]},"properties":{"name":"Sainsbury's","brand":"Sainsbury's","address":"","postcode":"","opening_hours":"Mo-Fr 07:00-23:00; Sa 07:00-22:00; Su 11:00-17:00"}},{"type":"Feature","geometry":{"type":"Point","coordinates":[-0.07675,51.65089]},"properties":{"name":"Tesco","brand":"Tesco","address":"Savoy Parade, Southbury Road","postcode":"EN1 1RT","opening_hours":""}},{"type":"Feature","geometry":{"type":"Point","coordinates":[-0.15869,51.41167]},"properties":{"name":"Lidl","brand":"Lidl","address":"Streatham Road 23","postcode":"CR4 2AD","opening_hours":""}},{"type":"Feature","geometry":{"type":"Point","coordinates":[-0.20153,51.49302]},"properties":{"name":"Tesco","brand":"Tesco","address":"West Cromwell Road 100A","postcode":"W14 8PB","opening_hours":"Mo-Sa 06:00-24:00; Su 11:00-17:00"}},{"type":"Feature","geometry":{"type":"Point","coordinates":[-0.20175,51.42507]},"properties":{"name":"Waitrose","brand":"Waitrose","address":"Alexandra Road","postcode":"SW19 7JY","opening_hours":"Mo-Th 08:00-21:00; Fr 08:00-22:00; Sa 08:00-21:00; Su 11:00-17:00"}},{"type":"Feature","geometry":{"type":"Point","coordinates":[0.32101,51.47767]},"properties":{"name":"Morrisons","brand":"Morrisons","address":"London Road 1","postcode":"RM17 5XZ","opening_hours":"Mo-Sa 07:00-22:00; Su 10:00-16:00"}},{"type":"Feature","geometry":{"type":"Point","coordinates":[-0.41508,51.45935]},"properties":{"name":"Tesco","brand":"Tesco","address":"Dukes Green Avenue","postcode":"TW14 0LT","opening_hours":""}},{"type":"Feature","geometry":{"type":"Point","coordinates":[-0.06845,51.47303]},"properties":{"name":"Morrisons","brand":"Morrisons","address":"Rye Lane","postcode":"SE15 5EW","opening_hours":"Mo-Sa 07:00-22:00; Su 10:00-16:00"}},{"type":"Feature","geometry":{"type":"Point","coordinates":[-0.07127,51.47245]},"properties":{"name":"Lidl","brand":"Lidl","address":"Bellenden Road 3","postcode":"SE15 5BA","opening_hours":"Mo-Sa 07:00-22:00; Su 10:00-16:00"}},{"type":"Feature","geometry":{"type":"Point","coordinates":[-0.05933,51.64799]},"properties":{"name":"Morrisons","brand":"Morrisons","address":"Southbury","postcode":"EN1 1TW","opening_hours":""}},{"type":"Feature","geometry":{"type":"Point","coordinates":[-0.05772,51.65196]},"properties":{"name":"Sainsbury's","brand":"Sainsbury's","address":"Crown Road 3","postcode":"EN1 1TH","opening_hours":""}},{"type":"Feature","geometry":{"type":"Point","coordinates":[-0.0484,51.60999]},"properties":{"name":"Tesco Lea Valley Extra","brand":"Tesco","address":"Glover Drive 1","postcode":"N18 3HF","opening_hours":"Mo-Sa 00:00-24:00; Su 11:00-17:00"}},{"type":"Feature","geometry":{"type":"Point","coordinates":[-0.3375,51.45904]},"properties":{"name":"Tesco Extra","brand":"Tesco","address":"Mogden Lane","postcode":"TW7 7JY","opening_hours":""}},{"type":"Feature","geometry":{"type":"Point","coordinates":[-0.26918,51.65565]},"properties":{"name":"Tesco Extra","brand":"Tesco","address":"Shenley Road 152","postcode":"WD6 1JG","opening_hours":"Mo-Sa 00:00-24:00"}},{"type":"Feature","geometry":{"type":"Point","coordinates":[-0.2561,51.64434]},"properties":{"name":"Morrisons","brand":"Morrisons","address":"Stirling Way","postcode":"WD6 2RN","opening_hours":"Mo-Sa 07:00-23:00; Su 10:00-16:00"}},{"type":"Feature","geometry":{"type":"Point","coordinates":[-0.13146,51.63436]},"properties":{"name":"Asda","brand":"Asda","address":"Chase Side 130","postcode":"N14 5PW","opening_hours":"Mo 07:30-24:00; Tu-Fr 00:00-24:00; Sa 00:00-22:00; Su 11:00-17:00"}},{"type":"Feature","geometry":{"type":"Point","coordinates":[-0.33008,51.48578]},"properties":{"name":"Tesco Extra","brand":"Tesco","address":"Syon Lane","postcode":"TW7 5NZ","opening_hours":"Mo-Sa 07:00-22:00; Su 10:00-16:00"}},{"type":"Feature","geometry":{"type":"Point","coordinates":[-0.00904,51.55635]},"properties":{"name":"Asda","brand":"Asda","address":"Leyton Mills 1","postcode":"E10 5NH","opening_hours":"Mo 07:00-24:00; Tu-Fr 00:00-24:00; Sa 00:00-22:00; Su 11:00-17:00"}},{"type":"Feature","geometry":{"type":"Point","coordinates":[0.01932,51.39899]},"properties":{"name":"Waitrose","brand":"Waitrose","address":"Masons Hill 45","postcode":"BR2 9HD","opening_hours":""}},{"type":"Feature","geometry":{"type":"Point","coordinates":[-0.01504,51.37681]},"properties":{"name":"Sainsbury's","brand":"Sainsbury's","address":"Station Road 76 - 82","postcode":"BR4 0PU","opening_hours":"Mo-Sa 07:00-22:00; Su 10:00-16:00"}},{"type":"Feature","geometry":{"type":"Point","coordinates":[-0.02173,51.37702]},"properties":{"name":"Sainsbury's","brand":"Sainsbury's","address":"High Street 143","postcode":"BR4 0LU","opening_hours":""}},{"type":"Feature","geometry":{"type":"Point","coordinates":[-0.04762,51.64805]},"properties":{"name":"Tesco Extra","brand":"Tesco","address":"High Street 288","postcode":"EN3 4DP","opening_hours":""}},{"type":"Feature","geometry":{"type":"Point","coordinates":[-0.05854,51.52111]},"properties":{"name":"Sainsbury's","brand":"Sainsbury's","address":"Cambridge Heath Road 1","postcode":"E1 5SD","opening_hours":"Mo-Sa 07:00-23:00; Su 11:00-17:00"}},{"type":"Feature","geometry":{"type":"Point","coordinates":[-0.05016,51.39644]},"properties":{"name":"Tesco","brand":"Tesco","address":"Croydon Road","postcode":"BR3 4AA","opening_hours":""}},{"type":"Feature","geometry":{"type":"Point","coordinates":[-0.42301,51.57132]},"properties":{"name":"Waitrose","brand":"Waitrose","address":"Kingsend 9","postcode":"HA4 7DS","opening_hours":"Mo-Sa 08:00-21:00; Su 10:00-16:00"}},{"type":"Feature","geometry":{"type":"Point","coordinates":[0.02343,51.59545]},"properties":{"name":"Waitrose","brand":"Waitrose","address":"High Road 92-96","postcode":"E18 2NA","opening_hours":"Mo-Fr 08:00-21:00; Sa 08:00-20:00; Su 11:00-17:00"}},{"type":"Feature","geometry":{"type":"Point","coordinates":[-0.47276,51.44555]},"properties":{"name":"Tesco Extra","brand":"Tesco","address":"Town Lane","postcode":"TW19 7PZ","opening_hours":""}},{"type":"Feature","geometry":{"type":"Point","coordinates":[-0.36497,51.60804]},"properties":{"name":"Morrisons","brand":"Morrisons","address":"Uxbridge Road 299","postcode":"HA5 4QT","opening_hours":"Mo-Sa 07:00-22:00; Su 10:00-16:00"}},{"type":"Feature","geometry":{"type":"Point","coordinates":[-0.30518,51.39385]},"properties":{"name":"Waitrose","brand":"Waitrose","address":"Claremont Road 15a","postcode":"KT6 4QR","opening_hours":"Mo-Sa 07:00-21:00; Su 11:00-17:00"}},{"type":"Feature","geometry":{"type":"Point","coordinates":[0.14246,51.53001]},"properties":{"name":"Asda","brand":"Asda","address":"Merrielands Crescent","postcode":"RM9 6SJ","opening_hours":"Mo 07:00-24:00; Tu-Fr 00:00-24:00; Sa 00:00-22:00; Su 11:00-17:00"}},{"type":"Feature","geometry":{"type":"Point","coordinates":[-0.15485,51.60725]},"properties":{"name":"Tesco Extra","brand":"Tesco","address":"North Circular Road","postcode":"N12 0SH","opening_hours":"Mo-Sa 06:00-24:00; Su 10:00-16:00"}},{"type":"Feature","geometry":{"type":"Point","coordinates":[-0.37499,51.43415]},"properties":{"name":"Sainsbury's","brand":"Sainsbury's","address":"Uxbridge Road 303","postcode":"TW12 1AW","opening_hours":"Mo-Fr 07:00-22:00; Sa 07:00-21:00; Su 10:00-16:00; PH Mo 09:00-19:00"}},{"type":"Feature","geometry":{"type":"Point","coordinates":[-0.40959,51.4483]},"properties":{"name":"Lidl","brand":"Lidl","address":"New Road","postcode":"TW14 9BG","opening_hours":""}},{"type":"Feature","geometry":{"type":"Point","coordinates":[-0.22192,51.30884]},"properties":{"name":"Asda","brand":"Asda","address":"Reigate Road","postcode":"KT20 5NZ","opening_hours":"Mo-Fr 06:00-24:00; Sa 06:00-22:00; Su 10:00-16:00"}},{"type":"Feature","geometry":{"type":"Point","coordinates":[-0.29041,51.41251]},"properties":{"name":"Lidl","brand":"Lidl","address":"Gordon Road 64","postcode":"KT2 6FN","opening_hours":"Mo-Sa 07:00-22:00; Su 10:00-16:00"}},{"type":"Feature","geometry":{"type":"Point","coordinates":[-0.28994,51.41121]},"properties":{"name":"Asda","brand":"Asda","address":"London Road 142","postcode":"KT2 6QL","opening_hours":"Mo-Th 08:00-20:00; Fr 08:00-21:00; Sa 08:00-20:00; Su 11:00-17:00"}},{"type":"Feature","geometry":{"type":"Point","coordinates":[0.07403,51.38819]},"properties":{"name":"Morrisons","brand":"Morrisons","address":"Queensway 70","postcode":"BR5 1DH","opening_hours":""}},{"type":"Feature","geometry":{"type":"Point","coordinates":[-0.23999,51.40239]},"properties":{"name":"Tesco Extra","brand":"Tesco","address":"Beverley Way 300","postcode":"KT3 4PJ","opening_hours":"Mo-Sa 06:00-24:00; Su 10:00-16:00"}},{"type":"Feature","geometry":{"type":"Point","coordinates":[-0.02076,51.60426]},"properties":{"name":"Sainsbury's","brand":"Sainsbury's","address":"Walthamstow Avenue 11","postcode":"E4 8ST","opening_hours":"Mo-Fr 06:30-23:59, Sa 06:30-23:00, Su 10:30-16:30"}},{"type":"Feature","geometry":{"type":"Point","coordinates":[-0.02172,51.60748]},"properties":{"name":"Morrisons","brand":"Morrisons","address":"Chingford Road 6-7 Salisbury Hall Gardens","postcode":"E4 8SN","opening_hours":""}},{"type":"Feature","geometry":{"type":"Point","coordinates":[-0.13593,51.46207]},"properties":{"name":"Sainsbury's","brand":"Sainsbury's","address":"Clapham High Street 133","postcode":"SW4 7SL","opening_hours":"Mo-Sa 07:00-23:00; Su 11:00-17:00"}},{"type":"Feature","geometry":{"type":"Point","coordinates":[-0.19531,51.36695]},"properties":{"name":"Asda","brand":"Asda","address":"High Street 229","postcode":"SM1 1LD","opening_hours":"Mo-Fr 07:00-23:00; Sa 07:00-22:00; Su 11:00-17:00"}},{"type":"Feature","geometry":{"type":"Point","coordinates":[-0.413,51.44375]},"properties":{"name":"Tesco","brand":"Tesco","address":"High Street 98","postcode":"TW13 4EX","opening_hours":""}},{"type":"Feature","geometry":{"type":"Point","coordinates":[0.2755,51.48898]},"properties":{"name":"Tesco Extra","brand":"Tesco","address":"Cygnet View","postcode":"RM20 1TX","opening_hours":"Mo-Sa 06:00-24:00; Su 10:00-16:00"}},{"type":"Feature","geometry":{"type":"Point","coordinates":[-0.41212,51.44391]},"properties":{"name":"Aldi","brand":"Aldi","address":"High Street 76-86","postcode":"TW13 4EX","opening_hours":""}},{"type":"Feature","geometry":{"type":"Point","coordinates":[-0.25539,51.55402]},"properties":{"name":"Tesco Extra","brand":"Tesco","address":"Great Central Way","postcode":"NW10 0TL","opening_hours":"Mo-Sa 00:00-00:00; Su 11:00-17:00; PH open"}},{"type":"Feature","geometry":{"type":"Point","coordinates":[0.17194,51.39651]},"properties":{"name":"Aldi","brand":"Aldi","address":"St Marys Road","postcode":"BR8 7BU","opening_hours":"Mo-Sa 08:00-22:00; Su 10:00-16:00"}},{"type":"Feature","geometry":{"type":"Point","coordinates":[0.33274,51.43017]},"properties":{"name":"Sainsbury's","brand":"Sainsbury's","address":"","postcode":"","opening_hours":""}},{"type":"Feature","geometry":{"type":"Point","coordinates":[-0.30568,51.48389]},"properties":{"name":"Lidl","brand":"Lidl","address":"Brentford High Street 228-246","postcode":"TW8 0JG","opening_hours":""}},{"type":"Feature","geometry":{"type":"Point","coordinates":[-0.05159,51.41266]},"properties":{"name":"Sainsbury's","brand":"Sainsbury's","address":"High Street 158 - 162","postcode":"SE20 7QS","opening_hours":"Mo-Fr 07:00-22:00; Sa 07:00-21:00; Su 11:00-17:00"}},{"type":"Feature","geometry":{"type":"Point","coordinates":[-0.17612,51.61791]},"properties":{"name":"Sainsbury's","brand":"Sainsbury's","address":"High Road 836","postcode":"N12 9RE","opening_hours":"Mo-Sa 08:30-20:00; Fr 08:30-21:00; Su 11:00-17:00"}},{"type":"Feature","geometry":{"type":"Point","coordinates":[-0.35681,51.56236]},"properties":{"name":"Aldi","brand":"Aldi","address":"Northolt Road 330","postcode":"HA2 8EQ","opening_hours":""}},{"type":"Feature","geometry":{"type":"Point","coordinates":[-0.01304,51.49392]},"properties":{"name":"Asda","brand":"Asda","address":"East Ferry Road 151","postcode":"E14 3BT","opening_hours":"Mo-Fr 06:00-24:00; Sa 06:00-22:00; Su 11:00-17:00"}},{"type":"Feature","geometry":{"type":"Point","coordinates":[-0.24329,51.37813]},"properties":{"name":"Waitrose","brand":"Waitrose","address":"","postcode":"","opening_hours":""}},{"type":"Feature","geometry":{"type":"Point","coordinates":[-0.22478,51.37184]},"properties":{"name":"Sainsbury's","brand":"Sainsbury's","address":"London Road 566","postcode":"SM3 9AA","opening_hours":""}},{"type":"Feature","geometry":{"type":"Point","coordinates":[-0.19325,51.36073]},"properties":{"name":"Morrisons","brand":"Morrisons","address":"High Street 31","postcode":"SM1 1DD","opening_hours":"Mo-Sa 06:00-23:00; Su 10:00-16:00"}},{"type":"Feature","geometry":{"type":"Point","coordinates":[-0.20673,51.37535]},"properties":{"name":"Tesco Extra","brand":"Tesco","address":"Oldfields Road 55","postcode":"SM1 2NB","opening_hours":""}},{"type":"Feature","geometry":{"type":"Point","coordinates":[-0.21776,51.5263]},"properties":{"name":"Sainsbury's","brand":"Sainsbury's","address":"Ladbroke Grove","postcode":"W10 5AA","opening_hours":"Mo-Sa 07:00-22:00; Su 11:00-17:00"}},{"type":"Feature","geometry":{"type":"Point","coordinates":[-0.076,51.48881]},"properties":{"name":"Tesco","brand":"Tesco","address":"Dunton Road 107","postcode":"SE1 5HG","opening_hours":"Mo-Fr 07:00-22:00; Sa 07:00-00:00; Su 11:00-17:00"}},{"type":"Feature","geometry":{"type":"Point","coordinates":[-0.19451,51.36804]},"properties":{"name":"Lidl","brand":"Lidl","address":"High Street 262-270","postcode":"SM1 1PG","opening_hours":"Mo-Sa 07:00-22:00; Su 11:00-17:00; PH 07:00-22:00"}},{"type":"Feature","geometry":{"type":"Point","coordinates":[-0.11391,51.45479]},"properties":{"name":"Sainsbury's","brand":"Sainsbury's","address":"Tulse Hill 2","postcode":"SW2 2TP","opening_hours":"Mo-Sa 07:00-23:00; Su 11:00-17:00"}},{"type":"Feature","geometry":{"type":"Point","coordinates":[0.02412,51.5935]},"properties":{"name":"Sainsbury's","brand":"Sainsbury's","address":"George Lane 176","postcode":"E18 1AY","opening_hours":""}},{"type":"Feature","geometry":{"type":"Point","coordinates":[-0.06732,51.50686]},"properties":{"name":"Waitrose","brand":"Waitrose","address":"Thomas More Street 41","postcode":"E1W 1YY","opening_hours":"Mo-Fr 07:30-22:00; Sa 07:30-21:00; Su 11:00-17:00"}},{"type":"Feature","geometry":{"type":"Point","coordinates":[-0.0829,51.41772]},"properties":{"name":"Sainsbury's","brand":"Sainsbury's","address":"Westow Street 64","postcode":"SE19 3AF","opening_hours":"Mo-Fr 08:00-21:00; Sa 07:30-21:00; Su 11:00-17:00"}},{"type":"Feature","geometry":{"type":"Point","coordinates":[-0.27265,51.50836]},"properties":{"name":"Morrisons","brand":"Morrisons","address":"King Street","postcode":"W3 9LA","opening_hours":"Mo-Sa 07:00-22:00; Su 10:00-16:00"}},{"type":"Feature","geometry":{"type":"Point","coordinates":[0.06591,51.52135]},"properties":{"name":"Sainsbury's","brand":"Sainsbury's","address":"Claps Gate Lane 1","postcode":"E6 6JF","opening_hours":"Mo-Sa 08:00-23:00; Su 11:00-17:00"}},{"type":"Feature","geometry":{"type":"Point","coordinates":[0.05774,51.51499]},"properties":{"name":"Asda","brand":"Asda","address":"Tollgate Road","postcode":"E6 5JP","opening_hours":"Mo-Sa 07:00-22:00; Su 11:00-17:00"}},{"type":"Feature","geometry":{"type":"Point","coordinates":[-0.41212,51.44672]},"properties":{"name":"Asda","brand":"Asda","address":"Tilley Road 4","postcode":"TW13 4BB","opening_hours":"Mo-Sa 07:00-22:00; Su 11:00-17:00"}},{"type":"Feature","geometry":{"type":"Point","coordinates":[-0.18846,51.49537]},"properties":{"name":"Sainsbury's","brand":"Sainsbury's","address":"Cromwell Road 158a","postcode":"SW7 4EJ","opening_hours":"Mo-Fr 07:00-23:00; Sa 07:00-22:00; Su 11:00-17:00"}},{"type":"Feature","geometry":{"type":"Point","coordinates":[-0.19878,51.32309]},"properties":{"name":"Waitrose","brand":"Waitrose","address":"High Street 102-104","postcode":"SM7 2NB","opening_hours":""}},{"type":"Feature","geometry":{"type":"Point","coordinates":[-0.04136,51.67196]},"properties":{"name":"Lidl","brand":"Lidl","address":"Hertford Road 654,656,658,670","postcode":"EN3 6LZ","opening_hours":"Mo-Sa 08:00-22:00; Su 11:00-17:00"}},{"type":"Feature","geometry":{"type":"Point","coordinates":[0.04018,51.59211]},"properties":{"name":"Tesco","brand":"Tesco","address":"Southend Road","postcode":"IG8 8GE","opening_hours":"Mo-Sa 06:00-00:00; Su 11:00-17:00"}},{"type":"Feature","geometry":{"type":"Point","coordinates":[-0.27023,51.52862]},"properties":{"name":"Asda","brand":"Asda","address":"Western Road 2-20","postcode":"NW10 7LW","opening_hours":"Mo 07:00-24:00; Tu-Fr 00:00-24:00; Sa 00:00-22:00; Su 11:00-17:00"}},{"type":"Feature","geometry":{"type":"Point","coordinates":[0.19053,51.29571]},"properties":{"name":"Aldi","brand":"Aldi","address":"Otford Road","postcode":"TN14 5EG","opening_hours":""}},{"type":"Feature","geometry":{"type":"Point","coordinates":[-0.25606,51.40273]},"properties":{"name":"Waitrose","brand":"Waitrose","address":"High Street 24-28","postcode":"KT3 4HE","opening_hours":"Mo-Fr 08:00-21:00; Sa 08:00-20:00; Su 10:00-16:00"}},{"type":"Feature","geometry":{"type":"Point","coordinates":[0.27708,51.45237]},"properties":{"name":"Asda","brand":"Asda","address":"Crossways Boulevard","postcode":"DA9 9BT","opening_hours":"Mo-Fr 06:00-23:00; Sa 06:00-22:00; Su 11:00-17:00"}},{"type":"Feature","geometry":{"type":"Point","coordinates":[-0.1894,51.38404]},"properties":{"name":"Lidl","brand":"Lidl","address":"Wrythe Lane 328","postcode":"SM5 1AD","opening_hours":""}},{"type":"Feature","geometry":{"type":"Point","coordinates":[0.05537,51.36596]},"properties":{"name":"Sainsbury's","brand":"Sainsbury's","address":"Pallant Way","postcode":"BR6 8NZ","opening_hours":"Mo-Th, Sa 07:00-22:00; Fr 07:00-23:00; Su 10:00-16:00"}},{"type":"Feature","geometry":{"type":"Point","coordinates":[0.1143,51.39876]},"properties":{"name":"Aldi","brand":"Aldi","address":"Sevenoaks Way","postcode":"BR5 3SG","opening_hours":""}},{"type":"Feature","geometry":{"type":"Point","coordinates":[-0.19207,51.60314]},"properties":{"name":"Tesco Superstore Finchley","brand":"Tesco","address":"Ballards Lane 21-29","postcode":"N3 1XP","opening_hours":"Mo-Sa 06:00-24:00, Su 11:00-17:00"}},{"type":"Feature","geometry":{"type":"Point","coordinates":[0.30019,51.39667]},"properties":{"name":"Waitrose","brand":"Waitrose","address":"Station Road 63","postcode":"DA3 7QA","opening_hours":"Mo-Fr 07:30-21:00; Sa 07:30-20:00; Su 10:00-16:00"}},{"type":"Feature","geometry":{"type":"Point","coordinates":[0.29996,51.39829]},"properties":{"name":"Co-op Food","brand":"Co-op","address":"Station Road 14","postcode":"DA3 7QD","opening_hours":"Mo-Su 07:00-22:00"}},{"type":"Feature","geometry":{"type":"Point","coordinates":[0.01388,51.57185]},"properties":{"name":"Tesco","brand":"Tesco","address":"Gainsborough Road 8","postcode":"E11 1HT","opening_hours":"Mo-Sa 06:00-24:00; Su 10:00-16:00"}},{"type":"Feature","geometry":{"type":"Point","coordinates":[-0.21556,51.46219]},"properties":{"name":"Sainsbury's","brand":"Sainsbury's","address":"Werter Road 2-6","postcode":"SW15 2LJ","opening_hours":"Mo-Sa 07:00-22:00; Su 12:00-18:00"}},{"type":"Feature","geometry":{"type":"Point","coordinates":[0.08175,51.58846]},"properties":{"name":"Sainsbury's","brand":"Sainsbury's","address":"Tanners Lane 92-100","postcode":"IG6 1QE","opening_hours":"Mo-Sa 07:00-21:00; Su 10:00-16:00"}},{"type":"Feature","geometry":{"type":"Point","coordinates":[-0.05266,51.54693]},"properties":{"name":"Tesco","brand":"Tesco","address":"Morning Lane 55","postcode":"E9 6ND","opening_hours":"Mo 06:00-00:00, Tu-Fr 00:00-24:00, Sa 00:00-22:00,Su 11:00-17:00"}},{"type":"Feature","geometry":{"type":"Point","coordinates":[-0.35218,51.56763]},"properties":{"name":"Waitrose","brand":"Waitrose","address":"Northolt Road 140","postcode":"HA2 0EG","opening_hours":""}},{"type":"Feature","geometry":{"type":"Point","coordinates":[-0.10492,51.53415]},"properties":{"name":"Whole Foods Market","brand":"Whole Foods","address":"Upper Street 359","postcode":"N1 0PD","opening_hours":""}},{"type":"Feature","geometry":{"type":"Point","coordinates":[-0.10775,51.53425]},"properties":{"name":"Sainsbury's","brand":"Sainsbury's","address":"Liverpool Road 31-41","postcode":"N1 0RW","opening_hours":"Tu-Fr 07:00-23:00; Mo 07:00-20:00; Sa 07:00-22:00; Su 11:00-17:00"}},{"type":"Feature","geometry":{"type":"Point","coordinates":[-0.11615,51.55617]},"properties":{"name":"Waitrose","brand":"Waitrose","address":"Holloway Road 366","postcode":"N7 6PA","opening_hours":"Mo-Fr 08:00-22:00; Sa 08:00-21:00; Su 11:00-17:00"}},{"type":"Feature","geometry":{"type":"Point","coordinates":[-0.11658,51.55719]},"properties":{"name":"Morrisons","brand":"Morrisons","address":"Hertslet Road 10","postcode":"N7 6PL","opening_hours":"Mo-Sa 07:00-23:00; Su 11:00-17:00"}},{"type":"Feature","geometry":{"type":"Point","coordinates":[-0.08633,51.39891]},"properties":{"name":"Sainsbury's","brand":"Sainsbury's","address":"Whitehorse Lane 120-122","postcode":"SE25 6XB","opening_hours":"Mo-Sa 07:00-22:00; Su 11:00-17:00"}},{"type":"Feature","geometry":{"type":"Point","coordinates":[-0.05742,51.48019]},"properties":{"name":"The Food Warehouse","brand":"The Food Warehouse","address":"","postcode":"","opening_hours":"Mo-Sa 08:00-21:00; Su 11:00-17:00"}},{"type":"Feature","geometry":{"type":"Point","coordinates":[-0.24578,51.43958]},"properties":{"name":"Asda","brand":"Asda","address":"Roehampton Vale 31","postcode":"SW15 3DT","opening_hours":"Mo 07:00-24:00; Tu-Fr 00:00-24:00; Sa 00:00-22:00; Su 11:00-17:00"}},{"type":"Feature","geometry":{"type":"Point","coordinates":[-0.11738,51.54118]},"properties":{"name":"Co-op Food","brand":"Co-op","address":"","postcode":"","opening_hours":"Mo-Su 07:00-23:00"}},{"type":"Feature","geometry":{"type":"Point","coordinates":[-0.26777,51.40232]},"properties":{"name":"H Mart","brand":"H Mart","address":"Leigh Close","postcode":"KT3 3NW","opening_hours":""}},{"type":"Feature","geometry":{"type":"Point","coordinates":[-0.12415,51.5249]},"properties":{"name":"Waitrose","brand":"Waitrose","address":"Brunswick Square 23-29","postcode":"WC1N 1AF","opening_hours":"Mo-Fr 08:00-22:00; Sa 08:00-21:00; Su 12:00-18:00"}},{"type":"Feature","geometry":{"type":"Point","coordinates":[-0.02635,51.41158]},"properties":{"name":"Waitrose","brand":"Waitrose","address":"Southend Road","postcode":"BR3 1SD","opening_hours":""}},{"type":"Feature","geometry":{"type":"Point","coordinates":[-0.09846,51.53884]},"properties":{"name":"Harvest N1","brand":"","address":"Essex Road 106-102","postcode":"N1 8LU","opening_hours":""}},{"type":"Feature","geometry":{"type":"Point","coordinates":[0.10458,51.45105]},"properties":{"name":"Co-op Food","brand":"Co-op","address":"Westwood Lane","postcode":"DA15 9PS","opening_hours":"Mo-Sa 06:00-23:00; Su 10:00-16:00"}},{"type":"Feature","geometry":{"type":"Point","coordinates":[-0.16492,51.46552]},"properties":{"name":"Asda","brand":"Asda","address":"Lavender Hill 204","postcode":"SW11 1JG","opening_hours":"Mo-Fr 06:00-24:00; Sa 06:00-22:00; Su 11:00-17:00"}},{"type":"Feature","geometry":{"type":"Point","coordinates":[-0.16715,51.46493]},"properties":{"name":"Lidl","brand":"Lidl","address":"Falcon Lane 141","postcode":"SW11 2PE","opening_hours":"Mo-Fr 08:00-23:00; Sa 08:00-22:00; Su 11:00-17:00"}},{"type":"Feature","geometry":{"type":"Point","coordinates":[0.0316,51.40004]},"properties":{"name":"Tesco","brand":"Tesco","address":"Homesdale Road","postcode":"BR1 2UE","opening_hours":""}},{"type":"Feature","geometry":{"type":"Point","coordinates":[0.01437,51.40664]},"properties":{"name":"Sainsbury's","brand":"Sainsbury's","address":"Walters Yard","postcode":"BR1 1TP","opening_hours":""}},{"type":"Feature","geometry":{"type":"Point","coordinates":[-0.01918,51.61656]},"properties":{"name":"Sainsbury's","brand":"Sainsbury's","address":"Hall Lane 13","postcode":"E4 8HH","opening_hours":""}},{"type":"Feature","geometry":{"type":"Point","coordinates":[-0.38965,51.53456]},"properties":{"name":"Lidl","brand":"Lidl","address":"Ruislip Road 461","postcode":"UB5 6ZD","opening_hours":""}},{"type":"Feature","geometry":{"type":"Point","coordinates":[0.1227,51.41259]},"properties":{"name":"Tesco","brand":"Tesco","address":"Edgington Way","postcode":"DA14 5BN","opening_hours":"Mo-Sa 06:00-24:00; Su 10:00-16:00"}},{"type":"Feature","geometry":{"type":"Point","coordinates":[-0.50567,51.33718]},"properties":{"name":"Waitrose","brand":"Waitrose","address":"","postcode":"","opening_hours":"Mo-Fr 07:30-21:00; Sa 07:30-20:00; Su 10:00-16:00"}},{"type":"Feature","geometry":{"type":"Point","coordinates":[-0.28457,51.59196]},"properties":{"name":"Morrisons","brand":"Morrisons","address":"Honeypot Lane","postcode":"NW9 6RN","opening_hours":"Mo-Sa 07:00-23:00; Su 10:00-16:00"}},{"type":"Feature","geometry":{"type":"Point","coordinates":[0.10573,51.50782]},"properties":{"name":"Morrisons","brand":"Morrisons","address":"Twin Tumps Way 5","postcode":"SE28 8RD","opening_hours":"Mo-Sa 07:00-22:00; Su 10:00-16:00"}},{"type":"Feature","geometry":{"type":"Point","coordinates":[-0.07381,51.5667]},"properties":{"name":"Morrisons","brand":"Morrisons","address":"Stamford Hill 47-49","postcode":"N16 5SR","opening_hours":""}},{"type":"Feature","geometry":{"type":"Point","coordinates":[0.21478,51.44379]},"properties":{"name":"Sainsbury's","brand":"Sainsbury's","address":"Instone Road","postcode":"DA1 2HL","opening_hours":""}},{"type":"Feature","geometry":{"type":"Point","coordinates":[-0.40347,51.51535]},"properties":{"name":"Sainsbury's","brand":"Sainsbury's","address":"","postcode":"","opening_hours":"Mo-Fr 07:00-24:00; Sa 07:00-23:00; Su 11:00-17:00"}},{"type":"Feature","geometry":{"type":"Point","coordinates":[-0.22053,51.56246]},"properties":{"name":"Lidl","brand":"Lidl","address":"","postcode":"","opening_hours":""}},{"type":"Feature","geometry":{"type":"Point","coordinates":[0.09009,51.35512]},"properties":{"name":"Waitrose","brand":"Waitrose","address":"High Street 11","postcode":"BR6 6BG","opening_hours":""}},{"type":"Feature","geometry":{"type":"Point","coordinates":[0.20828,51.54381]},"properties":{"name":"Tesco","brand":"Tesco","address":"Airfield Way","postcode":"RM12 5AF","opening_hours":""}},{"type":"Feature","geometry":{"type":"Point","coordinates":[-0.07336,51.57324]},"properties":{"name":"Lidl","brand":"Lidl","address":"Amhurst Park 1","postcode":"N16 5LW","opening_hours":"Mo-Sa 08:00-22:00; Su 10:00-16:00"}},{"type":"Feature","geometry":{"type":"Point","coordinates":[-0.19257,51.69796]},"properties":{"name":"Sainsbury's","brand":"Sainsbury's","address":"Darkes Lane","postcode":"EN6 1AU","opening_hours":"Mo-Fr 07:00-20:00; Sa 08:00-20:00; Su 10:00-16:00"}},{"type":"Feature","geometry":{"type":"Point","coordinates":[-0.3876,51.65172]},"properties":{"name":"Tesco Extra","brand":"Tesco","address":"Lower High Street 239-241","postcode":"WD17 2BD","opening_hours":"Mo-Sa 00:00-24:00; Su 10:00-16:00"}},{"type":"Feature","geometry":{"type":"Point","coordinates":[-0.38494,51.52476]},"properties":{"name":"Tesco Extra","brand":"Tesco","address":"Glencoe Road","postcode":"UB4 9SQ","opening_hours":""}},{"type":"Feature","geometry":{"type":"Point","coordinates":[-0.39543,51.59697]},"properties":{"name":"Tesco","brand":"Tesco","address":"Ash Hill Drive 1","postcode":"HA5 2AG","opening_hours":"Mo-Sa 08:00-22:00; Su 11:00-17:00"}},{"type":"Feature","geometry":{"type":"Point","coordinates":[-0.3841,51.5577]},"properties":{"name":"Lidl","brand":"Lidl","address":"Victoria Road","postcode":"HA4 0QQ","opening_hours":""}},{"type":"Feature","geometry":{"type":"Point","coordinates":[-0.09856,51.6295]},"properties":{"name":"Sainsbury's","brand":"Sainsbury's","address":"Green Lanes 681","postcode":"N21 3RS","opening_hours":"Mo-Fr 08:00-22:00, Sa 07:00-22:00, Su 10:00-16:00"}},{"type":"Feature","geometry":{"type":"Point","coordinates":[0.01237,51.42712]},"properties":{"name":"The Co-operative Food","brand":"Co-op","address":"Downham Way","postcode":"BR1 5HS","opening_hours":"Mo-Sa 06:00-22:00; Su 11:00-17:00"}},{"type":"Feature","geometry":{"type":"Point","coordinates":[-0.03017,51.56907]},"properties":{"name":"Aldi","brand":"Aldi","address":"Heybridge Way 18","postcode":"E10 7NQ","opening_hours":""}},{"type":"Feature","geometry":{"type":"Point","coordinates":[-0.01213,51.57447]},"properties":{"name":"Tesco","brand":"Tesco","address":"High Road Leyton 825","postcode":"E10 7AA","opening_hours":"Mo-Sa 06:00-00:00; Su 11:00-17:00"}},{"type":"Feature","geometry":{"type":"Point","coordinates":[-0.42189,51.41856]},"properties":{"name":"M&S Foodhall","brand":"M&S","address":"Staines Road West","postcode":"TW16 7BB","opening_hours":"Mo-Sa 08:00-21:00; Su 10:00-16:00"}},{"type":"Feature","geometry":{"type":"Point","coordinates":[-0.41826,51.38463]},"properties":{"name":"The Local","brand":"","address":"High Street 56","postcode":"KT12 1BY","opening_hours":""}},{"type":"Feature","geometry":{"type":"Point","coordinates":[0.06991,51.55652]},"properties":{"name":"Sainsbury's","brand":"Sainsbury's","address":"Roden Street 55","postcode":"IG1 2AA","opening_hours":"Mo-Sa 07:00-22:00; Su 11:00-17:00"}},{"type":"Feature","geometry":{"type":"Point","coordinates":[-0.09806,51.53008]},"properties":{"name":"Co-op","brand":"Co-op","address":"City Road 273","postcode":"","opening_hours":"Mo-Su 07:00-22:00"}},{"type":"Feature","geometry":{"type":"Point","coordinates":[-0.05835,51.4798]},"properties":{"name":"Lidl","brand":"Lidl","address":"Old Kent Road 760","postcode":"SE15 1NJ","opening_hours":"Mo-Sa 08:00-22:00; Su 11:00-17:00; PH 08:00-22:00"}},{"type":"Feature","geometry":{"type":"Point","coordinates":[0.03225,51.60708]},"properties":{"name":"Co-op Food","brand":"Co-op","address":"","postcode":"","opening_hours":""}},{"type":"Feature","geometry":{"type":"Point","coordinates":[-0.13397,51.56511]},"properties":{"name":"Aldi","brand":"Aldi","address":"Holloway Road 681-689","postcode":"","opening_hours":"Mo -Sa 07:00-23:00; Su 11:00-17:00; PH 08:00-20:00"}},{"type":"Feature","geometry":{"type":"Point","coordinates":[-0.13447,51.56492]},"properties":{"name":"Co-op Food","brand":"Co-op","address":"Junction Road 15-19","postcode":"N19 5QT","opening_hours":"Mo-Sa 06:00-23:00, Su 11:00-17:00"}},{"type":"Feature","geometry":{"type":"Point","coordinates":[-0.19411,51.53904]},"properties":{"name":"Iceland","brand":"Iceland","address":"Kilburn High Road 100-104","postcode":"NW6 4HS","opening_hours":"Mo-Sa 07:00-23:00; Su 11:00-17:00"}},{"type":"Feature","geometry":{"type":"Point","coordinates":[-0.19359,51.53885]},"properties":{"name":"Sainsbury's","brand":"Sainsbury's","address":"Kilburn High Road 88-92","postcode":"NW6 4HS","opening_hours":"Mo-Sa 07:00-22:00; Su 11:00-17:00"}},{"type":"Feature","geometry":{"type":"Point","coordinates":[-0.06786,51.46968]},"properties":{"name":"Khan's Bargain","brand":"","address":"Rye Lane 135","postcode":"SE15 4ST","opening_hours":""}},{"type":"Feature","geometry":{"type":"Point","coordinates":[-0.50336,51.39131]},"properties":{"name":"Sainsbury's","brand":"Sainsbury's","address":"Guildford Street","postcode":"KT16 9AG","opening_hours":"Mo-Sa 07:00-21:00; Su 10:00-16:00"}},{"type":"Feature","geometry":{"type":"Point","coordinates":[-0.42066,51.3864]},"properties":{"name":"Aldi","brand":"Aldi","address":"Bridge Street 1-3","postcode":"KT12 1AE","opening_hours":""}},{"type":"Feature","geometry":{"type":"Point","coordinates":[0.02417,51.59415]},"properties":{"name":"M&S Simply Food","brand":"M&S","address":"George Lane 174","postcode":"E18 1AY","opening_hours":"Mo-Fr 08:00-20:30; Sa 08:00-20:00; Su 10:30-16:30"}},{"type":"Feature","geometry":{"type":"Point","coordinates":[-0.39932,51.65865]},"properties":{"name":"Sainsbury's","brand":"Sainsbury's","address":"Albert Road South","postcode":"WD17 1PE","opening_hours":"Mo-Sa 07:00-21:00; Su 10:00-16:00"}},{"type":"Feature","geometry":{"type":"Point","coordinates":[0.0819,51.64634]},"properties":{"name":"Sainsbury's","brand":"Sainsbury's","address":"","postcode":"","opening_hours":"Mo-Sa 07:00-21:00; Su 10:00-16:00"}},{"type":"Feature","geometry":{"type":"Point","coordinates":[-0.13008,51.37679]},"properties":{"name":"Asda","brand":"Asda","address":"Marlowe Way","postcode":"CR0 4XS","opening_hours":"Mo-Fr 06:00-24:00; Sa 06:00-22:00; Su 11:00-17:00"}},{"type":"Feature","geometry":{"type":"Point","coordinates":[-0.07537,51.45872]},"properties":{"name":"Co-op Food","brand":"Co-op","address":"Lordship Lane 56-62","postcode":"SE22 8HJ","opening_hours":"Mo-Sa 07:00-23:00; Su 11:00-17:00"}},{"type":"Feature","geometry":{"type":"Point","coordinates":[-0.07556,51.45784]},"properties":{"name":"M&S Foodhall","brand":"M&S","address":"Lordship Lane 84-90","postcode":"SE22 8HF","opening_hours":"Mo-Sa 08:00-22:00; Su 11:00-17:00"}},{"type":"Feature","geometry":{"type":"Point","coordinates":[-0.16634,51.40584]},"properties":{"name":"Lidl","brand":"Lidl","address":"Western Road 9-17","postcode":"CR4 3ED","opening_hours":""}},{"type":"Feature","geometry":{"type":"Point","coordinates":[-0.1514,51.44394]},"properties":{"name":"Sainsbury's","brand":"Sainsbury's","address":"Balham High Road 147-151","postcode":"SW12 9AU","opening_hours":"Mo-Sa 07:00-23:00; Su 11:00-17:00"}},{"type":"Feature","geometry":{"type":"Point","coordinates":[-0.1517,51.44567]},"properties":{"name":"Waitrose","brand":"Waitrose","address":"Balham High Road 134-152","postcode":"SW12 9BN","opening_hours":"Mo-Fr 08:00-22:00; Sa 08:00-21:00; Su 11:00-17:00"}},{"type":"Feature","geometry":{"type":"Point","coordinates":[-0.16823,51.40742]},"properties":{"name":"Asda","brand":"Asda","address":"James Estate","postcode":"CR4 3HG","opening_hours":"Mo-Sa 07:00-23:00; Su 10:00-16:00"}},{"type":"Feature","geometry":{"type":"Point","coordinates":[-0.16793,51.40798]},"properties":{"name":"Hoo Hing","brand":"","address":"James Estate","postcode":"CR4 3HG","opening_hours":"Mo-Fr 09:30-18:00; Sa, PH 10:00-18:00; Su 10:30-16:30"}},{"type":"Feature","geometry":{"type":"Point","coordinates":[-0.33153,51.29564]},"properties":{"name":"Lidl","brand":"Lidl","address":"North Street","postcode":"KT22 7AX","opening_hours":""}},{"type":"Feature","geometry":{"type":"Point","coordinates":[-0.05952,51.62243]},"properties":{"name":"Asda","brand":"Asda","address":"West Mall 1","postcode":"N9 0AL","opening_hours":"Mo-Fr 07:00-23:00; Sa 07:00-22:00; Su 11:00-17:00"}},{"type":"Feature","geometry":{"type":"Point","coordinates":[-0.31527,51.58153]},"properties":{"name":"Sainsbury's","brand":"Sainsbury's","address":"Nash Way 1","postcode":"HA3 0JA","opening_hours":"Mo-Sa 07:00-22:00;Su 10:00-16:00"}},{"type":"Feature","geometry":{"type":"Point","coordinates":[-0.16703,51.48864]},"properties":{"name":"Waitrose","brand":"Waitrose","address":"King's Road 196-198","postcode":"SW3 5XP","opening_hours":"Mo-Sa 07:30-22:00; Su 11:00-17:00"}},{"type":"Feature","geometry":{"type":"Point","coordinates":[-0.03487,51.67809]},"properties":{"name":"Oncu Food Centre","brand":"","address":"","postcode":"","opening_hours":""}},{"type":"Feature","geometry":{"type":"Point","coordinates":[-0.04128,51.67019]},"properties":{"name":"FoodArt","brand":"","address":"Hertford Road 614-616","postcode":"EN3 5TD","opening_hours":""}},{"type":"Feature","geometry":{"type":"Point","coordinates":[-0.04148,51.66976]},"properties":{"name":"Enfield Food Centre","brand":"","address":"Hertford Road 606","postcode":"EN3 5SX","opening_hours":""}},{"type":"Feature","geometry":{"type":"Point","coordinates":[0.17495,51.39684]},"properties":{"name":"Asda","brand":"Asda","address":"London Road","postcode":"BR8 7UN","opening_hours":"Mo-Fr 06:00-24:00; Sa 06:00-22:00; Su 10:00-16:00"}},{"type":"Feature","geometry":{"type":"Point","coordinates":[-0.04756,51.65784]},"properties":{"name":"Fresh Food Centre","brand":"","address":"","postcode":"EN3 5BH","opening_hours":""}},{"type":"Feature","geometry":{"type":"Point","coordinates":[-0.04758,51.65728]},"properties":{"name":"Efe Food & Wine","brand":"","address":"Hertford Road 194","postcode":"EN3 5AZ","opening_hours":""}},{"type":"Feature","geometry":{"type":"Point","coordinates":[0.294,51.49184]},"properties":{"name":"Sainsbury's","brand":"Sainsbury's","address":"Howard Road","postcode":"RM16 6YJ","opening_hours":"Mo-Th, Sa 07:00-22:00; Fr 07:00-23:00; Su 10:00-16:00"}},{"type":"Feature","geometry":{"type":"Point","coordinates":[-0.40826,51.69266]},"properties":{"name":"Costcutter","brand":"Costcutter","address":"Haines Way 150","postcode":"WD25 7QX","opening_hours":""}},{"type":"Feature","geometry":{"type":"Point","coordinates":[-0.19308,51.53823]},"properties":{"name":"M&S Simply Food","brand":"M&S","address":"Kilburn High Road 66-68","postcode":"NW6 4HJ","opening_hours":"Mo-Sa 08:00-20:00; Su 10:30-16:30"}},{"type":"Feature","geometry":{"type":"Point","coordinates":[0.05253,51.64339]},"properties":{"name":"Sainsbury's","brand":"Sainsbury's","address":"","postcode":"","opening_hours":""}},{"type":"Feature","geometry":{"type":"Point","coordinates":[-0.13085,51.5503]},"properties":{"name":"Buy Wise","brand":"","address":"Brecknock Road 49","postcode":"N7 0BT","opening_hours":""}},{"type":"Feature","geometry":{"type":"Point","coordinates":[-0.14991,51.54289]},"properties":{"name":"Morrisons","brand":"Morrisons","address":"","postcode":"","opening_hours":""}},{"type":"Feature","geometry":{"type":"Point","coordinates":[-0.39567,51.56803]},"properties":{"name":"Londis","brand":"Londis","address":"","postcode":"HA4 9EB","opening_hours":""}},{"type":"Feature","geometry":{"type":"Point","coordinates":[-0.16379,51.41968]},"properties":{"name":"Lidl","brand":"Lidl","address":"London Road 14","postcode":"SW17 9HW","opening_hours":""}},{"type":"Feature","geometry":{"type":"Point","coordinates":[0.03667,51.30903]},"properties":{"name":"Waitrose","brand":"Waitrose","address":"Main Road 168","postcode":"TN16 3BB","opening_hours":""}},{"type":"Feature","geometry":{"type":"Point","coordinates":[-0.26879,51.46473]},"properties":{"name":"Waitrose","brand":"Waitrose","address":"Upper Richmond Road West 292","postcode":"SW14 7JG","opening_hours":"Sa 08:00-20:00; Mo-Fr 8:00-21:00; Su 10:00-16:00"}},{"type":"Feature","geometry":{"type":"Point","coordinates":[-0.06867,51.55849]},"properties":{"name":"Mercan Food Centre","brand":"","address":"Evering Road 81-83","postcode":"N16 7SJ","opening_hours":""}},{"type":"Feature","geometry":{"type":"Point","coordinates":[-0.10743,51.53383]},"properties":{"name":"Waitrose","brand":"Waitrose","address":"Liverpool Road 21","postcode":"N1 0RW","opening_hours":"Mo 08:00-20:00; Tu-Fr 07:00-22:00; Sa 08:00-22:00; Su 11:30-17:30"}},{"type":"Feature","geometry":{"type":"Point","coordinates":[-0.40775,51.49908]},"properties":{"name":"Tesco Extra","brand":"Tesco","address":"Hayes Road","postcode":"UB2 5LN","opening_hours":""}},{"type":"Feature","geometry":{"type":"Point","coordinates":[-0.10995,51.53354]},"properties":{"name":"Healthwise","brand":"","address":"Chapel Market 13","postcode":"N1 9EZ","opening_hours":""}},{"type":"Feature","geometry":{"type":"Point","coordinates":[0.14855,51.54208]},"properties":{"name":"Lidl","brand":"Lidl","address":"Heathway 258-262","postcode":"RM10 8QS","opening_hours":""}},{"type":"Feature","geometry":{"type":"Point","coordinates":[-0.19611,51.54057]},"properties":{"name":"Aldi","brand":"Aldi","address":"Kilburn High Road 142-146","postcode":"NW6 4JD","opening_hours":"Mo-Sa 07:00-23:00; Su 11:00-17:00; PH 08:00-20:00"}},{"type":"Feature","geometry":{"type":"Point","coordinates":[-0.16059,51.49065]},"properties":{"name":"The Chelsea Grocer","brand":"","address":"Duke of York Square 2-5","postcode":"SW3 4LY","opening_hours":"08:00-22:00"}},{"type":"Feature","geometry":{"type":"Point","coordinates":[0.14848,51.55939]},"properties":{"name":"Morrisons","brand":"Morrisons","address":"Wood Lane 402","postcode":"RM10 7RA","opening_hours":""}},{"type":"Feature","geometry":{"type":"Point","coordinates":[0.1473,51.56132]},"properties":{"name":"Aguona Express","brand":"","address":"Cinema Parade, Whalebone Lane South 2-3","postcode":"RM8 1AA","opening_hours":""}},{"type":"Feature","geometry":{"type":"Point","coordinates":[-0.18194,51.54807]},"properties":{"name":"Sainsbury's","brand":"Sainsbury's","address":"Finchley Road 255","postcode":"NW3 6LU","opening_hours":"Mo-Fr 07:00-23:00; Sa 07:00-22:00; Su 11:00-17:00"}},{"type":"Feature","geometry":{"type":"Point","coordinates":[-0.20007,51.58377]},"properties":{"name":"Waitrose","brand":"Waitrose","address":"Temple Fortune Parade 32-39","postcode":"NW11 0QS","opening_hours":""}},{"type":"Feature","geometry":{"type":"Point","coordinates":[-0.16803,51.4271]},"properties":{"name":"Sainsbury's","brand":"Sainsbury's","address":"Tooting High Street 71-77","postcode":"SW17 0RN","opening_hours":"Mo-Sa 06:00-23:00; Su 11:00-17:00"}},{"type":"Feature","geometry":{"type":"Point","coordinates":[0.19191,51.56581]},"properties":{"name":"Tesco Extra","brand":"Tesco","address":"Hornchurch Road 300","postcode":"RM11 1PY","opening_hours":"Mo-Sa 08:00-22:00; Su 10:00-16:00"}},{"type":"Feature","geometry":{"type":"Point","coordinates":[0.1853,51.58019]},"properties":{"name":"Asda","brand":"Asda","address":"Mercury Gardens","postcode":"RM1 3EE","opening_hours":"Mo-Sa 07:00-22:00; Su 11:00-17:00"}},{"type":"Feature","geometry":{"type":"Point","coordinates":[-0.38989,51.67949]},"properties":{"name":"Asda","brand":"Asda","address":"St Albans Road","postcode":"WD24 7RT","opening_hours":"Mo 06:00-24:00; Tu-Fr 00:00-24:00; Sa 00:00-22:00; Su 10:00-16:00"}},{"type":"Feature","geometry":{"type":"Point","coordinates":[-0.38804,51.68135]},"properties":{"name":"Sainsbury's","brand":"Sainsbury's","address":"Cow Lane","postcode":"WD25 9JS","opening_hours":"Mo-Sa 07:00-23:00; Su 10:00-16:00; May 29 08:00-19:00"}},{"type":"Feature","geometry":{"type":"Point","coordinates":[0.10747,51.4643]},"properties":{"name":"Lidl","brand":"Lidl","address":"Upper Wickham Lane 46-60","postcode":"DA16 3HF","opening_hours":""}},{"type":"Feature","geometry":{"type":"Point","coordinates":[-0.11705,51.33692]},"properties":{"name":"Tesco Extra","brand":"Tesco","address":"Purley Road 8","postcode":"CR8 2HA","opening_hours":"Mo-Sa 06:00-24:00; Su 11:00-17:00"}},{"type":"Feature","geometry":{"type":"Point","coordinates":[-0.06295,51.34228]},"properties":{"name":"Sainsbury's","brand":"Sainsbury's","address":"Addington Road 130","postcode":"CR2 8LA","opening_hours":""}},{"type":"Feature","geometry":{"type":"Point","coordinates":[-0.19454,51.57075]},"properties":{"name":"Sainsbury's","brand":"Sainsbury's","address":"","postcode":"","opening_hours":""}},{"type":"Feature","geometry":{"type":"Point","coordinates":[-0.14081,51.54051]},"properties":{"name":"Sainsbury's","brand":"Sainsbury's","address":"Camden Road 17-21","postcode":"NW1 9LJ","opening_hours":"Mo-Fr 07:00-23:00; Sa 07:00-22:00; Su,PH 11:00-17:00; easter off; Dec 25 off"}},{"type":"Feature","geometry":{"type":"Point","coordinates":[0.09663,51.37395]},"properties":{"name":"Tesco Extra","brand":"Tesco","address":"Augustus Lane 9","postcode":"BR6 0NH","opening_hours":""}},{"type":"Feature","geometry":{"type":"Point","coordinates":[0.10706,51.38249]},"properties":{"name":"Co-op Food","brand":"Co-op","address":"Carlton Parade 13-15","postcode":"BR6 0JB","opening_hours":"Mo-Sa 06:00-23:00; Su 08:00-22:00"}},{"type":"Feature","geometry":{"type":"Point","coordinates":[0.10064,51.37582]},"properties":{"name":"Sainsbury's","brand":"Sainsbury's","address":"Homefield Rise 5-7","postcode":"BR6 0RT","opening_hours":"Mo-Sa 07:00-20:00; Su 11:00-17:00"}},{"type":"Feature","geometry":{"type":"Point","coordinates":[-0.12814,51.37805]},"properties":{"name":"Bestway Cash & Carry","brand":"","address":"","postcode":"","opening_hours":""}},{"type":"Feature","geometry":{"type":"Point","coordinates":[-0.1994,51.4802]},"properties":{"name":"Waitrose","brand":"Waitrose","address":"North End Road 402","postcode":"SW6 1LX","opening_hours":"Mo-Sa 08:00-21:00; Su 11:00-17:00"}},{"type":"Feature","geometry":{"type":"Point","coordinates":[-0.20331,51.6457]},"properties":{"name":"May Lane's Co-op","brand":"Co-op","address":"Mays Lane 187","postcode":"","opening_hours":"Mo-Su 07:00-23:00"}},{"type":"Feature","geometry":{"type":"Point","coordinates":[0.30264,51.62223]},"properties":{"name":"Sainsbury's","brand":"Sainsbury's","address":"William Hunter Way 51","postcode":"CM14 4WQ","opening_hours":"Mo-Sa 07:00-22:00; Su 10:00-16:00"}},{"type":"Feature","geometry":{"type":"Point","coordinates":[0.17894,51.44916]},"properties":{"name":"Sainsbury's","brand":"Sainsbury's","address":"Stadium Way","postcode":"DA1 4HW","opening_hours":""}},{"type":"Feature","geometry":{"type":"Point","coordinates":[-0.20217,51.48422]},"properties":{"name":"Lidl","brand":"Lidl","address":"North End Road 254 - 258","postcode":"SW6 1NJ","opening_hours":""}},{"type":"Feature","geometry":{"type":"Point","coordinates":[-0.05386,51.54075]},"properties":{"name":"Lidl","brand":"Lidl","address":"Well Street 27-37","postcode":"E9 7QX","opening_hours":"Mo-Sa,PH 08:00-22:00; Su 11:00-17:00"}},{"type":"Feature","geometry":{"type":"Point","coordinates":[-0.37757,51.42645]},"properties":{"name":"Sainsbury's","brand":"Sainsbury's","address":"Tangley Park Road 30","postcode":"TW12 3YH","opening_hours":"Mo-Sa 07:00-20:30; Su 10:00-16:00"}},{"type":"Feature","geometry":{"type":"Point","coordinates":[-0.30779,51.39145]},"properties":{"name":"Sainsbury's","brand":"Sainsbury's","address":"Victoria Road 50-58","postcode":"KT6 4NG","opening_hours":"Mo-Fr 07:00-22:00; Su 10:00-16:00"}},{"type":"Feature","geometry":{"type":"Point","coordinates":[-0.05548,51.43996]},"properties":{"name":"Sainsbury's","brand":"Sainsbury's","address":"London Road 34-48","postcode":"SE23 3HF","opening_hours":"Mo-Sa 07:00-22:00; Su 12:00-18:00"}},{"type":"Feature","geometry":{"type":"Point","coordinates":[-0.28651,51.46659]},"properties":{"name":"Sainsbury's","brand":"Sainsbury's","address":"Lower Richmond Road 361","postcode":"TW9 4NZ","opening_hours":"Mo-Sa 07:00-22:00; Su 10:00-16:00"}},{"type":"Feature","geometry":{"type":"Point","coordinates":[-0.20451,51.41952]},"properties":{"name":"Morrisons","brand":"Morrisons","address":"The Broadway 51","postcode":"SW19 1QD","opening_hours":"Mo-Sa 07:00-23:00; Su 11:00-17:00"}},{"type":"Feature","geometry":{"type":"Point","coordinates":[-0.01656,51.59025]},"properties":{"name":"Tesco Express","brand":"Tesco","address":"Forest Road 617b","postcode":"E17 4NE","opening_hours":"Mo-Fr 07:00-23:00"}},{"type":"Feature","geometry":{"type":"Point","coordinates":[0.21856,51.59368]},"properties":{"name":"Tesco Extra","brand":"Tesco","address":"Bryant Avenue","postcode":"RM3 0LL","opening_hours":""}},{"type":"Feature","geometry":{"type":"Point","coordinates":[-0.26512,51.49341]},"properties":{"name":"Sainsbury's","brand":"Sainsbury's","address":"Essex Place 31","postcode":"W4 5UT","opening_hours":""}},{"type":"Feature","geometry":{"type":"Point","coordinates":[-0.01092,51.47921]},"properties":{"name":"Aldi","brand":"Aldi","address":"Greenwich High Road 245 - 247","postcode":"SE10 8NB","opening_hours":"Mo-Sa 07:00-23:00; Su 11:00-17:00; PH 08:00-20:00"}},{"type":"Feature","geometry":{"type":"Point","coordinates":[-0.48734,51.37227]},"properties":{"name":"Tesco Extra","brand":"Tesco","address":"Station Road 117","postcode":"KT15 2AS","opening_hours":"Mo-Sa 00:00-24:00; Su 11:00-17:00"}},{"type":"Feature","geometry":{"type":"Point","coordinates":[-0.51961,51.43245]},"properties":{"name":"Sainsbury's","brand":"Sainsbury's","address":"The Causeway","postcode":"TW18 3AP","opening_hours":"Su 10:00-16:00; Mo-Fr 07:00-22:00; Sa 07:00-21:00"}},{"type":"Feature","geometry":{"type":"Point","coordinates":[-0.42477,51.41707]},"properties":{"name":"Tesco Extra","brand":"Tesco","address":"Escot Road","postcode":"","opening_hours":"Mo-Sa 00:00-24:00; Su 10:00-16:00"}},{"type":"Feature","geometry":{"type":"Point","coordinates":[-0.07758,51.52893]},"properties":{"name":"The Grocery","brand":"","address":"Kingsland Road 52-56","postcode":"E2 8DP","opening_hours":"Mo-Sa 07:30-22:30; Su 09:00-22:30"}},{"type":"Feature","geometry":{"type":"Point","coordinates":[-0.07772,51.52967]},"properties":{"name":"Longdan","brand":"Longdan","address":"Kingsland Road 57-59","postcode":"E2 8AG","opening_hours":"Mo-Su 10:30-20:30"}},{"type":"Feature","geometry":{"type":"Point","coordinates":[-0.12368,51.41434]},"properties":{"name":"Lidl","brand":"Lidl","address":"Hermitage Lane 1","postcode":"SW16 3LH","opening_hours":""}},{"type":"Feature","geometry":{"type":"Point","coordinates":[-0.33606,51.31216]},"properties":{"name":"Tesco","brand":"Tesco","address":"Oxshott Road","postcode":"KT22 0EF","opening_hours":""}},{"type":"Feature","geometry":{"type":"Point","coordinates":[-0.20905,51.60724]},"properties":{"name":"Waitrose","brand":"Waitrose","address":"","postcode":"","opening_hours":"Mo-Fr 07:00-21:00; Sa 07:00-20:00; Su 11:00-17:00"}},{"type":"Feature","geometry":{"type":"Point","coordinates":[-0.13268,51.55225]},"properties":{"name":"Nisa","brand":"","address":"Brecknock Road 101","postcode":"","opening_hours":"Mo-Sa 08:00-23:00; Su 10:00-22:30"}},{"type":"Feature","geometry":{"type":"Point","coordinates":[-0.10576,51.38068]},"properties":{"name":"Lidl","brand":"Lidl","address":"London Road 99-101","postcode":"CR0 2RF","opening_hours":""}},{"type":"Feature","geometry":{"type":"Point","coordinates":[-0.09198,51.47288]},"properties":{"name":"Morrisons","brand":"Morrisons","address":"Butterfly Walk","postcode":"SE5 8RW","opening_hours":"Mo-Sa 07:00-22:00;Su 10:00-16:00"}},{"type":"Feature","geometry":{"type":"Point","coordinates":[0.1649,51.28853]},"properties":{"name":"Tesco","brand":"Tesco","address":"Aisher Way","postcode":"TN13 2QS","opening_hours":"Mo-Sa 06:00-24:00; Su 10:00-16:00"}},{"type":"Feature","geometry":{"type":"Point","coordinates":[-0.15958,51.61221]},"properties":{"name":"Co-op Food","brand":"Co-op","address":"Woodhouse Road 308","postcode":"N12 0LH","opening_hours":"Mo-Su 07:00-23:00"}},{"type":"Feature","geometry":{"type":"Point","coordinates":[0.0756,51.51761]},"properties":{"name":"Tesco Extra","brand":"Tesco","address":"Armada Way 1","postcode":"E6 7ER","opening_hours":"Mo-Sa 06:00-24:00; Su 11:00-17:00"}},{"type":"Feature","geometry":{"type":"Point","coordinates":[0.05588,51.64909]},"properties":{"name":"Morrisons","brand":"Morrisons","address":"High Road 246-250","postcode":"IG10 1HW","opening_hours":""}},{"type":"Feature","geometry":{"type":"Point","coordinates":[-0.05902,51.40846]},"properties":{"name":"Aldi","brand":"Aldi","address":"Croydon Road 97","postcode":"SE20 7SX","opening_hours":"Mo-Sa 08:00-22:00; Su 10:00-16:00"}},{"type":"Feature","geometry":{"type":"Point","coordinates":[-0.01261,51.4664]},"properties":{"name":"Tesco","brand":"Tesco","address":"Lewisham Road 209","postcode":"SE13 7PA","opening_hours":"Mo-Sa 06:00-00:00; Su 11:00-17:00"}},{"type":"Feature","geometry":{"type":"Point","coordinates":[-0.1639,51.64478]},"properties":{"name":"Aldi","brand":"Aldi","address":"Brookhill Road 30","postcode":"EN4 8SL","opening_hours":""}},{"type":"Feature","geometry":{"type":"Point","coordinates":[-0.06904,51.59361]},"properties":{"name":"Asda","brand":"Asda","address":"High Road 490","postcode":"N17 9JF","opening_hours":"Mo-Sa 07:00-23:00; Su 11:00-17:00"}},{"type":"Feature","geometry":{"type":"Point","coordinates":[0.0459,51.47264]},"properties":{"name":"Co-op Food","brand":"Co-op","address":"Shooters Hill Road 386","postcode":"SE18 4LP","opening_hours":"Mo-Su 07:00-22:00"}},{"type":"Feature","geometry":{"type":"Point","coordinates":[0.05743,51.44998]},"properties":{"name":"Sainsbury's","brand":"Sainsbury's","address":"Philpot Path 1A","postcode":"SE9 5DL","opening_hours":"Mo-Sa 07:00-22:00; Su 10:00-16:00"}},{"type":"Feature","geometry":{"type":"Point","coordinates":[0.05585,51.4511]},"properties":{"name":"Lidl","brand":"Lidl","address":"Eltham High Street 137","postcode":"SE9 1TQ","opening_hours":"Mo-Sa 08:00-22:00; Su 11:00-17:00; PH 08:00-22:00"}},{"type":"Feature","geometry":{"type":"Point","coordinates":[0.06648,51.41883]},"properties":{"name":"Sainsbury's","brand":"Sainsbury's","address":"High Street 73","postcode":"BR7 5AG","opening_hours":""}},{"type":"Feature","geometry":{"type":"Point","coordinates":[-0.11936,51.3623]},"properties":{"name":"Wing Yip","brand":"","address":"Purley Way 544","postcode":"CR0 4RE","opening_hours":""}},{"type":"Feature","geometry":{"type":"Point","coordinates":[-0.12027,51.36478]},"properties":{"name":"Morrisons","brand":"Morrisons","address":"Purley Way 500","postcode":"CR0 4NZ","opening_hours":"Mo-Sa 06:00-23:00; Su 10:00-16:00"}},{"type":"Feature","geometry":{"type":"Point","coordinates":[-0.14812,51.45201]},"properties":{"name":"M&S Simply Food","brand":"M&S","address":"Balham Hill Road 2a","postcode":"SW12 9EA","opening_hours":"Mo-Sa 08:00-21:00; Su 11:00-17:00"}},{"type":"Feature","geometry":{"type":"Point","coordinates":[0.19102,51.52015]},"properties":{"name":"Tesco Extra","brand":"Tesco","address":"Bridge Road","postcode":"RM13 9YZ","opening_hours":"Mo-Sa 06:00-24:00; Su 10:00-17:00"}},{"type":"Feature","geometry":{"type":"Point","coordinates":[0.10809,51.69725]},"properties":{"name":"Tesco","brand":"Tesco","address":"High Street 77-79","postcode":"CM16 4BA","opening_hours":""}},{"type":"Feature","geometry":{"type":"Point","coordinates":[-0.04233,51.47729]},"properties":{"name":"Sainsbury's","brand":"Sainsbury's","address":"New Cross Road 263d","postcode":"SE14 5UQ","opening_hours":"Mo-Sa 08:00-22:00; Su 11:00-17:00"}},{"type":"Feature","geometry":{"type":"Point","coordinates":[-0.03789,51.46481]},"properties":{"name":"Spar","brand":"Spar","address":"Mantle Road 4","postcode":"SE4 2EX","opening_hours":"Mo-Sa 06:30-22:00, Su 06:30-21:00"}},{"type":"Feature","geometry":{"type":"Point","coordinates":[-0.33369,51.58622]},"properties":{"name":"Tesco","brand":"Tesco","address":"Station Road","postcode":"HA1 2TU","opening_hours":"Mo-Sa 06:00-23:00; Su 11:00-17:00"}},{"type":"Feature","geometry":{"type":"Point","coordinates":[-0.42152,51.33632]},"properties":{"name":"Sainsbury's","brand":"Sainsbury's","address":"Bridge Way","postcode":"KT11 1HW","opening_hours":"Mo-Fr 07:00-22:00; Sa 07:00-21:00; Su 10:00-16:00"}},{"type":"Feature","geometry":{"type":"Point","coordinates":[-0.41238,51.32986]},"properties":{"name":"Waitrose","brand":"Waitrose","address":"Between Streets 16","postcode":"KT11 1AF","opening_hours":"Mo-Fr 08:00-21:00; Sa 08:00-20:00; Su 11:00-17:00"}},{"type":"Feature","geometry":{"type":"Point","coordinates":[-0.17289,51.6122]},"properties":{"name":"Greens International Food Centre","brand":"","address":"","postcode":"","opening_hours":""}},{"type":"Feature","geometry":{"type":"Point","coordinates":[-0.27227,51.4041]},"properties":{"name":"Aldi","brand":"Aldi","address":"Kingston Road 205-217","postcode":"KT3 3SY","opening_hours":"Mo-Sa 08:00-22:00; Su 10:00-16:00; PH 08:00-20:00"}},{"type":"Feature","geometry":{"type":"Point","coordinates":[-0.05909,51.34491]},"properties":{"name":"Aldi","brand":"Aldi","address":"Addington Road 232-236","postcode":"CR2 8LE","opening_hours":""}},{"type":"Feature","geometry":{"type":"Point","coordinates":[-0.07649,51.39768]},"properties":{"name":"Aldi","brand":"Aldi","address":"Station Road 18-20","postcode":"SE25 5AJ","opening_hours":"Mo-Sa 08:00-22:00; Su 11:00-17:00"}},{"type":"Feature","geometry":{"type":"Point","coordinates":[0.05304,51.64464]},"properties":{"name":"M&S Foodhall","brand":"M&S","address":"","postcode":"","opening_hours":"Mo-Sa 08:00-20:00; Su 10:00-16:00"}},{"type":"Feature","geometry":{"type":"Point","coordinates":[-0.1107,51.59632]},"properties":{"name":"Morrisons","brand":"Morrisons","address":"Parkland Road","postcode":"N22 6SU","opening_hours":"Mo-Sa 07:00-23:00; Su 11:00-17:00"}},{"type":"Feature","geometry":{"type":"Point","coordinates":[-0.10503,51.59256]},"properties":{"name":"Sainsbury's","brand":"Sainsbury's","address":"High Road 54-58","postcode":"N22 6BX","opening_hours":""}},{"type":"Feature","geometry":{"type":"Point","coordinates":[-0.10309,51.5909]},"properties":{"name":"Latin Stop Mini Market","brand":"","address":"","postcode":"","opening_hours":""}},{"type":"Feature","geometry":{"type":"Point","coordinates":[-0.37649,51.50902]},"properties":{"name":"Quality Foods","brand":"","address":"South Road 47 - 61","postcode":"UB1 1SQ","opening_hours":""}},{"type":"Feature","geometry":{"type":"Point","coordinates":[-0.10223,51.37335]},"properties":{"name":"Mr Meat","brand":"","address":"Church Street 31-33","postcode":"CR0 1RH","opening_hours":""}},{"type":"Feature","geometry":{"type":"Point","coordinates":[-0.02707,51.58267]},"properties":{"name":"Sainsbury's","brand":"Sainsbury's","address":"High Street 112","postcode":"E17 7JY","opening_hours":"Mo-We 08:00-20:00; Th-Fr 08:00-21:00; Sa 07:30-21:00; Su 11:00-17:00"}},{"type":"Feature","geometry":{"type":"Point","coordinates":[-0.47458,51.34482]},"properties":{"name":"Tesco Extra","brand":"Tesco","address":"Barnes Wallis Drive 3","postcode":"KT13 0XF","opening_hours":"Mo-Sa 06:00-00:00; Su 10:00-16:00"}},{"type":"Feature","geometry":{"type":"Point","coordinates":[-0.47401,51.34537]},"properties":{"name":"Lidl","brand":"Lidl","address":"Sopwith Drive","postcode":"KT13 0XR","opening_hours":""}},{"type":"Feature","geometry":{"type":"Point","coordinates":[-0.03362,51.58181]},"properties":{"name":"Gazi International Supermarket","brand":"","address":"High Street 7-17","postcode":"E17 7AD","opening_hours":""}},{"type":"Feature","geometry":{"type":"Point","coordinates":[-0.03203,51.58229]},"properties":{"name":"Lidl","brand":"Lidl","address":"High Street 43-49","postcode":"E17 7AD","opening_hours":""}},{"type":"Feature","geometry":{"type":"Point","coordinates":[-0.10006,51.36966]},"properties":{"name":"Terra House","brand":"","address":"High Street 206","postcode":"CR0 1NE","opening_hours":""}},{"type":"Feature","geometry":{"type":"Point","coordinates":[-0.21966,51.58663]},"properties":{"name":"HFC Hyper Food Centre","brand":"","address":"Bell Lane 3","postcode":"NW4 2BP","opening_hours":""}},{"type":"Feature","geometry":{"type":"Point","coordinates":[-0.16578,51.51757]},"properties":{"name":"Waitrose","brand":"Waitrose","address":"Edgware Road 168-176","postcode":"W2 2DS","opening_hours":"Mo-Sa 08:00-22:00; Su 12:00-18:00"}},{"type":"Feature","geometry":{"type":"Point","coordinates":[-0.07479,51.33193]},"properties":{"name":"Waitrose","brand":"Waitrose","address":"Limpsfield Road 87","postcode":"CR2 9LE","opening_hours":"Mo-Fr 08:00-21:00; Sa 08:00-20:00; Su 10:00-16:00"}},{"type":"Feature","geometry":{"type":"Point","coordinates":[0.10298,51.4249]},"properties":{"name":"Morrisons","brand":"Morrisons","address":"Jenner Close 1","postcode":"DA14 6BF","opening_hours":""}},{"type":"Feature","geometry":{"type":"Point","coordinates":[-0.261,51.49264]},"properties":{"name":"Naturelia","brand":"","address":"","postcode":"","opening_hours":""}},{"type":"Feature","geometry":{"type":"Point","coordinates":[-0.26308,51.49277]},"properties":{"name":"Waitrose","brand":"Waitrose","address":"Chiswick High Road 356-362","postcode":"W4 5TA","opening_hours":"Mo-Fr 08:00-22:00; Sa 08:00-21:00; Su 11:00-17:00"}},{"type":"Feature","geometry":{"type":"Point","coordinates":[-0.19244,51.4914]},"properties":{"name":"M&S Simply Food","brand":"M&S","address":"Earl's Court Road 226-268","postcode":"SW5 9AS","opening_hours":"Mo-Fr 07:00-22:00; Sa 08:00-22:00; Su 12:00-18:00"}},{"type":"Feature","geometry":{"type":"Point","coordinates":[-0.00455,51.58875]},"properties":{"name":"Food Hall Wood Street","brand":"","address":"Wood Street 90-92","postcode":"E17 3HX","opening_hours":""}},{"type":"Feature","geometry":{"type":"Point","coordinates":[-0.25767,51.49228]},"properties":{"name":"Planet Organic","brand":"Planet Organic","address":"Chiswick High Road 201","postcode":"","opening_hours":"Mo-Sa 08:00-21:00; Su 09:00-19:00"}},{"type":"Feature","geometry":{"type":"Point","coordinates":[0.21819,51.56315]},"properties":{"name":"Sainsbury's","brand":"Sainsbury's","address":"High Street 101-105","postcode":"RM11 1TX","opening_hours":""}},{"type":"Feature","geometry":{"type":"Point","coordinates":[0.21537,51.56348]},"properties":{"name":"Lidl","brand":"Lidl","address":"High Street 31","postcode":"RM11 1TP","opening_hours":""}},{"type":"Feature","geometry":{"type":"Point","coordinates":[0.18308,51.57374]},"properties":{"name":"Lidl","brand":"Lidl","address":"Atlanta Boulevard","postcode":"RM1 1TB","opening_hours":""}},{"type":"Feature","geometry":{"type":"Point","coordinates":[-0.25505,51.49346]},"properties":{"name":"The Source Bulk Foods","brand":"The Source Bulk Foods","address":"Turnham Green Terrace 24","postcode":"","opening_hours":""}},{"type":"Feature","geometry":{"type":"Point","coordinates":[-0.11534,51.4634]},"properties":{"name":"M&S Food","brand":"M&S","address":"Brixton Road 446-450","postcode":"SW9 8ED","opening_hours":"Mo-Sa 07:00-22:00; Su 11:00-17:00"}},{"type":"Feature","geometry":{"type":"Point","coordinates":[-0.34285,51.5804]},"properties":{"name":"Morrisons","brand":"Morrisons","address":"Pinner Road 19","postcode":"HA1 4FR","opening_hours":"Mo-Sa 08:00-22:00; Su 11:00-17:00"}},{"type":"Feature","geometry":{"type":"Point","coordinates":[-0.00976,51.52656]},"properties":{"name":"Tesco","brand":"Tesco","address":"Hancock Road","postcode":"E3 3DA","opening_hours":"Mo-Sa 06:00-00:00, Su 12:00-18:00"}},{"type":"Feature","geometry":{"type":"Point","coordinates":[-0.02221,51.44625]},"properties":{"name":"Tesco","brand":"Tesco","address":"Winslade Way 14-21","postcode":"SE6 4JU","opening_hours":"Mo-Sa 07:00-19:00; Su 10:00-16:00"}},{"type":"Feature","geometry":{"type":"Point","coordinates":[-0.01771,51.44864]},"properties":{"name":"Aldi","brand":"Aldi","address":"Rushey Green 42-52","postcode":"SE6 4JD","opening_hours":"Mo-Sa 08:00-20:00; Su 10:30-17:00"}},{"type":"Feature","geometry":{"type":"Point","coordinates":[-0.01901,51.44447]},"properties":{"name":"Lidl","brand":"Lidl","address":"Plassy Road","postcode":"SE6 2DD","opening_hours":"Mo-Sa 08:00-22:00; Su 11:00-17:00"}},{"type":"Feature","geometry":{"type":"Point","coordinates":[-0.28617,51.53673]},"properties":{"name":"Hoo Hing","brand":"","address":"","postcode":"NW10 7SX","opening_hours":""}},{"type":"Feature","geometry":{"type":"Point","coordinates":[-0.037,51.58729]},"properties":{"name":"Tesco Express","brand":"Tesco","address":"Forest Road 82-84","postcode":"E17 6JR","opening_hours":"Mo-Su 7:00-23:00"}},{"type":"Feature","geometry":{"type":"Point","coordinates":[-0.13858,51.46204]},"properties":{"name":"Iceland","brand":"Iceland","address":"The Pavement 4","postcode":"SW4 0HY","opening_hours":""}},{"type":"Feature","geometry":{"type":"Point","coordinates":[-0.1178,51.37581]},"properties":{"name":"Sainsbury's","brand":"Sainsbury's","address":"Trafalgar Way 2","postcode":"CR0 4XT","opening_hours":""}},{"type":"Feature","geometry":{"type":"Point","coordinates":[-0.04592,51.49452]},"properties":{"name":"Tesco Extra","brand":"Tesco","address":"Redriff Road 1","postcode":"SE16 7LL","opening_hours":"Mo-Fr 06:00-01:00, Sa 06:00-24:00, Su 10:30-17:00, PH 08:00-20:00"}},{"type":"Feature","geometry":{"type":"Point","coordinates":[-0.30198,51.53709]},"properties":{"name":"Loon Fung","brand":"","address":"Glacier Way 1","postcode":"HA0 1HQ","opening_hours":"Mo-Sa 09:00-19:00; Su 11:00-17:00"}},{"type":"Feature","geometry":{"type":"Point","coordinates":[-0.33673,51.55608]},"properties":{"name":"Iceland","brand":"Iceland","address":"Greenford Road 1267-1269","postcode":"UB6 0HY","opening_hours":""}},{"type":"Feature","geometry":{"type":"Point","coordinates":[0.02107,51.42112]},"properties":{"name":"Lidl","brand":"Lidl","address":"Burnt Ash Lane 129","postcode":"BR1 5AJ","opening_hours":""}},{"type":"Feature","geometry":{"type":"Point","coordinates":[0.066,51.49266]},"properties":{"name":"Lidl","brand":"Lidl","address":"Macbean Street 38","postcode":"SE18 6LW","opening_hours":"Mo-Sa 08:00-22:00; Su 10:00-16:00"}},{"type":"Feature","geometry":{"type":"Point","coordinates":[-0.09677,51.38781]},"properties":{"name":"Lidl","brand":"Lidl","address":"Whitehorse Road 119-123","postcode":"CR0 2LG","opening_hours":"Mo-Sa 08:00-22:00, Su 11:00-17:00"}},{"type":"Feature","geometry":{"type":"Point","coordinates":[-0.06997,51.48468]},"properties":{"name":"Asda","brand":"Asda","address":"Old Kent Road 464-504","postcode":"SE1 5EG","opening_hours":"Mo-Fr 06:00-24:00; Sa 06:00-22:00; Su 11:00-17:00"}},{"type":"Feature","geometry":{"type":"Point","coordinates":[-0.06522,51.61425]},"properties":{"name":"Lidl","brand":"Lidl","address":"Sterling Way 6-16","postcode":"N18 2XZ","opening_hours":""}},{"type":"Feature","geometry":{"type":"Point","coordinates":[0.0101,51.45609]},"properties":{"name":"Sainsbury's","brand":"Sainsbury's","address":"Burnt Ash Road 14","postcode":"SE12 8PZ","opening_hours":"Mo-Sa 07:00-23:00, Su 11:00-17:00"}},{"type":"Feature","geometry":{"type":"Point","coordinates":[-0.00647,51.45115]},"properties":{"name":"Co-op Food","brand":"Co-op","address":"Hither Green Lane 200-206","postcode":"SE13 6RT","opening_hours":"07:00-23:00"}},{"type":"Feature","geometry":{"type":"Point","coordinates":[-0.00746,51.44528]},"properties":{"name":"Morrisons Daily","brand":"Morrisons","address":"Brownhill Road","postcode":"SE6 1AA","opening_hours":""}},{"type":"Feature","geometry":{"type":"Point","coordinates":[-0.31103,51.61707]},"properties":{"name":"Sainsbury's","brand":"Sainsbury's","address":"The Broadway 1","postcode":"HA7 4DA","opening_hours":"Mo-Sa 08:00-22:00; Su 10:00-16:00"}},{"type":"Feature","geometry":{"type":"Point","coordinates":[-0.33957,51.60535]},"properties":{"name":"Waitrose","brand":"Waitrose","address":"High Road 350","postcode":"HA3 6HF","opening_hours":"Mo-Sa 08:00-21:00; Su 11:00-17:00; PH 08:00-18:00"}},{"type":"Feature","geometry":{"type":"Point","coordinates":[-0.30856,51.61829]},"properties":{"name":"Lidl","brand":"Lidl","address":"The Broadway 80-82","postcode":"HA7 4DU","opening_hours":"Mo-Sa 08:00-21:00; Su 11:00-17:00"}},{"type":"Feature","geometry":{"type":"Point","coordinates":[-0.09968,51.58098]},"properties":{"name":"Yasar Halim","brand":"","address":"Green Lanes 495","postcode":"N4 1AL","opening_hours":""}},{"type":"Feature","geometry":{"type":"Point","coordinates":[-0.36086,51.55776]},"properties":{"name":"Asda","brand":"Asda","address":"Northolt Road 469-491","postcode":"HA2 8JN","opening_hours":""}},{"type":"Feature","geometry":{"type":"Point","coordinates":[-0.14243,51.59177]},"properties":{"name":"Waitrose","brand":"Waitrose","address":"Muswell Hill Broadway 390-392","postcode":"N10 1DJ","opening_hours":"Mo-Su 07:00-22:00"}},{"type":"Feature","geometry":{"type":"Point","coordinates":[-0.14261,51.59211]},"properties":{"name":"Aldi","brand":"Aldi","address":"Muswell Hill Broadway 412","postcode":"N10 1DJ","opening_hours":"Mo-Sa 08:00-22:00; Su 11:00-17:00; PH 08:00-20:00"}},{"type":"Feature","geometry":{"type":"Point","coordinates":[-0.30328,51.53869]},"properties":{"name":"Sainsbury's","brand":"Sainsbury's","address":"","postcode":"","opening_hours":"Mo-Sa 07:00-23:00; Su 10:30-16:30"}},{"type":"Feature","geometry":{"type":"Point","coordinates":[-0.09591,51.4875]},"properties":{"name":"Morrisons","brand":"Morrisons","address":"Walworth Road 264-276","postcode":"SE17 2TE","opening_hours":"Mo-Sa 07:00-22:00; Su 10:00-16:00"}},{"type":"Feature","geometry":{"type":"Point","coordinates":[-0.10276,51.47827]},"properties":{"name":"Co-op Food","brand":"Co-op","address":"Camberwell New Road 177-183","postcode":"SE5 0TJ","opening_hours":"Mo-Su 07:00-23:00"}},{"type":"Feature","geometry":{"type":"Point","coordinates":[-0.19896,51.45031]},"properties":{"name":"Londis","brand":"Londis","address":"Merton Road 179-181","postcode":"SW18 5EF","opening_hours":""}},{"type":"Feature","geometry":{"type":"Point","coordinates":[-0.10825,51.38347]},"properties":{"name":"Haran Bros","brand":"","address":"London Road 245","postcode":"CR0 2RL","opening_hours":""}},{"type":"Feature","geometry":{"type":"Point","coordinates":[-0.10859,51.38374]},"properties":{"name":"Best Foods Supermarket","brand":"","address":"London Road 259-261","postcode":"CR0 2RL","opening_hours":""}},{"type":"Feature","geometry":{"type":"Point","coordinates":[-0.00248,51.60811]},"properties":{"name":"Tesco","brand":"Tesco","address":"","postcode":"","opening_hours":""}},{"type":"Feature","geometry":{"type":"Point","coordinates":[-0.05548,51.54758]},"properties":{"name":"M&S Food","brand":"M&S","address":"Mare Street 351","postcode":"E8 1JB","opening_hours":"Mo-Sa 08:00-21:00; Su 11:00-17:00"}},{"type":"Feature","geometry":{"type":"Point","coordinates":[-0.06322,51.55866]},"properties":{"name":"Kenninghall Food & Wine","brand":"","address":"Kenninghall Road 1","postcode":"E5 8BS","opening_hours":"Mo-Sa 08:00-21:00; Su 09:00-21:00"}},{"type":"Feature","geometry":{"type":"Point","coordinates":[-0.26119,51.5941]},"properties":{"name":"Asda","brand":"Asda","address":"Capitol Way","postcode":"NW9 0AS","opening_hours":"Mo 06:00-24:00; Tu-Fr 00:00-24:00; Sa 00:00-22:00; Su 11:00-17:00"}},{"type":"Feature","geometry":{"type":"Point","coordinates":[-0.2758,51.61173]},"properties":{"name":"Sainsbury's","brand":"Sainsbury's","address":"Station Road","postcode":"HA8 7BQ","opening_hours":"Mo-Sa 07:00-22:00; Su 11:00-17:00; 2017 May 29 08:00-19:00"}},{"type":"Feature","geometry":{"type":"Point","coordinates":[-0.27884,51.60966]},"properties":{"name":"Lidl","brand":"Lidl","address":"High Street 51-55","postcode":"HA8 7DD","opening_hours":"Mo-Sa 07:00-23:00; Su 11:00-17:00"}},{"type":"Feature","geometry":{"type":"Point","coordinates":[-0.27991,51.58524]},"properties":{"name":"Aldi","brand":"Aldi","address":"Kingsbury Road 634-640","postcode":"NW9 9HN","opening_hours":"Mo-Su 08:00-22:00"}},{"type":"Feature","geometry":{"type":"Point","coordinates":[-0.50474,51.51978]},"properties":{"name":"Co-op Food","brand":"Co-op","address":"High Street 9","postcode":"SL0 9ND","opening_hours":""}},{"type":"Feature","geometry":{"type":"Point","coordinates":[-0.09247,51.65341]},"properties":{"name":"Waitrose","brand":"Waitrose","address":"Windmill Hill 38-40","postcode":"EN2 7AS","opening_hours":"Mo-Sa 07:00-21:00; Su 11:00-17:00"}},{"type":"Feature","geometry":{"type":"Point","coordinates":[-0.29673,51.54465]},"properties":{"name":"V.B. & Sons","brand":"","address":"","postcode":"","opening_hours":""}},{"type":"Feature","geometry":{"type":"Point","coordinates":[-0.07522,51.54766]},"properties":{"name":"Aldi","brand":"Aldi","address":"","postcode":"","opening_hours":"Mo-Sa 07:00-23:00; Su 11:00-17:00; PH 07:00-20:00"}},{"type":"Feature","geometry":{"type":"Point","coordinates":[-0.11074,51.38605]},"properties":{"name":"Grace Afro-Caribbean Supermarket","brand":"","address":"London Road 383","postcode":"CR0 3PB","opening_hours":""}},{"type":"Feature","geometry":{"type":"Point","coordinates":[-0.10987,51.38506]},"properties":{"name":"Family Choice","brand":"","address":"London Road 333","postcode":"CR0 3PA","opening_hours":""}},{"type":"Feature","geometry":{"type":"Point","coordinates":[0.06361,51.4911]},"properties":{"name":"Sainsbury's","brand":"Sainsbury's","address":"Calderwood Street 25","postcode":"SE18 6QW","opening_hours":"Mo-Sa 07:00-21:00; Su 11:00-17:00"}},{"type":"Feature","geometry":{"type":"Point","coordinates":[0.0808,51.48045]},"properties":{"name":"Co-op Food","brand":"Co-op","address":"Plumstead Common Road 196-212","postcode":"SE18 2RS","opening_hours":"Mo-Sa 07:00-23:00; Su 11:00-17:00"}},{"type":"Feature","geometry":{"type":"Point","coordinates":[0.10997,51.46162]},"properties":{"name":"Tesco","brand":"Tesco","address":"Embassy Court","postcode":"DA16 1TH","opening_hours":"Mo-Sa 08:00-22:00; Su 11:00-17:00"}},{"type":"Feature","geometry":{"type":"Point","coordinates":[0.11019,51.46261]},"properties":{"name":"Morrisons","brand":"Morrisons","address":"Welling High Street 71-79","postcode":"DA16 1QL","opening_hours":""}},{"type":"Feature","geometry":{"type":"Point","coordinates":[0.04509,51.62547]},"properties":{"name":"Waitrose","brand":"Waitrose","address":"","postcode":"IG9 5EP","opening_hours":""}},{"type":"Feature","geometry":{"type":"Point","coordinates":[-0.04716,51.64614]},"properties":{"name":"Enfield Food Hall","brand":"","address":"High Street 234","postcode":"EN3 4EZ","opening_hours":""}},{"type":"Feature","geometry":{"type":"Point","coordinates":[-0.04667,51.64461]},"properties":{"name":"Ponders End Food Centre","brand":"","address":"High Street 182","postcode":"EN3 4EU","opening_hours":""}},{"type":"Feature","geometry":{"type":"Point","coordinates":[-0.198,51.5422]},"properties":{"name":"The Valley","brand":"","address":"Kilburn High Road 230","postcode":"","opening_hours":""}},{"type":"Feature","geometry":{"type":"Point","coordinates":[0.00506,51.5431]},"properties":{"name":"Morrisons","brand":"Morrisons","address":"The Grove 112-118","postcode":"E15 1EN","opening_hours":"Mo-Sa 07:00-22:00; Su 11:00-17:00"}},{"type":"Feature","geometry":{"type":"Point","coordinates":[-0.33568,51.59484]},"properties":{"name":"Asda","brand":"Asda","address":"High Street","postcode":"HA3 5DE","opening_hours":"Mo-Sa 07:00-23:00; Su 11:00-17:00"}},{"type":"Feature","geometry":{"type":"Point","coordinates":[-0.33486,51.59345]},"properties":{"name":"Tariq Supermarket","brand":"","address":"","postcode":"","opening_hours":"Mo-Su 07:00-22:00"}},{"type":"Feature","geometry":{"type":"Point","coordinates":[-0.33456,51.59512]},"properties":{"name":"Spice of Asia","brand":"","address":"High Street 74","postcode":"HA3 7AF","opening_hours":""}},{"type":"Feature","geometry":{"type":"Point","coordinates":[-0.31563,51.58248]},"properties":{"name":"Mleczko","brand":"","address":"Kenton Road 177-179","postcode":"HA3 0EY","opening_hours":""}},{"type":"Feature","geometry":{"type":"Point","coordinates":[0.31676,51.47688]},"properties":{"name":"Aldi","brand":"Aldi","address":"London Road 99-101","postcode":"RM17 5YB","opening_hours":"Mo-Sa 08:00-22:00; Su 10:00-16:00; PH 08:00-20:00"}},{"type":"Feature","geometry":{"type":"Point","coordinates":[-0.03276,51.68301]},"properties":{"name":"Lidl","brand":"Lidl","address":"High Street","postcode":"EN8 7AA","opening_hours":""}},{"type":"Feature","geometry":{"type":"Point","coordinates":[-0.29632,51.55292]},"properties":{"name":"Polmar","brand":"","address":"High Road","postcode":"HA9 7BS","opening_hours":""}},{"type":"Feature","geometry":{"type":"Point","coordinates":[-0.33681,51.55592]},"properties":{"name":"Mieszko Food City","brand":"","address":"Greenford Road 1261/1265","postcode":"UB6 0HY","opening_hours":""}},{"type":"Feature","geometry":{"type":"Point","coordinates":[-0.15684,51.499]},"properties":{"name":"Waitrose","brand":"Waitrose","address":"Motcomb Street 27","postcode":"SW1X 8GG","opening_hours":"Mo-Sa 07:30-21:00; Su 11:00-17:00"}},{"type":"Feature","geometry":{"type":"Point","coordinates":[-0.47729,51.51563]},"properties":{"name":"Tesco","brand":"Tesco","address":"Chantry Close","postcode":"UB7 7FP","opening_hours":"Mo-Sa 07:00-23:00; Su 11:00-17:00"}},{"type":"Feature","geometry":{"type":"Point","coordinates":[-0.07812,51.28242]},"properties":{"name":"Waitrose","brand":"Waitrose","address":"Station Avenue 2-10","postcode":"CR3 6LB","opening_hours":"Mo 08:00-18:00; Tu-Fr 07:30-21:00; Sa 07:30-20:00; Su 10:00-16:00"}},{"type":"Feature","geometry":{"type":"Point","coordinates":[-0.10836,51.38349]},"properties":{"name":"Phoomi Supermarket","brand":"","address":"London Road 247","postcode":"CR0 2RL","opening_hours":""}},{"type":"Feature","geometry":{"type":"Point","coordinates":[0.11189,51.56642]},"properties":{"name":"Tesco Extra","brand":"Tesco","address":"High Road 822","postcode":"RM6 4HY","opening_hours":""}},{"type":"Feature","geometry":{"type":"Point","coordinates":[-0.2466,51.53676]},"properties":{"name":"Tesco","brand":"Tesco","address":"Harlesden Plaza","postcode":"NW10 4NG","opening_hours":""}},{"type":"Feature","geometry":{"type":"Point","coordinates":[-0.367,51.36789]},"properties":{"name":"Waitrose","brand":"Waitrose","address":"High Street 105","postcode":"KT10 9QE","opening_hours":"Mo-Fr 08:00-21:00; Sa 08:00-20:00; Su 10:00-16:00"}},{"type":"Feature","geometry":{"type":"Point","coordinates":[0.08145,51.53594]},"properties":{"name":"Lidl","brand":"Lidl","address":"Stag Island, Ripple Road 62-82","postcode":"IG11 7PG","opening_hours":"Mo-Sa 08:00-22:00; Su 11:00-17:00"}},{"type":"Feature","geometry":{"type":"Point","coordinates":[0.07082,51.53641]},"properties":{"name":"Tesco","brand":"Tesco","address":"Highbridge Road","postcode":"IG11 7BS","opening_hours":"Mo-Sa 06:00-24:00; Su 10:00-16:00"}},{"type":"Feature","geometry":{"type":"Point","coordinates":[-0.11216,51.5689]},"properties":{"name":"Tesco","brand":"Tesco","address":"Stroud Green Road 109-115","postcode":"N4 3PX","opening_hours":""}},{"type":"Feature","geometry":{"type":"Point","coordinates":[0.06986,51.48136]},"properties":{"name":"Co-op Food","brand":"Co-op","address":"Herbert Road 9-15","postcode":"SE18 3TB","opening_hours":"Mo-Su 07:00-22:00"}},{"type":"Feature","geometry":{"type":"Point","coordinates":[-0.07129,51.51804]},"properties":{"name":"Zaman Brothers Cash and Carry","brand":"","address":"Brick Lane 17-19","postcode":"E1 6PU","opening_hours":""}},{"type":"Feature","geometry":{"type":"Point","coordinates":[-0.07168,51.51996]},"properties":{"name":"Taj Stores","brand":"","address":"Brick Lane 112","postcode":"E1 6RL","opening_hours":""}},{"type":"Feature","geometry":{"type":"Point","coordinates":[-0.20253,51.52496]},"properties":{"name":"The Co-operative Food","brand":"Co-op","address":"Harrow Road 504-506","postcode":"W9 3QA","opening_hours":"Mo-Sa 07:00-22:00; Su 11:00-17:00"}},{"type":"Feature","geometry":{"type":"Point","coordinates":[-0.04776,51.54297]},"properties":{"name":"Tesco","brand":"Tesco","address":"Well Street 180","postcode":"E9 6QU","opening_hours":"Mo-Sa 06:00-23:00; Su 10:00-16:00"}},{"type":"Feature","geometry":{"type":"Point","coordinates":[-0.35109,51.4429]},"properties":{"name":"Londis","brand":"Londis","address":"Staines Road 92-94","postcode":"TW2 5AN","opening_hours":"Mo-Fr 07:00-21:30; Sa 07:30-21:30; Su 08:30-21:00"}},{"type":"Feature","geometry":{"type":"Point","coordinates":[-0.04287,51.30759]},"properties":{"name":"Sainsbury's","brand":"Sainsbury's","address":"Limpsfield Road 631","postcode":"CR6 9DY","opening_hours":"Mo-Fr 08:00-22:00; Sa 07:00-22:00; Su 10:00-16:00"}},{"type":"Feature","geometry":{"type":"Point","coordinates":[-0.07138,51.58472]},"properties":{"name":"Tesco","brand":"Tesco","address":"High Road 230","postcode":"N15 4AJ","opening_hours":""}},{"type":"Feature","geometry":{"type":"Point","coordinates":[-0.07724,51.28094]},"properties":{"name":"Morrisons","brand":"Morrisons","address":"Church Walk 28","postcode":"CR3 6RT","opening_hours":"Mo-Sa 07:00-21:00; Su 10:00-16:00"}},{"type":"Feature","geometry":{"type":"Point","coordinates":[-0.10092,51.29041]},"properties":{"name":"Tesco","brand":"Tesco","address":"Guards Avenue","postcode":"CR3 5QX","opening_hours":"Mo-Sa 06:00-24:00; Su 09:30-16:00"}},{"type":"Feature","geometry":{"type":"Point","coordinates":[-0.35055,51.43544]},"properties":{"name":"Lidl","brand":"Lidl","address":"South Road 50","postcode":"TW2 5NT","opening_hours":""}},{"type":"Feature","geometry":{"type":"Point","coordinates":[0.02228,51.48871]},"properties":{"name":"Asda","brand":"Asda","address":"Bugsby's Way","postcode":"SE7 7ST","opening_hours":"Mo-Fr 06:00-24:00; Sa 06:00-22:00; Su 11:00-17:00"}},{"type":"Feature","geometry":{"type":"Point","coordinates":[-0.31614,51.68253]},"properties":{"name":"Budgens","brand":"Budgens","address":"Watling Street 361","postcode":"WD7 7LB","opening_hours":""}},{"type":"Feature","geometry":{"type":"Point","coordinates":[-0.27901,51.65693]},"properties":{"name":"M&S Simply Food","brand":"M&S","address":"Borehamwood Shopping Centre","postcode":"WD6 4PR","opening_hours":"Mo-Sa 08:00-21:00; Su 10:00-16:00"}},{"type":"Feature","geometry":{"type":"Point","coordinates":[-0.33859,51.42574]},"properties":{"name":"Tesco","brand":"Tesco","address":"Broad Street 20-28","postcode":"TW11 8RF","opening_hours":"Mo-Fr 07:00-23:00; Sa 07:00-22:00; Su 11:00-17:00; PH Mo 08:00-20:00"}},{"type":"Feature","geometry":{"type":"Point","coordinates":[-0.12336,51.41042]},"properties":{"name":"Co-op Food","brand":"Co-op","address":"Fairview Road 2","postcode":"SW16 5PY","opening_hours":"Mo-Su 07:00-22:00"}},{"type":"Feature","geometry":{"type":"Point","coordinates":[-0.124,51.52422]},"properties":{"name":"Tian Tian Market","brand":"","address":"","postcode":"","opening_hours":"Mo-Th,Su 10:00-21:00; Fr-Sa 10:00-21:30"}},{"type":"Feature","geometry":{"type":"Point","coordinates":[0.25309,51.55623]},"properties":{"name":"Waitrose","brand":"Waitrose","address":"St Mary's Lane 218","postcode":"RM14 3BT","opening_hours":""}},{"type":"Feature","geometry":{"type":"Point","coordinates":[-0.0978,51.35296]},"properties":{"name":"JUSTin GREEN","brand":"","address":"Brighton Road 279","postcode":"CR2 6EQ","opening_hours":""}},{"type":"Feature","geometry":{"type":"Point","coordinates":[-0.0679,51.59605]},"properties":{"name":"Aldi","brand":"Aldi","address":"High Road 570-592","postcode":"N17 9TA","opening_hours":"Mo-Sa 08:00-22:00; Su 11:00-17:00"}},{"type":"Feature","geometry":{"type":"Point","coordinates":[-0.32924,51.42761]},"properties":{"name":"M&S Simply Food","brand":"M&S","address":"High Street 99-107","postcode":"TW11 8HG","opening_hours":"Mo-Sa 08:00-21:00; Su 10:00-16:00"}},{"type":"Feature","geometry":{"type":"Point","coordinates":[-0.12076,51.4735]},"properties":{"name":"Lidl","brand":"Lidl","address":"Clapham Road 189","postcode":"SW9 0QE","opening_hours":""}},{"type":"Feature","geometry":{"type":"Point","coordinates":[-0.12389,51.45924]},"properties":{"name":"Lidl","brand":"Lidl","address":"Acre Lane 71-73","postcode":"SW2 5TN","opening_hours":"Mo-Sa 08:00-22:00; Su 10:00-16:00"}},{"type":"Feature","geometry":{"type":"Point","coordinates":[-0.51172,51.43603]},"properties":{"name":"M&S Foodhall","brand":"M&S","address":"Mustard Mill Road","postcode":"TW18 4WB","opening_hours":"Mo-Sa 08:00-21:00; Su 10:30-16:30"}},{"type":"Feature","geometry":{"type":"Point","coordinates":[-0.10332,51.62303]},"properties":{"name":"Yasar Halim","brand":"","address":"Hedge Lane 2a/2b","postcode":"N13 5SH","opening_hours":""}},{"type":"Feature","geometry":{"type":"Point","coordinates":[-0.14021,51.61662]},"properties":{"name":"Despina's Food Store","brand":"","address":"Bowes Road 456/458","postcode":"N11 1NL","opening_hours":"Mo-Sa 08:30-19:30; Su 08:30-17:00"}},{"type":"Feature","geometry":{"type":"Point","coordinates":[-0.03357,51.68554]},"properties":{"name":"TFC","brand":"","address":"","postcode":"EN8 7AN","opening_hours":""}},{"type":"Feature","geometry":{"type":"Point","coordinates":[-0.03225,51.68699]},"properties":{"name":"Sainsbury's","brand":"Sainsbury's","address":"","postcode":"EN8 7BZ","opening_hours":""}},{"type":"Feature","geometry":{"type":"Point","coordinates":[-0.06166,51.62255]},"properties":{"name":"Bracia Polski Delikatesy","brand":"","address":"Fore Street 377-385","postcode":"N9 0NR","opening_hours":""}},{"type":"Feature","geometry":{"type":"Point","coordinates":[-0.1999,51.54315]},"properties":{"name":"Around the Clock 24 hour Off License","brand":"","address":"Kilburn High Road 261","postcode":"NW6 7JR","opening_hours":""}},{"type":"Feature","geometry":{"type":"Point","coordinates":[-0.15213,51.44354]},"properties":{"name":"Aldi","brand":"Aldi","address":"Balham High Road 163-165","postcode":"SW12 9AU","opening_hours":""}},{"type":"Feature","geometry":{"type":"Point","coordinates":[-0.31888,51.53383]},"properties":{"name":"Tesco","brand":"Tesco","address":"Western Avenue","postcode":"UB6 8DW","opening_hours":"Mo-Sa 06:00-23:59; Su 10:00-16:00"}},{"type":"Feature","geometry":{"type":"Point","coordinates":[-0.48895,51.37196]},"properties":{"name":"Tesco Extra","brand":"Tesco","address":"Station Road","postcode":"KT15 2AS","opening_hours":""}},{"type":"Feature","geometry":{"type":"Point","coordinates":[-0.35443,51.52916]},"properties":{"name":"V.B. & Sons","brand":"","address":"","postcode":"UB6 9LD","opening_hours":""}},{"type":"Feature","geometry":{"type":"Point","coordinates":[0.24855,51.55644]},"properties":{"name":"Aldi","brand":"Aldi","address":"St Mary's Lane 119-129","postcode":"RM14 2QB","opening_hours":""}},{"type":"Feature","geometry":{"type":"Point","coordinates":[0.07046,51.52326]},"properties":{"name":"Aldi","brand":"Aldi","address":"Claps Gate Lane 5","postcode":"E6 6LH","opening_hours":"Mo-Sa 08:00-22:00; Su 10:00-16:00"}},{"type":"Feature","geometry":{"type":"Point","coordinates":[-0.09966,51.39905]},"properties":{"name":"Tesco","brand":"Tesco","address":"Brigstock Road 32","postcode":"CR7 8RX","opening_hours":"Su 11:00-17:00; Mo-Sa 06:00-23:00"}},{"type":"Feature","geometry":{"type":"Point","coordinates":[-0.35044,51.53123]},"properties":{"name":"Kopernik","brand":"","address":"Greenford Road 301-307","postcode":"UB6 8RE","opening_hours":""}},{"type":"Feature","geometry":{"type":"Point","coordinates":[-0.3214,51.51301]},"properties":{"name":"Waitrose","brand":"Waitrose","address":"Alexandria Road 2","postcode":"W13 0NL","opening_hours":"Mo-Sa 08:00-21:00; Th,Fr 08:00-22:00; Su 11:00-17:00"}},{"type":"Feature","geometry":{"type":"Point","coordinates":[-0.39852,51.36535]},"properties":{"name":"Waitrose","brand":"Waitrose","address":"Molesey Road","postcode":"KT12 4HL","opening_hours":""}},{"type":"Feature","geometry":{"type":"Point","coordinates":[-0.10348,51.43436]},"properties":{"name":"Co-op Food","brand":"Co-op","address":"Norwood Road 539-541","postcode":"SE27 9DL","opening_hours":"Mo-Su 07:00-23:00"}},{"type":"Feature","geometry":{"type":"Point","coordinates":[-0.13718,51.32198]},"properties":{"name":"Waitrose","brand":"Waitrose","address":"Brighton Road 110-112","postcode":"CR5 2NB","opening_hours":""}},{"type":"Feature","geometry":{"type":"Point","coordinates":[-0.37294,51.51056]},"properties":{"name":"Affordable Foods","brand":"","address":"High Street 58-78","postcode":"UB1 3DB","opening_hours":""}},{"type":"Feature","geometry":{"type":"Point","coordinates":[-0.45462,51.37271]},"properties":{"name":"Morrisons","brand":"Morrisons","address":"Monument Hill 15","postcode":"KT13 8RT","opening_hours":"Mo-Sa 07:00-22:00; Su 10:00-16:00"}},{"type":"Feature","geometry":{"type":"Point","coordinates":[-0.19011,51.45029]},"properties":{"name":"Co-operative Food","brand":"Co-op","address":"Garratt Lane 130-138","postcode":"SW18 4EE","opening_hours":"Mo-Su 07:00-23:00"}},{"type":"Feature","geometry":{"type":"Point","coordinates":[0.0021,51.63077]},"properties":{"name":"Co-op Food","brand":"Co-op","address":"Station Road 1","postcode":"E4 7BJ","opening_hours":"Mo-Sa 07:00-22:00; Su 11:00-17:00"}},{"type":"Feature","geometry":{"type":"Point","coordinates":[-0.07337,51.61191]},"properties":{"name":"EGE Food Centre","brand":"","address":"Bridport Road 150","postcode":"","opening_hours":""}},{"type":"Feature","geometry":{"type":"Point","coordinates":[-0.13971,51.49219]},"properties":{"name":"Choi","brand":"","address":"Denbigh Street 2","postcode":"SW1V 2ER","opening_hours":"Mo-Su 10:00-21:00"}},{"type":"Feature","geometry":{"type":"Point","coordinates":[-0.37222,51.46758]},"properties":{"name":"Aldi","brand":"Aldi","address":"Hospital Road","postcode":"TW3 3HY","opening_hours":""}},{"type":"Feature","geometry":{"type":"Point","coordinates":[-0.14294,51.61215]},"properties":{"name":"M&S Foodhall","brand":"M&S","address":"Pegasus Way","postcode":"N11 3PW","opening_hours":"Mo-Sa 08:00-21:00; Su 11:00-17:00"}},{"type":"Feature","geometry":{"type":"Point","coordinates":[-0.16742,51.51838]},"properties":{"name":"Noor","brand":"","address":"Edgware Road 204-206","postcode":"W2 1DH","opening_hours":"24/7"}},{"type":"Feature","geometry":{"type":"Point","coordinates":[0.08477,51.60363]},"properties":{"name":"Lidl","brand":"Lidl","address":"Fencepiece Road 250-260","postcode":"IG6 2SU","opening_hours":"Mo-Sa 08:00-22:00; Su 11:00-17:00"}},{"type":"Feature","geometry":{"type":"Point","coordinates":[-0.18729,51.46747]},"properties":{"name":"Sainsbury's","brand":"Sainsbury's","address":"Townmead Road 27","postcode":"SW6 2GD","opening_hours":"Mo-Sa 07:00-22:00; Su 10:00-16:00"}},{"type":"Feature","geometry":{"type":"Point","coordinates":[-0.05662,51.65447]},"properties":{"name":"Aldi","brand":"Aldi","address":"Crown Road 14","postcode":"","opening_hours":""}},{"type":"Feature","geometry":{"type":"Point","coordinates":[-0.18156,51.41517]},"properties":{"name":"Sainsbury's","brand":"Sainsbury's","address":"Merton High Street 1","postcode":"SW19 1DD","opening_hours":"Mo-Sa 07:00-23:00; Su 11:00-17:00"}},{"type":"Feature","geometry":{"type":"Point","coordinates":[-0.47371,51.33926]},"properties":{"name":"Nisa Local","brand":"Nisa","address":"Oyster Lane 2","postcode":"KT14 7DU","opening_hours":"Mo-Su 07:00-22:00"}},{"type":"Feature","geometry":{"type":"Point","coordinates":[-0.37366,51.41559]},"properties":{"name":"Waitrose","brand":"Waitrose","address":"Oldfield Road 72","postcode":"TW12 2HQ","opening_hours":"Mo-Sa 08:00-21:00; Su 10:00-16:00"}},{"type":"Feature","geometry":{"type":"Point","coordinates":[-0.36802,51.40811]},"properties":{"name":"Tesco","brand":"Tesco","address":"Hurst Road","postcode":"KT8 1SE","opening_hours":"Mo-Fr 08:00-22:00; Sa 07:30-22:00; Su 10:00-16:00"}},{"type":"Feature","geometry":{"type":"Point","coordinates":[-0.0632,51.51333]},"properties":{"name":"Nilsa Supermarket","brand":"","address":"Burslem Street 3-7","postcode":"E1 2LL","opening_hours":""}},{"type":"Feature","geometry":{"type":"Point","coordinates":[0.28293,51.51064]},"properties":{"name":"Lidl","brand":"Lidl","address":"Daiglen Drive 149-153","postcode":"RM15 5AE","opening_hours":"Mo-Sa 08:00-22:00; Su 10:00-16:00"}},{"type":"Feature","geometry":{"type":"Point","coordinates":[-0.0623,51.53614]},"properties":{"name":"Figs & Grain","brand":"","address":"Broadway Market 19-21","postcode":"E8 4PH","opening_hours":"Mo-Su 07:00-22:00"}},{"type":"Feature","geometry":{"type":"Point","coordinates":[-0.06166,51.5365]},"properties":{"name":"Planet Organic","brand":"Planet Organic","address":"Broadway Market 30","postcode":"","opening_hours":"Mo-Sa 08:00-21:00; Su 09:00-21:00"}},{"type":"Feature","geometry":{"type":"Point","coordinates":[0.14137,51.47315]},"properties":{"name":"Londis","brand":"Londis","address":"","postcode":"","opening_hours":""}},{"type":"Feature","geometry":{"type":"Point","coordinates":[-0.05476,51.54924]},"properties":{"name":"Hoxton Fruit","brand":"","address":"Mare Street 406","postcode":"E8 1HP","opening_hours":""}},{"type":"Feature","geometry":{"type":"Point","coordinates":[-0.05476,51.54936]},"properties":{"name":"Kings Meat & Groceries","brand":"","address":"Mare Street 410","postcode":"E8 1HP","opening_hours":""}},{"type":"Feature","geometry":{"type":"Point","coordinates":[-0.15196,51.54382]},"properties":{"name":"Amazon Fresh","brand":"Amazon Fresh","address":"Chalk Farm Road 86","postcode":"NW1 8AR","opening_hours":"Mo-Su 07:00-23:00"}},{"type":"Feature","geometry":{"type":"Point","coordinates":[-0.20051,51.47479]},"properties":{"name":"Budgens","brand":"Budgens","address":"","postcode":"","opening_hours":""}},{"type":"Feature","geometry":{"type":"Point","coordinates":[-0.08317,51.51789]},"properties":{"name":"M&S Simply Food","brand":"M&S","address":"Liverpool Street","postcode":"EC2M 7QA","opening_hours":""}},{"type":"Feature","geometry":{"type":"Point","coordinates":[-0.1377,51.32095]},"properties":{"name":"Aldi","brand":"Aldi","address":"Brighton Road 159","postcode":"CR5 2NH","opening_hours":""}},{"type":"Feature","geometry":{"type":"Point","coordinates":[-0.0402,51.5875]},"properties":{"name":"Nourished Communities","brand":"","address":"Blackhorse Lane 12","postcode":"E17 6HJ","opening_hours":"Mo-Fr 09:30-21:00; Sa 09:30-19:00; Su 09:30-18:00"}},{"type":"Feature","geometry":{"type":"Point","coordinates":[0.14255,51.45756]},"properties":{"name":"Asda","brand":"Asda","address":"Broadway 160","postcode":"DA6 7BN","opening_hours":"Mo-Fr 06:00-24:00; Sa 06:00-22:00; Su 11:00-17:00"}},{"type":"Feature","geometry":{"type":"Point","coordinates":[-0.33088,51.44515]},"properties":{"name":"Harvest Haven","brand":"","address":"Heath Road 17","postcode":"","opening_hours":""}},{"type":"Feature","geometry":{"type":"Point","coordinates":[-0.07485,51.55036]},"properties":{"name":"Hootch Supermarket","brand":"","address":"Kingsland High Street 140-142","postcode":"E8 2NS","opening_hours":"Mo-Su 08:00-21:00"}},{"type":"Feature","geometry":{"type":"Point","coordinates":[0.12244,51.4692]},"properties":{"name":"Co-Op","brand":"Co-op","address":"","postcode":"","opening_hours":"Mo-Su,PH 07:00-22:00"}},{"type":"Feature","geometry":{"type":"Point","coordinates":[-0.33509,51.44512]},"properties":{"name":"Mediterranean","brand":"","address":"Heath Road 103-109","postcode":"TW1 4AZ","opening_hours":""}},{"type":"Feature","geometry":{"type":"Point","coordinates":[0.0457,51.42672]},"properties":{"name":"Co-op Food","brand":"Co-op","address":"Kimmeridge Road 60","postcode":"SE9 4EB","opening_hours":"Mo-Sa 06:00-22:00; Su 10:00-16:00"}},{"type":"Feature","geometry":{"type":"Point","coordinates":[-0.27935,51.65695]},"properties":{"name":"ALDI","brand":"Aldi","address":"Borehamwood Shopping Park 1A","postcode":"WD6 4PR","opening_hours":"Mo-Sa 08:00-22:00; Su 10:00-16:00; PH 08:00-20:00"}},{"type":"Feature","geometry":{"type":"Point","coordinates":[-0.10911,51.61259]},"properties":{"name":"Turkish Food Centre","brand":"","address":"Green Lanes 88","postcode":"N13 5UP","opening_hours":""}},{"type":"Feature","geometry":{"type":"Point","coordinates":[0.27744,51.48725]},"properties":{"name":"Longdan","brand":"Longdan","address":"Lakeside Retail Park","postcode":"RM20 1WN","opening_hours":"Mo-Sa 10:00-20:00; Su 11:00-17:00"}},{"type":"Feature","geometry":{"type":"Point","coordinates":[-0.27584,51.56465]},"properties":{"name":"Asda","brand":"Asda","address":"Forty Lane","postcode":"HA9 9EX","opening_hours":"Mo 07:00-24:00; Tu-Fr 00:00-24:00; Sa 00:00-22:00; Su 11:00-17:00"}},{"type":"Feature","geometry":{"type":"Point","coordinates":[-0.20376,51.53365]},"properties":{"name":"M&S Simply Food","brand":"M&S","address":"Salusbury Road 31","postcode":"","opening_hours":"Mo-Fr 07:00-21:00; Sa 08:00-21:00; Su 09:00-19:00"}},{"type":"Feature","geometry":{"type":"Point","coordinates":[-0.06338,51.50953]},"properties":{"name":"Co-op Food","brand":"Co-op","address":"The Highway 77-101","postcode":"E1W 2BN","opening_hours":"24/7"}},{"type":"Feature","geometry":{"type":"Point","coordinates":[-0.00007,51.6073]},"properties":{"name":"The Community Larder","brand":"","address":"","postcode":"","opening_hours":""}},{"type":"Feature","geometry":{"type":"Point","coordinates":[0.0543,51.51578]},"properties":{"name":"Lidl","brand":"Lidl","address":"Tollgate Road 198","postcode":"E6 5YA","opening_hours":"Mo-Sa 08:00-22:00; Su 10:30-16:00"}},{"type":"Feature","geometry":{"type":"Point","coordinates":[-0.03306,51.44217]},"properties":{"name":"Peacock Food & Wine","brand":"","address":"Stanstead Road 333","postcode":"SE6 4UE","opening_hours":""}},{"type":"Feature","geometry":{"type":"Point","coordinates":[-0.04382,51.48972]},"properties":{"name":"Lidl","brand":"Lidl","address":"Bestwood Street 159","postcode":"SE8 5AB","opening_hours":"Mo-Sa 08:00-22:00, Su 11:00-17:00"}},{"type":"Feature","geometry":{"type":"Point","coordinates":[-0.11641,51.39679]},"properties":{"name":"Lidl","brand":"Lidl","address":"London Road 845","postcode":"CR7 6AW","opening_hours":""}},{"type":"Feature","geometry":{"type":"Point","coordinates":[-0.21619,51.52855]},"properties":{"name":"Best Price","brand":"","address":"Kilburn Lane 11","postcode":"W10 4AE","opening_hours":""}},{"type":"Feature","geometry":{"type":"Point","coordinates":[-0.01293,51.5749]},"properties":{"name":"Iceland","brand":"Iceland","address":"Lea Bridge Road 612","postcode":"E10 7DN","opening_hours":""}},{"type":"Feature","geometry":{"type":"Point","coordinates":[-0.35837,51.45221]},"properties":{"name":"Lidl","brand":"Lidl","address":"High Street Whitton 38-48","postcode":"TW2 7LT","opening_hours":"Mo-Sa 08:00-22:00, Su 10:00-16:00"}},{"type":"Feature","geometry":{"type":"Point","coordinates":[-0.14104,51.49292]},"properties":{"name":"Sainsbury's","brand":"Sainsbury's","address":"Wilton Road 99","postcode":"SW1V 1DT","opening_hours":"Mo-Fr 07:00-23:00; Sa 07:00-22:00; Su 11:00-17:00"}},{"type":"Feature","geometry":{"type":"Point","coordinates":[-0.14343,51.53853]},"properties":{"name":"Longdan","brand":"Longdan","address":"","postcode":"","opening_hours":""}},{"type":"Feature","geometry":{"type":"Point","coordinates":[-0.14433,51.5379]},"properties":{"name":"Whole Foods Market","brand":"Whole Foods","address":"Parkway 49","postcode":"NW1 7PN","opening_hours":"Mo-Sa 08:00-21:00; Su 09:00-21:00"}},{"type":"Feature","geometry":{"type":"Point","coordinates":[-0.01154,51.57683]},"properties":{"name":"Happy Food Centre","brand":"","address":"Lea Bridge Road 619-623","postcode":"E10 6AJ","opening_hours":""}},{"type":"Feature","geometry":{"type":"Point","coordinates":[0.15222,51.45584]},"properties":{"name":"Lidl","brand":"Lidl","address":"Broadway Road 20","postcode":"DA6 7LL","opening_hours":"Mo-Sa 08:00-22:00; Su 11:00-17:00"}},{"type":"Feature","geometry":{"type":"Point","coordinates":[-0.14209,51.53743]},"properties":{"name":"Aldi","brand":"Aldi","address":"Camden High Street 131-133","postcode":"NW1 7JR","opening_hours":"Mo-Sa 07:30-23:00; Su 11:00-17:00"}},{"type":"Feature","geometry":{"type":"Point","coordinates":[-0.03231,51.61302]},"properties":{"name":"ALDI","brand":"Aldi","address":"Cork Tree Way","postcode":"E4 8JA","opening_hours":"Mo-Sa 08:00-22:00; Su 10:00-16:00"}},{"type":"Feature","geometry":{"type":"Point","coordinates":[-0.40437,51.4983]},"properties":{"name":"Lidl","brand":"Lidl","address":"Hayes Road 5","postcode":"UB2 5LN","opening_hours":"Mo-Sa 08:00-22:00; Su 11:00-17:00"}},{"type":"Feature","geometry":{"type":"Point","coordinates":[0.05275,51.53396]},"properties":{"name":"Sainsbury's","brand":"Sainsbury's","address":"Myrtle Road 2-10","postcode":"E6 1HU","opening_hours":"Mo-Sa 08:00-20:00; Su 11:00-17:00"}},{"type":"Feature","geometry":{"type":"Point","coordinates":[-0.07598,51.54116]},"properties":{"name":"Yours Locally","brand":"","address":"Kingsland Road 386","postcode":"E8 4AA","opening_hours":""}},{"type":"Feature","geometry":{"type":"Point","coordinates":[-0.20901,51.42104]},"properties":{"name":"Sainsbury's","brand":"Sainsbury's","address":"Worple Road 8-12","postcode":"SW19 4DD","opening_hours":"Mo-Fr 07:00-23:00; Sa 07:00-23:00; Su 11:00-17:00"}},{"type":"Feature","geometry":{"type":"Point","coordinates":[-0.26041,51.59354]},"properties":{"name":"Morrisons","brand":"Morrisons","address":"Edgware Road 399","postcode":"NW9 0AS","opening_hours":"Mo-Sa 07:00-23:00; Su 10:00-16:00"}},{"type":"Feature","geometry":{"type":"Point","coordinates":[-0.20429,51.32236]},"properties":{"name":"M&S Simply Food","brand":"M&S","address":"High Street 1-13","postcode":"SM7 2NE","opening_hours":"Mo-Sa 08:00-21:00; Su 09:00-18:00"}},{"type":"Feature","geometry":{"type":"Point","coordinates":[-0.00155,51.60699]},"properties":{"name":"Supermart","brand":"","address":"Winchester Road 2-8","postcode":"","opening_hours":""}},{"type":"Feature","geometry":{"type":"Point","coordinates":[-0.13908,51.41124]},"properties":{"name":"Lidl","brand":"Lidl","address":"Rowan Road 216","postcode":"SW16 5HX","opening_hours":""}},{"type":"Feature","geometry":{"type":"Point","coordinates":[-0.19872,51.54186]},"properties":{"name":"Karaz Beirut","brand":"","address":"Willesden Lane 4","postcode":"NW6 7SR","opening_hours":""}},{"type":"Feature","geometry":{"type":"Point","coordinates":[-0.14444,51.57633]},"properties":{"name":"The Grocery Post","brand":"","address":"Archway Road 269","postcode":"N6 5BT","opening_hours":"Mo-Fr 07:00-21:00; Sa-Su 08:00-21:00"}},{"type":"Feature","geometry":{"type":"Point","coordinates":[0.25587,51.49901]},"properties":{"name":"The Co-operative Food","brand":"Co-op","address":"High Street 41","postcode":"RM15 4BB","opening_hours":"Mo-Su 07:00-22:00"}},{"type":"Feature","geometry":{"type":"Point","coordinates":[-0.44832,51.39508]},"properties":{"name":"Co-op Food","brand":"Co-op","address":"High Street 13-14","postcode":"TW17 9AR","opening_hours":"Mo-Su 07:00-22:00"}},{"type":"Feature","geometry":{"type":"Point","coordinates":[-0.38077,51.59336]},"properties":{"name":"Sainsbury's","brand":"Sainsbury's","address":"Barters Walk 12","postcode":"HA5 5LU","opening_hours":"Mo-Sa 07:00-22:00; Su 10:00-16:00; PH 09:00-19:00"}},{"type":"Feature","geometry":{"type":"Point","coordinates":[-0.42337,51.64816]},"properties":{"name":"Morrisons","brand":"Morrisons","address":"Ascot Road","postcode":"WD18 8AA","opening_hours":"Mo-Sa 07:00-23:00; Su 10:00-16:00"}},{"type":"Feature","geometry":{"type":"Point","coordinates":[-0.12814,51.48074]},"properties":{"name":"Sainsbury's","brand":"Sainsbury's","address":"","postcode":"","opening_hours":"Mo-Sa 07:00-23:00, Su 11:00-17:00"}},{"type":"Feature","geometry":{"type":"Point","coordinates":[-0.50602,51.3906]},"properties":{"name":"Aldi","brand":"Aldi","address":"Gogmore Lane","postcode":"KT16 9AP","opening_hours":"Mo-Sa 08:00-22:00; Su 10:00-16:00"}},{"type":"Feature","geometry":{"type":"Point","coordinates":[0.00711,51.55955]},"properties":{"name":"Spices of Malabar","brand":"","address":"High Road Leytonstone 505","postcode":"E11 4PG","opening_hours":""}},{"type":"Feature","geometry":{"type":"Point","coordinates":[0.00943,51.56336]},"properties":{"name":"The Continental Food Exchange","brand":"","address":"High Road Leytonstone 647-661","postcode":"E11 4RD","opening_hours":""}},{"type":"Feature","geometry":{"type":"Point","coordinates":[-0.28493,51.69432]},"properties":{"name":"Tesco Express","brand":"Tesco","address":"","postcode":"","opening_hours":""}},{"type":"Feature","geometry":{"type":"Point","coordinates":[-0.46975,51.43654]},"properties":{"name":"Lidl","brand":"Lidl","address":"Stanwell Road","postcode":"TW15 3DT","opening_hours":""}},{"type":"Feature","geometry":{"type":"Point","coordinates":[-0.19684,51.36845]},"properties":{"name":"Sainsbury's","brand":"Sainsbury's","address":"High Street 287a","postcode":"SM1 1LD","opening_hours":""}},{"type":"Feature","geometry":{"type":"Point","coordinates":[-0.08354,51.5149]},"properties":{"name":"M&S Foodhall","brand":"M&S","address":"Bishopsgate 15","postcode":"EC2N 3AR","opening_hours":"Mo-Fr 07:00-20:00; Sa-Su off"}},{"type":"Feature","geometry":{"type":"Point","coordinates":[0.17819,51.45075]},"properties":{"name":"Aldi","brand":"Aldi","address":"Roman Way 4","postcode":"DA1 4FY","opening_hours":""}},{"type":"Feature","geometry":{"type":"Point","coordinates":[0.01343,51.44849]},"properties":{"name":"Co-op Food","brand":"Co-op","address":"Burnt Ash Hill 27-31","postcode":"SE12 0AE","opening_hours":"Mo-Su 07:00-23:00"}},{"type":"Feature","geometry":{"type":"Point","coordinates":[0.10621,51.50609]},"properties":{"name":"Aldi","brand":"Aldi","address":"Central Way","postcode":"SE28 8DT","opening_hours":"Mo-Sa 08:00-22:00; Su 10:00-16:00"}},{"type":"Feature","geometry":{"type":"Point","coordinates":[-0.08896,51.38916]},"properties":{"name":"Welcome Newhurst","brand":"","address":"","postcode":"","opening_hours":""}},{"type":"Feature","geometry":{"type":"Point","coordinates":[-0.05859,51.56301]},"properties":{"name":"World Foods k-superstore","brand":"","address":"","postcode":"","opening_hours":""}},{"type":"Feature","geometry":{"type":"Point","coordinates":[-0.03515,51.43172]},"properties":{"name":"Aldi","brand":"Aldi","address":"Bell Green","postcode":"SE26 4PU","opening_hours":"Mo-Sa 08:00-22:00; Su 11:00-17:00"}},{"type":"Feature","geometry":{"type":"Point","coordinates":[-0.26414,51.36731]},"properties":{"name":"Aldi","brand":"Aldi","address":"Kingston Road 379-393","postcode":"KT19 0BS","opening_hours":"Mo-Sa 08:00-22:00; Su 10:00-16:00; PH closed"}},{"type":"Feature","geometry":{"type":"Point","coordinates":[0.19837,51.55126]},"properties":{"name":"Savers","brand":"","address":"St Nicholas Avenue","postcode":"RM12 4PT","opening_hours":""}},{"type":"Feature","geometry":{"type":"Point","coordinates":[-0.12165,51.5109]},"properties":{"name":"M&S Food","brand":"M&S","address":"","postcode":"","opening_hours":""}},{"type":"Feature","geometry":{"type":"Point","coordinates":[-0.35834,51.45273]},"properties":{"name":"Al-Nour Supermarket","brand":"","address":"High Street Whitton 22-24","postcode":"TW2 7LT","opening_hours":"Mo-Su 07:00-23:00"}},{"type":"Feature","geometry":{"type":"Point","coordinates":[-0.50339,51.34871]},"properties":{"name":"Co-op Food","brand":"Co-op","address":"The Broadway 14-20","postcode":"KT15 3HA","opening_hours":"Mo-Su 07:00-22:00"}},{"type":"Feature","geometry":{"type":"Point","coordinates":[0.00927,51.51608]},"properties":{"name":"Co-op Food","brand":"Co-op","address":"Barking Road 24","postcode":"E16 1EQ","opening_hours":"Mo-Sa 07:00-23:00; Su 10:00-16:00"}},{"type":"Feature","geometry":{"type":"Point","coordinates":[0.3225,51.47618]},"properties":{"name":"Dhillons Express","brand":"","address":"","postcode":"","opening_hours":""}},{"type":"Feature","geometry":{"type":"Point","coordinates":[-0.01256,51.37532]},"properties":{"name":"Lidl","brand":"Lidl","address":"Glebe Way 2A","postcode":"BR4 0RJ","opening_hours":"Mo-Sa 07:00-21:00; Su 11:00-17:00"}},{"type":"Feature","geometry":{"type":"Point","coordinates":[0.12038,51.49285]},"properties":{"name":"Sainsbury's","brand":"Sainsbury's","address":"Harrow Manorway","postcode":"","opening_hours":"Mo-Sa 07:00-22:00; Su 11:00-17:00"}},{"type":"Feature","geometry":{"type":"Point","coordinates":[0.04552,51.43658]},"properties":{"name":"BMP Star Supermarket","brand":"","address":"Court Road 278 - 280","postcode":"SE9 4TU","opening_hours":""}},{"type":"Feature","geometry":{"type":"Point","coordinates":[0.1633,51.58164]},"properties":{"name":"Aldi","brand":"Aldi","address":"Marlborough Road 7-9","postcode":"RM7 8AD","opening_hours":"08:00-22:00"}},{"type":"Feature","geometry":{"type":"Point","coordinates":[-0.25024,51.47342]},"properties":{"name":"M&S Foodhall","brand":"M&S","address":"Barnes High Street 28-29","postcode":"SW13 9LW","opening_hours":"Mo-Sa 08:00-21:00; Su 11:00-17:00"}},{"type":"Feature","geometry":{"type":"Point","coordinates":[0.03344,51.53893]},"properties":{"name":"Bharat Food Store","brand":"","address":"Carlton Terrace 4-6","postcode":"E7 8LH","opening_hours":""}},{"type":"Feature","geometry":{"type":"Point","coordinates":[0.00589,51.55216]},"properties":{"name":"MK Stores","brand":"Lycamobile","address":"High Road Leytonstone 148-152","postcode":"E15 1UA","opening_hours":""}},{"type":"Feature","geometry":{"type":"Point","coordinates":[-0.06427,51.49232]},"properties":{"name":"Sainsbury's","brand":"Sainsbury's","address":"Southwark Park Road 193-221","postcode":"SE16 3TU","opening_hours":""}},{"type":"Feature","geometry":{"type":"Point","coordinates":[0.00543,51.55342]},"properties":{"name":"Simge Food Centre","brand":"","address":"High Road Leytonstone 190-192","postcode":"E11 3HU","opening_hours":""}},{"type":"Feature","geometry":{"type":"Point","coordinates":[0.00543,51.55443]},"properties":{"name":"YDL Food Centre","brand":"","address":"High Road Leytonstone 234-236","postcode":"E11 3HU","opening_hours":""}},{"type":"Feature","geometry":{"type":"Point","coordinates":[-0.10966,51.38485]},"properties":{"name":"Amy's Kerala Supermarket","brand":"","address":"London Road 309","postcode":"CR0 3PA","opening_hours":""}},{"type":"Feature","geometry":{"type":"Point","coordinates":[-0.05534,51.30931]},"properties":{"name":"Co-op Food","brand":"Co-op","address":"The Green 52-58","postcode":"CR6 9NA","opening_hours":""}},{"type":"Feature","geometry":{"type":"Point","coordinates":[-0.38168,51.59488]},"properties":{"name":"M&S Foodhall","brand":"M&S","address":"Bishops Walk 4","postcode":"HA5 5QQ","opening_hours":"Mo-Fr 08:00-21:00; Sa 08:00-20:00; Su 10:00-16:00"}},{"type":"Feature","geometry":{"type":"Point","coordinates":[-0.32462,51.50985]},"properties":{"name":"Kujawiak","brand":"","address":"Broadway 67-71","postcode":"W13 9BP","opening_hours":"Mo-Sa 09:00-21:00; Su 10:00-20:00"}},{"type":"Feature","geometry":{"type":"Point","coordinates":[0.14654,51.46546]},"properties":{"name":"The Co-operative Food","brand":"Co-op","address":"Long Lane 131-135","postcode":"DA7 5AE","opening_hours":"Mo-Su 07:00-22:00"}},{"type":"Feature","geometry":{"type":"Point","coordinates":[0.27196,51.48803]},"properties":{"name":"The Food Warehouse","brand":"The Food Warehouse","address":"Weston Avenue","postcode":"RM20 3LP","opening_hours":"Mo-Sa 08:00-21:00; Su 10:30-16:30"}},{"type":"Feature","geometry":{"type":"Point","coordinates":[-0.4201,51.50864]},"properties":{"name":"Lidl","brand":"Lidl","address":"Central Avenue 1","postcode":"UB3 2BN","opening_hours":""}},{"type":"Feature","geometry":{"type":"Point","coordinates":[-0.42517,51.501]},"properties":{"name":"Asda","brand":"Asda","address":"Millington Road","postcode":"UB3 4AZ","opening_hours":"Mo 07:00-24:00; Tu-Fr 00:00-24:00; Sa 00:00-22:00; Su 11:00-17:00"}},{"type":"Feature","geometry":{"type":"Point","coordinates":[-0.27461,51.36389]},"properties":{"name":"The Co-operative Food","brand":"Co-op","address":"Ruxley Lane 138","postcode":"KT19 9JS","opening_hours":"Mo-Su 07:00-22:00"}},{"type":"Feature","geometry":{"type":"Point","coordinates":[-0.01776,51.61554]},"properties":{"name":"Nisa Local","brand":"","address":"Chingford Mount Road","postcode":"E4 8LP","opening_hours":""}},{"type":"Feature","geometry":{"type":"Point","coordinates":[-0.19172,51.45436]},"properties":{"name":"Sainsbury's","brand":"Sainsbury's","address":"Garratt Lane 45","postcode":"SW18 4AD","opening_hours":"Mo-Sa 07:00-22:00; PH,Su 11:00-17:00"}},{"type":"Feature","geometry":{"type":"Point","coordinates":[-0.01678,51.62039]},"properties":{"name":"EU Food Shop","brand":"","address":"","postcode":"","opening_hours":""}},{"type":"Feature","geometry":{"type":"Point","coordinates":[-0.0177,51.61834]},"properties":{"name":"Akdeniz Supermarket","brand":"","address":"","postcode":"","opening_hours":""}},{"type":"Feature","geometry":{"type":"Point","coordinates":[-0.40964,51.51897]},"properties":{"name":"Lidl","brand":"Lidl","address":"Uxbridge Road 482","postcode":"UB4 0SD","opening_hours":""}},{"type":"Feature","geometry":{"type":"Point","coordinates":[0.00024,51.6079]},"properties":{"name":"Highams Park Express","brand":"","address":"The Avenue 6-8","postcode":"","opening_hours":""}},{"type":"Feature","geometry":{"type":"Point","coordinates":[0.00088,51.60723]},"properties":{"name":"Meg’s Food And Wine","brand":"","address":"Hale End Road 416","postcode":"","opening_hours":""}},{"type":"Feature","geometry":{"type":"Point","coordinates":[0.21762,51.44396]},"properties":{"name":"Lidos Extra","brand":"","address":"","postcode":"","opening_hours":""}},{"type":"Feature","geometry":{"type":"Point","coordinates":[-0.01763,51.61524]},"properties":{"name":"Ivy Organics","brand":"","address":"Chingford Mount Road 219","postcode":"E4 8LP","opening_hours":""}},{"type":"Feature","geometry":{"type":"Point","coordinates":[-0.01709,51.61621]},"properties":{"name":"Food Plus","brand":"","address":"","postcode":"","opening_hours":""}},{"type":"Feature","geometry":{"type":"Point","coordinates":[-0.01717,51.61568]},"properties":{"name":"Star Express","brand":"","address":"","postcode":"","opening_hours":""}},{"type":"Feature","geometry":{"type":"Point","coordinates":[-0.0173,51.60835]},"properties":{"name":"Chingford Food Centre","brand":"","address":"","postcode":"","opening_hours":""}},{"type":"Feature","geometry":{"type":"Point","coordinates":[-0.0182,51.61031]},"properties":{"name":"Brothers Supermarket","brand":"","address":"Chingford Mount Road 61","postcode":"E4 8LU","opening_hours":"Mo-Su 06:00-23:00"}},{"type":"Feature","geometry":{"type":"Point","coordinates":[-0.03115,51.56841]},"properties":{"name":"Beydagi Food Centre","brand":"","address":"Lea Bridge Road 221","postcode":"E10 7NE","opening_hours":""}},{"type":"Feature","geometry":{"type":"Point","coordinates":[0.15492,51.49154]},"properties":{"name":"Asda","brand":"Asda","address":"Lower Road 301","postcode":"DA17 6DF","opening_hours":"Mo-Fr 07:00-23:00; Sa 07:00-22:00; Su 10:00-16:00"}},{"type":"Feature","geometry":{"type":"Point","coordinates":[-0.24101,51.40099]},"properties":{"name":"Tesco Extra","brand":"Tesco","address":"","postcode":"","opening_hours":""}},{"type":"Feature","geometry":{"type":"Point","coordinates":[-0.4001,51.55859]},"properties":{"name":"Asda","brand":"Asda","address":"Old Dairy Lane 6","postcode":"HA4 0FY","opening_hours":"Mo-Sa 07:00-23:00; Su 11:00-17:00"}},{"type":"Feature","geometry":{"type":"Point","coordinates":[0.06602,51.65581]},"properties":{"name":"Lidl","brand":"Lidl","address":"Church Hill 140","postcode":"IG10 1LH","opening_hours":""}},{"type":"Feature","geometry":{"type":"Point","coordinates":[0.00677,51.54655]},"properties":{"name":"Postoivoru","brand":"","address":"Leytonstone Road 2","postcode":"E15 1SE","opening_hours":""}},{"type":"Feature","geometry":{"type":"Point","coordinates":[-0.31897,51.42075]},"properties":{"name":"Co-op Food","brand":"Co-op","address":"Kingston Road 210","postcode":"TW11 9JF","opening_hours":"Mo-Su 07:00-23:00"}},{"type":"Feature","geometry":{"type":"Point","coordinates":[0.11348,51.5521]},"properties":{"name":"Lidl","brand":"Lidl","address":"Longbridge Road 807-829","postcode":"RM8 2DB","opening_hours":""}},{"type":"Feature","geometry":{"type":"Point","coordinates":[-0.41242,51.44252]},"properties":{"name":"Huong Viet","brand":"","address":"High Street 2-3","postcode":"TW13 4HE","opening_hours":""}},{"type":"Feature","geometry":{"type":"Point","coordinates":[-0.18793,51.51663]},"properties":{"name":"Al Noor","brand":"","address":"Porchester Road 21","postcode":"","opening_hours":""}},{"type":"Feature","geometry":{"type":"Point","coordinates":[-0.01259,51.46181]},"properties":{"name":"Sainsbury's","brand":"Sainsbury's","address":"Molesworth Street Unit 33","postcode":"SE13 7EP","opening_hours":""}},{"type":"Feature","geometry":{"type":"Point","coordinates":[-0.3961,51.55701]},"properties":{"name":"Sainsbury's","brand":"Sainsbury's","address":"Long Drive","postcode":"HA4 0HQ","opening_hours":""}},{"type":"Feature","geometry":{"type":"Point","coordinates":[-0.35762,51.45044]},"properties":{"name":"Brasilerio","brand":"","address":"High Street Whitton 99","postcode":"TW2 7LD","opening_hours":"Mo-Sa 09:00-20:00; Su 09:00-16:00"}},{"type":"Feature","geometry":{"type":"Point","coordinates":[0.1621,51.47303]},"properties":{"name":"Nisa Extra","brand":"Nisa Extra","address":"Bexley Road","postcode":"DA8 3HB","opening_hours":""}},{"type":"Feature","geometry":{"type":"Point","coordinates":[-0.33376,51.39054]},"properties":{"name":"Budgens","brand":"Budgens","address":"High Street 31","postcode":"KT7 0SD","opening_hours":""}},{"type":"Feature","geometry":{"type":"Point","coordinates":[-0.03831,51.45363]},"properties":{"name":"Jay's Budgens","brand":"Budgens","address":"Brockley Road 400-406","postcode":"SE4 2DH","opening_hours":"06:00-21:00"}},{"type":"Feature","geometry":{"type":"Point","coordinates":[-0.21119,51.38544]},"properties":{"name":"Asda","brand":"Asda","address":"Stonecot Hill 1","postcode":"SM3 9HB","opening_hours":"Mo-Sa 07:00-23:00; Su 11:00-17:00"}},{"type":"Feature","geometry":{"type":"Point","coordinates":[0.08586,51.64289]},"properties":{"name":"Aldi","brand":"Aldi","address":"Langston Road","postcode":"","opening_hours":""}},{"type":"Feature","geometry":{"type":"Point","coordinates":[-0.51295,51.43424]},"properties":{"name":"Lidl","brand":"Lidl","address":"Mustard Mill Road","postcode":"TW18 4BL","opening_hours":""}},{"type":"Feature","geometry":{"type":"Point","coordinates":[-0.10046,51.50606]},"properties":{"name":"Amazon Fresh","brand":"Amazon Fresh","address":"Southwark Street 110a","postcode":"SE1 0TA","opening_hours":""}},{"type":"Feature","geometry":{"type":"Point","coordinates":[-0.1904,51.50166]},"properties":{"name":"Whole Foods Market","brand":"Whole Foods","address":"Kensington High Street 63-97","postcode":"W8 5SE","opening_hours":"Mo-Sa 08:00-22:00; Su 12:00-18:00"}},{"type":"Feature","geometry":{"type":"Point","coordinates":[-0.33923,51.6065]},"properties":{"name":"Lidl","brand":"Lidl","address":"High Road 354","postcode":"HA3 6HF","opening_hours":""}},{"type":"Feature","geometry":{"type":"Point","coordinates":[-0.25383,51.4003]},"properties":{"name":"Lidl","brand":"Lidl","address":"Blagdon Road 31-35","postcode":"KT3 4AH","opening_hours":"Mo-Sa 08:00-22:00; Su 11:00-17:00"}},{"type":"Feature","geometry":{"type":"Point","coordinates":[-0.38663,51.64963]},"properties":{"name":"Lidl","brand":"Lidl","address":"Lower High Street 275","postcode":"WD17 2HY","opening_hours":""}},{"type":"Feature","geometry":{"type":"Point","coordinates":[-0.42432,51.61117]},"properties":{"name":"Waitrose","brand":"Waitrose","address":"Green Lane 52","postcode":"HA6 2XW","opening_hours":""}},{"type":"Feature","geometry":{"type":"Point","coordinates":[-0.19797,51.49879]},"properties":{"name":"Waitrose","brand":"Waitrose","address":"Kensington High Street 243","postcode":"","opening_hours":"Mo-Fr 08:00-22:00; Sa 08:00-21:00; Su 12:00-18:00"}},{"type":"Feature","geometry":{"type":"Point","coordinates":[-0.18391,51.49459]},"properties":{"name":"Waitrose","brand":"Waitrose","address":"Gloucester Road 128","postcode":"","opening_hours":"Mo-Fr 07:30-22:00; Sa 08:00-21:00; Su 12:00-18:00"}},{"type":"Feature","geometry":{"type":"Point","coordinates":[-0.1067,51.43997]},"properties":{"name":"Co-op Food","brand":"Co-op","address":"Norwood Road 178","postcode":"SE27 9AU","opening_hours":"Mo-Sa 07:00-23:00; Su 12:00-18:00"}},{"type":"Feature","geometry":{"type":"Point","coordinates":[0.20017,51.52]},"properties":{"name":"Costcutter","brand":"Costcutter","address":"Upminster Road South 193","postcode":"RM13 9BB","opening_hours":""}},{"type":"Feature","geometry":{"type":"Point","coordinates":[-0.14138,51.54659]},"properties":{"name":"Aldi","brand":"Aldi","address":"Kentish Town Road 152-156","postcode":"NW1 9QB","opening_hours":""}},{"type":"Feature","geometry":{"type":"Point","coordinates":[-0.11102,51.64571]},"properties":{"name":"Sainsbury's","brand":"Sainsbury's","address":"Florey Square 1","postcode":"N21 1UJ","opening_hours":"Mo-Sa 07:00-21:00; Su 11:00-17:00"}},{"type":"Feature","geometry":{"type":"Point","coordinates":[0.15785,51.59759]},"properties":{"name":"Aldi","brand":"Aldi","address":"Collier Row Road 89-97","postcode":"","opening_hours":"Mo-Sa 08:00-22:00; Su 10:00-16:00"}},{"type":"Feature","geometry":{"type":"Point","coordinates":[0.22431,51.60577]},"properties":{"name":"Lidl","brand":"Lidl","address":"Gooshays Drive","postcode":"RM3 8QY","opening_hours":""}},{"type":"Feature","geometry":{"type":"Point","coordinates":[0.13458,51.57193]},"properties":{"name":"Sainsbury's","brand":"Sainsbury's","address":"High Road 97-131","postcode":"RM6 6PB","opening_hours":"Mo-Sa 07:00-20:00; Su 10:00-16:00"}},{"type":"Feature","geometry":{"type":"Point","coordinates":[-0.39558,51.36761]},"properties":{"name":"Lidl","brand":"Lidl","address":"Molesey Road 82","postcode":"KT12 4RG","opening_hours":""}},{"type":"Feature","geometry":{"type":"Point","coordinates":[-0.04357,51.55174]},"properties":{"name":"Chats Organic","brand":"","address":"Chatsworth Road 2","postcode":"E5 0LP","opening_hours":""}},{"type":"Feature","geometry":{"type":"Point","coordinates":[0.13672,51.56808]},"properties":{"name":"Hoo Hing","brand":"","address":"","postcode":"","opening_hours":""}},{"type":"Feature","geometry":{"type":"Point","coordinates":[0.12183,51.56985]},"properties":{"name":"Lidl","brand":"Lidl","address":"","postcode":"","opening_hours":""}},{"type":"Feature","geometry":{"type":"Point","coordinates":[-0.04749,51.65829]},"properties":{"name":"Hertford Supermarket","brand":"","address":"","postcode":"EN3 5BH","opening_hours":""}},{"type":"Feature","geometry":{"type":"Point","coordinates":[-0.04741,51.65877]},"properties":{"name":"Enfield Pound+/EViM","brand":"","address":"","postcode":"EN3 5BH","opening_hours":""}},{"type":"Feature","geometry":{"type":"Point","coordinates":[-0.04761,51.65687]},"properties":{"name":"Afromart","brand":"","address":"Hertford Road 178","postcode":"EN3 5AZ","opening_hours":""}},{"type":"Feature","geometry":{"type":"Point","coordinates":[-0.04716,51.64705]},"properties":{"name":"Metro Food Centre","brand":"","address":"High Street 262-264","postcode":"EN3 4HB","opening_hours":""}},{"type":"Feature","geometry":{"type":"Point","coordinates":[-0.04695,51.64748]},"properties":{"name":"New African Supermarket","brand":"","address":"","postcode":"EN3 4HF","opening_hours":""}},{"type":"Feature","geometry":{"type":"Point","coordinates":[-0.14115,51.54762]},"properties":{"name":"Phoenicia Mediterranean Food Hall","brand":"","address":"Kentish Town Road 186-192","postcode":"NW5 2AE","opening_hours":"Mo-Fr 09:00-20:00; Sa 09:00-19:00; Su 10:00-18:00"}},{"type":"Feature","geometry":{"type":"Point","coordinates":[-0.14097,51.54789]},"properties":{"name":"Earth Natural Foods","brand":"","address":"Kentish Town Road 200","postcode":"NW5 2AE","opening_hours":"Mo-Sa 08:30-19:00; Su 11:00-17:00"}},{"type":"Feature","geometry":{"type":"Point","coordinates":[0.09114,51.53259]},"properties":{"name":"Londis","brand":"Londis","address":"Movers Lane 93","postcode":"IG11 7UQ","opening_hours":"Mo-Su 06:00-21:00"}},{"type":"Feature","geometry":{"type":"Point","coordinates":[0.02586,51.54461]},"properties":{"name":"Davina Supermarket","brand":"","address":"Upton Lane 58","postcode":"E7 9LN","opening_hours":""}},{"type":"Feature","geometry":{"type":"Point","coordinates":[0.02481,51.54658]},"properties":{"name":"Greenland Supermarket","brand":"","address":"Romford Road 323","postcode":"E7 9HA","opening_hours":""}},{"type":"Feature","geometry":{"type":"Point","coordinates":[0.02407,51.54655]},"properties":{"name":"Asona Ba","brand":"","address":"Romford Road 305","postcode":"E7 9HA","opening_hours":""}},{"type":"Feature","geometry":{"type":"Point","coordinates":[0.02526,51.54697]},"properties":{"name":"Woodgrange Supermarket","brand":"","address":"Woodgrange Road 5","postcode":"E7 8BA","opening_hours":""}},{"type":"Feature","geometry":{"type":"Point","coordinates":[0.0258,51.5451]},"properties":{"name":"Pascheal Exotics","brand":"","address":"Upton Lane 36-38","postcode":"E7 9LN","opening_hours":""}},{"type":"Feature","geometry":{"type":"Point","coordinates":[0.06946,51.52079]},"properties":{"name":"Lidl","brand":"Lidl","address":"Claps Gate Lane 4","postcode":"E6 6LG","opening_hours":"Mo-Sa 07:00-22:00; Su 11:00-17:00"}},{"type":"Feature","geometry":{"type":"Point","coordinates":[-0.04751,51.54817]},"properties":{"name":"Adonis Supermarket","brand":"","address":"Homerton High Street 31-33","postcode":"E9 6JP","opening_hours":""}},{"type":"Feature","geometry":{"type":"Point","coordinates":[-0.43545,51.65019]},"properties":{"name":"Co-op Food - Convenience Store","brand":"Co-op","address":"Watford Road 189-191","postcode":"WD3 3TL","opening_hours":"Mo-Su 07:00-22:00"}},{"type":"Feature","geometry":{"type":"Point","coordinates":[-0.2387,51.37686]},"properties":{"name":"Sainsbury's Local","brand":"Sainsbury's","address":"Central Road 1-15","postcode":"KT4 8EG","opening_hours":""}},{"type":"Feature","geometry":{"type":"Point","coordinates":[-0.23384,51.51649]},"properties":{"name":"Costcutter","brand":"Costcutter","address":"","postcode":"","opening_hours":""}},{"type":"Feature","geometry":{"type":"Point","coordinates":[-0.07739,51.38387]},"properties":{"name":"Spar","brand":"Spar","address":"Morland Road 199-201","postcode":"CR0 6HD","opening_hours":""}},{"type":"Feature","geometry":{"type":"Point","coordinates":[-0.07755,51.38383]},"properties":{"name":"Budgens","brand":"Budgens","address":"","postcode":"","opening_hours":""}},{"type":"Feature","geometry":{"type":"Point","coordinates":[-0.31059,51.45585]},"properties":{"name":"Lidl","brand":"Lidl","address":"Richmond Road","postcode":"TW1 2EF","opening_hours":"Mo-Sa 08:00-22:00; Su 11:00-17:00; PH 08:00-22:00"}},{"type":"Feature","geometry":{"type":"Point","coordinates":[-0.01766,51.61051]},"properties":{"name":"Eesa","brand":"","address":"Chingford Mount Road","postcode":"E4 9AA","opening_hours":""}},{"type":"Feature","geometry":{"type":"Point","coordinates":[-0.48196,51.60489]},"properties":{"name":"Co-op Food","brand":"Co-op","address":"Rickmansworth Road","postcode":"UB9 6JT","opening_hours":"Mo-Su 07:00-22:00"}},{"type":"Feature","geometry":{"type":"Point","coordinates":[0.00019,51.60887]},"properties":{"name":"Avenue Food And Wine","brand":"","address":"","postcode":"","opening_hours":""}},{"type":"Feature","geometry":{"type":"Point","coordinates":[-0.01857,51.61751]},"properties":{"name":"Oltenia Traditional Romanian Shop","brand":"","address":"","postcode":"","opening_hours":""}},{"type":"Feature","geometry":{"type":"Point","coordinates":[-0.01803,51.61753]},"properties":{"name":"ChingFood","brand":"","address":"","postcode":"","opening_hours":""}},{"type":"Feature","geometry":{"type":"Point","coordinates":[-0.01845,51.61724]},"properties":{"name":"Hugs & Mugs","brand":"","address":"","postcode":"","opening_hours":""}},{"type":"Feature","geometry":{"type":"Point","coordinates":[-0.01757,51.6189]},"properties":{"name":"Jerk Spice","brand":"","address":"","postcode":"","opening_hours":""}},{"type":"Feature","geometry":{"type":"Point","coordinates":[0.05201,51.53868]},"properties":{"name":"Lidl","brand":"Lidl","address":"High Street North 182-184","postcode":"E6 2JA","opening_hours":"Mo-Sa 07:00-23:00; Su 11:00-17:00"}},{"type":"Feature","geometry":{"type":"Point","coordinates":[0.00406,51.61853]},"properties":{"name":"Gülüzar Hatch Lane Food Centre","brand":"","address":"Hatch Lane 39-43","postcode":"","opening_hours":""}},{"type":"Feature","geometry":{"type":"Point","coordinates":[-0.39671,51.4696]},"properties":{"name":"Londis","brand":"Londis","address":"Salisbury Road 71","postcode":"TW4 7NW","opening_hours":""}},{"type":"Feature","geometry":{"type":"Point","coordinates":[-0.23294,51.50655]},"properties":{"name":"Sham Land","brand":"","address":"Uxbridge Road 330-332","postcode":"","opening_hours":""}},{"type":"Feature","geometry":{"type":"Point","coordinates":[-0.2314,51.50613]},"properties":{"name":"Al-Madinah","brand":"","address":"Uxbridge Road 75","postcode":"W12 8NR","opening_hours":""}},{"type":"Feature","geometry":{"type":"Point","coordinates":[-0.23159,51.50615]},"properties":{"name":"Damas Gate","brand":"","address":"Uxbridge Road 81","postcode":"","opening_hours":""}},{"type":"Feature","geometry":{"type":"Point","coordinates":[0.21368,51.44227]},"properties":{"name":"Lidl","brand":"Lidl","address":"Instone Road","postcode":"DA1 2AG","opening_hours":"Mo-Sa 08:00-22:00; Su 11:00-17:00"}},{"type":"Feature","geometry":{"type":"Point","coordinates":[0.27907,51.48509]},"properties":{"name":"Lidl","brand":"Lidl","address":"Lakeside Retail Park","postcode":"RM20 1WN","opening_hours":"Mo-Sa 08:00-22:00; Su 10:00-16:00; PH 08:00-20:00"}},{"type":"Feature","geometry":{"type":"Point","coordinates":[0.05602,51.36806]},"properties":{"name":"Lidl","brand":"Lidl","address":"Crofton Road 330","postcode":"BR6 8NW","opening_hours":""}},{"type":"Feature","geometry":{"type":"Point","coordinates":[-0.24346,51.50312]},"properties":{"name":"Co-op Food","brand":"Co-op","address":"Askew Road 98","postcode":"","opening_hours":"Mo-Su 07:00-22:00"}},{"type":"Feature","geometry":{"type":"Point","coordinates":[-0.19917,51.58337]},"properties":{"name":"M&S Foodhall","brand":"M&S","address":"Finchley Road 820-832","postcode":"NW11 6XL","opening_hours":"Mo-Sa 08:00-20:00; Su 10:00-16:00"}},{"type":"Feature","geometry":{"type":"Point","coordinates":[0.14565,51.56356]},"properties":{"name":"Lidl","brand":"Lidl","address":"Whalebone Lane South 79A","postcode":"RM8 1AJ","opening_hours":""}},{"type":"Feature","geometry":{"type":"Point","coordinates":[-0.24466,51.58254]},"properties":{"name":"Sainsbury's","brand":"Sainsbury's","address":"Henshaw Parade 2","postcode":"NW9 6GH","opening_hours":""}},{"type":"Feature","geometry":{"type":"Point","coordinates":[-0.42501,51.57492]},"properties":{"name":"Ruislip Food Centre","brand":"","address":"High Street 53-55","postcode":"HA4 7BD","opening_hours":""}},{"type":"Feature","geometry":{"type":"Point","coordinates":[-0.22396,51.4977]},"properties":{"name":"Tesco","brand":"Tesco","address":"Shepherds Bush Road 180","postcode":"W6 7NL","opening_hours":""}},{"type":"Feature","geometry":{"type":"Point","coordinates":[-0.21576,51.49737]},"properties":{"name":"Olympia Foods","brand":"","address":"Blythe Road 64-68","postcode":"","opening_hours":"Mo-Su,PH 07:00-22:00"}},{"type":"Feature","geometry":{"type":"Point","coordinates":[-0.13034,51.5119]},"properties":{"name":"Loon Fung Supermarket","brand":"","address":"Gerrard Street 42-44","postcode":"W1D 5QG","opening_hours":"Mo-Sa 10:00-21:00; Su 10:00-21:00; Ph 10:00-21:00"}},{"type":"Feature","geometry":{"type":"Point","coordinates":[-0.13048,51.51166]},"properties":{"name":"泗和 SeeWoo","brand":"","address":"Lisle Street 18-20","postcode":"WC2H 7BA","opening_hours":""}},{"type":"Feature","geometry":{"type":"Point","coordinates":[-0.22902,51.49318]},"properties":{"name":"Sainsbury's","brand":"Sainsbury's","address":"2-3","postcode":"W6 0PZ","opening_hours":"Mo-Sa 08:00-20:00, Su 11:00-17:00"}},{"type":"Feature","geometry":{"type":"Point","coordinates":[-0.24802,51.58458]},"properties":{"name":"Da Food Island","brand":"","address":"The Hyde","postcode":"NW9 6LH","opening_hours":""}},{"type":"Feature","geometry":{"type":"Point","coordinates":[-0.3627,51.45797]},"properties":{"name":"Desi Supermarket","brand":"","address":"Whitton Road 3-4","postcode":"TW3 2EN","opening_hours":"PH,Mo-Su 08:30-21:00"}},{"type":"Feature","geometry":{"type":"Point","coordinates":[-0.17304,51.52227]},"properties":{"name":"Farah","brand":"","address":"","postcode":"","opening_hours":""}},{"type":"Feature","geometry":{"type":"Point","coordinates":[-0.21565,51.46434]},"properties":{"name":"Lidl","brand":"Lidl","address":"Putney High Street 60","postcode":"SW15 1SF","opening_hours":""}},{"type":"Feature","geometry":{"type":"Point","coordinates":[-0.2167,51.46404]},"properties":{"name":"Waitrose","brand":"Waitrose","address":"Putney High Street","postcode":"SW15 1TW","opening_hours":""}},{"type":"Feature","geometry":{"type":"Point","coordinates":[-0.21623,51.46208]},"properties":{"name":"The Source Bulk Foods","brand":"The Source Bulk Foods","address":"Putney High Street 135","postcode":"SW15 1SU","opening_hours":"Mo-Fr 09:00-19:30; Sa 09:00-19:00; Su 10:00-18:00"}},{"type":"Feature","geometry":{"type":"Point","coordinates":[0.03372,51.53857]},"properties":{"name":"Soni Cash & Carry","brand":"","address":"Carlton Terrace 10A","postcode":"E7 8LH","opening_hours":""}},{"type":"Feature","geometry":{"type":"Point","coordinates":[0.03578,51.53736]},"properties":{"name":"Aladdins Mahal","brand":"","address":"Plashet Grove 27-29","postcode":"E6 1AD","opening_hours":""}},{"type":"Feature","geometry":{"type":"Point","coordinates":[0.10574,51.40397]},"properties":{"name":"Co-op Food","brand":"Co-op","address":"Cotmandene Crescent 97-101","postcode":"BR5 2RB","opening_hours":"Mo-Su 07:00-22:00"}},{"type":"Feature","geometry":{"type":"Point","coordinates":[-0.20142,51.54502]},"properties":{"name":"Hilal Food Center","brand":"","address":"","postcode":"","opening_hours":"24/7"}},{"type":"Feature","geometry":{"type":"Point","coordinates":[-0.36776,51.46726]},"properties":{"name":"Quality Foods - Hounslow","brand":"","address":"Staines Road 34-62","postcode":"TW3 3LZ","opening_hours":""}},{"type":"Feature","geometry":{"type":"Point","coordinates":[-0.3708,51.46774]},"properties":{"name":"Lidl","brand":"Lidl","address":"Hospital Road","postcode":"TW3 3HY","opening_hours":""}},{"type":"Feature","geometry":{"type":"Point","coordinates":[-0.14515,51.59002]},"properties":{"name":"Sainsbury's","brand":"Sainsbury's","address":"Fortis Green Road 12","postcode":"N10 3HN","opening_hours":"Mo-Sa 07:00-23:00; Su 11:00-17:00"}},{"type":"Feature","geometry":{"type":"Point","coordinates":[-0.36283,51.4604]},"properties":{"name":"Peweks","brand":"","address":"Whitton Road 91","postcode":"TW3 2EH","opening_hours":""}},{"type":"Feature","geometry":{"type":"Point","coordinates":[-0.20006,51.58827]},"properties":{"name":"Atari-Ya Food","brand":"","address":"Finchley Road","postcode":"","opening_hours":""}},{"type":"Feature","geometry":{"type":"Point","coordinates":[0.08729,51.58155]},"properties":{"name":"Sainsbury's","brand":"Sainsbury's","address":"","postcode":"","opening_hours":"Mo-Sa 07:00-22:00; Su 11:00-17:00"}},{"type":"Feature","geometry":{"type":"Point","coordinates":[0.08444,51.57503]},"properties":{"name":"Aldi","brand":"Aldi","address":"Horns Road 8","postcode":"IG2 6BE","opening_hours":""}},{"type":"Feature","geometry":{"type":"Point","coordinates":[-0.13352,51.58685]},"properties":{"name":"Haelan Organic Health Store","brand":"","address":"Park Road 304","postcode":"N8 8LA","opening_hours":"Mo-Sa 08:00-19:00; Su 09:00-17:00"}},{"type":"Feature","geometry":{"type":"Point","coordinates":[0.10073,51.37809]},"properties":{"name":"Krishna's","brand":"","address":"High Street 158-160","postcode":"BR6 0JR","opening_hours":""}},{"type":"Feature","geometry":{"type":"Point","coordinates":[-0.13785,51.61161]},"properties":{"name":"Aldi","brand":"Aldi","address":"Station Road 5","postcode":"N11 1QJ","opening_hours":"Mo-Sa 08:00-22:00; Su 10:00-16:00"}},{"type":"Feature","geometry":{"type":"Point","coordinates":[-0.1506,51.35967]},"properties":{"name":"Lidl","brand":"Lidl","address":"","postcode":"","opening_hours":""}},{"type":"Feature","geometry":{"type":"Point","coordinates":[0.05028,51.53216]},"properties":{"name":"SJV Cash & Carry","brand":"","address":"Barking Road 254","postcode":"E6 3BB","opening_hours":""}},{"type":"Feature","geometry":{"type":"Point","coordinates":[0.14514,51.48203]},"properties":{"name":"Co-op Food","brand":"Co-op","address":"Nuxley Road 56","postcode":"DA17 5JG","opening_hours":"Mo-Su 07:00-22:00"}},{"type":"Feature","geometry":{"type":"Point","coordinates":[-0.11123,51.60583]},"properties":{"name":"Carsi Food Centre","brand":"","address":"High Road 314","postcode":"N22 8JR","opening_hours":""}},{"type":"Feature","geometry":{"type":"Point","coordinates":[0.04285,51.43709]},"properties":{"name":"Lidl","brand":"Lidl","address":"Mottingham Road 24","postcode":"SE9 4QW","opening_hours":""}},{"type":"Feature","geometry":{"type":"Point","coordinates":[0.12,51.41908]},"properties":{"name":"Lidl","brand":"Lidl","address":"Foots Cray High Street","postcode":"DA14 5HJ","opening_hours":"Mo-Sa 08:00-22:00; Su 11:00-17:00"}},{"type":"Feature","geometry":{"type":"Point","coordinates":[-0.2865,51.51011]},"properties":{"name":"Natural Natural","brand":"","address":"Uxbridge Road 20A","postcode":"W5 3LD","opening_hours":""}},{"type":"Feature","geometry":{"type":"Point","coordinates":[-0.13734,51.5243]},"properties":{"name":"Lidl","brand":"Lidl","address":"Tottenham Court Road 145","postcode":"W1T 7NE","opening_hours":"Mo-Sa 07:00-22:00; Su 11:00-17:00"}},{"type":"Feature","geometry":{"type":"Point","coordinates":[-0.1938,51.45424]},"properties":{"name":"Waitrose","brand":"Waitrose","address":"66-67","postcode":"SW18 4TG","opening_hours":"Mo-Sa 08:00-20:00; Su 11:00-17:00"}},{"type":"Feature","geometry":{"type":"Point","coordinates":[0.11226,51.39923]},"properties":{"name":"Lidl","brand":"Lidl","address":"Sevenoaks Way 168","postcode":"BR5 3AE","opening_hours":"Mo-Sa 08:00-22:00; Su 10:00-16:00"}},{"type":"Feature","geometry":{"type":"Point","coordinates":[0.00524,51.54633]},"properties":{"name":"Maryland Supermarket","brand":"","address":"Leytonstone Road 23-25","postcode":"E15 1JA","opening_hours":"24/7"}},{"type":"Feature","geometry":{"type":"Point","coordinates":[0.00537,51.54812]},"properties":{"name":"Euromix","brand":"","address":"Leytonstone Road 107","postcode":"E15 1JA","opening_hours":""}},{"type":"Feature","geometry":{"type":"Point","coordinates":[0.03099,51.43179]},"properties":{"name":"Costcutter","brand":"Costcutter","address":"","postcode":"","opening_hours":""}},{"type":"Feature","geometry":{"type":"Point","coordinates":[-0.38987,51.4737]},"properties":{"name":"West Food Store","brand":"","address":"","postcode":"","opening_hours":""}},{"type":"Feature","geometry":{"type":"Point","coordinates":[-0.38949,51.4736]},"properties":{"name":"First Food Fayre Apna Super Store","brand":"","address":"","postcode":"","opening_hours":""}},{"type":"Feature","geometry":{"type":"Point","coordinates":[-0.38913,51.4735]},"properties":{"name":"Best Foods Hounslow","brand":"Best Foods","address":"Bath Road 364-366","postcode":"TW4 7HT","opening_hours":""}},{"type":"Feature","geometry":{"type":"Point","coordinates":[-0.38874,51.47339]},"properties":{"name":"Sadda Superstore","brand":"","address":"Bath Road 354-356","postcode":"TW4 7HW","opening_hours":""}},{"type":"Feature","geometry":{"type":"Point","coordinates":[-0.18929,51.44247]},"properties":{"name":"M&S Food","brand":"M&S","address":"Penwith Road 170","postcode":"SW18 4QA","opening_hours":"Mo-Sa 07:00-21:00; Su 11:00-17:00"}},{"type":"Feature","geometry":{"type":"Point","coordinates":[-0.1037,51.37378]},"properties":{"name":"Lidl","brand":"Lidl","address":"Church Street 68-74","postcode":"CR0 1RB","opening_hours":""}},{"type":"Feature","geometry":{"type":"Point","coordinates":[-0.02863,51.51431]},"properties":{"name":"Lidl","brand":"Lidl","address":"Burdett Road 306","postcode":"E14 7DL","opening_hours":"Mo-Sa 07:00-23:00; Su 11:00-17:00"}},{"type":"Feature","geometry":{"type":"Point","coordinates":[-0.08335,51.4919]},"properties":{"name":"Lidl","brand":"Lidl","address":"Old Kent Road 96-120","postcode":"SE1 4NY","opening_hours":"Mo-Sa 07:00-22:00; Su 10:00-16:00"}},{"type":"Feature","geometry":{"type":"Point","coordinates":[0.07722,51.55994]},"properties":{"name":"Simple Fresh Fruit and Vegetables","brand":"","address":"","postcode":"","opening_hours":""}},{"type":"Feature","geometry":{"type":"Point","coordinates":[-0.14135,51.55241]},"properties":{"name":"Co-op Food","brand":"Co-op","address":"Fortess Road 9","postcode":"NW5 1AA","opening_hours":""}},{"type":"Feature","geometry":{"type":"Point","coordinates":[0.20795,51.57731]},"properties":{"name":"Co-op Food","brand":"Co-op","address":"","postcode":"RM2 5TD","opening_hours":""}},{"type":"Feature","geometry":{"type":"Point","coordinates":[0.21869,51.57165]},"properties":{"name":"Tesco Express","brand":"Tesco","address":"Butts Green Road 77-79","postcode":"RM11 2JT","opening_hours":"Mo-Su 07:00-22:00"}},{"type":"Feature","geometry":{"type":"Point","coordinates":[0.02473,51.5483]},"properties":{"name":"Lidl","brand":"Lidl","address":"Woodgrange Road 39-49","postcode":"E7 8BA","opening_hours":""}},{"type":"Feature","geometry":{"type":"Point","coordinates":[-0.16511,51.55381]},"properties":{"name":"M&S Foodhall","brand":"M&S","address":"Pond Street 10","postcode":"NW3 2PS","opening_hours":"Mo-Sa 08:00-21:00; Su 12:00-18:00"}},{"type":"Feature","geometry":{"type":"Point","coordinates":[-0.098,51.59372]},"properties":{"name":"Food Centre","brand":"","address":"","postcode":"","opening_hours":""}},{"type":"Feature","geometry":{"type":"Point","coordinates":[0.02701,51.57759]},"properties":{"name":"Co-op Food","brand":"Co-op","address":"High Street 87","postcode":"E11 2AE","opening_hours":"Mo-Sa 06:00-22:00; Su 11:00-17:00"}},{"type":"Feature","geometry":{"type":"Point","coordinates":[-0.00526,51.54257]},"properties":{"name":"Marks & Spencer","brand":"M&S","address":"","postcode":"","opening_hours":""}},{"type":"Feature","geometry":{"type":"Point","coordinates":[-0.00949,51.54365]},"properties":{"name":"Waitrose","brand":"Waitrose","address":"Montfichet Road","postcode":"E20 1EH","opening_hours":"Mo-Sa 08:00-21:00; Su 12:00-18:00"}},{"type":"Feature","geometry":{"type":"Point","coordinates":[0.31018,51.44815]},"properties":{"name":"Co-op Food","brand":"Co-op","address":"High Street 29-31","postcode":"DA10 0AG","opening_hours":""}},{"type":"Feature","geometry":{"type":"Point","coordinates":[0.0112,51.56922]},"properties":{"name":"Aldi","brand":"Aldi","address":"","postcode":"","opening_hours":""}},{"type":"Feature","geometry":{"type":"Point","coordinates":[-0.36363,51.58899]},"properties":{"name":"VB & Sons","brand":"","address":"","postcode":"","opening_hours":""}},{"type":"Feature","geometry":{"type":"Point","coordinates":[-0.08938,51.52577]},"properties":{"name":"Aldi","brand":"Aldi","address":"Old Street 205","postcode":"EC1V 9NR","opening_hours":"Mo-Sa 07:00-23:00; Su 11:00-17:00"}},{"type":"Feature","geometry":{"type":"Point","coordinates":[-0.21963,51.58596]},"properties":{"name":"Tapuach","brand":"","address":"Brent Street 108","postcode":"NW4 2HH","opening_hours":""}},{"type":"Feature","geometry":{"type":"Point","coordinates":[-0.25796,51.49294]},"properties":{"name":"M&S Foodhall","brand":"M&S","address":"","postcode":"","opening_hours":"Mo-Sa 08:00-21:00; Su 11:00-17:00"}},{"type":"Feature","geometry":{"type":"Point","coordinates":[-0.15211,51.51935]},"properties":{"name":"Waitrose","brand":"Waitrose","address":"Marylebone High Street 98-101","postcode":"W1U 4SB","opening_hours":""}},{"type":"Feature","geometry":{"type":"Point","coordinates":[-0.08498,51.46192]},"properties":{"name":"Sainsbury's","brand":"Sainsbury's","address":"Dog Kennel Hill 80","postcode":"SE22 8BB","opening_hours":"Mo-Sa 07:00-00:00; Su 11:00-17:00"}},{"type":"Feature","geometry":{"type":"Point","coordinates":[0.14318,51.56594]},"properties":{"name":"Asda","brand":"Asda","address":"Whalebone Lane South","postcode":"RM8 1AT","opening_hours":"Mo-Sa 07:00-21:00; Su 11:00-17:00"}},{"type":"Feature","geometry":{"type":"Point","coordinates":[-0.17996,51.6114]},"properties":{"name":"Waitrose","brand":"Waitrose","address":"Ballards Lane 273","postcode":"N12 8NR","opening_hours":"Mo-Sa 08:00-21:00; Su 11:00-17:00"}},{"type":"Feature","geometry":{"type":"Point","coordinates":[0.1847,51.48013]},"properties":{"name":"Morrisons","brand":"Morrisons","address":"James Watt Way","postcode":"DA8 2AH","opening_hours":"Mo-Sa 07:00-22:00; Su 10:00-16:00"}},{"type":"Feature","geometry":{"type":"Point","coordinates":[-0.38543,51.51231]},"properties":{"name":"Tamilini Cash & Carry","brand":"","address":"The Broadway 195;197","postcode":"UB1 1LZ","opening_hours":""}}]}