{"type":"FeatureCollection","meta":{"id":"tube-rail","generated":"2026-04-05","count":715,"source":"OpenStreetMap via Overpass API","vintage":"OSM snapshot at generation date"},"features":[{"type":"Feature","geometry":{"type":"Point","coordinates":[-0.41431,51.37288]},"properties":{"name":"Walton-on-Thames","type":"rail","network":"National Rail","zone":""}},{"type":"Feature","geometry":{"type":"Point","coordinates":[-0.22631,51.50607]},"properties":{"name":"Shepherd's Bush Market","type":"tube","network":"London Underground","zone":"2"}},{"type":"Feature","geometry":{"type":"Point","coordinates":[-0.47183,51.50974]},"properties":{"name":"West Drayton","type":"elizabeth","network":"National Rail;Elizabeth line","zone":"6"}},{"type":"Feature","geometry":{"type":"Point","coordinates":[-0.19232,51.60084]},"properties":{"name":"Finchley Central","type":"tube","network":"London Underground","zone":"4"}},{"type":"Feature","geometry":{"type":"Point","coordinates":[0.10572,51.39474]},"properties":{"name":"St Mary Cray","type":"rail","network":"National Rail","zone":"6"}},{"type":"Feature","geometry":{"type":"Point","coordinates":[-0.2488,51.61267]},"properties":{"name":"Mill Hill Broadway","type":"rail","network":"National Rail","zone":"4"}},{"type":"Feature","geometry":{"type":"Point","coordinates":[-0.02615,51.44447]},"properties":{"name":"Catford","type":"rail","network":"National Rail","zone":"3"}},{"type":"Feature","geometry":{"type":"Point","coordinates":[-0.15588,51.49223]},"properties":{"name":"Sloane Square","type":"tube","network":"London Underground","zone":"1"}},{"type":"Feature","geometry":{"type":"Point","coordinates":[0.06397,51.50848]},"properties":{"name":"Cyprus","type":"dlr","network":"Docklands Light Railway","zone":"3"}},{"type":"Feature","geometry":{"type":"Point","coordinates":[-0.20521,51.42203]},"properties":{"name":"Wimbledon","type":"tube","network":"National Rail;London Underground;London Trams","zone":"3"}},{"type":"Feature","geometry":{"type":"Point","coordinates":[-0.09522,51.51189]},"properties":{"name":"Mansion House","type":"tube","network":"London Underground","zone":"1"}},{"type":"Feature","geometry":{"type":"Point","coordinates":[-0.35928,51.55752]},"properties":{"name":"Northolt Park","type":"rail","network":"National Rail","zone":"5"}},{"type":"Feature","geometry":{"type":"Point","coordinates":[-0.36318,51.58516]},"properties":{"name":"North Harrow","type":"tube","network":"London Underground","zone":"5"}},{"type":"Feature","geometry":{"type":"Point","coordinates":[-0.33487,51.59222]},"properties":{"name":"Harrow & Wealdstone","type":"tube","network":"London Underground;London Overground;National Rail","zone":"5"}},{"type":"Feature","geometry":{"type":"Point","coordinates":[-0.28875,51.51749]},"properties":{"name":"North Ealing","type":"tube","network":"London Underground","zone":"3"}},{"type":"Feature","geometry":{"type":"Point","coordinates":[-0.38181,51.68652]},"properties":{"name":"Garston","type":"rail","network":"National Rail","zone":""}},{"type":"Feature","geometry":{"type":"Point","coordinates":[-0.39029,51.67504]},"properties":{"name":"Watford North","type":"rail","network":"National Rail","zone":""}},{"type":"Feature","geometry":{"type":"Point","coordinates":[-0.3925,51.65223]},"properties":{"name":"Watford High Street","type":"overground","network":"London Overground","zone":"8"}},{"type":"Feature","geometry":{"type":"Point","coordinates":[-0.51819,51.58062]},"properties":{"name":"Denham Golf Club","type":"rail","network":"National Rail","zone":""}},{"type":"Feature","geometry":{"type":"Point","coordinates":[-0.49752,51.57872]},"properties":{"name":"Denham","type":"rail","network":"National Rail","zone":""}},{"type":"Feature","geometry":{"type":"Point","coordinates":[-0.41046,51.56066]},"properties":{"name":"Ruislip Gardens","type":"tube","network":"London Underground","zone":"5"}},{"type":"Feature","geometry":{"type":"Point","coordinates":[-0.30851,51.57031]},"properties":{"name":"South Kenton","type":"tube","network":"London Underground;London Overground","zone":"4"}},{"type":"Feature","geometry":{"type":"Point","coordinates":[-0.30387,51.5624]},"properties":{"name":"North Wembley","type":"tube","network":"London Underground;London Overground","zone":"4"}},{"type":"Feature","geometry":{"type":"Point","coordinates":[-0.33619,51.55853]},"properties":{"name":"Sudbury Hill Harrow","type":"rail","network":"National Rail","zone":"4"}},{"type":"Feature","geometry":{"type":"Point","coordinates":[-0.15972,51.43562]},"properties":{"name":"Tooting Bec","type":"tube","network":"London Underground","zone":"3"}},{"type":"Feature","geometry":{"type":"Point","coordinates":[-0.12964,51.4653]},"properties":{"name":"Clapham North","type":"tube","network":"London Underground","zone":"2"}},{"type":"Feature","geometry":{"type":"Point","coordinates":[-0.1124,51.48183]},"properties":{"name":"Oval","type":"tube","network":"London Underground","zone":"2"}},{"type":"Feature","geometry":{"type":"Point","coordinates":[-0.10588,51.48829]},"properties":{"name":"Kennington","type":"tube","network":"London Underground","zone":"1;2"}},{"type":"Feature","geometry":{"type":"Point","coordinates":[-0.07497,51.54528]},"properties":{"name":"Dalston Junction","type":"overground","network":"London Overground","zone":"2"}},{"type":"Feature","geometry":{"type":"Point","coordinates":[-0.08833,51.45418]},"properties":{"name":"North Dulwich","type":"rail","network":"National Rail","zone":"2;3"}},{"type":"Feature","geometry":{"type":"Point","coordinates":[-0.02376,51.58152]},"properties":{"name":"Walthamstow Queen's Road","type":"overground","network":"London Overground","zone":"3"}},{"type":"Feature","geometry":{"type":"Point","coordinates":[-0.13459,51.49928]},"properties":{"name":"St. James's Park","type":"tube","network":"London Underground","zone":"1"}},{"type":"Feature","geometry":{"type":"Point","coordinates":[-0.50681,51.50861]},"properties":{"name":"Iver","type":"elizabeth","network":"National Rail;Elizabeth line","zone":""}},{"type":"Feature","geometry":{"type":"Point","coordinates":[-0.12493,51.50136]},"properties":{"name":"Westminster","type":"tube","network":"London Underground","zone":"1"}},{"type":"Feature","geometry":{"type":"Point","coordinates":[-0.33915,51.38906]},"properties":{"name":"Thames Ditton","type":"rail","network":"National Rail","zone":"6"}},{"type":"Feature","geometry":{"type":"Point","coordinates":[-0.13424,51.32206]},"properties":{"name":"Coulsdon Town","type":"rail","network":"National Rail","zone":"6"}},{"type":"Feature","geometry":{"type":"Point","coordinates":[-0.15388,51.31905]},"properties":{"name":"Woodmansterne","type":"rail","network":"National Rail","zone":"6"}},{"type":"Feature","geometry":{"type":"Point","coordinates":[-0.21105,51.29473]},"properties":{"name":"Kingswood","type":"rail","network":"National Rail","zone":"6"}},{"type":"Feature","geometry":{"type":"Point","coordinates":[-0.12342,51.33113]},"properties":{"name":"Reedham","type":"rail","network":"National Rail","zone":"6"}},{"type":"Feature","geometry":{"type":"Point","coordinates":[-0.1147,51.46261]},"properties":{"name":"Brixton","type":"tube","network":"London Underground","zone":"2"}},{"type":"Feature","geometry":{"type":"Point","coordinates":[-0.19886,51.38945]},"properties":{"name":"St. Helier","type":"rail","network":"National Rail","zone":"4"}},{"type":"Feature","geometry":{"type":"Point","coordinates":[-0.1961,51.37543]},"properties":{"name":"Sutton Common","type":"rail","network":"National Rail","zone":"4"}},{"type":"Feature","geometry":{"type":"Point","coordinates":[-0.04165,51.58672]},"properties":{"name":"Blackhorse Road","type":"tube","network":"London Underground;London Overground","zone":"3"}},{"type":"Feature","geometry":{"type":"Point","coordinates":[0.18261,51.57473]},"properties":{"name":"Romford","type":"overground","network":"National Rail;London Overground;Elizabeth line","zone":"6"}},{"type":"Feature","geometry":{"type":"Point","coordinates":[-0.14755,51.45284]},"properties":{"name":"Clapham South","type":"tube","network":"London Underground","zone":"2;3"}},{"type":"Feature","geometry":{"type":"Point","coordinates":[-0.1529,51.44339]},"properties":{"name":"Balham","type":"tube","network":"London Underground","zone":"3"}},{"type":"Feature","geometry":{"type":"Point","coordinates":[-0.16829,51.42774]},"properties":{"name":"Tooting Broadway","type":"tube","network":"London Underground","zone":"3"}},{"type":"Feature","geometry":{"type":"Point","coordinates":[-0.17786,51.41827]},"properties":{"name":"Colliers Wood","type":"tube","network":"London Underground","zone":"3"}},{"type":"Feature","geometry":{"type":"Point","coordinates":[-0.19265,51.41518]},"properties":{"name":"South Wimbledon","type":"tube","network":"London Underground","zone":"3;4"}},{"type":"Feature","geometry":{"type":"Point","coordinates":[0.04541,51.57632]},"properties":{"name":"Redbridge","type":"tube","network":"London Underground","zone":"4"}},{"type":"Feature","geometry":{"type":"Point","coordinates":[-0.304,51.39241]},"properties":{"name":"Surbiton","type":"rail","network":"National Rail","zone":"6"}},{"type":"Feature","geometry":{"type":"Point","coordinates":[-0.23961,51.39487]},"properties":{"name":"Motspur Park","type":"rail","network":"National Rail","zone":"4"}},{"type":"Feature","geometry":{"type":"Point","coordinates":[-0.20552,51.40333]},"properties":{"name":"South Merton","type":"rail","network":"National Rail","zone":"4"}},{"type":"Feature","geometry":{"type":"Point","coordinates":[-0.23888,51.58022]},"properties":{"name":"Hendon","type":"rail","network":"National Rail","zone":"3;4"}},{"type":"Feature","geometry":{"type":"Point","coordinates":[-0.31709,51.68533]},"properties":{"name":"Radlett","type":"rail","network":"National Rail","zone":""}},{"type":"Feature","geometry":{"type":"Point","coordinates":[-0.08761,51.52563]},"properties":{"name":"Old Street","type":"tube","network":"National Rail;London Underground","zone":"1"}},{"type":"Feature","geometry":{"type":"Point","coordinates":[0.0178,51.4092]},"properties":{"name":"Bromley North","type":"rail","network":"National Rail","zone":"4"}},{"type":"Feature","geometry":{"type":"Point","coordinates":[-0.31664,51.58153]},"properties":{"name":"Kenton","type":"tube","network":"London Underground;London Overground","zone":"4"}},{"type":"Feature","geometry":{"type":"Point","coordinates":[-0.12395,51.53061]},"properties":{"name":"King's Cross St Pancras","type":"tube","network":"London Underground","zone":"1"}},{"type":"Feature","geometry":{"type":"Point","coordinates":[-0.11744,51.36733]},"properties":{"name":"Waddon","type":"rail","network":"National Rail","zone":"5"}},{"type":"Feature","geometry":{"type":"Point","coordinates":[-0.1225,51.47221]},"properties":{"name":"Stockwell","type":"tube","network":"London Underground","zone":"2"}},{"type":"Feature","geometry":{"type":"Point","coordinates":[-0.10749,51.55838]},"properties":{"name":"Arsenal","type":"tube","network":"London Underground","zone":"2"}},{"type":"Feature","geometry":{"type":"Point","coordinates":[-0.09776,51.5297]},"properties":{"name":"City Road","type":"tube","network":"London Underground","zone":""}},{"type":"Feature","geometry":{"type":"Point","coordinates":[-0.446,51.45909]},"properties":{"name":"Heathrow Terminal 4","type":"elizabeth","network":"National Rail;Elizabeth line","zone":"6"}},{"type":"Feature","geometry":{"type":"Point","coordinates":[-0.10204,51.37881]},"properties":{"name":"West Croydon","type":"overground","network":"National Rail;London Overground","zone":"5"}},{"type":"Feature","geometry":{"type":"Point","coordinates":[-0.13533,51.48916]},"properties":{"name":"Pimlico","type":"tube","network":"London Underground","zone":"1"}},{"type":"Feature","geometry":{"type":"Point","coordinates":[0.05494,51.50876]},"properties":{"name":"Beckton Park","type":"dlr","network":"Docklands Light Railway","zone":"3"}},{"type":"Feature","geometry":{"type":"Point","coordinates":[-0.09273,51.37584]},"properties":{"name":"East Croydon","type":"rail","network":"National Rail","zone":"5"}},{"type":"Feature","geometry":{"type":"Point","coordinates":[-0.14315,51.49637]},"properties":{"name":"Victoria","type":"tube","network":"London Underground","zone":"1"}},{"type":"Feature","geometry":{"type":"Point","coordinates":[0.25168,51.55897]},"properties":{"name":"Upminster","type":"tube","network":"National Rail;London Underground;London Overground","zone":"6"}},{"type":"Feature","geometry":{"type":"Point","coordinates":[-0.28005,51.56363]},"properties":{"name":"Wembley Park","type":"tube","network":"London Underground","zone":"4"}},{"type":"Feature","geometry":{"type":"Point","coordinates":[-0.43182,51.59301]},"properties":{"name":"Willow Lawn","type":"rail","network":"","zone":""}},{"type":"Feature","geometry":{"type":"Point","coordinates":[-0.42909,51.58873]},"properties":{"name":"Woody Bay","type":"rail","network":"","zone":""}},{"type":"Feature","geometry":{"type":"Point","coordinates":[-0.10641,51.56483]},"properties":{"name":"Finsbury Park","type":"tube","network":"National Rail;London Underground","zone":"2"}},{"type":"Feature","geometry":{"type":"Point","coordinates":[-0.4238,51.66228]},"properties":{"name":"Cassiobury Park Station","type":"rail","network":"","zone":""}},{"type":"Feature","geometry":{"type":"Point","coordinates":[-0.42744,51.59704]},"properties":{"name":"Haste Hill","type":"rail","network":"","zone":""}},{"type":"Feature","geometry":{"type":"Point","coordinates":[-0.38492,51.64548]},"properties":{"name":"Bushey","type":"overground","network":"National Rail;London Overground","zone":"8"}},{"type":"Feature","geometry":{"type":"Point","coordinates":[-0.10527,51.57756]},"properties":{"name":"Harringay","type":"rail","network":"National Rail","zone":"3"}},{"type":"Feature","geometry":{"type":"Point","coordinates":[-0.15674,51.52259]},"properties":{"name":"Baker Street","type":"tube","network":"London Underground","zone":"1"}},{"type":"Feature","geometry":{"type":"Point","coordinates":[-0.17536,51.51548]},"properties":{"name":"Paddington","type":"tube","network":"London Underground","zone":"1"}},{"type":"Feature","geometry":{"type":"Point","coordinates":[-0.13482,51.56531]},"properties":{"name":"Archway","type":"tube","network":"London Underground","zone":"2;3"}},{"type":"Feature","geometry":{"type":"Point","coordinates":[-0.24814,51.51735]},"properties":{"name":"East Acton","type":"tube","network":"London Underground","zone":"2"}},{"type":"Feature","geometry":{"type":"Point","coordinates":[-0.12779,51.43833]},"properties":{"name":"Streatham Hill","type":"rail","network":"National Rail","zone":"3"}},{"type":"Feature","geometry":{"type":"Point","coordinates":[0.02159,51.5808]},"properties":{"name":"Snaresbrook","type":"tube","network":"London Underground","zone":"4"}},{"type":"Feature","geometry":{"type":"Point","coordinates":[-0.33933,51.43919]},"properties":{"name":"Strawberry Hill","type":"rail","network":"National Rail","zone":"5"}},{"type":"Feature","geometry":{"type":"Point","coordinates":[-0.08937,51.5131]},"properties":{"name":"Bank","type":"tube","network":"London Underground;Docklands Light Railway","zone":"1"}},{"type":"Feature","geometry":{"type":"Point","coordinates":[-0.44547,51.45881]},"properties":{"name":"Heathrow Terminal 4","type":"tube","network":"London Underground","zone":"6"}},{"type":"Feature","geometry":{"type":"Point","coordinates":[-0.21441,51.49035]},"properties":{"name":"Barons Court","type":"tube","network":"London Underground","zone":"2"}},{"type":"Feature","geometry":{"type":"Point","coordinates":[-0.1331,51.61643]},"properties":{"name":"Arnos Grove","type":"tube","network":"London Underground","zone":"4"}},{"type":"Feature","geometry":{"type":"Point","coordinates":[-0.10604,51.53249]},"properties":{"name":"Angel","type":"tube","network":"London Underground","zone":"1"}},{"type":"Feature","geometry":{"type":"Point","coordinates":[-0.1427,51.53944]},"properties":{"name":"Camden Town","type":"tube","network":"London Underground","zone":"2"}},{"type":"Feature","geometry":{"type":"Point","coordinates":[-0.16481,51.58719]},"properties":{"name":"East Finchley","type":"tube","network":"London Underground","zone":"3"}},{"type":"Feature","geometry":{"type":"Point","coordinates":[-0.14583,51.57768]},"properties":{"name":"Highgate","type":"tube","network":"London Underground","zone":"3"}},{"type":"Feature","geometry":{"type":"Point","coordinates":[-0.13846,51.5568]},"properties":{"name":"Tufnell Park","type":"tube","network":"London Underground","zone":"2"}},{"type":"Feature","geometry":{"type":"Point","coordinates":[-0.22655,51.5834]},"properties":{"name":"Hendon Central","type":"tube","network":"London Underground","zone":"3;4"}},{"type":"Feature","geometry":{"type":"Point","coordinates":[-0.19388,51.6504]},"properties":{"name":"High Barnet","type":"tube","network":"London Underground","zone":"5"}},{"type":"Feature","geometry":{"type":"Point","coordinates":[-0.21397,51.57682]},"properties":{"name":"Brent Cross","type":"tube","network":"London Underground","zone":"3"}},{"type":"Feature","geometry":{"type":"Point","coordinates":[-0.3448,51.54212]},"properties":{"name":"Greenford","type":"tube","network":"National Rail;London Underground","zone":"4"}},{"type":"Feature","geometry":{"type":"Point","coordinates":[0.02607,51.55176]},"properties":{"name":"Wanstead Park","type":"overground","network":"London Overground","zone":"3"}},{"type":"Feature","geometry":{"type":"Point","coordinates":[0.00854,51.56353]},"properties":{"name":"Leytonstone High Road","type":"overground","network":"London Overground","zone":"3"}},{"type":"Feature","geometry":{"type":"Point","coordinates":[-0.21015,51.60827]},"properties":{"name":"Mill Hill East","type":"tube","network":"London Underground","zone":"4"}},{"type":"Feature","geometry":{"type":"Point","coordinates":[-0.18833,51.60943]},"properties":{"name":"West Finchley","type":"tube","network":"London Underground","zone":"4"}},{"type":"Feature","geometry":{"type":"Point","coordinates":[-0.18552,51.61794]},"properties":{"name":"Woodside Park","type":"tube","network":"London Underground","zone":"4"}},{"type":"Feature","geometry":{"type":"Point","coordinates":[0.11399,51.69363]},"properties":{"name":"Epping","type":"tube","network":"London Underground","zone":"6"}},{"type":"Feature","geometry":{"type":"Point","coordinates":[0.33002,51.63064]},"properties":{"name":"Shenfield","type":"elizabeth","network":"National Rail;Elizabeth line","zone":""}},{"type":"Feature","geometry":{"type":"Point","coordinates":[0.06891,51.55894]},"properties":{"name":"Ilford","type":"elizabeth","network":"National Rail;Elizabeth line","zone":"4"}},{"type":"Feature","geometry":{"type":"Point","coordinates":[0.09687,51.56394]},"properties":{"name":"Seven Kings","type":"elizabeth","network":"National Rail;Elizabeth line","zone":"4"}},{"type":"Feature","geometry":{"type":"Point","coordinates":[-0.35222,51.56465]},"properties":{"name":"South Harrow","type":"tube","network":"London Underground","zone":"5"}},{"type":"Feature","geometry":{"type":"Point","coordinates":[-0.31562,51.55075]},"properties":{"name":"Sudbury Town","type":"tube","network":"London Underground","zone":"4"}},{"type":"Feature","geometry":{"type":"Point","coordinates":[-0.26281,51.50872]},"properties":{"name":"Acton Central","type":"overground","network":"London Overground","zone":"3"}},{"type":"Feature","geometry":{"type":"Point","coordinates":[-0.33625,51.55688]},"properties":{"name":"Sudbury Hill","type":"tube","network":"London Underground","zone":"4"}},{"type":"Feature","geometry":{"type":"Point","coordinates":[-0.16676,51.52019]},"properties":{"name":"Edgware Road","type":"tube","network":"London Underground","zone":"1"}},{"type":"Feature","geometry":{"type":"Point","coordinates":[-0.14758,51.47761]},"properties":{"name":"Battersea Park","type":"overground","network":"National Rail;London Overground","zone":""}},{"type":"Feature","geometry":{"type":"Point","coordinates":[0.0279,51.46203]},"properties":{"name":"Kidbrooke","type":"rail","network":"National Rail","zone":"3"}},{"type":"Feature","geometry":{"type":"Point","coordinates":[-0.06009,51.51976]},"properties":{"name":"Whitechapel","type":"tube","network":"London Underground;London Overground;Elizabeth line","zone":"2"}},{"type":"Feature","geometry":{"type":"Point","coordinates":[-0.07558,51.53866]},"properties":{"name":"Haggerston","type":"overground","network":"London Overground","zone":"2"}},{"type":"Feature","geometry":{"type":"Point","coordinates":[-0.05197,51.50082]},"properties":{"name":"Rotherhithe","type":"overground","network":"London Overground","zone":"2"}},{"type":"Feature","geometry":{"type":"Point","coordinates":[-0.04783,51.49342]},"properties":{"name":"Surrey Quays","type":"overground","network":"London Overground","zone":"2"}},{"type":"Feature","geometry":{"type":"Point","coordinates":[-0.05602,51.50443]},"properties":{"name":"Wapping","type":"overground","network":"London Overground","zone":"2"}},{"type":"Feature","geometry":{"type":"Point","coordinates":[-0.0896,51.46804]},"properties":{"name":"Denmark Hill","type":"overground","network":"National Rail;London Overground","zone":"2"}},{"type":"Feature","geometry":{"type":"Point","coordinates":[-0.13844,51.46996]},"properties":{"name":"Wandsworth Road","type":"overground","network":"London Overground","zone":"2"}},{"type":"Feature","geometry":{"type":"Point","coordinates":[-0.13231,51.46549]},"properties":{"name":"Clapham High Street","type":"overground","network":"London Overground","zone":"2"}},{"type":"Feature","geometry":{"type":"Point","coordinates":[-0.07565,51.53159]},"properties":{"name":"Hoxton","type":"overground","network":"London Overground","zone":"1;2"}},{"type":"Feature","geometry":{"type":"Point","coordinates":[-0.05705,51.47411]},"properties":{"name":"Queens Road Peckham","type":"overground","network":"National Rail;London Overground","zone":"2"}},{"type":"Feature","geometry":{"type":"Point","coordinates":[-0.0614,51.6245]},"properties":{"name":"Edmonton Green","type":"overground","network":"National Rail;London Overground","zone":"4"}},{"type":"Feature","geometry":{"type":"Point","coordinates":[-0.11335,51.4629]},"properties":{"name":"Brixton","type":"rail","network":"National Rail","zone":"2"}},{"type":"Feature","geometry":{"type":"Point","coordinates":[-0.09863,51.52018]},"properties":{"name":"Barbican","type":"tube","network":"London Underground","zone":"1"}},{"type":"Feature","geometry":{"type":"Point","coordinates":[0.08862,51.58582]},"properties":{"name":"Barkingside","type":"tube","network":"London Underground","zone":"4"}},{"type":"Feature","geometry":{"type":"Point","coordinates":[-0.14942,51.51398]},"properties":{"name":"Bond Street","type":"tube","network":"London Underground","zone":"1"}},{"type":"Feature","geometry":{"type":"Point","coordinates":[0.04682,51.62594]},"properties":{"name":"Buckhurst Hill","type":"tube","network":"London Underground","zone":"5"}},{"type":"Feature","geometry":{"type":"Point","coordinates":[-0.11176,51.51817]},"properties":{"name":"Chancery Lane","type":"tube","network":"London Underground","zone":"1"}},{"type":"Feature","geometry":{"type":"Point","coordinates":[0.07572,51.61764]},"properties":{"name":"Chigwell","type":"tube","network":"London Underground","zone":"4"}},{"type":"Feature","geometry":{"type":"Point","coordinates":[0.08358,51.64528]},"properties":{"name":"Debden","type":"tube","network":"London Underground","zone":"6"}},{"type":"Feature","geometry":{"type":"Point","coordinates":[0.09113,51.59595]},"properties":{"name":"Fairlop","type":"tube","network":"London Underground","zone":"4"}},{"type":"Feature","geometry":{"type":"Point","coordinates":[0.06488,51.57653]},"properties":{"name":"Gants Hill","type":"tube","network":"London Underground","zone":"4"}},{"type":"Feature","geometry":{"type":"Point","coordinates":[0.0925,51.61313]},"properties":{"name":"Grange Hill","type":"tube","network":"London Underground","zone":"4"}},{"type":"Feature","geometry":{"type":"Point","coordinates":[0.09338,51.60331]},"properties":{"name":"Hainault","type":"tube","network":"London Underground","zone":"4"}},{"type":"Feature","geometry":{"type":"Point","coordinates":[-0.03343,51.52534]},"properties":{"name":"Mile End","type":"tube","network":"London Underground","zone":"2"}},{"type":"Feature","geometry":{"type":"Point","coordinates":[-0.08613,51.51063]},"properties":{"name":"Monument","type":"tube","network":"London Underground","zone":"1"}},{"type":"Feature","geometry":{"type":"Point","coordinates":[0.04376,51.61708]},"properties":{"name":"Roding Valley","type":"tube","network":"London Underground","zone":"4"}},{"type":"Feature","geometry":{"type":"Point","coordinates":[-0.39611,51.66394]},"properties":{"name":"Watford Junction","type":"overground","network":"National Rail;London Overground","zone":""}},{"type":"Feature","geometry":{"type":"Point","coordinates":[-0.16933,51.30934]},"properties":{"name":"Chipstead","type":"rail","network":"National Rail","zone":"6"}},{"type":"Feature","geometry":{"type":"Point","coordinates":[-0.3081,51.35675]},"properties":{"name":"Chessington South","type":"rail","network":"National Rail","zone":"6"}},{"type":"Feature","geometry":{"type":"Point","coordinates":[-0.10455,51.51996]},"properties":{"name":"Farringdon","type":"tube","network":"National Rail;London Underground;Elizabeth line","zone":"1"}},{"type":"Feature","geometry":{"type":"Point","coordinates":[-0.12826,51.51146]},"properties":{"name":"Leicester Square","type":"tube","network":"London Underground","zone":"1"}},{"type":"Feature","geometry":{"type":"Point","coordinates":[-0.34906,51.43391]},"properties":{"name":"Fulwell","type":"rail","network":"National Rail","zone":"6"}},{"type":"Feature","geometry":{"type":"Point","coordinates":[-0.37215,51.41591]},"properties":{"name":"Hampton","type":"rail","network":"National Rail","zone":"6"}},{"type":"Feature","geometry":{"type":"Point","coordinates":[-0.40949,51.421]},"properties":{"name":"Kempton Park","type":"rail","network":"National Rail","zone":""}},{"type":"Feature","geometry":{"type":"Point","coordinates":[-0.41735,51.41832]},"properties":{"name":"Sunbury","type":"rail","network":"National Rail","zone":""}},{"type":"Feature","geometry":{"type":"Point","coordinates":[-0.4308,51.41321]},"properties":{"name":"Upper Halliford","type":"rail","network":"National Rail","zone":""}},{"type":"Feature","geometry":{"type":"Point","coordinates":[-0.44691,51.3969]},"properties":{"name":"Shepperton","type":"rail","network":"National Rail","zone":""}},{"type":"Feature","geometry":{"type":"Point","coordinates":[-0.14629,51.47522]},"properties":{"name":"Queenstown Road","type":"rail","network":"National Rail","zone":"2"}},{"type":"Feature","geometry":{"type":"Point","coordinates":[-0.12275,51.48585]},"properties":{"name":"Vauxhall","type":"rail","network":"National Rail","zone":"1;2"}},{"type":"Feature","geometry":{"type":"Point","coordinates":[-0.34063,51.37506]},"properties":{"name":"Hinchley Wood","type":"rail","network":"National Rail","zone":""}},{"type":"Feature","geometry":{"type":"Point","coordinates":[-0.06066,51.4175]},"properties":{"name":"Penge West","type":"overground","network":"National Rail;London Overground","zone":"4"}},{"type":"Feature","geometry":{"type":"Point","coordinates":[0.10163,51.46482]},"properties":{"name":"Welling","type":"rail","network":"National Rail","zone":"4"}},{"type":"Feature","geometry":{"type":"Point","coordinates":[0.15965,51.46502]},"properties":{"name":"Barnehurst","type":"rail","network":"National Rail","zone":"6"}},{"type":"Feature","geometry":{"type":"Point","coordinates":[0.05227,51.45559]},"properties":{"name":"Eltham","type":"rail","network":"National Rail","zone":"4"}},{"type":"Feature","geometry":{"type":"Point","coordinates":[0.17519,51.48158]},"properties":{"name":"Erith","type":"rail","network":"National Rail","zone":"6"}},{"type":"Feature","geometry":{"type":"Point","coordinates":[-0.18825,51.46096]},"properties":{"name":"Wandsworth Town","type":"rail","network":"National Rail","zone":"2"}},{"type":"Feature","geometry":{"type":"Point","coordinates":[-0.28091,51.39901]},"properties":{"name":"Berrylands","type":"rail","network":"National Rail","zone":"5"}},{"type":"Feature","geometry":{"type":"Point","coordinates":[-0.25576,51.40396]},"properties":{"name":"New Malden","type":"rail","network":"National Rail","zone":"4"}},{"type":"Feature","geometry":{"type":"Point","coordinates":[-0.10356,51.51513]},"properties":{"name":"City Thameslink","type":"rail","network":"National Rail","zone":"1"}},{"type":"Feature","geometry":{"type":"Point","coordinates":[-0.08252,51.51768]},"properties":{"name":"Liverpool Street","type":"tube","network":"London Underground","zone":"1"}},{"type":"Feature","geometry":{"type":"Point","coordinates":[-0.08143,51.51821]},"properties":{"name":"London Liverpool Street","type":"overground","network":"National Rail;London Overground;Elizabeth line","zone":"1"}},{"type":"Feature","geometry":{"type":"Point","coordinates":[-0.09036,51.51138]},"properties":{"name":"Cannon Street","type":"tube","network":"London Underground","zone":"1"}},{"type":"Feature","geometry":{"type":"Point","coordinates":[-0.0906,51.51067]},"properties":{"name":"London Cannon Street","type":"rail","network":"National Rail","zone":"1"}},{"type":"Feature","geometry":{"type":"Point","coordinates":[-0.13455,51.50982]},"properties":{"name":"Piccadilly Circus","type":"tube","network":"London Underground","zone":"1"}},{"type":"Feature","geometry":{"type":"Point","coordinates":[-0.1128,51.50284]},"properties":{"name":"London Waterloo","type":"rail","network":"National Rail","zone":"1"}},{"type":"Feature","geometry":{"type":"Point","coordinates":[-0.11398,51.503]},"properties":{"name":"Waterloo","type":"tube","network":"London Underground","zone":"1"}},{"type":"Feature","geometry":{"type":"Point","coordinates":[-0.26125,51.38472]},"properties":{"name":"Malden Manor","type":"rail","network":"National Rail","zone":"4"}},{"type":"Feature","geometry":{"type":"Point","coordinates":[-0.27944,51.37687]},"properties":{"name":"Tolworth","type":"rail","network":"National Rail","zone":"5"}},{"type":"Feature","geometry":{"type":"Point","coordinates":[-0.30073,51.36398]},"properties":{"name":"Chessington North","type":"rail","network":"National Rail","zone":"6"}},{"type":"Feature","geometry":{"type":"Point","coordinates":[-0.13131,51.42596]},"properties":{"name":"Streatham","type":"rail","network":"National Rail","zone":"3"}},{"type":"Feature","geometry":{"type":"Point","coordinates":[-0.12639,51.50797]},"properties":{"name":"Charing Cross","type":"tube","network":"London Underground","zone":"1"}},{"type":"Feature","geometry":{"type":"Point","coordinates":[-0.09872,51.49404]},"properties":{"name":"Elephant & Castle","type":"rail","network":"National Rail","zone":"1;2"}},{"type":"Feature","geometry":{"type":"Point","coordinates":[-0.10057,51.49489]},"properties":{"name":"Elephant & Castle","type":"tube","network":"London Underground","zone":"1;2"}},{"type":"Feature","geometry":{"type":"Point","coordinates":[-0.19089,51.35968]},"properties":{"name":"Sutton","type":"rail","network":"National Rail","zone":"5"}},{"type":"Feature","geometry":{"type":"Point","coordinates":[-0.127,51.53272]},"properties":{"name":"London St. Pancras International","type":"rail","network":"National Rail","zone":"1"}},{"type":"Feature","geometry":{"type":"Point","coordinates":[-0.13419,51.52885]},"properties":{"name":"London Euston","type":"overground","network":"National Rail;London Overground","zone":""}},{"type":"Feature","geometry":{"type":"Point","coordinates":[-0.13387,51.52829]},"properties":{"name":"Euston","type":"tube","network":"London Underground","zone":"1"}},{"type":"Feature","geometry":{"type":"Point","coordinates":[-0.24118,51.46678]},"properties":{"name":"Barnes","type":"rail","network":"National Rail","zone":"3"}},{"type":"Feature","geometry":{"type":"Point","coordinates":[-0.3532,51.38005]},"properties":{"name":"Esher","type":"rail","network":"National Rail","zone":""}},{"type":"Feature","geometry":{"type":"Point","coordinates":[-0.31235,51.41456]},"properties":{"name":"Hampton Wick","type":"rail","network":"National Rail","zone":"6"}},{"type":"Feature","geometry":{"type":"Point","coordinates":[-0.21451,51.35566]},"properties":{"name":"Cheam","type":"rail","network":"National Rail","zone":"5"}},{"type":"Feature","geometry":{"type":"Point","coordinates":[-0.12007,51.51711]},"properties":{"name":"Holborn","type":"tube","network":"London Underground","zone":"1"}},{"type":"Feature","geometry":{"type":"Point","coordinates":[0.19718,51.31293]},"properties":{"name":"Otford","type":"rail","network":"National Rail","zone":""}},{"type":"Feature","geometry":{"type":"Point","coordinates":[-0.42006,51.2913]},"properties":{"name":"Effingham Junction","type":"rail","network":"National Rail","zone":""}},{"type":"Feature","geometry":{"type":"Point","coordinates":[-0.05692,51.51125]},"properties":{"name":"Shadwell","type":"overground","network":"London Overground","zone":"2"}},{"type":"Feature","geometry":{"type":"Point","coordinates":[-0.21479,51.41025]},"properties":{"name":"Wimbledon Chase","type":"rail","network":"National Rail","zone":"3"}},{"type":"Feature","geometry":{"type":"Point","coordinates":[-0.28658,51.46532]},"properties":{"name":"North Sheen","type":"rail","network":"National Rail","zone":"3"}},{"type":"Feature","geometry":{"type":"Point","coordinates":[-0.19904,51.43406]},"properties":{"name":"Wimbledon Park","type":"tube","network":"London Underground","zone":"3"}},{"type":"Feature","geometry":{"type":"Point","coordinates":[-0.23579,51.49413]},"properties":{"name":"Ravenscourt Park","type":"tube","network":"London Underground","zone":"2"}},{"type":"Feature","geometry":{"type":"Point","coordinates":[-0.18293,51.4751]},"properties":{"name":"Imperial Wharf","type":"overground","network":"National Rail;London Overground","zone":"2"}},{"type":"Feature","geometry":{"type":"Point","coordinates":[-0.18769,51.4424]},"properties":{"name":"Earlsfield","type":"rail","network":"National Rail","zone":"3"}},{"type":"Feature","geometry":{"type":"Point","coordinates":[-0.50522,51.33962]},"properties":{"name":"West Byfleet","type":"rail","network":"National Rail","zone":""}},{"type":"Feature","geometry":{"type":"Point","coordinates":[-0.16132,51.41985]},"properties":{"name":"Tooting","type":"rail","network":"National Rail","zone":"3"}},{"type":"Feature","geometry":{"type":"Point","coordinates":[-0.18834,51.42536]},"properties":{"name":"Haydons Road","type":"rail","network":"National Rail","zone":"3"}},{"type":"Feature","geometry":{"type":"Point","coordinates":[-0.16352,51.44612]},"properties":{"name":"Wandsworth Common","type":"rail","network":"National Rail","zone":"3"}},{"type":"Feature","geometry":{"type":"Point","coordinates":[-0.10377,51.51159]},"properties":{"name":"Blackfriars","type":"tube","network":"London Underground","zone":"1"}},{"type":"Feature","geometry":{"type":"Point","coordinates":[-0.14458,51.49473]},"properties":{"name":"London Victoria","type":"rail","network":"National Rail","zone":"1"}},{"type":"Feature","geometry":{"type":"Point","coordinates":[-0.11201,51.49893]},"properties":{"name":"Lambeth North","type":"tube","network":"London Underground","zone":"1"}},{"type":"Feature","geometry":{"type":"Point","coordinates":[-0.07572,51.51425]},"properties":{"name":"Aldgate","type":"tube","network":"London Underground","zone":"1"}},{"type":"Feature","geometry":{"type":"Point","coordinates":[-0.07493,51.58247]},"properties":{"name":"Seven Sisters","type":"tube","network":"National Rail;London Underground;London Overground","zone":"3"}},{"type":"Feature","geometry":{"type":"Point","coordinates":[-0.48598,51.47098]},"properties":{"name":"Gates A1-A23","type":"rail","network":"Heathrow Airport","zone":""}},{"type":"Feature","geometry":{"type":"Point","coordinates":[-0.48127,51.471]},"properties":{"name":"Gates B32-B48","type":"rail","network":"Heathrow Airport","zone":""}},{"type":"Feature","geometry":{"type":"Point","coordinates":[-0.47607,51.47098]},"properties":{"name":"Gates C52-C66","type":"rail","network":"Heathrow Airport","zone":""}},{"type":"Feature","geometry":{"type":"Point","coordinates":[-0.20661,51.44578]},"properties":{"name":"Southfields","type":"tube","network":"London Underground","zone":"3"}},{"type":"Feature","geometry":{"type":"Point","coordinates":[-0.30739,51.31792]},"properties":{"name":"Ashtead","type":"rail","network":"National Rail","zone":""}},{"type":"Feature","geometry":{"type":"Point","coordinates":[-0.12486,51.48601]},"properties":{"name":"Vauxhall","type":"tube","network":"London Underground","zone":"1;2"}},{"type":"Feature","geometry":{"type":"Point","coordinates":[0.08872,51.3736]},"properties":{"name":"Orpington","type":"rail","network":"National Rail","zone":"6"}},{"type":"Feature","geometry":{"type":"Point","coordinates":[-0.10228,51.45347]},"properties":{"name":"Herne Hill","type":"rail","network":"National Rail","zone":"2;3"}},{"type":"Feature","geometry":{"type":"Point","coordinates":[-0.38941,51.31792]},"properties":{"name":"Cobham & Stoke d'Abernon","type":"rail","network":"National Rail","zone":""}},{"type":"Feature","geometry":{"type":"Point","coordinates":[-0.23844,51.32425]},"properties":{"name":"Epsom Downs","type":"rail","network":"National Rail","zone":"6"}},{"type":"Feature","geometry":{"type":"Point","coordinates":[-0.48122,51.34968]},"properties":{"name":"Byfleet and New Haw","type":"rail","network":"National Rail","zone":""}},{"type":"Feature","geometry":{"type":"Point","coordinates":[0.14795,51.44024]},"properties":{"name":"Bexley","type":"rail","network":"National Rail","zone":"6"}},{"type":"Feature","geometry":{"type":"Point","coordinates":[-0.45808,51.36144]},"properties":{"name":"Weybridge","type":"rail","network":"National Rail","zone":""}},{"type":"Feature","geometry":{"type":"Point","coordinates":[-0.15144,51.44283]},"properties":{"name":"Balham","type":"rail","network":"National Rail","zone":"3"}},{"type":"Feature","geometry":{"type":"Point","coordinates":[-0.26737,51.46806]},"properties":{"name":"Mortlake","type":"rail","network":"National Rail","zone":"3"}},{"type":"Feature","geometry":{"type":"Point","coordinates":[-0.30768,51.50086]},"properties":{"name":"South Ealing","type":"tube","network":"London Underground","zone":"3"}},{"type":"Feature","geometry":{"type":"Point","coordinates":[-0.08515,51.50488]},"properties":{"name":"London Bridge","type":"rail","network":"National Rail","zone":"1"}},{"type":"Feature","geometry":{"type":"Point","coordinates":[-0.20448,51.36626]},"properties":{"name":"West Sutton","type":"rail","network":"National Rail","zone":"5"}},{"type":"Feature","geometry":{"type":"Point","coordinates":[0.19418,51.29011]},"properties":{"name":"Bat & Ball","type":"rail","network":"National Rail","zone":""}},{"type":"Feature","geometry":{"type":"Point","coordinates":[0.20421,51.36233]},"properties":{"name":"Eynsford","type":"rail","network":"National Rail","zone":""}},{"type":"Feature","geometry":{"type":"Point","coordinates":[0.07056,51.49189]},"properties":{"name":"Woolwich","type":"elizabeth","network":"Elizabeth line","zone":"4"}},{"type":"Feature","geometry":{"type":"Point","coordinates":[0.03398,51.53511]},"properties":{"name":"Upton Park","type":"tube","network":"London Underground","zone":"3"}},{"type":"Feature","geometry":{"type":"Point","coordinates":[-0.13736,51.46207]},"properties":{"name":"Clapham Common","type":"tube","network":"London Underground","zone":"2"}},{"type":"Feature","geometry":{"type":"Point","coordinates":[-0.22424,51.51193]},"properties":{"name":"White City","type":"tube","network":"London Underground","zone":"2"}},{"type":"Feature","geometry":{"type":"Point","coordinates":[-0.01301,51.46499]},"properties":{"name":"Lewisham DLR","type":"dlr","network":"Docklands Light Railway","zone":"2;3"}},{"type":"Feature","geometry":{"type":"Point","coordinates":[-0.17875,51.51851]},"properties":{"name":"Paddington (Circle and Hammersmith & City lines)","type":"tube","network":"London Underground","zone":"1"}},{"type":"Feature","geometry":{"type":"Point","coordinates":[-0.41028,51.44784]},"properties":{"name":"Feltham","type":"rail","network":"National Rail","zone":"6"}},{"type":"Feature","geometry":{"type":"Point","coordinates":[-0.32022,51.45515]},"properties":{"name":"St Margarets","type":"rail","network":"National Rail","zone":"4"}},{"type":"Feature","geometry":{"type":"Point","coordinates":[-0.36254,51.3361]},"properties":{"name":"Oxshott","type":"rail","network":"National Rail","zone":""}},{"type":"Feature","geometry":{"type":"Point","coordinates":[-0.34841,51.36106]},"properties":{"name":"Claygate","type":"rail","network":"National Rail","zone":""}},{"type":"Feature","geometry":{"type":"Point","coordinates":[0.02743,51.59178]},"properties":{"name":"South Woodford","type":"tube","network":"London Underground","zone":"4"}},{"type":"Feature","geometry":{"type":"Point","coordinates":[-0.43704,51.5695]},"properties":{"name":"West Ruislip","type":"tube","network":"National Rail;London Underground","zone":"6"}},{"type":"Feature","geometry":{"type":"Point","coordinates":[-0.34252,51.40202]},"properties":{"name":"Hampton Court","type":"rail","network":"National Rail","zone":"6"}},{"type":"Feature","geometry":{"type":"Point","coordinates":[-0.23586,51.29142]},"properties":{"name":"Tadworth","type":"rail","network":"National Rail","zone":"6"}},{"type":"Feature","geometry":{"type":"Point","coordinates":[-0.07084,51.51562]},"properties":{"name":"Aldgate East","type":"tube","network":"London Underground","zone":"1"}},{"type":"Feature","geometry":{"type":"Point","coordinates":[-0.20155,51.47508]},"properties":{"name":"Parsons Green","type":"tube","network":"London Underground","zone":"2"}},{"type":"Feature","geometry":{"type":"Point","coordinates":[-0.07742,51.51133]},"properties":{"name":"London Fenchurch Street","type":"rail","network":"National Rail","zone":"1"}},{"type":"Feature","geometry":{"type":"Point","coordinates":[-0.19435,51.48088]},"properties":{"name":"Fulham Broadway","type":"tube","network":"London Underground","zone":"2"}},{"type":"Feature","geometry":{"type":"Point","coordinates":[0.01668,51.53115]},"properties":{"name":"Plaistow","type":"tube","network":"London Underground","zone":"3"}},{"type":"Feature","geometry":{"type":"Point","coordinates":[-0.02479,51.52685]},"properties":{"name":"Bow Road","type":"tube","network":"London Underground","zone":"2"}},{"type":"Feature","geometry":{"type":"Point","coordinates":[-0.04671,51.5217]},"properties":{"name":"Stepney Green","type":"tube","network":"London Underground","zone":"2"}},{"type":"Feature","geometry":{"type":"Point","coordinates":[-0.13125,51.64733]},"properties":{"name":"Oakwood","type":"tube","network":"London Underground","zone":"5"}},{"type":"Feature","geometry":{"type":"Point","coordinates":[-0.20594,51.4907]},"properties":{"name":"West Kensington","type":"tube","network":"London Underground","zone":"2"}},{"type":"Feature","geometry":{"type":"Point","coordinates":[-0.19519,51.48698]},"properties":{"name":"West Brompton","type":"tube","network":"London Underground;London Overground","zone":"2"}},{"type":"Feature","geometry":{"type":"Point","coordinates":[-0.32544,51.49534]},"properties":{"name":"Boston Manor","type":"tube","network":"London Underground","zone":"4"}},{"type":"Feature","geometry":{"type":"Point","coordinates":[-0.45248,51.47134]},"properties":{"name":"Heathrow Terminals 2 & 3","type":"tube","network":"London Underground","zone":"6"}},{"type":"Feature","geometry":{"type":"Point","coordinates":[-0.48773,51.47252]},"properties":{"name":"Heathrow Terminal 5","type":"tube","network":"London Underground","zone":"6"}},{"type":"Feature","geometry":{"type":"Point","coordinates":[-0.16094,51.5016]},"properties":{"name":"Knightsbridge","type":"tube","network":"London Underground","zone":"1"}},{"type":"Feature","geometry":{"type":"Point","coordinates":[-0.38582,51.47358]},"properties":{"name":"Hounslow West","type":"tube","network":"London Underground","zone":"5"}},{"type":"Feature","geometry":{"type":"Point","coordinates":[-0.13809,51.53406]},"properties":{"name":"Mornington Crescent","type":"tube","network":"London Underground","zone":"2"}},{"type":"Feature","geometry":{"type":"Point","coordinates":[-0.35589,51.47347]},"properties":{"name":"Hounslow East","type":"tube","network":"London Underground","zone":"4"}},{"type":"Feature","geometry":{"type":"Point","coordinates":[-0.36623,51.47131]},"properties":{"name":"Hounslow Central","type":"tube","network":"London Underground","zone":"4"}},{"type":"Feature","geometry":{"type":"Point","coordinates":[-0.12779,51.63232]},"properties":{"name":"Southgate","type":"tube","network":"London Underground","zone":"4"}},{"type":"Feature","geometry":{"type":"Point","coordinates":[-0.14851,51.65137]},"properties":{"name":"Cockfosters","type":"tube","network":"London Underground","zone":"5"}},{"type":"Feature","geometry":{"type":"Point","coordinates":[-0.26401,51.60281]},"properties":{"name":"Burnt Oak","type":"tube","network":"London Underground","zone":"4"}},{"type":"Feature","geometry":{"type":"Point","coordinates":[-0.20879,51.4683]},"properties":{"name":"Putney Bridge","type":"tube","network":"London Underground","zone":"2"}},{"type":"Feature","geometry":{"type":"Point","coordinates":[-0.31298,51.49966]},"properties":{"name":"Northfields","type":"tube","network":"London Underground","zone":"3"}},{"type":"Feature","geometry":{"type":"Point","coordinates":[-0.0887,51.50541]},"properties":{"name":"London Bridge","type":"tube","network":"London Underground","zone":"1"}},{"type":"Feature","geometry":{"type":"Point","coordinates":[-0.51839,51.65422]},"properties":{"name":"Chorleywood","type":"tube","network":"National Rail;London Underground","zone":"7"}},{"type":"Feature","geometry":{"type":"Point","coordinates":[-0.15432,51.50273]},"properties":{"name":"Hyde Park Corner","type":"tube","network":"London Underground","zone":"1"}},{"type":"Feature","geometry":{"type":"Point","coordinates":[-0.17539,51.51182]},"properties":{"name":"Lancaster Gate","type":"tube","network":"London Underground","zone":"1"}},{"type":"Feature","geometry":{"type":"Point","coordinates":[0.08997,51.5755]},"properties":{"name":"Newbury Park","type":"tube","network":"London Underground","zone":"4"}},{"type":"Feature","geometry":{"type":"Point","coordinates":[-0.43216,51.62978]},"properties":{"name":"Moor Park","type":"tube","network":"London Underground","zone":"6;7"}},{"type":"Feature","geometry":{"type":"Point","coordinates":[-0.47363,51.64023]},"properties":{"name":"Rickmansworth","type":"tube","network":"National Rail;London Underground","zone":"7"}},{"type":"Feature","geometry":{"type":"Point","coordinates":[-0.28817,51.50971]},"properties":{"name":"Ealing Common","type":"tube","network":"London Underground","zone":"3"}},{"type":"Feature","geometry":{"type":"Point","coordinates":[-0.27871,51.58432]},"properties":{"name":"Kingsbury","type":"tube","network":"London Underground","zone":"4"}},{"type":"Feature","geometry":{"type":"Point","coordinates":[-0.28618,51.59419]},"properties":{"name":"Queensbury","type":"tube","network":"London Underground","zone":"4"}},{"type":"Feature","geometry":{"type":"Point","coordinates":[-0.3177,51.57849]},"properties":{"name":"Northwick Park","type":"tube","network":"London Underground","zone":"4"}},{"type":"Feature","geometry":{"type":"Point","coordinates":[-0.29581,51.57227]},"properties":{"name":"Preston Road","type":"tube","network":"London Underground","zone":"4"}},{"type":"Feature","geometry":{"type":"Point","coordinates":[-0.1807,51.54723]},"properties":{"name":"Finchley Road","type":"tube","network":"London Underground","zone":"2"}},{"type":"Feature","geometry":{"type":"Point","coordinates":[-0.35314,51.5796]},"properties":{"name":"West Harrow","type":"tube","network":"London Underground","zone":"5"}},{"type":"Feature","geometry":{"type":"Point","coordinates":[-0.39651,51.57666]},"properties":{"name":"Eastcote","type":"tube","network":"London Underground","zone":"5"}},{"type":"Feature","geometry":{"type":"Point","coordinates":[-0.44235,51.56157]},"properties":{"name":"Ickenham","type":"tube","network":"London Underground","zone":"6"}},{"type":"Feature","geometry":{"type":"Point","coordinates":[-0.38063,51.59266]},"properties":{"name":"Pinner","type":"tube","network":"London Underground","zone":"5"}},{"type":"Feature","geometry":{"type":"Point","coordinates":[-0.40846,51.60015]},"properties":{"name":"Northwood Hills","type":"tube","network":"London Underground","zone":"6"}},{"type":"Feature","geometry":{"type":"Point","coordinates":[-0.42371,51.6108]},"properties":{"name":"Northwood","type":"tube","network":"London Underground","zone":"6"}},{"type":"Feature","geometry":{"type":"Point","coordinates":[-0.44108,51.64758]},"properties":{"name":"Croxley","type":"tube","network":"London Underground","zone":"7"}},{"type":"Feature","geometry":{"type":"Point","coordinates":[-0.41837,51.657]},"properties":{"name":"Watford","type":"tube","network":"London Underground","zone":"7"}},{"type":"Feature","geometry":{"type":"Point","coordinates":[0.00862,51.5688]},"properties":{"name":"Leytonstone","type":"tube","network":"London Underground","zone":"3;4"}},{"type":"Feature","geometry":{"type":"Point","coordinates":[-0.33666,51.57927]},"properties":{"name":"Harrow-on-the-Hill","type":"tube","network":"National Rail;London Underground","zone":"5"}},{"type":"Feature","geometry":{"type":"Point","coordinates":[-0.27996,51.50271]},"properties":{"name":"Acton Town","type":"tube","network":"London Underground","zone":"3"}},{"type":"Feature","geometry":{"type":"Point","coordinates":[-0.17291,51.49408]},"properties":{"name":"South Kensington","type":"tube","network":"London Underground","zone":"1"}},{"type":"Feature","geometry":{"type":"Point","coordinates":[-0.1703,51.52046]},"properties":{"name":"Edgware Road","type":"tube","network":"Elizabeth line","zone":"1"}},{"type":"Feature","geometry":{"type":"Point","coordinates":[-0.1635,51.52224]},"properties":{"name":"Marylebone","type":"tube","network":"Elizabeth line","zone":"1"}},{"type":"Feature","geometry":{"type":"Point","coordinates":[-0.12224,51.50721]},"properties":{"name":"Embankment","type":"tube","network":"London Underground","zone":"1"}},{"type":"Feature","geometry":{"type":"Point","coordinates":[-0.1962,51.50893]},"properties":{"name":"Notting Hill Gate","type":"tube","network":"London Underground","zone":"1;2"}},{"type":"Feature","geometry":{"type":"Point","coordinates":[-0.07839,51.28221]},"properties":{"name":"Caterham","type":"rail","network":"National Rail","zone":"6"}},{"type":"Feature","geometry":{"type":"Point","coordinates":[0.00457,51.5281]},"properties":{"name":"West Ham","type":"tube","network":"National Rail;London Underground;Docklands Light Railway","zone":"2;3"}},{"type":"Feature","geometry":{"type":"Point","coordinates":[-0.00355,51.54129]},"properties":{"name":"Stratford","type":"tube","network":"National Rail;London Underground;London Overground;Docklands Light Railway;Elizabeth line","zone":"2;3"}},{"type":"Feature","geometry":{"type":"Point","coordinates":[-0.10084,51.32478]},"properties":{"name":"Kenley","type":"rail","network":"National Rail","zone":"6"}},{"type":"Feature","geometry":{"type":"Point","coordinates":[-0.11391,51.33748]},"properties":{"name":"Purley","type":"rail","network":"National Rail","zone":"6"}},{"type":"Feature","geometry":{"type":"Point","coordinates":[-0.07723,51.30375]},"properties":{"name":"Whyteleafe South","type":"rail","network":"National Rail","zone":"6"}},{"type":"Feature","geometry":{"type":"Point","coordinates":[-0.08102,51.30992]},"properties":{"name":"Whyteleafe","type":"rail","network":"National Rail","zone":"6"}},{"type":"Feature","geometry":{"type":"Point","coordinates":[-0.07783,51.30855]},"properties":{"name":"Upper Warlingham","type":"rail","network":"National Rail","zone":"6"}},{"type":"Feature","geometry":{"type":"Point","coordinates":[-0.05167,51.2897]},"properties":{"name":"Woldingham","type":"rail","network":"National Rail","zone":""}},{"type":"Feature","geometry":{"type":"Point","coordinates":[-0.01491,51.49152]},"properties":{"name":"Mudchute","type":"dlr","network":"Docklands Light Railway","zone":"2"}},{"type":"Feature","geometry":{"type":"Point","coordinates":[-0.10497,51.50393]},"properties":{"name":"Southwark","type":"tube","network":"London Underground","zone":"1"}},{"type":"Feature","geometry":{"type":"Point","coordinates":[-0.27496,51.61366]},"properties":{"name":"Edgware","type":"tube","network":"London Underground","zone":"5"}},{"type":"Feature","geometry":{"type":"Point","coordinates":[-0.13887,51.55017]},"properties":{"name":"Kentish Town","type":"tube","network":"National Rail;London Underground","zone":"2"}},{"type":"Feature","geometry":{"type":"Point","coordinates":[-0.18331,51.52298]},"properties":{"name":"Warwick Avenue","type":"tube","network":"London Underground","zone":"2"}},{"type":"Feature","geometry":{"type":"Point","coordinates":[-0.13051,51.51597]},"properties":{"name":"Tottenham Court Road","type":"tube","network":"London Underground","zone":"1"}},{"type":"Feature","geometry":{"type":"Point","coordinates":[-0.02098,51.50511]},"properties":{"name":"Canary Wharf","type":"dlr","network":"Docklands Light Railway","zone":"2"}},{"type":"Feature","geometry":{"type":"Point","coordinates":[-0.01542,51.47811]},"properties":{"name":"Greenwich","type":"dlr","network":"National Rail;Docklands Light Railway","zone":"2;3"}},{"type":"Feature","geometry":{"type":"Point","coordinates":[-0.02048,51.50674]},"properties":{"name":"West India Quay","type":"dlr","network":"Docklands Light Railway","zone":"2"}},{"type":"Feature","geometry":{"type":"Point","coordinates":[-0.01306,51.51084]},"properties":{"name":"All Saints","type":"dlr","network":"Docklands Light Railway","zone":"2"}},{"type":"Feature","geometry":{"type":"Point","coordinates":[0.00361,51.53254]},"properties":{"name":"Abbey Road","type":"dlr","network":"Docklands Light Railway","zone":"2;3"}},{"type":"Feature","geometry":{"type":"Point","coordinates":[-0.00013,51.53765]},"properties":{"name":"Stratford High Street","type":"dlr","network":"Docklands Light Railway","zone":"2;3"}},{"type":"Feature","geometry":{"type":"Point","coordinates":[-0.02064,51.52744]},"properties":{"name":"Bow Church","type":"dlr","network":"Docklands Light Railway","zone":"2"}},{"type":"Feature","geometry":{"type":"Point","coordinates":[-0.03947,51.51235]},"properties":{"name":"Limehouse","type":"dlr","network":"Docklands Light Railway","zone":"2"}},{"type":"Feature","geometry":{"type":"Point","coordinates":[-0.03905,51.51287]},"properties":{"name":"Limehouse","type":"rail","network":"National Rail","zone":"2"}},{"type":"Feature","geometry":{"type":"Point","coordinates":[-0.1249,51.60738]},"properties":{"name":"Bounds Green","type":"tube","network":"London Underground","zone":"3;4"}},{"type":"Feature","geometry":{"type":"Point","coordinates":[-0.22506,51.49411]},"properties":{"name":"Hammersmith (Circle and Hammersmith & City lines)","type":"tube","network":"London Underground","zone":"2"}},{"type":"Feature","geometry":{"type":"Point","coordinates":[-0.09759,51.51491]},"properties":{"name":"St. Paul's","type":"tube","network":"London Underground","zone":"1"}},{"type":"Feature","geometry":{"type":"Point","coordinates":[0.13083,51.34577]},"properties":{"name":"Knockholt","type":"rail","network":"National Rail","zone":"6"}},{"type":"Feature","geometry":{"type":"Point","coordinates":[-0.17843,51.5566]},"properties":{"name":"Hampstead","type":"tube","network":"London Underground","zone":"2;3"}},{"type":"Feature","geometry":{"type":"Point","coordinates":[-0.16461,51.55031]},"properties":{"name":"Belsize Park","type":"tube","network":"London Underground","zone":"2"}},{"type":"Feature","geometry":{"type":"Point","coordinates":[-0.11301,51.55287]},"properties":{"name":"Holloway Road","type":"tube","network":"London Underground","zone":"2"}},{"type":"Feature","geometry":{"type":"Point","coordinates":[-0.00936,51.54571]},"properties":{"name":"Stratford International DLR","type":"dlr","network":"Docklands Light Railway","zone":"2;3"}},{"type":"Feature","geometry":{"type":"Point","coordinates":[-0.17498,51.54372]},"properties":{"name":"Swiss Cottage","type":"tube","network":"London Underground","zone":"2"}},{"type":"Feature","geometry":{"type":"Point","coordinates":[-0.28393,51.52643]},"properties":{"name":"Park Royal","type":"tube","network":"London Underground","zone":"3"}},{"type":"Feature","geometry":{"type":"Point","coordinates":[-0.22376,51.51011]},"properties":{"name":"Wood Lane","type":"tube","network":"London Underground","zone":"2"}},{"type":"Feature","geometry":{"type":"Point","coordinates":[-0.10274,51.59015]},"properties":{"name":"Turnpike Lane","type":"tube","network":"London Underground","zone":"3"}},{"type":"Feature","geometry":{"type":"Point","coordinates":[-0.17614,51.66863]},"properties":{"name":"Hadley Wood","type":"rail","network":"National Rail","zone":"6"}},{"type":"Feature","geometry":{"type":"Point","coordinates":[-0.15487,51.4074]},"properties":{"name":"Mitcham Eastfields","type":"rail","network":"National Rail","zone":"3"}},{"type":"Feature","geometry":{"type":"Point","coordinates":[-0.19476,51.40276]},"properties":{"name":"Morden","type":"tube","network":"London Underground","zone":"4"}},{"type":"Feature","geometry":{"type":"Point","coordinates":[-0.19924,51.39568]},"properties":{"name":"Morden South","type":"rail","network":"National Rail","zone":"4"}},{"type":"Feature","geometry":{"type":"Point","coordinates":[0.00892,51.4658]},"properties":{"name":"Blackheath","type":"rail","network":"National Rail","zone":"3"}},{"type":"Feature","geometry":{"type":"Point","coordinates":[-0.02664,51.47898]},"properties":{"name":"Deptford","type":"rail","network":"National Rail","zone":"2"}},{"type":"Feature","geometry":{"type":"Point","coordinates":[0.0083,51.51399]},"properties":{"name":"Canning Town","type":"tube","network":"London Underground;Docklands Light Railway","zone":"2;3"}},{"type":"Feature","geometry":{"type":"Point","coordinates":[-0.30041,51.51498]},"properties":{"name":"Ealing Broadway","type":"tube","network":"National Rail;London Underground;Elizabeth line","zone":"3"}},{"type":"Feature","geometry":{"type":"Point","coordinates":[-0.12425,51.52305]},"properties":{"name":"Russell Square","type":"tube","network":"London Underground","zone":"1"}},{"type":"Feature","geometry":{"type":"Point","coordinates":[-0.11836,51.54848]},"properties":{"name":"Caledonian Road","type":"tube","network":"London Underground","zone":"2"}},{"type":"Feature","geometry":{"type":"Point","coordinates":[-0.17918,51.63072]},"properties":{"name":"Totteridge & Whetstone","type":"tube","network":"London Underground","zone":"4"}},{"type":"Feature","geometry":{"type":"Point","coordinates":[-0.15348,51.54411]},"properties":{"name":"Chalk Farm","type":"tube","network":"London Underground","zone":"2"}},{"type":"Feature","geometry":{"type":"Point","coordinates":[-0.14196,51.51544]},"properties":{"name":"Oxford Circus","type":"tube","network":"London Underground","zone":"1"}},{"type":"Feature","geometry":{"type":"Point","coordinates":[0.00432,51.50057]},"properties":{"name":"North Greenwich","type":"tube","network":"London Underground","zone":"2;3"}},{"type":"Feature","geometry":{"type":"Point","coordinates":[-0.04984,51.49793]},"properties":{"name":"Canada Water","type":"tube","network":"London Underground;London Overground","zone":"2"}},{"type":"Feature","geometry":{"type":"Point","coordinates":[-0.08906,51.51825]},"properties":{"name":"Moorgate","type":"tube","network":"National Rail;London Underground","zone":"1"}},{"type":"Feature","geometry":{"type":"Point","coordinates":[-0.17052,51.46446]},"properties":{"name":"Clapham Junction","type":"overground","network":"National Rail;London Overground","zone":"2"}},{"type":"Feature","geometry":{"type":"Point","coordinates":[-0.16359,51.52437]},"properties":{"name":"London Marylebone","type":"rail","network":"National Rail","zone":"1"}},{"type":"Feature","geometry":{"type":"Point","coordinates":[-0.07127,51.41766]},"properties":{"name":"Crystal Palace","type":"overground","network":"National Rail;London Overground","zone":"3;4"}},{"type":"Feature","geometry":{"type":"Point","coordinates":[-0.38388,51.28884]},"properties":{"name":"Bookham","type":"rail","network":"National Rail","zone":""}},{"type":"Feature","geometry":{"type":"Point","coordinates":[-0.38958,51.37691]},"properties":{"name":"Hersham","type":"rail","network":"National Rail","zone":""}},{"type":"Feature","geometry":{"type":"Point","coordinates":[-0.23054,51.40897]},"properties":{"name":"Raynes Park","type":"rail","network":"National Rail","zone":"4"}},{"type":"Feature","geometry":{"type":"Point","coordinates":[-0.24496,51.38143]},"properties":{"name":"Worcester Park","type":"rail","network":"National Rail","zone":"4"}},{"type":"Feature","geometry":{"type":"Point","coordinates":[-0.24796,51.3639]},"properties":{"name":"Stoneleigh","type":"rail","network":"National Rail","zone":"5"}},{"type":"Feature","geometry":{"type":"Point","coordinates":[-0.33304,51.29911]},"properties":{"name":"Leatherhead","type":"rail","network":"National Rail","zone":""}},{"type":"Feature","geometry":{"type":"Point","coordinates":[-0.16638,51.36858]},"properties":{"name":"Carshalton","type":"rail","network":"National Rail","zone":"5"}},{"type":"Feature","geometry":{"type":"Point","coordinates":[-0.24129,51.34529]},"properties":{"name":"Ewell East","type":"rail","network":"National Rail","zone":"6"}},{"type":"Feature","geometry":{"type":"Point","coordinates":[-0.05422,51.42774]},"properties":{"name":"Sydenham","type":"overground","network":"National Rail;London Overground","zone":"3"}},{"type":"Feature","geometry":{"type":"Point","coordinates":[-0.05309,51.43924]},"properties":{"name":"Forest Hill","type":"overground","network":"National Rail;London Overground","zone":"3"}},{"type":"Feature","geometry":{"type":"Point","coordinates":[-0.04502,51.45046]},"properties":{"name":"Honor Oak Park","type":"overground","network":"National Rail;London Overground","zone":"3"}},{"type":"Feature","geometry":{"type":"Point","coordinates":[-0.04043,51.4753]},"properties":{"name":"New Cross Gate","type":"overground","network":"National Rail;London Overground","zone":"2"}},{"type":"Feature","geometry":{"type":"Point","coordinates":[-0.03262,51.47637]},"properties":{"name":"New Cross","type":"overground","network":"National Rail;London Overground","zone":"2"}},{"type":"Feature","geometry":{"type":"Point","coordinates":[-0.02218,51.46909]},"properties":{"name":"St Johns","type":"rail","network":"National Rail","zone":"2"}},{"type":"Feature","geometry":{"type":"Point","coordinates":[0.01862,51.48424]},"properties":{"name":"Westcombe Park","type":"rail","network":"National Rail","zone":"3"}},{"type":"Feature","geometry":{"type":"Point","coordinates":[0.05488,51.49109]},"properties":{"name":"Woolwich Dockyard","type":"rail","network":"National Rail","zone":"3"}},{"type":"Feature","geometry":{"type":"Point","coordinates":[0.07038,51.48962]},"properties":{"name":"Woolwich Arsenal","type":"rail","network":"National Rail","zone":"4"}},{"type":"Feature","geometry":{"type":"Point","coordinates":[0.08402,51.48977]},"properties":{"name":"Plumstead","type":"rail","network":"National Rail","zone":"4"}},{"type":"Feature","geometry":{"type":"Point","coordinates":[0.12041,51.49108]},"properties":{"name":"Abbey Wood","type":"elizabeth","network":"National Rail;Elizabeth line","zone":"4"}},{"type":"Feature","geometry":{"type":"Point","coordinates":[0.19031,51.46767]},"properties":{"name":"Slade Green","type":"rail","network":"National Rail","zone":"6"}},{"type":"Feature","geometry":{"type":"Point","coordinates":[0.21912,51.44742]},"properties":{"name":"Dartford","type":"rail","network":"National Rail","zone":"8"}},{"type":"Feature","geometry":{"type":"Point","coordinates":[0.02202,51.43076]},"properties":{"name":"Grove Park","type":"rail","network":"National Rail","zone":"4"}},{"type":"Feature","geometry":{"type":"Point","coordinates":[-0.00065,51.45159]},"properties":{"name":"Hither Green","type":"rail","network":"National Rail","zone":"3"}},{"type":"Feature","geometry":{"type":"Point","coordinates":[0.04466,51.4168]},"properties":{"name":"Elmstead Woods","type":"rail","network":"National Rail","zone":"4"}},{"type":"Feature","geometry":{"type":"Point","coordinates":[0.05787,51.40516]},"properties":{"name":"Chislehurst","type":"rail","network":"National Rail","zone":"5"}},{"type":"Feature","geometry":{"type":"Point","coordinates":[0.07456,51.38863]},"properties":{"name":"Petts Wood","type":"rail","network":"National Rail","zone":"5"}},{"type":"Feature","geometry":{"type":"Point","coordinates":[0.10833,51.35661]},"properties":{"name":"Chelsfield","type":"rail","network":"National Rail","zone":"6"}},{"type":"Feature","geometry":{"type":"Point","coordinates":[0.17132,51.29662]},"properties":{"name":"Dunton Green","type":"rail","network":"National Rail","zone":""}},{"type":"Feature","geometry":{"type":"Point","coordinates":[-0.0747,51.39717]},"properties":{"name":"Norwood Junction","type":"overground","network":"National Rail;London Overground","zone":"4"}},{"type":"Feature","geometry":{"type":"Point","coordinates":[-0.09336,51.36292]},"properties":{"name":"South Croydon","type":"rail","network":"National Rail","zone":"5"}},{"type":"Feature","geometry":{"type":"Point","coordinates":[-0.09346,51.34839]},"properties":{"name":"Sanderstead","type":"rail","network":"National Rail","zone":"6"}},{"type":"Feature","geometry":{"type":"Point","coordinates":[-0.0997,51.33294]},"properties":{"name":"Riddlesdown","type":"rail","network":"National Rail","zone":"6"}},{"type":"Feature","geometry":{"type":"Point","coordinates":[-0.01919,51.45603]},"properties":{"name":"Ladywell","type":"rail","network":"National Rail","zone":"3"}},{"type":"Feature","geometry":{"type":"Point","coordinates":[-0.02492,51.44459]},"properties":{"name":"Catford Bridge","type":"rail","network":"National Rail","zone":"3"}},{"type":"Feature","geometry":{"type":"Point","coordinates":[-0.0333,51.42474]},"properties":{"name":"Lower Sydenham","type":"rail","network":"National Rail","zone":"4"}},{"type":"Feature","geometry":{"type":"Point","coordinates":[-0.03521,51.41694]},"properties":{"name":"New Beckenham","type":"rail","network":"National Rail","zone":"4"}},{"type":"Feature","geometry":{"type":"Point","coordinates":[-0.04082,51.40834]},"properties":{"name":"Clock House","type":"rail","network":"National Rail","zone":"4"}},{"type":"Feature","geometry":{"type":"Point","coordinates":[-0.01473,51.38151]},"properties":{"name":"West Wickham","type":"rail","network":"National Rail","zone":"5"}},{"type":"Feature","geometry":{"type":"Point","coordinates":[-0.02637,51.39018]},"properties":{"name":"Eden Park","type":"rail","network":"National Rail","zone":"5"}},{"type":"Feature","geometry":{"type":"Point","coordinates":[-0.0497,51.39801]},"properties":{"name":"Elmers End","type":"rail","network":"National Rail","zone":"4"}},{"type":"Feature","geometry":{"type":"Point","coordinates":[-0.50291,51.43233]},"properties":{"name":"Staines","type":"rail","network":"National Rail","zone":""}},{"type":"Feature","geometry":{"type":"Point","coordinates":[-0.32884,51.45058]},"properties":{"name":"Twickenham","type":"rail","network":"National Rail","zone":"5"}},{"type":"Feature","geometry":{"type":"Point","coordinates":[-0.35778,51.4495]},"properties":{"name":"Whitton","type":"rail","network":"National Rail","zone":"5"}},{"type":"Feature","geometry":{"type":"Point","coordinates":[-0.25263,51.47201]},"properties":{"name":"Barnes Bridge","type":"rail","network":"National Rail","zone":"3"}},{"type":"Feature","geometry":{"type":"Point","coordinates":[-0.26818,51.48115]},"properties":{"name":"Chiswick","type":"rail","network":"National Rail","zone":"3"}},{"type":"Feature","geometry":{"type":"Point","coordinates":[-0.28722,51.4895]},"properties":{"name":"Kew Bridge","type":"rail","network":"National Rail","zone":"3"}},{"type":"Feature","geometry":{"type":"Point","coordinates":[-0.30968,51.48766]},"properties":{"name":"Brentford","type":"rail","network":"National Rail","zone":"4"}},{"type":"Feature","geometry":{"type":"Point","coordinates":[-0.32478,51.48181]},"properties":{"name":"Syon Lane","type":"rail","network":"National Rail","zone":"4"}},{"type":"Feature","geometry":{"type":"Point","coordinates":[-0.33689,51.47488]},"properties":{"name":"Isleworth","type":"rail","network":"National Rail","zone":"4"}},{"type":"Feature","geometry":{"type":"Point","coordinates":[-0.36173,51.4621]},"properties":{"name":"Hounslow","type":"rail","network":"National Rail","zone":"5"}},{"type":"Feature","geometry":{"type":"Point","coordinates":[-0.50946,51.38713]},"properties":{"name":"Chertsey","type":"rail","network":"National Rail","zone":""}},{"type":"Feature","geometry":{"type":"Point","coordinates":[-0.48451,51.37311]},"properties":{"name":"Addlestone","type":"rail","network":"National Rail","zone":""}},{"type":"Feature","geometry":{"type":"Point","coordinates":[-0.28408,51.41231]},"properties":{"name":"Norbiton","type":"rail","network":"National Rail","zone":"5"}},{"type":"Feature","geometry":{"type":"Point","coordinates":[-0.33257,51.42447]},"properties":{"name":"Teddington","type":"rail","network":"National Rail","zone":"6"}},{"type":"Feature","geometry":{"type":"Point","coordinates":[-0.15372,51.37803]},"properties":{"name":"Hackbridge","type":"rail","network":"National Rail","zone":"4"}},{"type":"Feature","geometry":{"type":"Point","coordinates":[-0.2095,51.49744]},"properties":{"name":"Kensington (Olympia)","type":"tube","network":"National Rail;London Underground;London Overground","zone":"2"}},{"type":"Feature","geometry":{"type":"Point","coordinates":[-0.39906,51.55699]},"properties":{"name":"South Ruislip","type":"tube","network":"National Rail;London Underground","zone":"5"}},{"type":"Feature","geometry":{"type":"Point","coordinates":[-0.07092,51.60453]},"properties":{"name":"White Hart Lane","type":"overground","network":"London Overground","zone":"3"}},{"type":"Feature","geometry":{"type":"Point","coordinates":[-0.04697,51.67323]},"properties":{"name":"Turkey Street","type":"overground","network":"London Overground","zone":"6"}},{"type":"Feature","geometry":{"type":"Point","coordinates":[-0.03501,51.69223]},"properties":{"name":"Theobalds Grove","type":"overground","network":"London Overground","zone":"7"}},{"type":"Feature","geometry":{"type":"Point","coordinates":[-0.07628,51.57488]},"properties":{"name":"Stamford Hill","type":"overground","network":"London Overground","zone":"3"}},{"type":"Feature","geometry":{"type":"Point","coordinates":[-0.07255,51.56504]},"properties":{"name":"Stoke Newington","type":"overground","network":"London Overground","zone":"2"}},{"type":"Feature","geometry":{"type":"Point","coordinates":[-0.07001,51.59371]},"properties":{"name":"Bruce Grove","type":"overground","network":"London Overground","zone":"3"}},{"type":"Feature","geometry":{"type":"Point","coordinates":[-0.06862,51.55911]},"properties":{"name":"Rectory Road","type":"overground","network":"London Overground","zone":"2"}},{"type":"Feature","geometry":{"type":"Point","coordinates":[-0.05386,51.60191]},"properties":{"name":"Northumberland Park","type":"rail","network":"National Rail","zone":"3"}},{"type":"Feature","geometry":{"type":"Point","coordinates":[-0.05686,51.56165]},"properties":{"name":"Clapton","type":"overground","network":"London Overground","zone":"2;3"}},{"type":"Feature","geometry":{"type":"Point","coordinates":[-0.03079,51.65557]},"properties":{"name":"Brimsdown","type":"rail","network":"National Rail","zone":"5"}},{"type":"Feature","geometry":{"type":"Point","coordinates":[-0.02857,51.67061]},"properties":{"name":"Enfield Lock","type":"rail","network":"National Rail","zone":"6"}},{"type":"Feature","geometry":{"type":"Point","coordinates":[-0.02648,51.68476]},"properties":{"name":"Waltham Cross","type":"rail","network":"National Rail","zone":"7"}},{"type":"Feature","geometry":{"type":"Point","coordinates":[-0.01621,51.46852]},"properties":{"name":"Elverson Road","type":"dlr","network":"Docklands Light Railway","zone":"2;3"}},{"type":"Feature","geometry":{"type":"Point","coordinates":[-0.02239,51.47416]},"properties":{"name":"Deptford Bridge","type":"dlr","network":"Docklands Light Railway","zone":"2;3"}},{"type":"Feature","geometry":{"type":"Point","coordinates":[-0.01444,51.4959]},"properties":{"name":"Crossharbour","type":"dlr","network":"Docklands Light Railway","zone":"2"}},{"type":"Feature","geometry":{"type":"Point","coordinates":[-0.01625,51.50004]},"properties":{"name":"South Quay","type":"dlr","network":"Docklands Light Railway","zone":"2"}},{"type":"Feature","geometry":{"type":"Point","coordinates":[0.06235,51.50201]},"properties":{"name":"King George V","type":"dlr","network":"Docklands Light Railway","zone":"3"}},{"type":"Feature","geometry":{"type":"Point","coordinates":[0.0176,51.5091]},"properties":{"name":"Royal Victoria","type":"dlr","network":"Docklands Light Railway","zone":"3"}},{"type":"Feature","geometry":{"type":"Point","coordinates":[0.02596,51.50963]},"properties":{"name":"Custom House","type":"dlr","network":"Docklands Light Railway","zone":"3"}},{"type":"Feature","geometry":{"type":"Point","coordinates":[0.03315,51.50948]},"properties":{"name":"Prince Regent","type":"dlr","network":"Docklands Light Railway","zone":"3"}},{"type":"Feature","geometry":{"type":"Point","coordinates":[0.04588,51.5084]},"properties":{"name":"Royal Albert","type":"dlr","network":"Docklands Light Railway","zone":"3"}},{"type":"Feature","geometry":{"type":"Point","coordinates":[0.07179,51.50896]},"properties":{"name":"Gallions Reach","type":"dlr","network":"Docklands Light Railway","zone":"3"}},{"type":"Feature","geometry":{"type":"Point","coordinates":[0.06137,51.51437]},"properties":{"name":"Beckton","type":"dlr","network":"Docklands Light Railway","zone":"3"}},{"type":"Feature","geometry":{"type":"Point","coordinates":[-0.00718,51.50794]},"properties":{"name":"Blackwall","type":"dlr","network":"Docklands Light Railway","zone":"2"}},{"type":"Feature","geometry":{"type":"Point","coordinates":[-0.00219,51.50938]},"properties":{"name":"East India","type":"dlr","network":"Docklands Light Railway","zone":"2;3"}},{"type":"Feature","geometry":{"type":"Point","coordinates":[0.04854,51.50353]},"properties":{"name":"London City Airport","type":"dlr","network":"Docklands Light Railway","zone":"3"}},{"type":"Feature","geometry":{"type":"Point","coordinates":[0.02233,51.50288]},"properties":{"name":"West Silvertown","type":"dlr","network":"Docklands Light Railway","zone":"3"}},{"type":"Feature","geometry":{"type":"Point","coordinates":[0.03322,51.50225]},"properties":{"name":"Pontoon Dock","type":"dlr","network":"Docklands Light Railway","zone":"3"}},{"type":"Feature","geometry":{"type":"Point","coordinates":[-0.25978,51.52358]},"properties":{"name":"North Acton","type":"tube","network":"London Underground","zone":"2;3"}},{"type":"Feature","geometry":{"type":"Point","coordinates":[-0.22325,51.49216]},"properties":{"name":"Hammersmith (District and Piccadilly lines)","type":"tube","network":"London Underground","zone":"2"}},{"type":"Feature","geometry":{"type":"Point","coordinates":[-0.15778,51.39295]},"properties":{"name":"Mitcham Junction","type":"rail","network":"National Rail","zone":"4"}},{"type":"Feature","geometry":{"type":"Point","coordinates":[-0.0767,51.50985]},"properties":{"name":"Tower Hill","type":"tube","network":"London Underground","zone":"1"}},{"type":"Feature","geometry":{"type":"Point","coordinates":[-0.10726,51.68475]},"properties":{"name":"Crews Hill","type":"rail","network":"National Rail","zone":"6"}},{"type":"Feature","geometry":{"type":"Point","coordinates":[-0.09422,51.66295]},"properties":{"name":"Gordon Hill","type":"rail","network":"National Rail","zone":"5"}},{"type":"Feature","geometry":{"type":"Point","coordinates":[-0.09694,51.64333]},"properties":{"name":"Grange Park","type":"rail","network":"National Rail","zone":"5"}},{"type":"Feature","geometry":{"type":"Point","coordinates":[-0.11017,51.61866]},"properties":{"name":"Palmers Green","type":"rail","network":"National Rail","zone":"4"}},{"type":"Feature","geometry":{"type":"Point","coordinates":[-0.11168,51.58632]},"properties":{"name":"Hornsey","type":"rail","network":"National Rail","zone":"3"}},{"type":"Feature","geometry":{"type":"Point","coordinates":[-0.12048,51.60719]},"properties":{"name":"Bowes Park","type":"rail","network":"National Rail","zone":"3;4"}},{"type":"Feature","geometry":{"type":"Point","coordinates":[-0.24993,51.59541]},"properties":{"name":"Colindale","type":"tube","network":"London Underground","zone":"4"}},{"type":"Feature","geometry":{"type":"Point","coordinates":[-0.19403,51.5723]},"properties":{"name":"Golders Green","type":"tube","network":"London Underground","zone":"3"}},{"type":"Feature","geometry":{"type":"Point","coordinates":[-0.42134,51.5714]},"properties":{"name":"Ruislip","type":"tube","network":"London Underground","zone":"6"}},{"type":"Feature","geometry":{"type":"Point","coordinates":[-0.37147,51.57521]},"properties":{"name":"Rayners Lane","type":"tube","network":"London Underground","zone":"5"}},{"type":"Feature","geometry":{"type":"Point","coordinates":[-0.25075,51.55434]},"properties":{"name":"Neasden","type":"tube","network":"London Underground","zone":"3"}},{"type":"Feature","geometry":{"type":"Point","coordinates":[-0.42399,51.46654]},"properties":{"name":"Hatton Cross","type":"tube","network":"London Underground","zone":"5;6"}},{"type":"Feature","geometry":{"type":"Point","coordinates":[-0.35183,51.48155]},"properties":{"name":"Osterley","type":"tube","network":"London Underground","zone":"4"}},{"type":"Feature","geometry":{"type":"Point","coordinates":[-0.24589,51.49497]},"properties":{"name":"Stamford Brook","type":"tube","network":"London Underground","zone":"2"}},{"type":"Feature","geometry":{"type":"Point","coordinates":[-0.25469,51.49513]},"properties":{"name":"Turnham Green","type":"tube","network":"London Underground","zone":"2;3"}},{"type":"Feature","geometry":{"type":"Point","coordinates":[-0.26787,51.49456]},"properties":{"name":"Chiswick Park","type":"tube","network":"London Underground","zone":"3"}},{"type":"Feature","geometry":{"type":"Point","coordinates":[-0.1939,51.49161]},"properties":{"name":"Earl's Court","type":"tube","network":"London Underground","zone":"1;2"}},{"type":"Feature","geometry":{"type":"Point","coordinates":[0.12652,51.54031]},"properties":{"name":"Becontree","type":"tube","network":"London Underground","zone":"5"}},{"type":"Feature","geometry":{"type":"Point","coordinates":[-0.4118,51.5734]},"properties":{"name":"Ruislip Manor","type":"tube","network":"London Underground","zone":"6"}},{"type":"Feature","geometry":{"type":"Point","coordinates":[-0.36952,51.54846]},"properties":{"name":"Northolt","type":"tube","network":"London Underground","zone":"5"}},{"type":"Feature","geometry":{"type":"Point","coordinates":[-0.32259,51.5365]},"properties":{"name":"Perivale","type":"tube","network":"London Underground","zone":"4"}},{"type":"Feature","geometry":{"type":"Point","coordinates":[0.10332,51.67178]},"properties":{"name":"Theydon Bois","type":"tube","network":"London Underground","zone":"6"}},{"type":"Feature","geometry":{"type":"Point","coordinates":[0.05532,51.64123]},"properties":{"name":"Loughton","type":"tube","network":"London Underground","zone":"6"}},{"type":"Feature","geometry":{"type":"Point","coordinates":[0.03402,51.60681]},"properties":{"name":"Woodford","type":"tube","network":"London Underground","zone":"4"}},{"type":"Feature","geometry":{"type":"Point","coordinates":[-0.29365,51.53031]},"properties":{"name":"Hanger Lane","type":"tube","network":"London Underground","zone":"3"}},{"type":"Feature","geometry":{"type":"Point","coordinates":[0.23477,51.55827]},"properties":{"name":"Upminster Bridge","type":"tube","network":"London Underground","zone":"6"}},{"type":"Feature","geometry":{"type":"Point","coordinates":[0.21811,51.55387]},"properties":{"name":"Hornchurch","type":"tube","network":"London Underground","zone":"6"}},{"type":"Feature","geometry":{"type":"Point","coordinates":[0.16495,51.54402]},"properties":{"name":"Dagenham East","type":"tube","network":"London Underground","zone":"5"}},{"type":"Feature","geometry":{"type":"Point","coordinates":[0.14564,51.54155]},"properties":{"name":"Dagenham Heathway","type":"tube","network":"London Underground","zone":"5"}},{"type":"Feature","geometry":{"type":"Point","coordinates":[-0.30263,51.61885]},"properties":{"name":"Stanmore","type":"tube","network":"London Underground","zone":"5"}},{"type":"Feature","geometry":{"type":"Point","coordinates":[-0.29475,51.60801]},"properties":{"name":"Canons Park","type":"tube","network":"London Underground","zone":"5"}},{"type":"Feature","geometry":{"type":"Point","coordinates":[0.19743,51.54958]},"properties":{"name":"Elm Park","type":"tube","network":"London Underground","zone":"6"}},{"type":"Feature","geometry":{"type":"Point","coordinates":[-0.00513,51.55682]},"properties":{"name":"Leyton","type":"tube","network":"London Underground","zone":"3"}},{"type":"Feature","geometry":{"type":"Point","coordinates":[-0.21124,51.45861]},"properties":{"name":"East Putney","type":"tube","network":"London Underground","zone":"2;3"}},{"type":"Feature","geometry":{"type":"Point","coordinates":[-0.11433,51.51097]},"properties":{"name":"Temple","type":"tube","network":"London Underground","zone":"1"}},{"type":"Feature","geometry":{"type":"Point","coordinates":[-0.01999,51.58289]},"properties":{"name":"Walthamstow Central","type":"tube","network":"London Underground;London Overground","zone":"3"}},{"type":"Feature","geometry":{"type":"Point","coordinates":[-0.06549,51.41258]},"properties":{"name":"Anerley","type":"overground","network":"National Rail;London Overground","zone":"4"}},{"type":"Feature","geometry":{"type":"Point","coordinates":[-0.3001,51.5408]},"properties":{"name":"Alperton","type":"tube","network":"London Underground","zone":"4"}},{"type":"Feature","geometry":{"type":"Point","coordinates":[-0.12427,51.51309]},"properties":{"name":"Covent Garden","type":"tube","network":"London Underground","zone":"1"}},{"type":"Feature","geometry":{"type":"Point","coordinates":[-0.17421,51.53535]},"properties":{"name":"St. John's Wood","type":"tube","network":"London Underground","zone":"2"}},{"type":"Feature","geometry":{"type":"Point","coordinates":[0.0526,51.5394]},"properties":{"name":"East Ham","type":"tube","network":"London Underground","zone":"3;4"}},{"type":"Feature","geometry":{"type":"Point","coordinates":[-0.01232,51.52463]},"properties":{"name":"Bromley-by-Bow","type":"tube","network":"London Underground","zone":"2;3"}},{"type":"Feature","geometry":{"type":"Point","coordinates":[-0.01863,51.5035]},"properties":{"name":"Canary Wharf","type":"tube","network":"London Underground","zone":"2"}},{"type":"Feature","geometry":{"type":"Point","coordinates":[-0.22444,51.53061]},"properties":{"name":"Kensal Green","type":"tube","network":"National Rail;London Underground;London Overground","zone":"2"}},{"type":"Feature","geometry":{"type":"Point","coordinates":[-0.25783,51.53636]},"properties":{"name":"Harlesden","type":"tube","network":"London Underground;London Overground","zone":"3"}},{"type":"Feature","geometry":{"type":"Point","coordinates":[-0.18996,51.54682]},"properties":{"name":"West Hampstead","type":"tube","network":"London Underground","zone":"2"}},{"type":"Feature","geometry":{"type":"Point","coordinates":[-0.06435,51.4977]},"properties":{"name":"Bermondsey","type":"tube","network":"London Underground","zone":"2"}},{"type":"Feature","geometry":{"type":"Point","coordinates":[-0.14294,51.50662]},"properties":{"name":"Green Park","type":"tube","network":"London Underground","zone":"1"}},{"type":"Feature","geometry":{"type":"Point","coordinates":[-0.47751,51.54666]},"properties":{"name":"Uxbridge","type":"tube","network":"London Underground","zone":"6"}},{"type":"Feature","geometry":{"type":"Point","coordinates":[-0.45046,51.5536]},"properties":{"name":"Hillingdon","type":"tube","network":"London Underground","zone":"6"}},{"type":"Feature","geometry":{"type":"Point","coordinates":[-0.22657,51.50176]},"properties":{"name":"Goldhawk Road","type":"tube","network":"London Underground","zone":"2"}},{"type":"Feature","geometry":{"type":"Point","coordinates":[-0.21833,51.50436]},"properties":{"name":"Shepherd's Bush","type":"tube","network":"London Underground","zone":"2"}},{"type":"Feature","geometry":{"type":"Point","coordinates":[-0.21779,51.51347]},"properties":{"name":"Latimer Road","type":"tube","network":"London Underground","zone":"2"}},{"type":"Feature","geometry":{"type":"Point","coordinates":[-0.19437,51.53507]},"properties":{"name":"Kilburn Park","type":"tube","network":"London Underground","zone":"2"}},{"type":"Feature","geometry":{"type":"Point","coordinates":[-0.18744,51.51902]},"properties":{"name":"Royal Oak","type":"tube","network":"London Underground","zone":"2"}},{"type":"Feature","geometry":{"type":"Point","coordinates":[-0.18839,51.51228]},"properties":{"name":"Bayswater","type":"tube","network":"London Underground","zone":"1"}},{"type":"Feature","geometry":{"type":"Point","coordinates":[-0.19211,51.5003]},"properties":{"name":"High Street Kensington","type":"tube","network":"London Underground","zone":"1"}},{"type":"Feature","geometry":{"type":"Point","coordinates":[-0.18377,51.49453]},"properties":{"name":"Gloucester Road","type":"tube","network":"London Underground","zone":"1"}},{"type":"Feature","geometry":{"type":"Point","coordinates":[-0.15825,51.51344]},"properties":{"name":"Marble Arch","type":"tube","network":"London Underground","zone":"1"}},{"type":"Feature","geometry":{"type":"Point","coordinates":[-0.1437,51.52381]},"properties":{"name":"Great Portland Street","type":"tube","network":"London Underground","zone":"1"}},{"type":"Feature","geometry":{"type":"Point","coordinates":[-0.13853,51.52472]},"properties":{"name":"Warren Street","type":"tube","network":"Elizabeth line","zone":"1"}},{"type":"Feature","geometry":{"type":"Point","coordinates":[-0.13436,51.5206]},"properties":{"name":"Goodge Street","type":"tube","network":"London Underground","zone":"1"}},{"type":"Feature","geometry":{"type":"Point","coordinates":[-0.10365,51.54637]},"properties":{"name":"Highbury & Islington","type":"tube","network":"National Rail;London Underground;London Overground","zone":"2"}},{"type":"Feature","geometry":{"type":"Point","coordinates":[-0.10577,51.55311]},"properties":{"name":"Drayton Park","type":"rail","network":"National Rail","zone":"2"}},{"type":"Feature","geometry":{"type":"Point","coordinates":[-0.22222,51.54935]},"properties":{"name":"Willesden Green","type":"tube","network":"London Underground","zone":"2;3"}},{"type":"Feature","geometry":{"type":"Point","coordinates":[-0.20534,51.54699]},"properties":{"name":"Kilburn","type":"tube","network":"London Underground","zone":"2"}},{"type":"Feature","geometry":{"type":"Point","coordinates":[-0.28041,51.51835]},"properties":{"name":"West Acton","type":"tube","network":"London Underground","zone":"3"}},{"type":"Feature","geometry":{"type":"Point","coordinates":[-0.30041,51.46321]},"properties":{"name":"Richmond","type":"tube","network":"National Rail;London Underground;London Overground","zone":"4"}},{"type":"Feature","geometry":{"type":"Point","coordinates":[-0.27552,51.49138]},"properties":{"name":"Gunnersbury","type":"tube","network":"London Underground;London Overground","zone":"3"}},{"type":"Feature","geometry":{"type":"Point","coordinates":[-0.27623,51.54411]},"properties":{"name":"Stonebridge Park","type":"tube","network":"London Underground;London Overground","zone":"3"}},{"type":"Feature","geometry":{"type":"Point","coordinates":[-0.2435,51.5322]},"properties":{"name":"Willesden Junction","type":"tube","network":"London Underground;London Overground","zone":"2;3"}},{"type":"Feature","geometry":{"type":"Point","coordinates":[-0.239,51.55193]},"properties":{"name":"Dollis Hill","type":"tube","network":"London Underground","zone":"3"}},{"type":"Feature","geometry":{"type":"Point","coordinates":[-0.20141,51.52093]},"properties":{"name":"Westbourne Park","type":"tube","network":"London Underground","zone":"2"}},{"type":"Feature","geometry":{"type":"Point","coordinates":[-0.2699,51.49972]},"properties":{"name":"South Acton","type":"overground","network":"London Overground","zone":"3"}},{"type":"Feature","geometry":{"type":"Point","coordinates":[-0.28496,51.47713]},"properties":{"name":"Kew Gardens","type":"tube","network":"London Underground;London Overground","zone":"3;4"}},{"type":"Feature","geometry":{"type":"Point","coordinates":[0.07932,51.54027]},"properties":{"name":"Barking","type":"tube","network":"National Rail;London Underground;London Overground","zone":"4"}},{"type":"Feature","geometry":{"type":"Point","coordinates":[-0.2111,51.51726]},"properties":{"name":"Ladbroke Grove","type":"tube","network":"London Underground","zone":"2"}},{"type":"Feature","geometry":{"type":"Point","coordinates":[0.09963,51.53827]},"properties":{"name":"Upney","type":"tube","network":"London Underground","zone":"4"}},{"type":"Feature","geometry":{"type":"Point","coordinates":[-0.2055,51.53387]},"properties":{"name":"Queen's Park","type":"tube","network":"London Underground;London Overground","zone":"2"}},{"type":"Feature","geometry":{"type":"Point","coordinates":[-0.05994,51.58812]},"properties":{"name":"Tottenham Hale","type":"tube","network":"National Rail;London Underground","zone":"3"}},{"type":"Feature","geometry":{"type":"Point","coordinates":[-0.20546,51.50719]},"properties":{"name":"Holland Park","type":"tube","network":"London Underground","zone":"2"}},{"type":"Feature","geometry":{"type":"Point","coordinates":[-0.13557,51.52569]},"properties":{"name":"Euston Square","type":"tube","network":"London Underground","zone":"1"}},{"type":"Feature","geometry":{"type":"Point","coordinates":[-0.13953,51.54195]},"properties":{"name":"Camden Road","type":"overground","network":"National Rail;London Overground","zone":"2"}},{"type":"Feature","geometry":{"type":"Point","coordinates":[-0.05009,51.61]},"properties":{"name":"Meridian Water","type":"rail","network":"National Rail","zone":"4"}},{"type":"Feature","geometry":{"type":"Point","coordinates":[-0.05446,51.48795]},"properties":{"name":"South Bermondsey","type":"rail","network":"National Rail","zone":"2"}},{"type":"Feature","geometry":{"type":"Point","coordinates":[0.02864,51.57565]},"properties":{"name":"Wanstead","type":"tube","network":"London Underground","zone":"4"}},{"type":"Feature","geometry":{"type":"Point","coordinates":[-0.18723,51.51047]},"properties":{"name":"Queensway","type":"tube","network":"London Underground","zone":"1"}},{"type":"Feature","geometry":{"type":"Point","coordinates":[-0.01075,51.48173]},"properties":{"name":"Cutty Sark for Maritime Greenwich","type":"dlr","network":"Docklands Light Railway","zone":"2;3"}},{"type":"Feature","geometry":{"type":"Point","coordinates":[0.00592,51.54605]},"properties":{"name":"Maryland","type":"elizabeth","network":"National Rail;Elizabeth line","zone":"3"}},{"type":"Feature","geometry":{"type":"Point","coordinates":[-0.19201,51.5473]},"properties":{"name":"West Hampstead","type":"overground","network":"London Overground","zone":"2"}},{"type":"Feature","geometry":{"type":"Point","coordinates":[-0.07395,51.51063]},"properties":{"name":"Tower Gateway","type":"dlr","network":"Docklands Light Railway","zone":"1"}},{"type":"Feature","geometry":{"type":"Point","coordinates":[-0.01396,51.46564]},"properties":{"name":"Lewisham","type":"rail","network":"National Rail","zone":"2;3"}},{"type":"Feature","geometry":{"type":"Point","coordinates":[-0.19232,51.54842]},"properties":{"name":"West Hampstead Thameslink","type":"rail","network":"National Rail","zone":"2"}},{"type":"Feature","geometry":{"type":"Point","coordinates":[-0.08865,51.39221]},"properties":{"name":"Selhurst","type":"rail","network":"National Rail","zone":"4"}},{"type":"Feature","geometry":{"type":"Point","coordinates":[-0.48773,51.47222]},"properties":{"name":"Heathrow Terminal 5","type":"elizabeth","network":"National Rail;Elizabeth line","zone":"6"}},{"type":"Feature","geometry":{"type":"Point","coordinates":[-0.00168,51.58704]},"properties":{"name":"Wood Street","type":"overground","network":"London Overground","zone":"4"}},{"type":"Feature","geometry":{"type":"Point","coordinates":[-0.35695,51.60255]},"properties":{"name":"Headstone Lane","type":"overground","network":"London Overground","zone":"5"}},{"type":"Feature","geometry":{"type":"Point","coordinates":[-0.36878,51.60958]},"properties":{"name":"Hatch End","type":"overground","network":"London Overground","zone":"6"}},{"type":"Feature","geometry":{"type":"Point","coordinates":[-0.03761,51.46423]},"properties":{"name":"Brockley","type":"overground","network":"National Rail;London Overground","zone":"2"}},{"type":"Feature","geometry":{"type":"Point","coordinates":[0.04504,51.5522]},"properties":{"name":"Manor Park","type":"elizabeth","network":"National Rail;Elizabeth line","zone":"4"}},{"type":"Feature","geometry":{"type":"Point","coordinates":[0.02328,51.54925]},"properties":{"name":"Forest Gate","type":"elizabeth","network":"National Rail;Elizabeth line","zone":"3"}},{"type":"Feature","geometry":{"type":"Point","coordinates":[-0.26955,51.33435]},"properties":{"name":"Epsom","type":"rail","network":"National Rail","zone":""}},{"type":"Feature","geometry":{"type":"Point","coordinates":[-0.45431,51.47193]},"properties":{"name":"Heathrow Terminals 2 & 3","type":"elizabeth","network":"National Rail;Elizabeth line","zone":"6"}},{"type":"Feature","geometry":{"type":"Point","coordinates":[-0.24219,51.30862]},"properties":{"name":"Tattenham Corner","type":"rail","network":"National Rail","zone":"6"}},{"type":"Feature","geometry":{"type":"Point","coordinates":[-0.25713,51.35011]},"properties":{"name":"Ewell West","type":"rail","network":"National Rail","zone":"6"}},{"type":"Feature","geometry":{"type":"Point","coordinates":[-0.38551,51.62791]},"properties":{"name":"Carpenders Park","type":"overground","network":"London Overground","zone":"7"}},{"type":"Feature","geometry":{"type":"Point","coordinates":[0.32137,51.44353]},"properties":{"name":"Ebbsfleet International","type":"rail","network":"National Rail","zone":""}},{"type":"Feature","geometry":{"type":"Point","coordinates":[0.00217,51.40591]},"properties":{"name":"Shortlands","type":"rail","network":"National Rail","zone":"4"}},{"type":"Feature","geometry":{"type":"Point","coordinates":[0.16787,51.3931]},"properties":{"name":"Swanley","type":"rail","network":"National Rail","zone":"8"}},{"type":"Feature","geometry":{"type":"Point","coordinates":[0.3001,51.39621]},"properties":{"name":"Longfield","type":"rail","network":"National Rail","zone":""}},{"type":"Feature","geometry":{"type":"Point","coordinates":[-0.09089,51.44028]},"properties":{"name":"West Dulwich","type":"rail","network":"National Rail","zone":"3"}},{"type":"Feature","geometry":{"type":"Point","coordinates":[-0.08015,51.43261]},"properties":{"name":"Sydenham Hill","type":"rail","network":"National Rail","zone":"3"}},{"type":"Feature","geometry":{"type":"Point","coordinates":[-0.05414,51.41932]},"properties":{"name":"Penge East","type":"rail","network":"National Rail","zone":"4"}},{"type":"Feature","geometry":{"type":"Point","coordinates":[-0.04521,51.41227]},"properties":{"name":"Kent House","type":"rail","network":"National Rail","zone":"4"}},{"type":"Feature","geometry":{"type":"Point","coordinates":[-0.02599,51.41106]},"properties":{"name":"Beckenham Junction","type":"rail","network":"National Rail","zone":"4"}},{"type":"Feature","geometry":{"type":"Point","coordinates":[0.04434,51.40006]},"properties":{"name":"Bickley","type":"rail","network":"National Rail","zone":"5"}},{"type":"Feature","geometry":{"type":"Point","coordinates":[0.01828,51.40004]},"properties":{"name":"Bromley South","type":"rail","network":"National Rail","zone":"5"}},{"type":"Feature","geometry":{"type":"Point","coordinates":[0.18878,51.33212]},"properties":{"name":"Shoreham","type":"rail","network":"National Rail","zone":""}},{"type":"Feature","geometry":{"type":"Point","coordinates":[0.24742,51.29725]},"properties":{"name":"Kemsing","type":"rail","network":"National Rail","zone":""}},{"type":"Feature","geometry":{"type":"Point","coordinates":[0.30619,51.29314]},"properties":{"name":"Borough Green & Wrotham","type":"rail","network":"National Rail","zone":""}},{"type":"Feature","geometry":{"type":"Point","coordinates":[0.23534,51.40168]},"properties":{"name":"Farningham Road","type":"rail","network":"National Rail","zone":""}},{"type":"Feature","geometry":{"type":"Point","coordinates":[-0.05238,51.46683]},"properties":{"name":"Nunhead","type":"rail","network":"National Rail","zone":"2"}},{"type":"Feature","geometry":{"type":"Point","coordinates":[-0.03663,51.45521]},"properties":{"name":"Crofton Park","type":"rail","network":"National Rail","zone":"3"}},{"type":"Feature","geometry":{"type":"Point","coordinates":[-0.01952,51.43283]},"properties":{"name":"Bellingham","type":"rail","network":"National Rail","zone":"3"}},{"type":"Feature","geometry":{"type":"Point","coordinates":[-0.01591,51.42452]},"properties":{"name":"Beckenham Hill","type":"rail","network":"National Rail","zone":"4"}},{"type":"Feature","geometry":{"type":"Point","coordinates":[-0.00763,51.41431]},"properties":{"name":"Ravensbourne","type":"rail","network":"National Rail","zone":"4"}},{"type":"Feature","geometry":{"type":"Point","coordinates":[-0.10216,51.46626]},"properties":{"name":"Loughborough Junction","type":"rail","network":"National Rail","zone":"2"}},{"type":"Feature","geometry":{"type":"Point","coordinates":[-0.12965,51.56347]},"properties":{"name":"Upper Holloway","type":"overground","network":"London Overground","zone":"2"}},{"type":"Feature","geometry":{"type":"Point","coordinates":[-0.11687,51.57143]},"properties":{"name":"Crouch Hill","type":"overground","network":"London Overground","zone":"3"}},{"type":"Feature","geometry":{"type":"Point","coordinates":[0.32189,51.47637]},"properties":{"name":"Grays","type":"rail","network":"National Rail","zone":""}},{"type":"Feature","geometry":{"type":"Point","coordinates":[0.14543,51.52619]},"properties":{"name":"Dagenham Dock","type":"rail","network":"National Rail","zone":"5"}},{"type":"Feature","geometry":{"type":"Point","coordinates":[0.19062,51.51672]},"properties":{"name":"Rainham","type":"rail","network":"National Rail","zone":"6"}},{"type":"Feature","geometry":{"type":"Point","coordinates":[0.28747,51.4856]},"properties":{"name":"Chafford Hundred Lakeside","type":"rail","network":"National Rail","zone":""}},{"type":"Feature","geometry":{"type":"Point","coordinates":[0.29024,51.52145]},"properties":{"name":"Ockendon","type":"rail","network":"National Rail","zone":""}},{"type":"Feature","geometry":{"type":"Point","coordinates":[-0.09086,51.65264]},"properties":{"name":"Enfield Chase","type":"rail","network":"National Rail","zone":"5"}},{"type":"Feature","geometry":{"type":"Point","coordinates":[-0.15158,51.55549]},"properties":{"name":"Gospel Oak","type":"overground","network":"London Overground","zone":"2"}},{"type":"Feature","geometry":{"type":"Point","coordinates":[0.04473,51.54917]},"properties":{"name":"Woodgrange Park","type":"overground","network":"London Overground","zone":"3;4"}},{"type":"Feature","geometry":{"type":"Point","coordinates":[-0.14664,51.52363]},"properties":{"name":"Regent's Park","type":"tube","network":"London Underground","zone":"1"}},{"type":"Feature","geometry":{"type":"Point","coordinates":[-0.18574,51.52987]},"properties":{"name":"Maida Vale","type":"tube","network":"London Underground","zone":"2"}},{"type":"Feature","geometry":{"type":"Point","coordinates":[-0.00875,51.5448]},"properties":{"name":"Stratford International","type":"rail","network":"National Rail","zone":"2;3"}},{"type":"Feature","geometry":{"type":"Point","coordinates":[-0.10978,51.59742]},"properties":{"name":"Wood Green","type":"tube","network":"London Underground","zone":"3"}},{"type":"Feature","geometry":{"type":"Point","coordinates":[-0.0964,51.57032]},"properties":{"name":"Manor House","type":"tube","network":"London Underground","zone":"2;3"}},{"type":"Feature","geometry":{"type":"Point","coordinates":[-0.16935,51.3572]},"properties":{"name":"Carshalton Beeches","type":"rail","network":"National Rail","zone":"5"}},{"type":"Feature","geometry":{"type":"Point","coordinates":[-0.15059,51.36023]},"properties":{"name":"Wallington","type":"rail","network":"National Rail","zone":"5"}},{"type":"Feature","geometry":{"type":"Point","coordinates":[-0.09871,51.34703]},"properties":{"name":"Purley Oaks","type":"rail","network":"National Rail","zone":"6"}},{"type":"Feature","geometry":{"type":"Point","coordinates":[-0.19879,51.3439]},"properties":{"name":"Belmont","type":"rail","network":"National Rail","zone":"5"}},{"type":"Feature","geometry":{"type":"Point","coordinates":[-0.13593,51.41857]},"properties":{"name":"Streatham Common","type":"rail","network":"National Rail","zone":"3"}},{"type":"Feature","geometry":{"type":"Point","coordinates":[-0.1218,51.41137]},"properties":{"name":"Norbury","type":"rail","network":"National Rail","zone":"3"}},{"type":"Feature","geometry":{"type":"Point","coordinates":[-0.10052,51.39894]},"properties":{"name":"Thornton Heath","type":"rail","network":"National Rail","zone":"4"}},{"type":"Feature","geometry":{"type":"Point","coordinates":[0.01437,51.44969]},"properties":{"name":"Lee","type":"rail","network":"National Rail","zone":"3"}},{"type":"Feature","geometry":{"type":"Point","coordinates":[0.04996,51.44025]},"properties":{"name":"Mottingham","type":"rail","network":"National Rail","zone":"4"}},{"type":"Feature","geometry":{"type":"Point","coordinates":[0.07095,51.43801]},"properties":{"name":"New Eltham","type":"rail","network":"National Rail","zone":"4"}},{"type":"Feature","geometry":{"type":"Point","coordinates":[0.10343,51.43402]},"properties":{"name":"Sidcup","type":"rail","network":"National Rail","zone":"5"}},{"type":"Feature","geometry":{"type":"Point","coordinates":[0.17839,51.44818]},"properties":{"name":"Crayford","type":"rail","network":"National Rail","zone":"6"}},{"type":"Feature","geometry":{"type":"Point","coordinates":[0.12597,51.43538]},"properties":{"name":"Albany Park","type":"rail","network":"National Rail","zone":"5"}},{"type":"Feature","geometry":{"type":"Point","coordinates":[0.32397,51.44595]},"properties":{"name":"Northfleet","type":"rail","network":"National Rail","zone":""}},{"type":"Feature","geometry":{"type":"Point","coordinates":[0.31158,51.44898]},"properties":{"name":"Swanscombe","type":"rail","network":"National Rail","zone":""}},{"type":"Feature","geometry":{"type":"Point","coordinates":[0.27987,51.45048]},"properties":{"name":"Greenhithe","type":"rail","network":"National Rail","zone":""}},{"type":"Feature","geometry":{"type":"Point","coordinates":[0.26344,51.45142]},"properties":{"name":"Stone Crossing","type":"rail","network":"National Rail","zone":""}},{"type":"Feature","geometry":{"type":"Point","coordinates":[-0.09329,51.50114]},"properties":{"name":"Borough","type":"tube","network":"London Underground","zone":"1"}},{"type":"Feature","geometry":{"type":"Point","coordinates":[-0.05959,51.52389]},"properties":{"name":"Bethnal Green","type":"overground","network":"London Overground","zone":"2"}},{"type":"Feature","geometry":{"type":"Point","coordinates":[-0.07867,51.65172]},"properties":{"name":"Enfield Town","type":"overground","network":"London Overground","zone":"5"}},{"type":"Feature","geometry":{"type":"Point","coordinates":[-0.18358,51.5501]},"properties":{"name":"Finchley Road & Frognal","type":"overground","network":"London Overground","zone":"2"}},{"type":"Feature","geometry":{"type":"Point","coordinates":[0.20573,51.58179]},"properties":{"name":"Gidea Park","type":"elizabeth","network":"National Rail;Elizabeth line","zone":"6"}},{"type":"Feature","geometry":{"type":"Point","coordinates":[0.22024,51.5686]},"properties":{"name":"Emerson Park","type":"overground","network":"London Overground","zone":"6"}},{"type":"Feature","geometry":{"type":"Point","coordinates":[0.23699,51.48109]},"properties":{"name":"Purfleet","type":"rail","network":"National Rail","zone":""}},{"type":"Feature","geometry":{"type":"Point","coordinates":[-0.01354,51.53383]},"properties":{"name":"Pudding Mill Lane","type":"dlr","network":"Docklands Light Railway","zone":"2"}},{"type":"Feature","geometry":{"type":"Point","coordinates":[-0.05475,51.52724]},"properties":{"name":"Bethnal Green","type":"tube","network":"London Underground","zone":"2"}},{"type":"Feature","geometry":{"type":"Point","coordinates":[-0.16539,51.55524]},"properties":{"name":"Hampstead Heath","type":"overground","network":"London Overground","zone":"2"}},{"type":"Feature","geometry":{"type":"Point","coordinates":[-0.07605,51.54819]},"properties":{"name":"Dalston Kingsland","type":"overground","network":"London Overground","zone":"2"}},{"type":"Feature","geometry":{"type":"Point","coordinates":[-0.06941,51.47001]},"properties":{"name":"Peckham Rye","type":"overground","network":"National Rail;London Overground","zone":"2"}},{"type":"Feature","geometry":{"type":"Point","coordinates":[-0.21792,51.50578]},"properties":{"name":"Shepherd's Bush","type":"overground","network":"National Rail;London Overground","zone":"2"}},{"type":"Feature","geometry":{"type":"Point","coordinates":[-0.07447,51.52325]},"properties":{"name":"Shoreditch High Street","type":"overground","network":"London Overground","zone":"1"}},{"type":"Feature","geometry":{"type":"Point","coordinates":[-0.19135,51.53775]},"properties":{"name":"Kilburn High Road","type":"overground","network":"London Overground","zone":"2"}},{"type":"Feature","geometry":{"type":"Point","coordinates":[-0.09789,51.57724]},"properties":{"name":"Harringay Green Lanes","type":"overground","network":"London Overground","zone":"3"}},{"type":"Feature","geometry":{"type":"Point","coordinates":[-0.14676,51.54699]},"properties":{"name":"Kentish Town West","type":"overground","network":"London Overground","zone":"2"}},{"type":"Feature","geometry":{"type":"Point","coordinates":[-0.0669,51.61528]},"properties":{"name":"Silver Street","type":"overground","network":"London Overground","zone":"4"}},{"type":"Feature","geometry":{"type":"Point","coordinates":[-0.11489,51.54355]},"properties":{"name":"Caledonian Road & Barnsbury","type":"overground","network":"London Overground","zone":"2"}},{"type":"Feature","geometry":{"type":"Point","coordinates":[-0.00708,51.56947]},"properties":{"name":"Leyton Midland Road","type":"overground","network":"London Overground","zone":"3"}},{"type":"Feature","geometry":{"type":"Point","coordinates":[0.00947,51.63253]},"properties":{"name":"Chingford","type":"overground","network":"London Overground","zone":"5"}},{"type":"Feature","geometry":{"type":"Point","coordinates":[-0.00013,51.60889]},"properties":{"name":"Highams Park","type":"overground","network":"London Overground","zone":"4"}},{"type":"Feature","geometry":{"type":"Point","coordinates":[-0.05742,51.53195]},"properties":{"name":"Cambridge Heath","type":"overground","network":"London Overground","zone":"2"}},{"type":"Feature","geometry":{"type":"Point","coordinates":[-0.05687,51.54706]},"properties":{"name":"Hackney Central","type":"overground","network":"London Overground","zone":"2"}},{"type":"Feature","geometry":{"type":"Point","coordinates":[0.30061,51.61352]},"properties":{"name":"Brentwood","type":"elizabeth","network":"National Rail;Elizabeth line","zone":"9"}},{"type":"Feature","geometry":{"type":"Point","coordinates":[-0.0215,51.50293]},"properties":{"name":"Heron Quays","type":"dlr","network":"Docklands Light Railway","zone":"2"}},{"type":"Feature","geometry":{"type":"Point","coordinates":[0.2342,51.59322]},"properties":{"name":"Harold Wood","type":"elizabeth","network":"National Rail;Elizabeth line","zone":"6"}},{"type":"Feature","geometry":{"type":"Point","coordinates":[0.06958,51.49011]},"properties":{"name":"Woolwich Arsenal DLR","type":"dlr","network":"Docklands Light Railway","zone":"4"}},{"type":"Feature","geometry":{"type":"Point","coordinates":[-0.02664,51.5094]},"properties":{"name":"Westferry","type":"dlr","network":"Docklands Light Railway","zone":"2"}},{"type":"Feature","geometry":{"type":"Point","coordinates":[-0.01051,51.48807]},"properties":{"name":"Island Gardens","type":"dlr","network":"Docklands Light Railway","zone":"2"}},{"type":"Feature","geometry":{"type":"Point","coordinates":[-0.17732,51.5171]},"properties":{"name":"London Paddington","type":"elizabeth","network":"National Rail\\;Elizabeth line","zone":"1"}},{"type":"Feature","geometry":{"type":"Point","coordinates":[-0.12369,51.5075]},"properties":{"name":"Charing Cross","type":"rail","network":"National Rail","zone":"1"}},{"type":"Feature","geometry":{"type":"Point","coordinates":[-0.19312,51.69755]},"properties":{"name":"Potters Bar","type":"rail","network":"National Rail","zone":""}},{"type":"Feature","geometry":{"type":"Point","coordinates":[-0.10094,51.63407]},"properties":{"name":"Winchmore Hill","type":"rail","network":"National Rail","zone":"4"}},{"type":"Feature","geometry":{"type":"Point","coordinates":[0.12799,51.56799]},"properties":{"name":"Chadwell Heath","type":"elizabeth","network":"National Rail;Elizabeth line","zone":"5"}},{"type":"Feature","geometry":{"type":"Point","coordinates":[-0.32069,51.51354]},"properties":{"name":"West Ealing","type":"elizabeth","network":"National Rail;Elizabeth line","zone":"3"}},{"type":"Feature","geometry":{"type":"Point","coordinates":[-0.41916,51.50292]},"properties":{"name":"Hayes and Harlington","type":"elizabeth","network":"National Rail;Elizabeth line","zone":"5"}},{"type":"Feature","geometry":{"type":"Point","coordinates":[-0.3775,51.50602]},"properties":{"name":"Southall","type":"elizabeth","network":"National Rail;Elizabeth line","zone":"4"}},{"type":"Feature","geometry":{"type":"Point","coordinates":[-0.33815,51.51183]},"properties":{"name":"Hanwell","type":"elizabeth","network":"Elizabeth line","zone":"4"}},{"type":"Feature","geometry":{"type":"Point","coordinates":[0.11193,51.5658]},"properties":{"name":"Goodmayes","type":"elizabeth","network":"National Rail;Elizabeth line","zone":"4"}},{"type":"Feature","geometry":{"type":"Point","coordinates":[-0.26798,51.51698]},"properties":{"name":"Acton Main Line","type":"elizabeth","network":"National Rail;Elizabeth line","zone":"3"}},{"type":"Feature","geometry":{"type":"Point","coordinates":[-0.2026,51.54505]},"properties":{"name":"Brondesbury","type":"overground","network":"London Overground","zone":"2"}},{"type":"Feature","geometry":{"type":"Point","coordinates":[0.00434,51.52051]},"properties":{"name":"Star Lane","type":"dlr","network":"Docklands Light Railway","zone":"2;3"}},{"type":"Feature","geometry":{"type":"Point","coordinates":[-0.05549,51.51176]},"properties":{"name":"Shadwell","type":"dlr","network":"Docklands Light Railway","zone":"2"}},{"type":"Feature","geometry":{"type":"Point","coordinates":[-0.2201,51.53446]},"properties":{"name":"Kensal Rise","type":"overground","network":"London Overground","zone":"2"}},{"type":"Feature","geometry":{"type":"Point","coordinates":[-0.06069,51.54865]},"properties":{"name":"Hackney Downs","type":"overground","network":"National Rail;London Overground","zone":"2"}},{"type":"Feature","geometry":{"type":"Point","coordinates":[-0.04312,51.54708]},"properties":{"name":"Homerton","type":"overground","network":"London Overground","zone":"2"}},{"type":"Feature","geometry":{"type":"Point","coordinates":[-0.09302,51.54856]},"properties":{"name":"Canonbury","type":"overground","network":"London Overground","zone":"2"}},{"type":"Feature","geometry":{"type":"Point","coordinates":[-0.05263,51.64803]},"properties":{"name":"Southbury","type":"overground","network":"London Overground","zone":"5"}},{"type":"Feature","geometry":{"type":"Point","coordinates":[-0.21034,51.54051]},"properties":{"name":"Brondesbury Park","type":"overground","network":"London Overground","zone":"2"}},{"type":"Feature","geometry":{"type":"Point","coordinates":[-0.07172,51.58044]},"properties":{"name":"South Tottenham","type":"overground","network":"London Overground","zone":"3"}},{"type":"Feature","geometry":{"type":"Point","coordinates":[-0.0322,51.58117]},"properties":{"name":"St James Street","type":"overground","network":"London Overground","zone":"3"}},{"type":"Feature","geometry":{"type":"Point","coordinates":[-0.02415,51.54344]},"properties":{"name":"Hackney Wick","type":"overground","network":"London Overground","zone":"2"}},{"type":"Feature","geometry":{"type":"Point","coordinates":[-0.06939,51.64171]},"properties":{"name":"Bush Hill Park","type":"overground","network":"London Overground","zone":"5"}},{"type":"Feature","geometry":{"type":"Point","coordinates":[-0.05777,51.54105]},"properties":{"name":"London Fields","type":"overground","network":"London Overground","zone":"2"}},{"type":"Feature","geometry":{"type":"Point","coordinates":[-0.1788,51.54143]},"properties":{"name":"South Hampstead","type":"overground","network":"London Overground","zone":"2"}},{"type":"Feature","geometry":{"type":"Point","coordinates":[-0.01727,51.52221]},"properties":{"name":"Devons Road","type":"dlr","network":"Docklands Light Railway","zone":"2"}},{"type":"Feature","geometry":{"type":"Point","coordinates":[-0.01729,51.50771]},"properties":{"name":"Poplar","type":"dlr","network":"Docklands Light Railway","zone":"2"}},{"type":"Feature","geometry":{"type":"Point","coordinates":[-0.01412,51.51521]},"properties":{"name":"Langdon Park","type":"dlr","network":"Docklands Light Railway","zone":"2"}},{"type":"Feature","geometry":{"type":"Point","coordinates":[-0.21535,51.46093]},"properties":{"name":"Putney","type":"rail","network":"National Rail","zone":"2;3"}},{"type":"Feature","geometry":{"type":"Point","coordinates":[-0.09619,51.54073]},"properties":{"name":"Essex Road","type":"rail","network":"National Rail","zone":"2"}},{"type":"Feature","geometry":{"type":"Point","coordinates":[-0.21297,51.55876]},"properties":{"name":"Cricklewood","type":"rail","network":"National Rail","zone":"3"}},{"type":"Feature","geometry":{"type":"Point","coordinates":[-0.1082,51.50422]},"properties":{"name":"Waterloo East","type":"rail","network":"National Rail","zone":"1"}},{"type":"Feature","geometry":{"type":"Point","coordinates":[-0.12302,51.5324]},"properties":{"name":"London King's Cross","type":"rail","network":"National Rail","zone":"1"}},{"type":"Feature","geometry":{"type":"Point","coordinates":[0.00951,51.3766]},"properties":{"name":"Hayes","type":"rail","network":"National Rail","zone":"5"}},{"type":"Feature","geometry":{"type":"Point","coordinates":[0.00375,51.48265]},"properties":{"name":"Maze Hill","type":"rail","network":"National Rail","zone":"3"}},{"type":"Feature","geometry":{"type":"Point","coordinates":[0.13294,51.46356]},"properties":{"name":"Bexleyheath","type":"rail","network":"National Rail","zone":"5"}},{"type":"Feature","geometry":{"type":"Point","coordinates":[0.15337,51.49223]},"properties":{"name":"Belvedere","type":"rail","network":"National Rail","zone":"5"}},{"type":"Feature","geometry":{"type":"Point","coordinates":[-0.13797,51.31554]},"properties":{"name":"Coulsdon South","type":"rail","network":"National Rail","zone":"6"}},{"type":"Feature","geometry":{"type":"Point","coordinates":[-0.46831,51.4365]},"properties":{"name":"Ashford","type":"rail","network":"National Rail","zone":""}},{"type":"Feature","geometry":{"type":"Point","coordinates":[0.0793,51.45923]},"properties":{"name":"Falconwood","type":"rail","network":"National Rail","zone":"4"}},{"type":"Feature","geometry":{"type":"Point","coordinates":[0.03081,51.48676]},"properties":{"name":"Charlton","type":"rail","network":"National Rail","zone":"3"}},{"type":"Feature","geometry":{"type":"Point","coordinates":[-0.10324,51.51049]},"properties":{"name":"London Blackfriars","type":"rail","network":"National Rail","zone":"1"}},{"type":"Feature","geometry":{"type":"Point","coordinates":[-0.03479,51.64285]},"properties":{"name":"Ponders End","type":"rail","network":"National Rail","zone":"5"}},{"type":"Feature","geometry":{"type":"Point","coordinates":[-0.03712,51.56675]},"properties":{"name":"Lea Bridge","type":"rail","network":"National Rail","zone":"3"}},{"type":"Feature","geometry":{"type":"Point","coordinates":[-0.27988,51.65282]},"properties":{"name":"Elstree & Borehamwood","type":"rail","network":"National Rail","zone":"6"}},{"type":"Feature","geometry":{"type":"Point","coordinates":[-0.30182,51.41293]},"properties":{"name":"Kingston","type":"rail","network":"National Rail","zone":"6"}},{"type":"Feature","geometry":{"type":"Point","coordinates":[-0.21372,51.32943]},"properties":{"name":"Banstead","type":"rail","network":"National Rail","zone":"6"}},{"type":"Feature","geometry":{"type":"Point","coordinates":[-0.28477,51.55425]},"properties":{"name":"Wembley Stadium","type":"rail","network":"National Rail","zone":"4"}},{"type":"Feature","geometry":{"type":"Point","coordinates":[-0.31606,51.55434]},"properties":{"name":"Sudbury & Harrow Road","type":"rail","network":"National Rail","zone":"4"}},{"type":"Feature","geometry":{"type":"Point","coordinates":[-0.29668,51.55233]},"properties":{"name":"Wembley Central","type":"tube","network":"National Rail;London Underground;London Overground","zone":"4"}},{"type":"Feature","geometry":{"type":"Point","coordinates":[-0.48579,51.47987]},"properties":{"name":"Station B","type":"dlr","network":"Heathrow Airport","zone":""}},{"type":"Feature","geometry":{"type":"Point","coordinates":[-0.48825,51.47979]},"properties":{"name":"Station A","type":"dlr","network":"Heathrow Airport","zone":""}},{"type":"Feature","geometry":{"type":"Point","coordinates":[-0.12066,51.5982]},"properties":{"name":"Alexandra Palace","type":"rail","network":"National Rail","zone":"3"}},{"type":"Feature","geometry":{"type":"Point","coordinates":[-0.14281,51.6138]},"properties":{"name":"New Southgate","type":"rail","network":"National Rail","zone":"4"}},{"type":"Feature","geometry":{"type":"Point","coordinates":[-0.16623,51.63767]},"properties":{"name":"Oakleigh Park","type":"rail","network":"National Rail","zone":"4"}},{"type":"Feature","geometry":{"type":"Point","coordinates":[-0.17262,51.64828]},"properties":{"name":"New Barnet","type":"rail","network":"National Rail","zone":"5"}},{"type":"Feature","geometry":{"type":"Point","coordinates":[0.02148,51.41396]},"properties":{"name":"Sundridge Park","type":"rail","network":"National Rail","zone":"4"}},{"type":"Feature","geometry":{"type":"Point","coordinates":[-0.10349,51.43163]},"properties":{"name":"West Norwood","type":"rail","network":"National Rail","zone":"3"}},{"type":"Feature","geometry":{"type":"Point","coordinates":[-0.08404,51.42453]},"properties":{"name":"Gipsy Hill","type":"rail","network":"National Rail","zone":"3"}},{"type":"Feature","geometry":{"type":"Point","coordinates":[-0.05654,51.40346]},"properties":{"name":"Birkbeck","type":"rail","network":"National Rail","zone":"4"}},{"type":"Feature","geometry":{"type":"Point","coordinates":[-0.0808,51.46104]},"properties":{"name":"East Dulwich","type":"rail","network":"National Rail","zone":"2"}},{"type":"Feature","geometry":{"type":"Point","coordinates":[-0.33644,51.5332]},"properties":{"name":"South Greenford","type":"rail","network":"National Rail","zone":"4"}},{"type":"Feature","geometry":{"type":"Point","coordinates":[-0.3315,51.52287]},"properties":{"name":"Castle Bar Park","type":"rail","network":"National Rail","zone":"4"}},{"type":"Feature","geometry":{"type":"Point","coordinates":[-0.33019,51.51639]},"properties":{"name":"Drayton Green","type":"rail","network":"National Rail","zone":"4"}},{"type":"Feature","geometry":{"type":"Point","coordinates":[-0.2807,51.50425]},"properties":{"name":"Depot Approach","type":"rail","network":"London Transport Miniature Railway","zone":""}},{"type":"Feature","geometry":{"type":"Point","coordinates":[-0.28172,51.50541]},"properties":{"name":"Ealing End","type":"rail","network":"London Transport Miniature Railway","zone":""}},{"type":"Feature","geometry":{"type":"Point","coordinates":[-0.10485,51.43993]},"properties":{"name":"Tulse Hill","type":"rail","network":"National Rail","zone":"3"}},{"type":"Feature","geometry":{"type":"Point","coordinates":[-0.22654,51.56882]},"properties":{"name":"Brent Cross West","type":"rail","network":"National Rail","zone":"3"}},{"type":"Feature","geometry":{"type":"Point","coordinates":[-0.01762,51.50611]},"properties":{"name":"Canary Wharf","type":"elizabeth","network":"Elizabeth line","zone":"2"}},{"type":"Feature","geometry":{"type":"Point","coordinates":[-0.12969,51.48018]},"properties":{"name":"Nine Elms","type":"tube","network":"London Underground","zone":"1"}},{"type":"Feature","geometry":{"type":"Point","coordinates":[-0.14297,51.47962]},"properties":{"name":"Battersea Power Station","type":"tube","network":"London Underground","zone":"1"}},{"type":"Feature","geometry":{"type":"Point","coordinates":[0.11601,51.51956]},"properties":{"name":"Barking Riverside","type":"overground","network":"London Overground","zone":"4"}},{"type":"Feature","geometry":{"type":"Point","coordinates":[-0.14756,51.50439]},"properties":{"name":"Down Street","type":"tube","network":"London Underground","zone":""}},{"type":"Feature","geometry":{"type":"Point","coordinates":[-0.17599,51.53685]},"properties":{"name":"Marlborough Road","type":"tube","network":"","zone":""}},{"type":"Feature","geometry":{"type":"Point","coordinates":[-0.12253,51.53843]},"properties":{"name":"York Road","type":"tube","network":"","zone":""}},{"type":"Feature","geometry":{"type":"Point","coordinates":[-0.28921,51.53131]},"properties":{"name":"Park Royal and Tywford Abbey","type":"tube","network":"","zone":""}},{"type":"Feature","geometry":{"type":"Point","coordinates":[-0.0652,51.51779]},"properties":{"name":"St. Mary's (Whitechapel Road)","type":"tube","network":"","zone":""}},{"type":"Feature","geometry":{"type":"Point","coordinates":[0.02723,51.5098]},"properties":{"name":"Custom House","type":"elizabeth","network":"Elizabeth line","zone":"3"}},{"type":"Feature","geometry":{"type":"Point","coordinates":[-0.14709,51.51353]},"properties":{"name":"Bond Street","type":"elizabeth","network":"Elizabeth line","zone":"1"}},{"type":"Feature","geometry":{"type":"Point","coordinates":[-0.13252,51.51534]},"properties":{"name":"Tottenham Court Road","type":"elizabeth","network":"Elizabeth line","zone":"1"}},{"type":"Feature","geometry":{"type":"Point","coordinates":[-0.01318,51.69958]},"properties":{"name":"Powdermill Cut","type":"rail","network":"","zone":""}},{"type":"Feature","geometry":{"type":"Point","coordinates":[-0.0121,51.69418]},"properties":{"name":"Royal Gunpowder Mills Railway","type":"rail","network":"","zone":""}},{"type":"Feature","geometry":{"type":"Point","coordinates":[0.17165,51.40562]},"properties":{"name":"Swanley New Barn Miniature Railway","type":"rail","network":"","zone":""}},{"type":"Feature","geometry":{"type":"Point","coordinates":[-0.17801,51.51637]},"properties":{"name":"Paddington","type":"elizabeth","network":"Elizabeth line","zone":"1"}},{"type":"Feature","geometry":{"type":"Point","coordinates":[-0.40669,51.42572]},"properties":{"name":"Hanworth Halt","type":"rail","network":"None","zone":""}},{"type":"Feature","geometry":{"type":"Point","coordinates":[-0.12762,51.53221]},"properties":{"name":"St Pancras International","type":"rail","network":"National Rail","zone":"1"}},{"type":"Feature","geometry":{"type":"Point","coordinates":[-0.08644,51.51765]},"properties":{"name":"Liverpool Street","type":"elizabeth","network":"Elizabeth line","zone":"1"}},{"type":"Feature","geometry":{"type":"Point","coordinates":[0.13265,51.50607]},"properties":{"name":"Eddie's Rest","type":"rail","network":"RANG","zone":""}},{"type":"Feature","geometry":{"type":"Point","coordinates":[0.1357,51.50871]},"properties":{"name":"Station","type":"rail","network":"","zone":""}},{"type":"Feature","geometry":{"type":"Point","coordinates":[0.08483,51.54251]},"properties":{"name":"Barking Park","type":"rail","network":"","zone":""}},{"type":"Feature","geometry":{"type":"Point","coordinates":[-0.16876,51.49685]},"properties":{"name":"Brompton Road","type":"tube","network":"","zone":""}}]}